"","f"
"1","FINAL_EMSDM_EMMEAN_SP_1006774.parquet"
"2","FINAL_EMSDM_EMMEAN_SP_1006776.parquet"
"3","FINAL_EMSDM_EMMEAN_SP_1006783.parquet"
"4","FINAL_EMSDM_EMMEAN_SP_1006784.parquet"
"5","FINAL_EMSDM_EMMEAN_SP_1006787.parquet"
"6","FINAL_EMSDM_EMMEAN_SP_1006788.parquet"
"7","FINAL_EMSDM_EMMEAN_SP_1006793.parquet"
"8","FINAL_EMSDM_EMMEAN_SP_1006795.parquet"
"9","FINAL_EMSDM_EMMEAN_SP_1006797.parquet"
"10","FINAL_EMSDM_EMMEAN_SP_1006800.parquet"
"11","FINAL_EMSDM_EMMEAN_SP_1006801.parquet"
"12","FINAL_EMSDM_EMMEAN_SP_1006807.parquet"
"13","FINAL_EMSDM_EMMEAN_SP_1006810.parquet"
"14","FINAL_EMSDM_EMMEAN_SP_1006815.parquet"
"15","FINAL_EMSDM_EMMEAN_SP_1006825.parquet"
"16","FINAL_EMSDM_EMMEAN_SP_1006832.parquet"
"17","FINAL_EMSDM_EMMEAN_SP_1006868.parquet"
"18","FINAL_EMSDM_EMMEAN_SP_1006884.parquet"
"19","FINAL_EMSDM_EMMEAN_SP_1006938.parquet"
"20","FINAL_EMSDM_EMMEAN_SP_1006939.parquet"
"21","FINAL_EMSDM_EMMEAN_SP_1006964.parquet"
"22","FINAL_EMSDM_EMMEAN_SP_1006979.parquet"
"23","FINAL_EMSDM_EMMEAN_SP_1006992.parquet"
"24","FINAL_EMSDM_EMMEAN_SP_1007056.parquet"
"25","FINAL_EMSDM_EMMEAN_SP_1007151.parquet"
"26","FINAL_EMSDM_EMMEAN_SP_1007215.parquet"
"27","FINAL_EMSDM_EMMEAN_SP_1007349.parquet"
"28","FINAL_EMSDM_EMMEAN_SP_1007585.parquet"
"29","FINAL_EMSDM_EMMEAN_SP_1007713.parquet"
"30","FINAL_EMSDM_EMMEAN_SP_1008571.parquet"
"31","FINAL_EMSDM_EMMEAN_SP_1008780.parquet"
"32","FINAL_EMSDM_EMMEAN_SP_1009528.parquet"
"33","FINAL_EMSDM_EMMEAN_SP_1009705.parquet"
"34","FINAL_EMSDM_EMMEAN_SP_1010073.parquet"
"35","FINAL_EMSDM_EMMEAN_SP_1010356.parquet"
"36","FINAL_EMSDM_EMMEAN_SP_1010505.parquet"
"37","FINAL_EMSDM_EMMEAN_SP_1010651.parquet"
"38","FINAL_EMSDM_EMMEAN_SP_1010872.parquet"
"39","FINAL_EMSDM_EMMEAN_SP_1011297.parquet"
"40","FINAL_EMSDM_EMMEAN_SP_1011464.parquet"
"41","FINAL_EMSDM_EMMEAN_SP_101170.parquet"
"42","FINAL_EMSDM_EMMEAN_SP_101171.parquet"
"43","FINAL_EMSDM_EMMEAN_SP_101172.parquet"
"44","FINAL_EMSDM_EMMEAN_SP_101173.parquet"
"45","FINAL_EMSDM_EMMEAN_SP_101174.parquet"
"46","FINAL_EMSDM_EMMEAN_SP_1011795.parquet"
"47","FINAL_EMSDM_EMMEAN_SP_1011877.parquet"
"48","FINAL_EMSDM_EMMEAN_SP_1011966.parquet"
"49","FINAL_EMSDM_EMMEAN_SP_1012186.parquet"
"50","FINAL_EMSDM_EMMEAN_SP_1012284.parquet"
"51","FINAL_EMSDM_EMMEAN_SP_1012333.parquet"
"52","FINAL_EMSDM_EMMEAN_SP_1012362.parquet"
"53","FINAL_EMSDM_EMMEAN_SP_1012374.parquet"
"54","FINAL_EMSDM_EMMEAN_SP_1012376.parquet"
"55","FINAL_EMSDM_EMMEAN_SP_1012468.parquet"
"56","FINAL_EMSDM_EMMEAN_SP_1012634.parquet"
"57","FINAL_EMSDM_EMMEAN_SP_1012826.parquet"
"58","FINAL_EMSDM_EMMEAN_SP_1012968.parquet"
"59","FINAL_EMSDM_EMMEAN_SP_1013107.parquet"
"60","FINAL_EMSDM_EMMEAN_SP_1013325.parquet"
"61","FINAL_EMSDM_EMMEAN_SP_1013547.parquet"
"62","FINAL_EMSDM_EMMEAN_SP_1013581.parquet"
"63","FINAL_EMSDM_EMMEAN_SP_1013687.parquet"
"64","FINAL_EMSDM_EMMEAN_SP_1013735.parquet"
"65","FINAL_EMSDM_EMMEAN_SP_1013783.parquet"
"66","FINAL_EMSDM_EMMEAN_SP_1013785.parquet"
"67","FINAL_EMSDM_EMMEAN_SP_1013806.parquet"
"68","FINAL_EMSDM_EMMEAN_SP_1013926.parquet"
"69","FINAL_EMSDM_EMMEAN_SP_1014027.parquet"
"70","FINAL_EMSDM_EMMEAN_SP_1014105.parquet"
"71","FINAL_EMSDM_EMMEAN_SP_1014112.parquet"
"72","FINAL_EMSDM_EMMEAN_SP_1014185.parquet"
"73","FINAL_EMSDM_EMMEAN_SP_1014189.parquet"
"74","FINAL_EMSDM_EMMEAN_SP_1014889.parquet"
"75","FINAL_EMSDM_EMMEAN_SP_1014922.parquet"
"76","FINAL_EMSDM_EMMEAN_SP_1014942.parquet"
"77","FINAL_EMSDM_EMMEAN_SP_1014944.parquet"
"78","FINAL_EMSDM_EMMEAN_SP_1014946.parquet"
"79","FINAL_EMSDM_EMMEAN_SP_1014949.parquet"
"80","FINAL_EMSDM_EMMEAN_SP_1014961.parquet"
"81","FINAL_EMSDM_EMMEAN_SP_1014990.parquet"
"82","FINAL_EMSDM_EMMEAN_SP_1015120.parquet"
"83","FINAL_EMSDM_EMMEAN_SP_1015359.parquet"
"84","FINAL_EMSDM_EMMEAN_SP_1015364.parquet"
"85","FINAL_EMSDM_EMMEAN_SP_1015682.parquet"
"86","FINAL_EMSDM_EMMEAN_SP_1015739.parquet"
"87","FINAL_EMSDM_EMMEAN_SP_1016062.parquet"
"88","FINAL_EMSDM_EMMEAN_SP_1016071.parquet"
"89","FINAL_EMSDM_EMMEAN_SP_1016102.parquet"
"90","FINAL_EMSDM_EMMEAN_SP_1016103.parquet"
"91","FINAL_EMSDM_EMMEAN_SP_1016263.parquet"
"92","FINAL_EMSDM_EMMEAN_SP_1016275.parquet"
"93","FINAL_EMSDM_EMMEAN_SP_1016293.parquet"
"94","FINAL_EMSDM_EMMEAN_SP_1016379.parquet"
"95","FINAL_EMSDM_EMMEAN_SP_1016599.parquet"
"96","FINAL_EMSDM_EMMEAN_SP_1016614.parquet"
"97","FINAL_EMSDM_EMMEAN_SP_1016916.parquet"
"98","FINAL_EMSDM_EMMEAN_SP_1017073.parquet"
"99","FINAL_EMSDM_EMMEAN_SP_1017252.parquet"
"100","FINAL_EMSDM_EMMEAN_SP_1017257.parquet"
"101","FINAL_EMSDM_EMMEAN_SP_1017389.parquet"
"102","FINAL_EMSDM_EMMEAN_SP_1017557.parquet"
"103","FINAL_EMSDM_EMMEAN_SP_1017565.parquet"
"104","FINAL_EMSDM_EMMEAN_SP_1017650.parquet"
"105","FINAL_EMSDM_EMMEAN_SP_1017854.parquet"
"106","FINAL_EMSDM_EMMEAN_SP_1017879.parquet"
"107","FINAL_EMSDM_EMMEAN_SP_1017880.parquet"
"108","FINAL_EMSDM_EMMEAN_SP_1018557.parquet"
"109","FINAL_EMSDM_EMMEAN_SP_1018622.parquet"
"110","FINAL_EMSDM_EMMEAN_SP_1018630.parquet"
"111","FINAL_EMSDM_EMMEAN_SP_1018707.parquet"
"112","FINAL_EMSDM_EMMEAN_SP_1019159.parquet"
"113","FINAL_EMSDM_EMMEAN_SP_1019169.parquet"
"114","FINAL_EMSDM_EMMEAN_SP_1019178.parquet"
"115","FINAL_EMSDM_EMMEAN_SP_1019180.parquet"
"116","FINAL_EMSDM_EMMEAN_SP_1019532.parquet"
"117","FINAL_EMSDM_EMMEAN_SP_1019728.parquet"
"118","FINAL_EMSDM_EMMEAN_SP_1019849.parquet"
"119","FINAL_EMSDM_EMMEAN_SP_1019864.parquet"
"120","FINAL_EMSDM_EMMEAN_SP_1019871.parquet"
"121","FINAL_EMSDM_EMMEAN_SP_1019876.parquet"
"122","FINAL_EMSDM_EMMEAN_SP_1019891.parquet"
"123","FINAL_EMSDM_EMMEAN_SP_1020037.parquet"
"124","FINAL_EMSDM_EMMEAN_SP_1020202.parquet"
"125","FINAL_EMSDM_EMMEAN_SP_1020469.parquet"
"126","FINAL_EMSDM_EMMEAN_SP_1020567.parquet"
"127","FINAL_EMSDM_EMMEAN_SP_1020759.parquet"
"128","FINAL_EMSDM_EMMEAN_SP_1020768.parquet"
"129","FINAL_EMSDM_EMMEAN_SP_1021098.parquet"
"130","FINAL_EMSDM_EMMEAN_SP_1021112.parquet"
"131","FINAL_EMSDM_EMMEAN_SP_1021135.parquet"
"132","FINAL_EMSDM_EMMEAN_SP_1021147.parquet"
"133","FINAL_EMSDM_EMMEAN_SP_1021166.parquet"
"134","FINAL_EMSDM_EMMEAN_SP_1021254.parquet"
"135","FINAL_EMSDM_EMMEAN_SP_1021260.parquet"
"136","FINAL_EMSDM_EMMEAN_SP_1021290.parquet"
"137","FINAL_EMSDM_EMMEAN_SP_1021454.parquet"
"138","FINAL_EMSDM_EMMEAN_SP_1021563.parquet"
"139","FINAL_EMSDM_EMMEAN_SP_1021581.parquet"
"140","FINAL_EMSDM_EMMEAN_SP_1021742.parquet"
"141","FINAL_EMSDM_EMMEAN_SP_1022158.parquet"
"142","FINAL_EMSDM_EMMEAN_SP_1022235.parquet"
"143","FINAL_EMSDM_EMMEAN_SP_1022238.parquet"
"144","FINAL_EMSDM_EMMEAN_SP_1022262.parquet"
"145","FINAL_EMSDM_EMMEAN_SP_1022265.parquet"
"146","FINAL_EMSDM_EMMEAN_SP_1022436.parquet"
"147","FINAL_EMSDM_EMMEAN_SP_1022437.parquet"
"148","FINAL_EMSDM_EMMEAN_SP_1022438.parquet"
"149","FINAL_EMSDM_EMMEAN_SP_1022440.parquet"
"150","FINAL_EMSDM_EMMEAN_SP_1022441.parquet"
"151","FINAL_EMSDM_EMMEAN_SP_1022618.parquet"
"152","FINAL_EMSDM_EMMEAN_SP_1022625.parquet"
"153","FINAL_EMSDM_EMMEAN_SP_1022907.parquet"
"154","FINAL_EMSDM_EMMEAN_SP_1023017.parquet"
"155","FINAL_EMSDM_EMMEAN_SP_1023351.parquet"
"156","FINAL_EMSDM_EMMEAN_SP_1026118.parquet"
"157","FINAL_EMSDM_EMMEAN_SP_1027751.parquet"
"158","FINAL_EMSDM_EMMEAN_SP_1039991.parquet"
"159","FINAL_EMSDM_EMMEAN_SP_1042320.parquet"
"160","FINAL_EMSDM_EMMEAN_SP_1042728.parquet"
"161","FINAL_EMSDM_EMMEAN_SP_1042731.parquet"
"162","FINAL_EMSDM_EMMEAN_SP_1042743.parquet"
"163","FINAL_EMSDM_EMMEAN_SP_1042747.parquet"
"164","FINAL_EMSDM_EMMEAN_SP_1042749.parquet"
"165","FINAL_EMSDM_EMMEAN_SP_1042791.parquet"
"166","FINAL_EMSDM_EMMEAN_SP_1042794.parquet"
"167","FINAL_EMSDM_EMMEAN_SP_1042795.parquet"
"168","FINAL_EMSDM_EMMEAN_SP_1042796.parquet"
"169","FINAL_EMSDM_EMMEAN_SP_1042799.parquet"
"170","FINAL_EMSDM_EMMEAN_SP_1042800.parquet"
"171","FINAL_EMSDM_EMMEAN_SP_1042801.parquet"
"172","FINAL_EMSDM_EMMEAN_SP_1042808.parquet"
"173","FINAL_EMSDM_EMMEAN_SP_1042809.parquet"
"174","FINAL_EMSDM_EMMEAN_SP_1042810.parquet"
"175","FINAL_EMSDM_EMMEAN_SP_1042811.parquet"
"176","FINAL_EMSDM_EMMEAN_SP_1042822.parquet"
"177","FINAL_EMSDM_EMMEAN_SP_1042823.parquet"
"178","FINAL_EMSDM_EMMEAN_SP_1042825.parquet"
"179","FINAL_EMSDM_EMMEAN_SP_1042826.parquet"
"180","FINAL_EMSDM_EMMEAN_SP_1042829.parquet"
"181","FINAL_EMSDM_EMMEAN_SP_1042830.parquet"
"182","FINAL_EMSDM_EMMEAN_SP_1042832.parquet"
"183","FINAL_EMSDM_EMMEAN_SP_1042834.parquet"
"184","FINAL_EMSDM_EMMEAN_SP_1042835.parquet"
"185","FINAL_EMSDM_EMMEAN_SP_1042836.parquet"
"186","FINAL_EMSDM_EMMEAN_SP_1042837.parquet"
"187","FINAL_EMSDM_EMMEAN_SP_1042838.parquet"
"188","FINAL_EMSDM_EMMEAN_SP_1042839.parquet"
"189","FINAL_EMSDM_EMMEAN_SP_1042845.parquet"
"190","FINAL_EMSDM_EMMEAN_SP_1042847.parquet"
"191","FINAL_EMSDM_EMMEAN_SP_1042848.parquet"
"192","FINAL_EMSDM_EMMEAN_SP_1042850.parquet"
"193","FINAL_EMSDM_EMMEAN_SP_1042851.parquet"
"194","FINAL_EMSDM_EMMEAN_SP_1042852.parquet"
"195","FINAL_EMSDM_EMMEAN_SP_1042853.parquet"
"196","FINAL_EMSDM_EMMEAN_SP_1042854.parquet"
"197","FINAL_EMSDM_EMMEAN_SP_1042856.parquet"
"198","FINAL_EMSDM_EMMEAN_SP_1042857.parquet"
"199","FINAL_EMSDM_EMMEAN_SP_1042858.parquet"
"200","FINAL_EMSDM_EMMEAN_SP_1042860.parquet"
"201","FINAL_EMSDM_EMMEAN_SP_1042862.parquet"
"202","FINAL_EMSDM_EMMEAN_SP_1042863.parquet"
"203","FINAL_EMSDM_EMMEAN_SP_1042865.parquet"
"204","FINAL_EMSDM_EMMEAN_SP_1042866.parquet"
"205","FINAL_EMSDM_EMMEAN_SP_1042867.parquet"
"206","FINAL_EMSDM_EMMEAN_SP_1042868.parquet"
"207","FINAL_EMSDM_EMMEAN_SP_1042869.parquet"
"208","FINAL_EMSDM_EMMEAN_SP_1042870.parquet"
"209","FINAL_EMSDM_EMMEAN_SP_1042871.parquet"
"210","FINAL_EMSDM_EMMEAN_SP_1042872.parquet"
"211","FINAL_EMSDM_EMMEAN_SP_1042873.parquet"
"212","FINAL_EMSDM_EMMEAN_SP_1042877.parquet"
"213","FINAL_EMSDM_EMMEAN_SP_1042880.parquet"
"214","FINAL_EMSDM_EMMEAN_SP_1042881.parquet"
"215","FINAL_EMSDM_EMMEAN_SP_1043412.parquet"
"216","FINAL_EMSDM_EMMEAN_SP_1043413.parquet"
"217","FINAL_EMSDM_EMMEAN_SP_1043414.parquet"
"218","FINAL_EMSDM_EMMEAN_SP_1043415.parquet"
"219","FINAL_EMSDM_EMMEAN_SP_1043416.parquet"
"220","FINAL_EMSDM_EMMEAN_SP_1043417.parquet"
"221","FINAL_EMSDM_EMMEAN_SP_1043423.parquet"
"222","FINAL_EMSDM_EMMEAN_SP_1043424.parquet"
"223","FINAL_EMSDM_EMMEAN_SP_1043426.parquet"
"224","FINAL_EMSDM_EMMEAN_SP_1043428.parquet"
"225","FINAL_EMSDM_EMMEAN_SP_1043431.parquet"
"226","FINAL_EMSDM_EMMEAN_SP_1043433.parquet"
"227","FINAL_EMSDM_EMMEAN_SP_1043435.parquet"
"228","FINAL_EMSDM_EMMEAN_SP_1043439.parquet"
"229","FINAL_EMSDM_EMMEAN_SP_1043447.parquet"
"230","FINAL_EMSDM_EMMEAN_SP_1043448.parquet"
"231","FINAL_EMSDM_EMMEAN_SP_1043449.parquet"
"232","FINAL_EMSDM_EMMEAN_SP_1043452.parquet"
"233","FINAL_EMSDM_EMMEAN_SP_1043456.parquet"
"234","FINAL_EMSDM_EMMEAN_SP_1043458.parquet"
"235","FINAL_EMSDM_EMMEAN_SP_1043460.parquet"
"236","FINAL_EMSDM_EMMEAN_SP_1043461.parquet"
"237","FINAL_EMSDM_EMMEAN_SP_1043465.parquet"
"238","FINAL_EMSDM_EMMEAN_SP_1043469.parquet"
"239","FINAL_EMSDM_EMMEAN_SP_1043470.parquet"
"240","FINAL_EMSDM_EMMEAN_SP_1043472.parquet"
"241","FINAL_EMSDM_EMMEAN_SP_1043474.parquet"
"242","FINAL_EMSDM_EMMEAN_SP_1043477.parquet"
"243","FINAL_EMSDM_EMMEAN_SP_1043479.parquet"
"244","FINAL_EMSDM_EMMEAN_SP_1043480.parquet"
"245","FINAL_EMSDM_EMMEAN_SP_1043484.parquet"
"246","FINAL_EMSDM_EMMEAN_SP_1043486.parquet"
"247","FINAL_EMSDM_EMMEAN_SP_1043487.parquet"
"248","FINAL_EMSDM_EMMEAN_SP_1043488.parquet"
"249","FINAL_EMSDM_EMMEAN_SP_1043489.parquet"
"250","FINAL_EMSDM_EMMEAN_SP_1043490.parquet"
"251","FINAL_EMSDM_EMMEAN_SP_1043598.parquet"
"252","FINAL_EMSDM_EMMEAN_SP_1043605.parquet"
"253","FINAL_EMSDM_EMMEAN_SP_1043607.parquet"
"254","FINAL_EMSDM_EMMEAN_SP_1043608.parquet"
"255","FINAL_EMSDM_EMMEAN_SP_1043611.parquet"
"256","FINAL_EMSDM_EMMEAN_SP_1043612.parquet"
"257","FINAL_EMSDM_EMMEAN_SP_1043613.parquet"
"258","FINAL_EMSDM_EMMEAN_SP_1043620.parquet"
"259","FINAL_EMSDM_EMMEAN_SP_1043622.parquet"
"260","FINAL_EMSDM_EMMEAN_SP_1043626.parquet"
"261","FINAL_EMSDM_EMMEAN_SP_1043629.parquet"
"262","FINAL_EMSDM_EMMEAN_SP_1043630.parquet"
"263","FINAL_EMSDM_EMMEAN_SP_1043644.parquet"
"264","FINAL_EMSDM_EMMEAN_SP_1043645.parquet"
"265","FINAL_EMSDM_EMMEAN_SP_1043648.parquet"
"266","FINAL_EMSDM_EMMEAN_SP_1043663.parquet"
"267","FINAL_EMSDM_EMMEAN_SP_1044127.parquet"
"268","FINAL_EMSDM_EMMEAN_SP_1048073.parquet"
"269","FINAL_EMSDM_EMMEAN_SP_1048074.parquet"
"270","FINAL_EMSDM_EMMEAN_SP_1048076.parquet"
"271","FINAL_EMSDM_EMMEAN_SP_1048079.parquet"
"272","FINAL_EMSDM_EMMEAN_SP_1048080.parquet"
"273","FINAL_EMSDM_EMMEAN_SP_105787.parquet"
"274","FINAL_EMSDM_EMMEAN_SP_105788.parquet"
"275","FINAL_EMSDM_EMMEAN_SP_105789.parquet"
"276","FINAL_EMSDM_EMMEAN_SP_105790.parquet"
"277","FINAL_EMSDM_EMMEAN_SP_105791.parquet"
"278","FINAL_EMSDM_EMMEAN_SP_105792.parquet"
"279","FINAL_EMSDM_EMMEAN_SP_105793.parquet"
"280","FINAL_EMSDM_EMMEAN_SP_105794.parquet"
"281","FINAL_EMSDM_EMMEAN_SP_105795.parquet"
"282","FINAL_EMSDM_EMMEAN_SP_105796.parquet"
"283","FINAL_EMSDM_EMMEAN_SP_105797.parquet"
"284","FINAL_EMSDM_EMMEAN_SP_105798.parquet"
"285","FINAL_EMSDM_EMMEAN_SP_105799.parquet"
"286","FINAL_EMSDM_EMMEAN_SP_105800.parquet"
"287","FINAL_EMSDM_EMMEAN_SP_105801.parquet"
"288","FINAL_EMSDM_EMMEAN_SP_105802.parquet"
"289","FINAL_EMSDM_EMMEAN_SP_105803.parquet"
"290","FINAL_EMSDM_EMMEAN_SP_105804.parquet"
"291","FINAL_EMSDM_EMMEAN_SP_105805.parquet"
"292","FINAL_EMSDM_EMMEAN_SP_105806.parquet"
"293","FINAL_EMSDM_EMMEAN_SP_105807.parquet"
"294","FINAL_EMSDM_EMMEAN_SP_105808.parquet"
"295","FINAL_EMSDM_EMMEAN_SP_105809.parquet"
"296","FINAL_EMSDM_EMMEAN_SP_105810.parquet"
"297","FINAL_EMSDM_EMMEAN_SP_105811.parquet"
"298","FINAL_EMSDM_EMMEAN_SP_105812.parquet"
"299","FINAL_EMSDM_EMMEAN_SP_105813.parquet"
"300","FINAL_EMSDM_EMMEAN_SP_105814.parquet"
"301","FINAL_EMSDM_EMMEAN_SP_105815.parquet"
"302","FINAL_EMSDM_EMMEAN_SP_105816.parquet"
"303","FINAL_EMSDM_EMMEAN_SP_105817.parquet"
"304","FINAL_EMSDM_EMMEAN_SP_105818.parquet"
"305","FINAL_EMSDM_EMMEAN_SP_105819.parquet"
"306","FINAL_EMSDM_EMMEAN_SP_105820.parquet"
"307","FINAL_EMSDM_EMMEAN_SP_105821.parquet"
"308","FINAL_EMSDM_EMMEAN_SP_105822.parquet"
"309","FINAL_EMSDM_EMMEAN_SP_105823.parquet"
"310","FINAL_EMSDM_EMMEAN_SP_105824.parquet"
"311","FINAL_EMSDM_EMMEAN_SP_105825.parquet"
"312","FINAL_EMSDM_EMMEAN_SP_105826.parquet"
"313","FINAL_EMSDM_EMMEAN_SP_105827.parquet"
"314","FINAL_EMSDM_EMMEAN_SP_105829.parquet"
"315","FINAL_EMSDM_EMMEAN_SP_105830.parquet"
"316","FINAL_EMSDM_EMMEAN_SP_105831.parquet"
"317","FINAL_EMSDM_EMMEAN_SP_105832.parquet"
"318","FINAL_EMSDM_EMMEAN_SP_105833.parquet"
"319","FINAL_EMSDM_EMMEAN_SP_105834.parquet"
"320","FINAL_EMSDM_EMMEAN_SP_105835.parquet"
"321","FINAL_EMSDM_EMMEAN_SP_105836.parquet"
"322","FINAL_EMSDM_EMMEAN_SP_105837.parquet"
"323","FINAL_EMSDM_EMMEAN_SP_105838.parquet"
"324","FINAL_EMSDM_EMMEAN_SP_105839.parquet"
"325","FINAL_EMSDM_EMMEAN_SP_105840.parquet"
"326","FINAL_EMSDM_EMMEAN_SP_105841.parquet"
"327","FINAL_EMSDM_EMMEAN_SP_105842.parquet"
"328","FINAL_EMSDM_EMMEAN_SP_105843.parquet"
"329","FINAL_EMSDM_EMMEAN_SP_105844.parquet"
"330","FINAL_EMSDM_EMMEAN_SP_105845.parquet"
"331","FINAL_EMSDM_EMMEAN_SP_105846.parquet"
"332","FINAL_EMSDM_EMMEAN_SP_105847.parquet"
"333","FINAL_EMSDM_EMMEAN_SP_105848.parquet"
"334","FINAL_EMSDM_EMMEAN_SP_105849.parquet"
"335","FINAL_EMSDM_EMMEAN_SP_105851.parquet"
"336","FINAL_EMSDM_EMMEAN_SP_105852.parquet"
"337","FINAL_EMSDM_EMMEAN_SP_105854.parquet"
"338","FINAL_EMSDM_EMMEAN_SP_105856.parquet"
"339","FINAL_EMSDM_EMMEAN_SP_105858.parquet"
"340","FINAL_EMSDM_EMMEAN_SP_105859.parquet"
"341","FINAL_EMSDM_EMMEAN_SP_105860.parquet"
"342","FINAL_EMSDM_EMMEAN_SP_105862.parquet"
"343","FINAL_EMSDM_EMMEAN_SP_105863.parquet"
"344","FINAL_EMSDM_EMMEAN_SP_105864.parquet"
"345","FINAL_EMSDM_EMMEAN_SP_105865.parquet"
"346","FINAL_EMSDM_EMMEAN_SP_105866.parquet"
"347","FINAL_EMSDM_EMMEAN_SP_105867.parquet"
"348","FINAL_EMSDM_EMMEAN_SP_105868.parquet"
"349","FINAL_EMSDM_EMMEAN_SP_105869.parquet"
"350","FINAL_EMSDM_EMMEAN_SP_105871.parquet"
"351","FINAL_EMSDM_EMMEAN_SP_105872.parquet"
"352","FINAL_EMSDM_EMMEAN_SP_105873.parquet"
"353","FINAL_EMSDM_EMMEAN_SP_105874.parquet"
"354","FINAL_EMSDM_EMMEAN_SP_105875.parquet"
"355","FINAL_EMSDM_EMMEAN_SP_105876.parquet"
"356","FINAL_EMSDM_EMMEAN_SP_105877.parquet"
"357","FINAL_EMSDM_EMMEAN_SP_105878.parquet"
"358","FINAL_EMSDM_EMMEAN_SP_105879.parquet"
"359","FINAL_EMSDM_EMMEAN_SP_105881.parquet"
"360","FINAL_EMSDM_EMMEAN_SP_105883.parquet"
"361","FINAL_EMSDM_EMMEAN_SP_105884.parquet"
"362","FINAL_EMSDM_EMMEAN_SP_105885.parquet"
"363","FINAL_EMSDM_EMMEAN_SP_105886.parquet"
"364","FINAL_EMSDM_EMMEAN_SP_105887.parquet"
"365","FINAL_EMSDM_EMMEAN_SP_105888.parquet"
"366","FINAL_EMSDM_EMMEAN_SP_105889.parquet"
"367","FINAL_EMSDM_EMMEAN_SP_105891.parquet"
"368","FINAL_EMSDM_EMMEAN_SP_105892.parquet"
"369","FINAL_EMSDM_EMMEAN_SP_105893.parquet"
"370","FINAL_EMSDM_EMMEAN_SP_105894.parquet"
"371","FINAL_EMSDM_EMMEAN_SP_105895.parquet"
"372","FINAL_EMSDM_EMMEAN_SP_105896.parquet"
"373","FINAL_EMSDM_EMMEAN_SP_105898.parquet"
"374","FINAL_EMSDM_EMMEAN_SP_105899.parquet"
"375","FINAL_EMSDM_EMMEAN_SP_105901.parquet"
"376","FINAL_EMSDM_EMMEAN_SP_105902.parquet"
"377","FINAL_EMSDM_EMMEAN_SP_105905.parquet"
"378","FINAL_EMSDM_EMMEAN_SP_105906.parquet"
"379","FINAL_EMSDM_EMMEAN_SP_105907.parquet"
"380","FINAL_EMSDM_EMMEAN_SP_105910.parquet"
"381","FINAL_EMSDM_EMMEAN_SP_105911.parquet"
"382","FINAL_EMSDM_EMMEAN_SP_105912.parquet"
"383","FINAL_EMSDM_EMMEAN_SP_105913.parquet"
"384","FINAL_EMSDM_EMMEAN_SP_105914.parquet"
"385","FINAL_EMSDM_EMMEAN_SP_105915.parquet"
"386","FINAL_EMSDM_EMMEAN_SP_105916.parquet"
"387","FINAL_EMSDM_EMMEAN_SP_105918.parquet"
"388","FINAL_EMSDM_EMMEAN_SP_105919.parquet"
"389","FINAL_EMSDM_EMMEAN_SP_105920.parquet"
"390","FINAL_EMSDM_EMMEAN_SP_105921.parquet"
"391","FINAL_EMSDM_EMMEAN_SP_105922.parquet"
"392","FINAL_EMSDM_EMMEAN_SP_105923.parquet"
"393","FINAL_EMSDM_EMMEAN_SP_105924.parquet"
"394","FINAL_EMSDM_EMMEAN_SP_105925.parquet"
"395","FINAL_EMSDM_EMMEAN_SP_105926.parquet"
"396","FINAL_EMSDM_EMMEAN_SP_105927.parquet"
"397","FINAL_EMSDM_EMMEAN_SP_105928.parquet"
"398","FINAL_EMSDM_EMMEAN_SP_1059799.parquet"
"399","FINAL_EMSDM_EMMEAN_SP_107255.parquet"
"400","FINAL_EMSDM_EMMEAN_SP_107696.parquet"
"401","FINAL_EMSDM_EMMEAN_SP_107699.parquet"
"402","FINAL_EMSDM_EMMEAN_SP_107701.parquet"
"403","FINAL_EMSDM_EMMEAN_SP_107702.parquet"
"404","FINAL_EMSDM_EMMEAN_SP_107704.parquet"
"405","FINAL_EMSDM_EMMEAN_SP_107705.parquet"
"406","FINAL_EMSDM_EMMEAN_SP_107706.parquet"
"407","FINAL_EMSDM_EMMEAN_SP_107707.parquet"
"408","FINAL_EMSDM_EMMEAN_SP_107708.parquet"
"409","FINAL_EMSDM_EMMEAN_SP_107709.parquet"
"410","FINAL_EMSDM_EMMEAN_SP_107710.parquet"
"411","FINAL_EMSDM_EMMEAN_SP_107712.parquet"
"412","FINAL_EMSDM_EMMEAN_SP_126279.parquet"
"413","FINAL_EMSDM_EMMEAN_SP_126280.parquet"
"414","FINAL_EMSDM_EMMEAN_SP_126281.parquet"
"415","FINAL_EMSDM_EMMEAN_SP_126282.parquet"
"416","FINAL_EMSDM_EMMEAN_SP_126283.parquet"
"417","FINAL_EMSDM_EMMEAN_SP_126284.parquet"
"418","FINAL_EMSDM_EMMEAN_SP_126285.parquet"
"419","FINAL_EMSDM_EMMEAN_SP_126286.parquet"
"420","FINAL_EMSDM_EMMEAN_SP_126287.parquet"
"421","FINAL_EMSDM_EMMEAN_SP_126288.parquet"
"422","FINAL_EMSDM_EMMEAN_SP_126289.parquet"
"423","FINAL_EMSDM_EMMEAN_SP_126290.parquet"
"424","FINAL_EMSDM_EMMEAN_SP_126291.parquet"
"425","FINAL_EMSDM_EMMEAN_SP_126292.parquet"
"426","FINAL_EMSDM_EMMEAN_SP_126293.parquet"
"427","FINAL_EMSDM_EMMEAN_SP_126294.parquet"
"428","FINAL_EMSDM_EMMEAN_SP_126295.parquet"
"429","FINAL_EMSDM_EMMEAN_SP_126296.parquet"
"430","FINAL_EMSDM_EMMEAN_SP_126298.parquet"
"431","FINAL_EMSDM_EMMEAN_SP_126299.parquet"
"432","FINAL_EMSDM_EMMEAN_SP_126300.parquet"
"433","FINAL_EMSDM_EMMEAN_SP_126301.parquet"
"434","FINAL_EMSDM_EMMEAN_SP_126302.parquet"
"435","FINAL_EMSDM_EMMEAN_SP_126303.parquet"
"436","FINAL_EMSDM_EMMEAN_SP_126304.parquet"
"437","FINAL_EMSDM_EMMEAN_SP_126305.parquet"
"438","FINAL_EMSDM_EMMEAN_SP_126306.parquet"
"439","FINAL_EMSDM_EMMEAN_SP_126307.parquet"
"440","FINAL_EMSDM_EMMEAN_SP_126310.parquet"
"441","FINAL_EMSDM_EMMEAN_SP_126311.parquet"
"442","FINAL_EMSDM_EMMEAN_SP_126312.parquet"
"443","FINAL_EMSDM_EMMEAN_SP_126313.parquet"
"444","FINAL_EMSDM_EMMEAN_SP_126314.parquet"
"445","FINAL_EMSDM_EMMEAN_SP_126315.parquet"
"446","FINAL_EMSDM_EMMEAN_SP_126316.parquet"
"447","FINAL_EMSDM_EMMEAN_SP_126317.parquet"
"448","FINAL_EMSDM_EMMEAN_SP_126318.parquet"
"449","FINAL_EMSDM_EMMEAN_SP_126319.parquet"
"450","FINAL_EMSDM_EMMEAN_SP_126320.parquet"
"451","FINAL_EMSDM_EMMEAN_SP_126321.parquet"
"452","FINAL_EMSDM_EMMEAN_SP_126322.parquet"
"453","FINAL_EMSDM_EMMEAN_SP_126323.parquet"
"454","FINAL_EMSDM_EMMEAN_SP_126324.parquet"
"455","FINAL_EMSDM_EMMEAN_SP_126325.parquet"
"456","FINAL_EMSDM_EMMEAN_SP_126326.parquet"
"457","FINAL_EMSDM_EMMEAN_SP_126327.parquet"
"458","FINAL_EMSDM_EMMEAN_SP_126328.parquet"
"459","FINAL_EMSDM_EMMEAN_SP_126330.parquet"
"460","FINAL_EMSDM_EMMEAN_SP_126331.parquet"
"461","FINAL_EMSDM_EMMEAN_SP_126332.parquet"
"462","FINAL_EMSDM_EMMEAN_SP_126333.parquet"
"463","FINAL_EMSDM_EMMEAN_SP_126334.parquet"
"464","FINAL_EMSDM_EMMEAN_SP_126335.parquet"
"465","FINAL_EMSDM_EMMEAN_SP_126336.parquet"
"466","FINAL_EMSDM_EMMEAN_SP_126337.parquet"
"467","FINAL_EMSDM_EMMEAN_SP_126338.parquet"
"468","FINAL_EMSDM_EMMEAN_SP_126339.parquet"
"469","FINAL_EMSDM_EMMEAN_SP_126340.parquet"
"470","FINAL_EMSDM_EMMEAN_SP_126342.parquet"
"471","FINAL_EMSDM_EMMEAN_SP_126343.parquet"
"472","FINAL_EMSDM_EMMEAN_SP_126344.parquet"
"473","FINAL_EMSDM_EMMEAN_SP_126345.parquet"
"474","FINAL_EMSDM_EMMEAN_SP_126346.parquet"
"475","FINAL_EMSDM_EMMEAN_SP_126347.parquet"
"476","FINAL_EMSDM_EMMEAN_SP_126348.parquet"
"477","FINAL_EMSDM_EMMEAN_SP_126349.parquet"
"478","FINAL_EMSDM_EMMEAN_SP_126350.parquet"
"479","FINAL_EMSDM_EMMEAN_SP_126352.parquet"
"480","FINAL_EMSDM_EMMEAN_SP_126353.parquet"
"481","FINAL_EMSDM_EMMEAN_SP_126354.parquet"
"482","FINAL_EMSDM_EMMEAN_SP_126355.parquet"
"483","FINAL_EMSDM_EMMEAN_SP_126356.parquet"
"484","FINAL_EMSDM_EMMEAN_SP_126357.parquet"
"485","FINAL_EMSDM_EMMEAN_SP_126359.parquet"
"486","FINAL_EMSDM_EMMEAN_SP_126360.parquet"
"487","FINAL_EMSDM_EMMEAN_SP_126361.parquet"
"488","FINAL_EMSDM_EMMEAN_SP_126362.parquet"
"489","FINAL_EMSDM_EMMEAN_SP_126364.parquet"
"490","FINAL_EMSDM_EMMEAN_SP_126365.parquet"
"491","FINAL_EMSDM_EMMEAN_SP_126366.parquet"
"492","FINAL_EMSDM_EMMEAN_SP_126368.parquet"
"493","FINAL_EMSDM_EMMEAN_SP_126369.parquet"
"494","FINAL_EMSDM_EMMEAN_SP_126370.parquet"
"495","FINAL_EMSDM_EMMEAN_SP_126371.parquet"
"496","FINAL_EMSDM_EMMEAN_SP_126372.parquet"
"497","FINAL_EMSDM_EMMEAN_SP_126373.parquet"
"498","FINAL_EMSDM_EMMEAN_SP_126374.parquet"
"499","FINAL_EMSDM_EMMEAN_SP_126375.parquet"
"500","FINAL_EMSDM_EMMEAN_SP_126377.parquet"
"501","FINAL_EMSDM_EMMEAN_SP_126378.parquet"
"502","FINAL_EMSDM_EMMEAN_SP_126381.parquet"
"503","FINAL_EMSDM_EMMEAN_SP_126382.parquet"
"504","FINAL_EMSDM_EMMEAN_SP_126383.parquet"
"505","FINAL_EMSDM_EMMEAN_SP_126384.parquet"
"506","FINAL_EMSDM_EMMEAN_SP_126385.parquet"
"507","FINAL_EMSDM_EMMEAN_SP_126386.parquet"
"508","FINAL_EMSDM_EMMEAN_SP_126387.parquet"
"509","FINAL_EMSDM_EMMEAN_SP_126390.parquet"
"510","FINAL_EMSDM_EMMEAN_SP_126392.parquet"
"511","FINAL_EMSDM_EMMEAN_SP_126393.parquet"
"512","FINAL_EMSDM_EMMEAN_SP_126394.parquet"
"513","FINAL_EMSDM_EMMEAN_SP_126395.parquet"
"514","FINAL_EMSDM_EMMEAN_SP_126396.parquet"
"515","FINAL_EMSDM_EMMEAN_SP_126397.parquet"
"516","FINAL_EMSDM_EMMEAN_SP_126398.parquet"
"517","FINAL_EMSDM_EMMEAN_SP_126400.parquet"
"518","FINAL_EMSDM_EMMEAN_SP_126401.parquet"
"519","FINAL_EMSDM_EMMEAN_SP_126403.parquet"
"520","FINAL_EMSDM_EMMEAN_SP_126404.parquet"
"521","FINAL_EMSDM_EMMEAN_SP_126405.parquet"
"522","FINAL_EMSDM_EMMEAN_SP_126406.parquet"
"523","FINAL_EMSDM_EMMEAN_SP_126407.parquet"
"524","FINAL_EMSDM_EMMEAN_SP_126412.parquet"
"525","FINAL_EMSDM_EMMEAN_SP_126413.parquet"
"526","FINAL_EMSDM_EMMEAN_SP_126415.parquet"
"527","FINAL_EMSDM_EMMEAN_SP_126417.parquet"
"528","FINAL_EMSDM_EMMEAN_SP_126418.parquet"
"529","FINAL_EMSDM_EMMEAN_SP_126419.parquet"
"530","FINAL_EMSDM_EMMEAN_SP_126420.parquet"
"531","FINAL_EMSDM_EMMEAN_SP_126421.parquet"
"532","FINAL_EMSDM_EMMEAN_SP_126422.parquet"
"533","FINAL_EMSDM_EMMEAN_SP_126423.parquet"
"534","FINAL_EMSDM_EMMEAN_SP_126424.parquet"
"535","FINAL_EMSDM_EMMEAN_SP_126425.parquet"
"536","FINAL_EMSDM_EMMEAN_SP_126426.parquet"
"537","FINAL_EMSDM_EMMEAN_SP_126428.parquet"
"538","FINAL_EMSDM_EMMEAN_SP_126431.parquet"
"539","FINAL_EMSDM_EMMEAN_SP_126438.parquet"
"540","FINAL_EMSDM_EMMEAN_SP_126440.parquet"
"541","FINAL_EMSDM_EMMEAN_SP_126442.parquet"
"542","FINAL_EMSDM_EMMEAN_SP_126444.parquet"
"543","FINAL_EMSDM_EMMEAN_SP_126448.parquet"
"544","FINAL_EMSDM_EMMEAN_SP_126449.parquet"
"545","FINAL_EMSDM_EMMEAN_SP_126450.parquet"
"546","FINAL_EMSDM_EMMEAN_SP_126456.parquet"
"547","FINAL_EMSDM_EMMEAN_SP_126457.parquet"
"548","FINAL_EMSDM_EMMEAN_SP_126458.parquet"
"549","FINAL_EMSDM_EMMEAN_SP_126460.parquet"
"550","FINAL_EMSDM_EMMEAN_SP_126462.parquet"
"551","FINAL_EMSDM_EMMEAN_SP_126463.parquet"
"552","FINAL_EMSDM_EMMEAN_SP_126467.parquet"
"553","FINAL_EMSDM_EMMEAN_SP_126469.parquet"
"554","FINAL_EMSDM_EMMEAN_SP_126470.parquet"
"555","FINAL_EMSDM_EMMEAN_SP_126471.parquet"
"556","FINAL_EMSDM_EMMEAN_SP_126473.parquet"
"557","FINAL_EMSDM_EMMEAN_SP_126474.parquet"
"558","FINAL_EMSDM_EMMEAN_SP_126475.parquet"
"559","FINAL_EMSDM_EMMEAN_SP_126476.parquet"
"560","FINAL_EMSDM_EMMEAN_SP_126478.parquet"
"561","FINAL_EMSDM_EMMEAN_SP_126479.parquet"
"562","FINAL_EMSDM_EMMEAN_SP_126482.parquet"
"563","FINAL_EMSDM_EMMEAN_SP_126483.parquet"
"564","FINAL_EMSDM_EMMEAN_SP_126485.parquet"
"565","FINAL_EMSDM_EMMEAN_SP_126486.parquet"
"566","FINAL_EMSDM_EMMEAN_SP_126488.parquet"
"567","FINAL_EMSDM_EMMEAN_SP_126491.parquet"
"568","FINAL_EMSDM_EMMEAN_SP_126492.parquet"
"569","FINAL_EMSDM_EMMEAN_SP_126494.parquet"
"570","FINAL_EMSDM_EMMEAN_SP_126495.parquet"
"571","FINAL_EMSDM_EMMEAN_SP_126497.parquet"
"572","FINAL_EMSDM_EMMEAN_SP_126498.parquet"
"573","FINAL_EMSDM_EMMEAN_SP_126502.parquet"
"574","FINAL_EMSDM_EMMEAN_SP_126505.parquet"
"575","FINAL_EMSDM_EMMEAN_SP_126507.parquet"
"576","FINAL_EMSDM_EMMEAN_SP_126508.parquet"
"577","FINAL_EMSDM_EMMEAN_SP_126510.parquet"
"578","FINAL_EMSDM_EMMEAN_SP_126512.parquet"
"579","FINAL_EMSDM_EMMEAN_SP_126513.parquet"
"580","FINAL_EMSDM_EMMEAN_SP_126516.parquet"
"581","FINAL_EMSDM_EMMEAN_SP_126519.parquet"
"582","FINAL_EMSDM_EMMEAN_SP_126522.parquet"
"583","FINAL_EMSDM_EMMEAN_SP_126523.parquet"
"584","FINAL_EMSDM_EMMEAN_SP_126524.parquet"
"585","FINAL_EMSDM_EMMEAN_SP_126525.parquet"
"586","FINAL_EMSDM_EMMEAN_SP_126526.parquet"
"587","FINAL_EMSDM_EMMEAN_SP_126527.parquet"
"588","FINAL_EMSDM_EMMEAN_SP_126528.parquet"
"589","FINAL_EMSDM_EMMEAN_SP_126529.parquet"
"590","FINAL_EMSDM_EMMEAN_SP_126533.parquet"
"591","FINAL_EMSDM_EMMEAN_SP_126534.parquet"
"592","FINAL_EMSDM_EMMEAN_SP_126536.parquet"
"593","FINAL_EMSDM_EMMEAN_SP_126537.parquet"
"594","FINAL_EMSDM_EMMEAN_SP_126538.parquet"
"595","FINAL_EMSDM_EMMEAN_SP_126539.parquet"
"596","FINAL_EMSDM_EMMEAN_SP_126540.parquet"
"597","FINAL_EMSDM_EMMEAN_SP_126542.parquet"
"598","FINAL_EMSDM_EMMEAN_SP_126545.parquet"
"599","FINAL_EMSDM_EMMEAN_SP_126547.parquet"
"600","FINAL_EMSDM_EMMEAN_SP_126548.parquet"
"601","FINAL_EMSDM_EMMEAN_SP_126549.parquet"
"602","FINAL_EMSDM_EMMEAN_SP_126554.parquet"
"603","FINAL_EMSDM_EMMEAN_SP_126555.parquet"
"604","FINAL_EMSDM_EMMEAN_SP_126556.parquet"
"605","FINAL_EMSDM_EMMEAN_SP_126557.parquet"
"606","FINAL_EMSDM_EMMEAN_SP_126558.parquet"
"607","FINAL_EMSDM_EMMEAN_SP_126559.parquet"
"608","FINAL_EMSDM_EMMEAN_SP_126560.parquet"
"609","FINAL_EMSDM_EMMEAN_SP_126562.parquet"
"610","FINAL_EMSDM_EMMEAN_SP_126565.parquet"
"611","FINAL_EMSDM_EMMEAN_SP_126566.parquet"
"612","FINAL_EMSDM_EMMEAN_SP_126567.parquet"
"613","FINAL_EMSDM_EMMEAN_SP_126568.parquet"
"614","FINAL_EMSDM_EMMEAN_SP_126569.parquet"
"615","FINAL_EMSDM_EMMEAN_SP_126570.parquet"
"616","FINAL_EMSDM_EMMEAN_SP_126572.parquet"
"617","FINAL_EMSDM_EMMEAN_SP_126574.parquet"
"618","FINAL_EMSDM_EMMEAN_SP_126577.parquet"
"619","FINAL_EMSDM_EMMEAN_SP_126578.parquet"
"620","FINAL_EMSDM_EMMEAN_SP_126580.parquet"
"621","FINAL_EMSDM_EMMEAN_SP_126581.parquet"
"622","FINAL_EMSDM_EMMEAN_SP_126582.parquet"
"623","FINAL_EMSDM_EMMEAN_SP_126583.parquet"
"624","FINAL_EMSDM_EMMEAN_SP_126584.parquet"
"625","FINAL_EMSDM_EMMEAN_SP_126585.parquet"
"626","FINAL_EMSDM_EMMEAN_SP_126586.parquet"
"627","FINAL_EMSDM_EMMEAN_SP_126587.parquet"
"628","FINAL_EMSDM_EMMEAN_SP_126588.parquet"
"629","FINAL_EMSDM_EMMEAN_SP_126589.parquet"
"630","FINAL_EMSDM_EMMEAN_SP_126590.parquet"
"631","FINAL_EMSDM_EMMEAN_SP_126591.parquet"
"632","FINAL_EMSDM_EMMEAN_SP_126592.parquet"
"633","FINAL_EMSDM_EMMEAN_SP_126593.parquet"
"634","FINAL_EMSDM_EMMEAN_SP_126594.parquet"
"635","FINAL_EMSDM_EMMEAN_SP_126595.parquet"
"636","FINAL_EMSDM_EMMEAN_SP_126596.parquet"
"637","FINAL_EMSDM_EMMEAN_SP_126597.parquet"
"638","FINAL_EMSDM_EMMEAN_SP_126598.parquet"
"639","FINAL_EMSDM_EMMEAN_SP_126599.parquet"
"640","FINAL_EMSDM_EMMEAN_SP_126600.parquet"
"641","FINAL_EMSDM_EMMEAN_SP_126601.parquet"
"642","FINAL_EMSDM_EMMEAN_SP_126602.parquet"
"643","FINAL_EMSDM_EMMEAN_SP_126603.parquet"
"644","FINAL_EMSDM_EMMEAN_SP_126604.parquet"
"645","FINAL_EMSDM_EMMEAN_SP_126605.parquet"
"646","FINAL_EMSDM_EMMEAN_SP_126606.parquet"
"647","FINAL_EMSDM_EMMEAN_SP_126607.parquet"
"648","FINAL_EMSDM_EMMEAN_SP_126608.parquet"
"649","FINAL_EMSDM_EMMEAN_SP_126609.parquet"
"650","FINAL_EMSDM_EMMEAN_SP_126610.parquet"
"651","FINAL_EMSDM_EMMEAN_SP_126611.parquet"
"652","FINAL_EMSDM_EMMEAN_SP_126612.parquet"
"653","FINAL_EMSDM_EMMEAN_SP_126613.parquet"
"654","FINAL_EMSDM_EMMEAN_SP_126614.parquet"
"655","FINAL_EMSDM_EMMEAN_SP_126615.parquet"
"656","FINAL_EMSDM_EMMEAN_SP_126616.parquet"
"657","FINAL_EMSDM_EMMEAN_SP_126617.parquet"
"658","FINAL_EMSDM_EMMEAN_SP_126618.parquet"
"659","FINAL_EMSDM_EMMEAN_SP_126619.parquet"
"660","FINAL_EMSDM_EMMEAN_SP_126620.parquet"
"661","FINAL_EMSDM_EMMEAN_SP_126621.parquet"
"662","FINAL_EMSDM_EMMEAN_SP_126624.parquet"
"663","FINAL_EMSDM_EMMEAN_SP_126625.parquet"
"664","FINAL_EMSDM_EMMEAN_SP_126626.parquet"
"665","FINAL_EMSDM_EMMEAN_SP_126627.parquet"
"666","FINAL_EMSDM_EMMEAN_SP_126629.parquet"
"667","FINAL_EMSDM_EMMEAN_SP_126630.parquet"
"668","FINAL_EMSDM_EMMEAN_SP_126631.parquet"
"669","FINAL_EMSDM_EMMEAN_SP_126632.parquet"
"670","FINAL_EMSDM_EMMEAN_SP_126633.parquet"
"671","FINAL_EMSDM_EMMEAN_SP_126634.parquet"
"672","FINAL_EMSDM_EMMEAN_SP_126635.parquet"
"673","FINAL_EMSDM_EMMEAN_SP_126636.parquet"
"674","FINAL_EMSDM_EMMEAN_SP_126637.parquet"
"675","FINAL_EMSDM_EMMEAN_SP_126638.parquet"
"676","FINAL_EMSDM_EMMEAN_SP_126639.parquet"
"677","FINAL_EMSDM_EMMEAN_SP_126640.parquet"
"678","FINAL_EMSDM_EMMEAN_SP_126641.parquet"
"679","FINAL_EMSDM_EMMEAN_SP_126643.parquet"
"680","FINAL_EMSDM_EMMEAN_SP_126644.parquet"
"681","FINAL_EMSDM_EMMEAN_SP_126646.parquet"
"682","FINAL_EMSDM_EMMEAN_SP_126650.parquet"
"683","FINAL_EMSDM_EMMEAN_SP_126653.parquet"
"684","FINAL_EMSDM_EMMEAN_SP_126654.parquet"
"685","FINAL_EMSDM_EMMEAN_SP_126656.parquet"
"686","FINAL_EMSDM_EMMEAN_SP_126657.parquet"
"687","FINAL_EMSDM_EMMEAN_SP_126660.parquet"
"688","FINAL_EMSDM_EMMEAN_SP_126661.parquet"
"689","FINAL_EMSDM_EMMEAN_SP_126662.parquet"
"690","FINAL_EMSDM_EMMEAN_SP_126663.parquet"
"691","FINAL_EMSDM_EMMEAN_SP_126664.parquet"
"692","FINAL_EMSDM_EMMEAN_SP_126665.parquet"
"693","FINAL_EMSDM_EMMEAN_SP_126666.parquet"
"694","FINAL_EMSDM_EMMEAN_SP_126667.parquet"
"695","FINAL_EMSDM_EMMEAN_SP_126668.parquet"
"696","FINAL_EMSDM_EMMEAN_SP_126669.parquet"
"697","FINAL_EMSDM_EMMEAN_SP_126671.parquet"
"698","FINAL_EMSDM_EMMEAN_SP_126672.parquet"
"699","FINAL_EMSDM_EMMEAN_SP_126674.parquet"
"700","FINAL_EMSDM_EMMEAN_SP_126675.parquet"
"701","FINAL_EMSDM_EMMEAN_SP_126676.parquet"
"702","FINAL_EMSDM_EMMEAN_SP_126677.parquet"
"703","FINAL_EMSDM_EMMEAN_SP_126678.parquet"
"704","FINAL_EMSDM_EMMEAN_SP_126680.parquet"
"705","FINAL_EMSDM_EMMEAN_SP_126681.parquet"
"706","FINAL_EMSDM_EMMEAN_SP_126682.parquet"
"707","FINAL_EMSDM_EMMEAN_SP_126683.parquet"
"708","FINAL_EMSDM_EMMEAN_SP_126684.parquet"
"709","FINAL_EMSDM_EMMEAN_SP_126686.parquet"
"710","FINAL_EMSDM_EMMEAN_SP_126687.parquet"
"711","FINAL_EMSDM_EMMEAN_SP_126688.parquet"
"712","FINAL_EMSDM_EMMEAN_SP_126689.parquet"
"713","FINAL_EMSDM_EMMEAN_SP_126691.parquet"
"714","FINAL_EMSDM_EMMEAN_SP_126692.parquet"
"715","FINAL_EMSDM_EMMEAN_SP_126693.parquet"
"716","FINAL_EMSDM_EMMEAN_SP_126695.parquet"
"717","FINAL_EMSDM_EMMEAN_SP_126697.parquet"
"718","FINAL_EMSDM_EMMEAN_SP_126698.parquet"
"719","FINAL_EMSDM_EMMEAN_SP_126700.parquet"
"720","FINAL_EMSDM_EMMEAN_SP_126701.parquet"
"721","FINAL_EMSDM_EMMEAN_SP_126702.parquet"
"722","FINAL_EMSDM_EMMEAN_SP_126703.parquet"
"723","FINAL_EMSDM_EMMEAN_SP_126706.parquet"
"724","FINAL_EMSDM_EMMEAN_SP_126707.parquet"
"725","FINAL_EMSDM_EMMEAN_SP_126708.parquet"
"726","FINAL_EMSDM_EMMEAN_SP_126709.parquet"
"727","FINAL_EMSDM_EMMEAN_SP_126710.parquet"
"728","FINAL_EMSDM_EMMEAN_SP_126711.parquet"
"729","FINAL_EMSDM_EMMEAN_SP_126712.parquet"
"730","FINAL_EMSDM_EMMEAN_SP_126714.parquet"
"731","FINAL_EMSDM_EMMEAN_SP_126717.parquet"
"732","FINAL_EMSDM_EMMEAN_SP_126718.parquet"
"733","FINAL_EMSDM_EMMEAN_SP_126720.parquet"
"734","FINAL_EMSDM_EMMEAN_SP_126721.parquet"
"735","FINAL_EMSDM_EMMEAN_SP_126722.parquet"
"736","FINAL_EMSDM_EMMEAN_SP_126723.parquet"
"737","FINAL_EMSDM_EMMEAN_SP_126724.parquet"
"738","FINAL_EMSDM_EMMEAN_SP_126725.parquet"
"739","FINAL_EMSDM_EMMEAN_SP_126727.parquet"
"740","FINAL_EMSDM_EMMEAN_SP_126729.parquet"
"741","FINAL_EMSDM_EMMEAN_SP_126731.parquet"
"742","FINAL_EMSDM_EMMEAN_SP_126733.parquet"
"743","FINAL_EMSDM_EMMEAN_SP_126734.parquet"
"744","FINAL_EMSDM_EMMEAN_SP_126737.parquet"
"745","FINAL_EMSDM_EMMEAN_SP_126738.parquet"
"746","FINAL_EMSDM_EMMEAN_SP_126739.parquet"
"747","FINAL_EMSDM_EMMEAN_SP_126740.parquet"
"748","FINAL_EMSDM_EMMEAN_SP_126741.parquet"
"749","FINAL_EMSDM_EMMEAN_SP_126742.parquet"
"750","FINAL_EMSDM_EMMEAN_SP_126743.parquet"
"751","FINAL_EMSDM_EMMEAN_SP_126744.parquet"
"752","FINAL_EMSDM_EMMEAN_SP_126745.parquet"
"753","FINAL_EMSDM_EMMEAN_SP_126746.parquet"
"754","FINAL_EMSDM_EMMEAN_SP_126748.parquet"
"755","FINAL_EMSDM_EMMEAN_SP_126749.parquet"
"756","FINAL_EMSDM_EMMEAN_SP_126750.parquet"
"757","FINAL_EMSDM_EMMEAN_SP_126752.parquet"
"758","FINAL_EMSDM_EMMEAN_SP_126753.parquet"
"759","FINAL_EMSDM_EMMEAN_SP_126754.parquet"
"760","FINAL_EMSDM_EMMEAN_SP_126756.parquet"
"761","FINAL_EMSDM_EMMEAN_SP_126760.parquet"
"762","FINAL_EMSDM_EMMEAN_SP_126761.parquet"
"763","FINAL_EMSDM_EMMEAN_SP_126762.parquet"
"764","FINAL_EMSDM_EMMEAN_SP_126768.parquet"
"765","FINAL_EMSDM_EMMEAN_SP_126769.parquet"
"766","FINAL_EMSDM_EMMEAN_SP_126770.parquet"
"767","FINAL_EMSDM_EMMEAN_SP_126771.parquet"
"768","FINAL_EMSDM_EMMEAN_SP_126772.parquet"
"769","FINAL_EMSDM_EMMEAN_SP_126773.parquet"
"770","FINAL_EMSDM_EMMEAN_SP_126774.parquet"
"771","FINAL_EMSDM_EMMEAN_SP_126776.parquet"
"772","FINAL_EMSDM_EMMEAN_SP_126777.parquet"
"773","FINAL_EMSDM_EMMEAN_SP_126778.parquet"
"774","FINAL_EMSDM_EMMEAN_SP_126780.parquet"
"775","FINAL_EMSDM_EMMEAN_SP_126781.parquet"
"776","FINAL_EMSDM_EMMEAN_SP_126782.parquet"
"777","FINAL_EMSDM_EMMEAN_SP_126783.parquet"
"778","FINAL_EMSDM_EMMEAN_SP_126785.parquet"
"779","FINAL_EMSDM_EMMEAN_SP_126786.parquet"
"780","FINAL_EMSDM_EMMEAN_SP_126788.parquet"
"781","FINAL_EMSDM_EMMEAN_SP_126789.parquet"
"782","FINAL_EMSDM_EMMEAN_SP_126792.parquet"
"783","FINAL_EMSDM_EMMEAN_SP_126793.parquet"
"784","FINAL_EMSDM_EMMEAN_SP_126794.parquet"
"785","FINAL_EMSDM_EMMEAN_SP_126795.parquet"
"786","FINAL_EMSDM_EMMEAN_SP_126796.parquet"
"787","FINAL_EMSDM_EMMEAN_SP_126798.parquet"
"788","FINAL_EMSDM_EMMEAN_SP_126800.parquet"
"789","FINAL_EMSDM_EMMEAN_SP_126801.parquet"
"790","FINAL_EMSDM_EMMEAN_SP_126802.parquet"
"791","FINAL_EMSDM_EMMEAN_SP_126803.parquet"
"792","FINAL_EMSDM_EMMEAN_SP_126804.parquet"
"793","FINAL_EMSDM_EMMEAN_SP_126805.parquet"
"794","FINAL_EMSDM_EMMEAN_SP_126806.parquet"
"795","FINAL_EMSDM_EMMEAN_SP_126807.parquet"
"796","FINAL_EMSDM_EMMEAN_SP_126808.parquet"
"797","FINAL_EMSDM_EMMEAN_SP_126810.parquet"
"798","FINAL_EMSDM_EMMEAN_SP_126811.parquet"
"799","FINAL_EMSDM_EMMEAN_SP_126812.parquet"
"800","FINAL_EMSDM_EMMEAN_SP_126813.parquet"
"801","FINAL_EMSDM_EMMEAN_SP_126814.parquet"
"802","FINAL_EMSDM_EMMEAN_SP_126815.parquet"
"803","FINAL_EMSDM_EMMEAN_SP_126816.parquet"
"804","FINAL_EMSDM_EMMEAN_SP_126817.parquet"
"805","FINAL_EMSDM_EMMEAN_SP_126819.parquet"
"806","FINAL_EMSDM_EMMEAN_SP_126820.parquet"
"807","FINAL_EMSDM_EMMEAN_SP_126821.parquet"
"808","FINAL_EMSDM_EMMEAN_SP_126822.parquet"
"809","FINAL_EMSDM_EMMEAN_SP_126823.parquet"
"810","FINAL_EMSDM_EMMEAN_SP_126827.parquet"
"811","FINAL_EMSDM_EMMEAN_SP_126828.parquet"
"812","FINAL_EMSDM_EMMEAN_SP_126829.parquet"
"813","FINAL_EMSDM_EMMEAN_SP_126830.parquet"
"814","FINAL_EMSDM_EMMEAN_SP_126831.parquet"
"815","FINAL_EMSDM_EMMEAN_SP_126832.parquet"
"816","FINAL_EMSDM_EMMEAN_SP_126833.parquet"
"817","FINAL_EMSDM_EMMEAN_SP_126835.parquet"
"818","FINAL_EMSDM_EMMEAN_SP_126836.parquet"
"819","FINAL_EMSDM_EMMEAN_SP_126837.parquet"
"820","FINAL_EMSDM_EMMEAN_SP_126838.parquet"
"821","FINAL_EMSDM_EMMEAN_SP_126840.parquet"
"822","FINAL_EMSDM_EMMEAN_SP_126841.parquet"
"823","FINAL_EMSDM_EMMEAN_SP_126842.parquet"
"824","FINAL_EMSDM_EMMEAN_SP_126843.parquet"
"825","FINAL_EMSDM_EMMEAN_SP_126844.parquet"
"826","FINAL_EMSDM_EMMEAN_SP_126845.parquet"
"827","FINAL_EMSDM_EMMEAN_SP_126846.parquet"
"828","FINAL_EMSDM_EMMEAN_SP_126847.parquet"
"829","FINAL_EMSDM_EMMEAN_SP_126848.parquet"
"830","FINAL_EMSDM_EMMEAN_SP_126849.parquet"
"831","FINAL_EMSDM_EMMEAN_SP_126850.parquet"
"832","FINAL_EMSDM_EMMEAN_SP_126851.parquet"
"833","FINAL_EMSDM_EMMEAN_SP_126852.parquet"
"834","FINAL_EMSDM_EMMEAN_SP_126853.parquet"
"835","FINAL_EMSDM_EMMEAN_SP_126855.parquet"
"836","FINAL_EMSDM_EMMEAN_SP_126856.parquet"
"837","FINAL_EMSDM_EMMEAN_SP_126857.parquet"
"838","FINAL_EMSDM_EMMEAN_SP_126858.parquet"
"839","FINAL_EMSDM_EMMEAN_SP_126863.parquet"
"840","FINAL_EMSDM_EMMEAN_SP_126864.parquet"
"841","FINAL_EMSDM_EMMEAN_SP_126865.parquet"
"842","FINAL_EMSDM_EMMEAN_SP_126866.parquet"
"843","FINAL_EMSDM_EMMEAN_SP_126867.parquet"
"844","FINAL_EMSDM_EMMEAN_SP_126868.parquet"
"845","FINAL_EMSDM_EMMEAN_SP_126871.parquet"
"846","FINAL_EMSDM_EMMEAN_SP_126872.parquet"
"847","FINAL_EMSDM_EMMEAN_SP_126874.parquet"
"848","FINAL_EMSDM_EMMEAN_SP_126875.parquet"
"849","FINAL_EMSDM_EMMEAN_SP_126878.parquet"
"850","FINAL_EMSDM_EMMEAN_SP_126879.parquet"
"851","FINAL_EMSDM_EMMEAN_SP_126880.parquet"
"852","FINAL_EMSDM_EMMEAN_SP_126882.parquet"
"853","FINAL_EMSDM_EMMEAN_SP_126884.parquet"
"854","FINAL_EMSDM_EMMEAN_SP_126885.parquet"
"855","FINAL_EMSDM_EMMEAN_SP_126886.parquet"
"856","FINAL_EMSDM_EMMEAN_SP_126887.parquet"
"857","FINAL_EMSDM_EMMEAN_SP_126888.parquet"
"858","FINAL_EMSDM_EMMEAN_SP_126889.parquet"
"859","FINAL_EMSDM_EMMEAN_SP_126890.parquet"
"860","FINAL_EMSDM_EMMEAN_SP_126891.parquet"
"861","FINAL_EMSDM_EMMEAN_SP_126892.parquet"
"862","FINAL_EMSDM_EMMEAN_SP_126893.parquet"
"863","FINAL_EMSDM_EMMEAN_SP_126894.parquet"
"864","FINAL_EMSDM_EMMEAN_SP_126896.parquet"
"865","FINAL_EMSDM_EMMEAN_SP_126897.parquet"
"866","FINAL_EMSDM_EMMEAN_SP_126902.parquet"
"867","FINAL_EMSDM_EMMEAN_SP_126903.parquet"
"868","FINAL_EMSDM_EMMEAN_SP_126904.parquet"
"869","FINAL_EMSDM_EMMEAN_SP_126906.parquet"
"870","FINAL_EMSDM_EMMEAN_SP_126907.parquet"
"871","FINAL_EMSDM_EMMEAN_SP_126908.parquet"
"872","FINAL_EMSDM_EMMEAN_SP_126910.parquet"
"873","FINAL_EMSDM_EMMEAN_SP_126916.parquet"
"874","FINAL_EMSDM_EMMEAN_SP_126920.parquet"
"875","FINAL_EMSDM_EMMEAN_SP_126921.parquet"
"876","FINAL_EMSDM_EMMEAN_SP_126922.parquet"
"877","FINAL_EMSDM_EMMEAN_SP_126925.parquet"
"878","FINAL_EMSDM_EMMEAN_SP_126926.parquet"
"879","FINAL_EMSDM_EMMEAN_SP_126927.parquet"
"880","FINAL_EMSDM_EMMEAN_SP_126928.parquet"
"881","FINAL_EMSDM_EMMEAN_SP_126929.parquet"
"882","FINAL_EMSDM_EMMEAN_SP_126930.parquet"
"883","FINAL_EMSDM_EMMEAN_SP_126931.parquet"
"884","FINAL_EMSDM_EMMEAN_SP_126934.parquet"
"885","FINAL_EMSDM_EMMEAN_SP_126937.parquet"
"886","FINAL_EMSDM_EMMEAN_SP_126938.parquet"
"887","FINAL_EMSDM_EMMEAN_SP_126941.parquet"
"888","FINAL_EMSDM_EMMEAN_SP_126942.parquet"
"889","FINAL_EMSDM_EMMEAN_SP_126943.parquet"
"890","FINAL_EMSDM_EMMEAN_SP_126944.parquet"
"891","FINAL_EMSDM_EMMEAN_SP_126945.parquet"
"892","FINAL_EMSDM_EMMEAN_SP_126946.parquet"
"893","FINAL_EMSDM_EMMEAN_SP_126947.parquet"
"894","FINAL_EMSDM_EMMEAN_SP_126948.parquet"
"895","FINAL_EMSDM_EMMEAN_SP_126950.parquet"
"896","FINAL_EMSDM_EMMEAN_SP_126952.parquet"
"897","FINAL_EMSDM_EMMEAN_SP_126953.parquet"
"898","FINAL_EMSDM_EMMEAN_SP_126954.parquet"
"899","FINAL_EMSDM_EMMEAN_SP_126957.parquet"
"900","FINAL_EMSDM_EMMEAN_SP_126958.parquet"
"901","FINAL_EMSDM_EMMEAN_SP_126959.parquet"
"902","FINAL_EMSDM_EMMEAN_SP_126961.parquet"
"903","FINAL_EMSDM_EMMEAN_SP_126963.parquet"
"904","FINAL_EMSDM_EMMEAN_SP_126964.parquet"
"905","FINAL_EMSDM_EMMEAN_SP_126965.parquet"
"906","FINAL_EMSDM_EMMEAN_SP_126967.parquet"
"907","FINAL_EMSDM_EMMEAN_SP_126968.parquet"
"908","FINAL_EMSDM_EMMEAN_SP_126969.parquet"
"909","FINAL_EMSDM_EMMEAN_SP_126970.parquet"
"910","FINAL_EMSDM_EMMEAN_SP_126971.parquet"
"911","FINAL_EMSDM_EMMEAN_SP_126974.parquet"
"912","FINAL_EMSDM_EMMEAN_SP_126975.parquet"
"913","FINAL_EMSDM_EMMEAN_SP_126976.parquet"
"914","FINAL_EMSDM_EMMEAN_SP_126977.parquet"
"915","FINAL_EMSDM_EMMEAN_SP_126983.parquet"
"916","FINAL_EMSDM_EMMEAN_SP_126985.parquet"
"917","FINAL_EMSDM_EMMEAN_SP_126986.parquet"
"918","FINAL_EMSDM_EMMEAN_SP_126987.parquet"
"919","FINAL_EMSDM_EMMEAN_SP_126989.parquet"
"920","FINAL_EMSDM_EMMEAN_SP_126990.parquet"
"921","FINAL_EMSDM_EMMEAN_SP_126991.parquet"
"922","FINAL_EMSDM_EMMEAN_SP_126992.parquet"
"923","FINAL_EMSDM_EMMEAN_SP_126993.parquet"
"924","FINAL_EMSDM_EMMEAN_SP_126997.parquet"
"925","FINAL_EMSDM_EMMEAN_SP_126998.parquet"
"926","FINAL_EMSDM_EMMEAN_SP_127000.parquet"
"927","FINAL_EMSDM_EMMEAN_SP_127001.parquet"
"928","FINAL_EMSDM_EMMEAN_SP_127003.parquet"
"929","FINAL_EMSDM_EMMEAN_SP_127004.parquet"
"930","FINAL_EMSDM_EMMEAN_SP_127005.parquet"
"931","FINAL_EMSDM_EMMEAN_SP_127006.parquet"
"932","FINAL_EMSDM_EMMEAN_SP_127007.parquet"
"933","FINAL_EMSDM_EMMEAN_SP_127008.parquet"
"934","FINAL_EMSDM_EMMEAN_SP_127009.parquet"
"935","FINAL_EMSDM_EMMEAN_SP_127010.parquet"
"936","FINAL_EMSDM_EMMEAN_SP_127011.parquet"
"937","FINAL_EMSDM_EMMEAN_SP_127012.parquet"
"938","FINAL_EMSDM_EMMEAN_SP_127013.parquet"
"939","FINAL_EMSDM_EMMEAN_SP_127014.parquet"
"940","FINAL_EMSDM_EMMEAN_SP_127015.parquet"
"941","FINAL_EMSDM_EMMEAN_SP_127016.parquet"
"942","FINAL_EMSDM_EMMEAN_SP_127017.parquet"
"943","FINAL_EMSDM_EMMEAN_SP_127018.parquet"
"944","FINAL_EMSDM_EMMEAN_SP_127019.parquet"
"945","FINAL_EMSDM_EMMEAN_SP_127020.parquet"
"946","FINAL_EMSDM_EMMEAN_SP_127021.parquet"
"947","FINAL_EMSDM_EMMEAN_SP_127022.parquet"
"948","FINAL_EMSDM_EMMEAN_SP_127023.parquet"
"949","FINAL_EMSDM_EMMEAN_SP_127024.parquet"
"950","FINAL_EMSDM_EMMEAN_SP_127025.parquet"
"951","FINAL_EMSDM_EMMEAN_SP_127026.parquet"
"952","FINAL_EMSDM_EMMEAN_SP_127027.parquet"
"953","FINAL_EMSDM_EMMEAN_SP_127028.parquet"
"954","FINAL_EMSDM_EMMEAN_SP_127029.parquet"
"955","FINAL_EMSDM_EMMEAN_SP_127031.parquet"
"956","FINAL_EMSDM_EMMEAN_SP_127032.parquet"
"957","FINAL_EMSDM_EMMEAN_SP_127034.parquet"
"958","FINAL_EMSDM_EMMEAN_SP_127036.parquet"
"959","FINAL_EMSDM_EMMEAN_SP_127038.parquet"
"960","FINAL_EMSDM_EMMEAN_SP_127039.parquet"
"961","FINAL_EMSDM_EMMEAN_SP_127040.parquet"
"962","FINAL_EMSDM_EMMEAN_SP_127041.parquet"
"963","FINAL_EMSDM_EMMEAN_SP_127042.parquet"
"964","FINAL_EMSDM_EMMEAN_SP_127043.parquet"
"965","FINAL_EMSDM_EMMEAN_SP_127044.parquet"
"966","FINAL_EMSDM_EMMEAN_SP_127045.parquet"
"967","FINAL_EMSDM_EMMEAN_SP_127046.parquet"
"968","FINAL_EMSDM_EMMEAN_SP_127047.parquet"
"969","FINAL_EMSDM_EMMEAN_SP_127048.parquet"
"970","FINAL_EMSDM_EMMEAN_SP_127049.parquet"
"971","FINAL_EMSDM_EMMEAN_SP_127050.parquet"
"972","FINAL_EMSDM_EMMEAN_SP_127051.parquet"
"973","FINAL_EMSDM_EMMEAN_SP_127052.parquet"
"974","FINAL_EMSDM_EMMEAN_SP_127053.parquet"
"975","FINAL_EMSDM_EMMEAN_SP_127054.parquet"
"976","FINAL_EMSDM_EMMEAN_SP_127055.parquet"
"977","FINAL_EMSDM_EMMEAN_SP_127057.parquet"
"978","FINAL_EMSDM_EMMEAN_SP_127058.parquet"
"979","FINAL_EMSDM_EMMEAN_SP_127059.parquet"
"980","FINAL_EMSDM_EMMEAN_SP_127060.parquet"
"981","FINAL_EMSDM_EMMEAN_SP_127061.parquet"
"982","FINAL_EMSDM_EMMEAN_SP_127062.parquet"
"983","FINAL_EMSDM_EMMEAN_SP_127063.parquet"
"984","FINAL_EMSDM_EMMEAN_SP_127064.parquet"
"985","FINAL_EMSDM_EMMEAN_SP_127066.parquet"
"986","FINAL_EMSDM_EMMEAN_SP_127068.parquet"
"987","FINAL_EMSDM_EMMEAN_SP_127069.parquet"
"988","FINAL_EMSDM_EMMEAN_SP_127076.parquet"
"989","FINAL_EMSDM_EMMEAN_SP_127079.parquet"
"990","FINAL_EMSDM_EMMEAN_SP_127080.parquet"
"991","FINAL_EMSDM_EMMEAN_SP_127081.parquet"
"992","FINAL_EMSDM_EMMEAN_SP_127082.parquet"
"993","FINAL_EMSDM_EMMEAN_SP_127083.parquet"
"994","FINAL_EMSDM_EMMEAN_SP_127085.parquet"
"995","FINAL_EMSDM_EMMEAN_SP_127087.parquet"
"996","FINAL_EMSDM_EMMEAN_SP_127088.parquet"
"997","FINAL_EMSDM_EMMEAN_SP_127089.parquet"
"998","FINAL_EMSDM_EMMEAN_SP_127090.parquet"
"999","FINAL_EMSDM_EMMEAN_SP_127091.parquet"
"1000","FINAL_EMSDM_EMMEAN_SP_127093.parquet"
"1001","FINAL_EMSDM_EMMEAN_SP_127094.parquet"
"1002","FINAL_EMSDM_EMMEAN_SP_127096.parquet"
"1003","FINAL_EMSDM_EMMEAN_SP_127106.parquet"
"1004","FINAL_EMSDM_EMMEAN_SP_127120.parquet"
"1005","FINAL_EMSDM_EMMEAN_SP_127121.parquet"
"1006","FINAL_EMSDM_EMMEAN_SP_127122.parquet"
"1007","FINAL_EMSDM_EMMEAN_SP_127124.parquet"
"1008","FINAL_EMSDM_EMMEAN_SP_127125.parquet"
"1009","FINAL_EMSDM_EMMEAN_SP_127126.parquet"
"1010","FINAL_EMSDM_EMMEAN_SP_127127.parquet"
"1011","FINAL_EMSDM_EMMEAN_SP_127128.parquet"
"1012","FINAL_EMSDM_EMMEAN_SP_127129.parquet"
"1013","FINAL_EMSDM_EMMEAN_SP_127130.parquet"
"1014","FINAL_EMSDM_EMMEAN_SP_127131.parquet"
"1015","FINAL_EMSDM_EMMEAN_SP_127132.parquet"
"1016","FINAL_EMSDM_EMMEAN_SP_127133.parquet"
"1017","FINAL_EMSDM_EMMEAN_SP_127134.parquet"
"1018","FINAL_EMSDM_EMMEAN_SP_127135.parquet"
"1019","FINAL_EMSDM_EMMEAN_SP_127136.parquet"
"1020","FINAL_EMSDM_EMMEAN_SP_127137.parquet"
"1021","FINAL_EMSDM_EMMEAN_SP_127138.parquet"
"1022","FINAL_EMSDM_EMMEAN_SP_127139.parquet"
"1023","FINAL_EMSDM_EMMEAN_SP_127140.parquet"
"1024","FINAL_EMSDM_EMMEAN_SP_127141.parquet"
"1025","FINAL_EMSDM_EMMEAN_SP_127143.parquet"
"1026","FINAL_EMSDM_EMMEAN_SP_127144.parquet"
"1027","FINAL_EMSDM_EMMEAN_SP_127145.parquet"
"1028","FINAL_EMSDM_EMMEAN_SP_127146.parquet"
"1029","FINAL_EMSDM_EMMEAN_SP_127149.parquet"
"1030","FINAL_EMSDM_EMMEAN_SP_127150.parquet"
"1031","FINAL_EMSDM_EMMEAN_SP_127151.parquet"
"1032","FINAL_EMSDM_EMMEAN_SP_127152.parquet"
"1033","FINAL_EMSDM_EMMEAN_SP_127153.parquet"
"1034","FINAL_EMSDM_EMMEAN_SP_127154.parquet"
"1035","FINAL_EMSDM_EMMEAN_SP_127155.parquet"
"1036","FINAL_EMSDM_EMMEAN_SP_127156.parquet"
"1037","FINAL_EMSDM_EMMEAN_SP_127158.parquet"
"1038","FINAL_EMSDM_EMMEAN_SP_127159.parquet"
"1039","FINAL_EMSDM_EMMEAN_SP_127160.parquet"
"1040","FINAL_EMSDM_EMMEAN_SP_127163.parquet"
"1041","FINAL_EMSDM_EMMEAN_SP_127164.parquet"
"1042","FINAL_EMSDM_EMMEAN_SP_127165.parquet"
"1043","FINAL_EMSDM_EMMEAN_SP_127166.parquet"
"1044","FINAL_EMSDM_EMMEAN_SP_127167.parquet"
"1045","FINAL_EMSDM_EMMEAN_SP_127168.parquet"
"1046","FINAL_EMSDM_EMMEAN_SP_127169.parquet"
"1047","FINAL_EMSDM_EMMEAN_SP_127170.parquet"
"1048","FINAL_EMSDM_EMMEAN_SP_127171.parquet"
"1049","FINAL_EMSDM_EMMEAN_SP_127172.parquet"
"1050","FINAL_EMSDM_EMMEAN_SP_127173.parquet"
"1051","FINAL_EMSDM_EMMEAN_SP_127174.parquet"
"1052","FINAL_EMSDM_EMMEAN_SP_127175.parquet"
"1053","FINAL_EMSDM_EMMEAN_SP_127176.parquet"
"1054","FINAL_EMSDM_EMMEAN_SP_127177.parquet"
"1055","FINAL_EMSDM_EMMEAN_SP_127178.parquet"
"1056","FINAL_EMSDM_EMMEAN_SP_127179.parquet"
"1057","FINAL_EMSDM_EMMEAN_SP_127182.parquet"
"1058","FINAL_EMSDM_EMMEAN_SP_127183.parquet"
"1059","FINAL_EMSDM_EMMEAN_SP_127184.parquet"
"1060","FINAL_EMSDM_EMMEAN_SP_127185.parquet"
"1061","FINAL_EMSDM_EMMEAN_SP_127186.parquet"
"1062","FINAL_EMSDM_EMMEAN_SP_127187.parquet"
"1063","FINAL_EMSDM_EMMEAN_SP_127188.parquet"
"1064","FINAL_EMSDM_EMMEAN_SP_127189.parquet"
"1065","FINAL_EMSDM_EMMEAN_SP_127190.parquet"
"1066","FINAL_EMSDM_EMMEAN_SP_127201.parquet"
"1067","FINAL_EMSDM_EMMEAN_SP_127202.parquet"
"1068","FINAL_EMSDM_EMMEAN_SP_127203.parquet"
"1069","FINAL_EMSDM_EMMEAN_SP_127204.parquet"
"1070","FINAL_EMSDM_EMMEAN_SP_127219.parquet"
"1071","FINAL_EMSDM_EMMEAN_SP_127220.parquet"
"1072","FINAL_EMSDM_EMMEAN_SP_127226.parquet"
"1073","FINAL_EMSDM_EMMEAN_SP_127233.parquet"
"1074","FINAL_EMSDM_EMMEAN_SP_127234.parquet"
"1075","FINAL_EMSDM_EMMEAN_SP_127237.parquet"
"1076","FINAL_EMSDM_EMMEAN_SP_127240.parquet"
"1077","FINAL_EMSDM_EMMEAN_SP_127242.parquet"
"1078","FINAL_EMSDM_EMMEAN_SP_127243.parquet"
"1079","FINAL_EMSDM_EMMEAN_SP_127244.parquet"
"1080","FINAL_EMSDM_EMMEAN_SP_127246.parquet"
"1081","FINAL_EMSDM_EMMEAN_SP_127247.parquet"
"1082","FINAL_EMSDM_EMMEAN_SP_127248.parquet"
"1083","FINAL_EMSDM_EMMEAN_SP_127251.parquet"
"1084","FINAL_EMSDM_EMMEAN_SP_127254.parquet"
"1085","FINAL_EMSDM_EMMEAN_SP_127256.parquet"
"1086","FINAL_EMSDM_EMMEAN_SP_127258.parquet"
"1087","FINAL_EMSDM_EMMEAN_SP_127259.parquet"
"1088","FINAL_EMSDM_EMMEAN_SP_127261.parquet"
"1089","FINAL_EMSDM_EMMEAN_SP_127262.parquet"
"1090","FINAL_EMSDM_EMMEAN_SP_127263.parquet"
"1091","FINAL_EMSDM_EMMEAN_SP_127265.parquet"
"1092","FINAL_EMSDM_EMMEAN_SP_127266.parquet"
"1093","FINAL_EMSDM_EMMEAN_SP_127267.parquet"
"1094","FINAL_EMSDM_EMMEAN_SP_127268.parquet"
"1095","FINAL_EMSDM_EMMEAN_SP_127269.parquet"
"1096","FINAL_EMSDM_EMMEAN_SP_127270.parquet"
"1097","FINAL_EMSDM_EMMEAN_SP_127271.parquet"
"1098","FINAL_EMSDM_EMMEAN_SP_127272.parquet"
"1099","FINAL_EMSDM_EMMEAN_SP_127273.parquet"
"1100","FINAL_EMSDM_EMMEAN_SP_127274.parquet"
"1101","FINAL_EMSDM_EMMEAN_SP_127275.parquet"
"1102","FINAL_EMSDM_EMMEAN_SP_127276.parquet"
"1103","FINAL_EMSDM_EMMEAN_SP_127277.parquet"
"1104","FINAL_EMSDM_EMMEAN_SP_127278.parquet"
"1105","FINAL_EMSDM_EMMEAN_SP_127279.parquet"
"1106","FINAL_EMSDM_EMMEAN_SP_127280.parquet"
"1107","FINAL_EMSDM_EMMEAN_SP_127282.parquet"
"1108","FINAL_EMSDM_EMMEAN_SP_127284.parquet"
"1109","FINAL_EMSDM_EMMEAN_SP_127285.parquet"
"1110","FINAL_EMSDM_EMMEAN_SP_127286.parquet"
"1111","FINAL_EMSDM_EMMEAN_SP_127287.parquet"
"1112","FINAL_EMSDM_EMMEAN_SP_127288.parquet"
"1113","FINAL_EMSDM_EMMEAN_SP_127289.parquet"
"1114","FINAL_EMSDM_EMMEAN_SP_127290.parquet"
"1115","FINAL_EMSDM_EMMEAN_SP_127292.parquet"
"1116","FINAL_EMSDM_EMMEAN_SP_127293.parquet"
"1117","FINAL_EMSDM_EMMEAN_SP_127295.parquet"
"1118","FINAL_EMSDM_EMMEAN_SP_127297.parquet"
"1119","FINAL_EMSDM_EMMEAN_SP_127298.parquet"
"1120","FINAL_EMSDM_EMMEAN_SP_127299.parquet"
"1121","FINAL_EMSDM_EMMEAN_SP_127300.parquet"
"1122","FINAL_EMSDM_EMMEAN_SP_127301.parquet"
"1123","FINAL_EMSDM_EMMEAN_SP_127302.parquet"
"1124","FINAL_EMSDM_EMMEAN_SP_127303.parquet"
"1125","FINAL_EMSDM_EMMEAN_SP_127304.parquet"
"1126","FINAL_EMSDM_EMMEAN_SP_127305.parquet"
"1127","FINAL_EMSDM_EMMEAN_SP_127306.parquet"
"1128","FINAL_EMSDM_EMMEAN_SP_127307.parquet"
"1129","FINAL_EMSDM_EMMEAN_SP_127308.parquet"
"1130","FINAL_EMSDM_EMMEAN_SP_127309.parquet"
"1131","FINAL_EMSDM_EMMEAN_SP_127311.parquet"
"1132","FINAL_EMSDM_EMMEAN_SP_127312.parquet"
"1133","FINAL_EMSDM_EMMEAN_SP_127313.parquet"
"1134","FINAL_EMSDM_EMMEAN_SP_127314.parquet"
"1135","FINAL_EMSDM_EMMEAN_SP_127315.parquet"
"1136","FINAL_EMSDM_EMMEAN_SP_127316.parquet"
"1137","FINAL_EMSDM_EMMEAN_SP_127317.parquet"
"1138","FINAL_EMSDM_EMMEAN_SP_127318.parquet"
"1139","FINAL_EMSDM_EMMEAN_SP_127319.parquet"
"1140","FINAL_EMSDM_EMMEAN_SP_127320.parquet"
"1141","FINAL_EMSDM_EMMEAN_SP_127322.parquet"
"1142","FINAL_EMSDM_EMMEAN_SP_127323.parquet"
"1143","FINAL_EMSDM_EMMEAN_SP_127324.parquet"
"1144","FINAL_EMSDM_EMMEAN_SP_127325.parquet"
"1145","FINAL_EMSDM_EMMEAN_SP_127326.parquet"
"1146","FINAL_EMSDM_EMMEAN_SP_127327.parquet"
"1147","FINAL_EMSDM_EMMEAN_SP_127328.parquet"
"1148","FINAL_EMSDM_EMMEAN_SP_127329.parquet"
"1149","FINAL_EMSDM_EMMEAN_SP_127330.parquet"
"1150","FINAL_EMSDM_EMMEAN_SP_127331.parquet"
"1151","FINAL_EMSDM_EMMEAN_SP_127332.parquet"
"1152","FINAL_EMSDM_EMMEAN_SP_127333.parquet"
"1153","FINAL_EMSDM_EMMEAN_SP_127334.parquet"
"1154","FINAL_EMSDM_EMMEAN_SP_127335.parquet"
"1155","FINAL_EMSDM_EMMEAN_SP_127336.parquet"
"1156","FINAL_EMSDM_EMMEAN_SP_127337.parquet"
"1157","FINAL_EMSDM_EMMEAN_SP_127338.parquet"
"1158","FINAL_EMSDM_EMMEAN_SP_127339.parquet"
"1159","FINAL_EMSDM_EMMEAN_SP_127340.parquet"
"1160","FINAL_EMSDM_EMMEAN_SP_127341.parquet"
"1161","FINAL_EMSDM_EMMEAN_SP_127342.parquet"
"1162","FINAL_EMSDM_EMMEAN_SP_127343.parquet"
"1163","FINAL_EMSDM_EMMEAN_SP_127344.parquet"
"1164","FINAL_EMSDM_EMMEAN_SP_127345.parquet"
"1165","FINAL_EMSDM_EMMEAN_SP_127346.parquet"
"1166","FINAL_EMSDM_EMMEAN_SP_127347.parquet"
"1167","FINAL_EMSDM_EMMEAN_SP_127348.parquet"
"1168","FINAL_EMSDM_EMMEAN_SP_127349.parquet"
"1169","FINAL_EMSDM_EMMEAN_SP_127350.parquet"
"1170","FINAL_EMSDM_EMMEAN_SP_127351.parquet"
"1171","FINAL_EMSDM_EMMEAN_SP_127352.parquet"
"1172","FINAL_EMSDM_EMMEAN_SP_127353.parquet"
"1173","FINAL_EMSDM_EMMEAN_SP_127354.parquet"
"1174","FINAL_EMSDM_EMMEAN_SP_127355.parquet"
"1175","FINAL_EMSDM_EMMEAN_SP_127356.parquet"
"1176","FINAL_EMSDM_EMMEAN_SP_127357.parquet"
"1177","FINAL_EMSDM_EMMEAN_SP_127358.parquet"
"1178","FINAL_EMSDM_EMMEAN_SP_127359.parquet"
"1179","FINAL_EMSDM_EMMEAN_SP_127360.parquet"
"1180","FINAL_EMSDM_EMMEAN_SP_127361.parquet"
"1181","FINAL_EMSDM_EMMEAN_SP_127362.parquet"
"1182","FINAL_EMSDM_EMMEAN_SP_127363.parquet"
"1183","FINAL_EMSDM_EMMEAN_SP_127364.parquet"
"1184","FINAL_EMSDM_EMMEAN_SP_127365.parquet"
"1185","FINAL_EMSDM_EMMEAN_SP_127366.parquet"
"1186","FINAL_EMSDM_EMMEAN_SP_127367.parquet"
"1187","FINAL_EMSDM_EMMEAN_SP_127368.parquet"
"1188","FINAL_EMSDM_EMMEAN_SP_127369.parquet"
"1189","FINAL_EMSDM_EMMEAN_SP_127370.parquet"
"1190","FINAL_EMSDM_EMMEAN_SP_127371.parquet"
"1191","FINAL_EMSDM_EMMEAN_SP_127372.parquet"
"1192","FINAL_EMSDM_EMMEAN_SP_127373.parquet"
"1193","FINAL_EMSDM_EMMEAN_SP_127374.parquet"
"1194","FINAL_EMSDM_EMMEAN_SP_127375.parquet"
"1195","FINAL_EMSDM_EMMEAN_SP_127376.parquet"
"1196","FINAL_EMSDM_EMMEAN_SP_127377.parquet"
"1197","FINAL_EMSDM_EMMEAN_SP_127378.parquet"
"1198","FINAL_EMSDM_EMMEAN_SP_127379.parquet"
"1199","FINAL_EMSDM_EMMEAN_SP_127380.parquet"
"1200","FINAL_EMSDM_EMMEAN_SP_127382.parquet"
"1201","FINAL_EMSDM_EMMEAN_SP_127383.parquet"
"1202","FINAL_EMSDM_EMMEAN_SP_127384.parquet"
"1203","FINAL_EMSDM_EMMEAN_SP_127385.parquet"
"1204","FINAL_EMSDM_EMMEAN_SP_127386.parquet"
"1205","FINAL_EMSDM_EMMEAN_SP_127387.parquet"
"1206","FINAL_EMSDM_EMMEAN_SP_127388.parquet"
"1207","FINAL_EMSDM_EMMEAN_SP_127389.parquet"
"1208","FINAL_EMSDM_EMMEAN_SP_127391.parquet"
"1209","FINAL_EMSDM_EMMEAN_SP_127392.parquet"
"1210","FINAL_EMSDM_EMMEAN_SP_127393.parquet"
"1211","FINAL_EMSDM_EMMEAN_SP_127394.parquet"
"1212","FINAL_EMSDM_EMMEAN_SP_127396.parquet"
"1213","FINAL_EMSDM_EMMEAN_SP_127397.parquet"
"1214","FINAL_EMSDM_EMMEAN_SP_127398.parquet"
"1215","FINAL_EMSDM_EMMEAN_SP_127399.parquet"
"1216","FINAL_EMSDM_EMMEAN_SP_127401.parquet"
"1217","FINAL_EMSDM_EMMEAN_SP_127402.parquet"
"1218","FINAL_EMSDM_EMMEAN_SP_127403.parquet"
"1219","FINAL_EMSDM_EMMEAN_SP_127404.parquet"
"1220","FINAL_EMSDM_EMMEAN_SP_127405.parquet"
"1221","FINAL_EMSDM_EMMEAN_SP_127406.parquet"
"1222","FINAL_EMSDM_EMMEAN_SP_127407.parquet"
"1223","FINAL_EMSDM_EMMEAN_SP_127408.parquet"
"1224","FINAL_EMSDM_EMMEAN_SP_127410.parquet"
"1225","FINAL_EMSDM_EMMEAN_SP_127411.parquet"
"1226","FINAL_EMSDM_EMMEAN_SP_127412.parquet"
"1227","FINAL_EMSDM_EMMEAN_SP_127413.parquet"
"1228","FINAL_EMSDM_EMMEAN_SP_127414.parquet"
"1229","FINAL_EMSDM_EMMEAN_SP_127415.parquet"
"1230","FINAL_EMSDM_EMMEAN_SP_127416.parquet"
"1231","FINAL_EMSDM_EMMEAN_SP_127417.parquet"
"1232","FINAL_EMSDM_EMMEAN_SP_127418.parquet"
"1233","FINAL_EMSDM_EMMEAN_SP_127419.parquet"
"1234","FINAL_EMSDM_EMMEAN_SP_127420.parquet"
"1235","FINAL_EMSDM_EMMEAN_SP_127421.parquet"
"1236","FINAL_EMSDM_EMMEAN_SP_127422.parquet"
"1237","FINAL_EMSDM_EMMEAN_SP_127424.parquet"
"1238","FINAL_EMSDM_EMMEAN_SP_127425.parquet"
"1239","FINAL_EMSDM_EMMEAN_SP_127426.parquet"
"1240","FINAL_EMSDM_EMMEAN_SP_127427.parquet"
"1241","FINAL_EMSDM_EMMEAN_SP_1287298.parquet"
"1242","FINAL_EMSDM_EMMEAN_SP_1289661.parquet"
"1243","FINAL_EMSDM_EMMEAN_SP_1291291.parquet"
"1244","FINAL_EMSDM_EMMEAN_SP_1291293.parquet"
"1245","FINAL_EMSDM_EMMEAN_SP_1297575.parquet"
"1246","FINAL_EMSDM_EMMEAN_SP_1297576.parquet"
"1247","FINAL_EMSDM_EMMEAN_SP_1305061.parquet"
"1248","FINAL_EMSDM_EMMEAN_SP_1307329.parquet"
"1249","FINAL_EMSDM_EMMEAN_SP_1312594.parquet"
"1250","FINAL_EMSDM_EMMEAN_SP_1312972.parquet"
"1251","FINAL_EMSDM_EMMEAN_SP_1312973.parquet"
"1252","FINAL_EMSDM_EMMEAN_SP_1320613.parquet"
"1253","FINAL_EMSDM_EMMEAN_SP_1321433.parquet"
"1254","FINAL_EMSDM_EMMEAN_SP_1328248.parquet"
"1255","FINAL_EMSDM_EMMEAN_SP_1332810.parquet"
"1256","FINAL_EMSDM_EMMEAN_SP_1332906.parquet"
"1257","FINAL_EMSDM_EMMEAN_SP_1332907.parquet"
"1258","FINAL_EMSDM_EMMEAN_SP_1338682.parquet"
"1259","FINAL_EMSDM_EMMEAN_SP_1344208.parquet"
"1260","FINAL_EMSDM_EMMEAN_SP_1349603.parquet"
"1261","FINAL_EMSDM_EMMEAN_SP_1350015.parquet"
"1262","FINAL_EMSDM_EMMEAN_SP_1350017.parquet"
"1263","FINAL_EMSDM_EMMEAN_SP_1350018.parquet"
"1264","FINAL_EMSDM_EMMEAN_SP_1350022.parquet"
"1265","FINAL_EMSDM_EMMEAN_SP_1350063.parquet"
"1266","FINAL_EMSDM_EMMEAN_SP_1350081.parquet"
"1267","FINAL_EMSDM_EMMEAN_SP_135146.parquet"
"1268","FINAL_EMSDM_EMMEAN_SP_135180.parquet"
"1269","FINAL_EMSDM_EMMEAN_SP_135210.parquet"
"1270","FINAL_EMSDM_EMMEAN_SP_135211.parquet"
"1271","FINAL_EMSDM_EMMEAN_SP_135212.parquet"
"1272","FINAL_EMSDM_EMMEAN_SP_1355467.parquet"
"1273","FINAL_EMSDM_EMMEAN_SP_137086.parquet"
"1274","FINAL_EMSDM_EMMEAN_SP_137087.parquet"
"1275","FINAL_EMSDM_EMMEAN_SP_137088.parquet"
"1276","FINAL_EMSDM_EMMEAN_SP_137089.parquet"
"1277","FINAL_EMSDM_EMMEAN_SP_137090.parquet"
"1278","FINAL_EMSDM_EMMEAN_SP_137091.parquet"
"1279","FINAL_EMSDM_EMMEAN_SP_137092.parquet"
"1280","FINAL_EMSDM_EMMEAN_SP_137094.parquet"
"1281","FINAL_EMSDM_EMMEAN_SP_137095.parquet"
"1282","FINAL_EMSDM_EMMEAN_SP_137096.parquet"
"1283","FINAL_EMSDM_EMMEAN_SP_137097.parquet"
"1284","FINAL_EMSDM_EMMEAN_SP_137098.parquet"
"1285","FINAL_EMSDM_EMMEAN_SP_137099.parquet"
"1286","FINAL_EMSDM_EMMEAN_SP_137101.parquet"
"1287","FINAL_EMSDM_EMMEAN_SP_137102.parquet"
"1288","FINAL_EMSDM_EMMEAN_SP_137103.parquet"
"1289","FINAL_EMSDM_EMMEAN_SP_137104.parquet"
"1290","FINAL_EMSDM_EMMEAN_SP_137105.parquet"
"1291","FINAL_EMSDM_EMMEAN_SP_137106.parquet"
"1292","FINAL_EMSDM_EMMEAN_SP_137107.parquet"
"1293","FINAL_EMSDM_EMMEAN_SP_137108.parquet"
"1294","FINAL_EMSDM_EMMEAN_SP_137109.parquet"
"1295","FINAL_EMSDM_EMMEAN_SP_137110.parquet"
"1296","FINAL_EMSDM_EMMEAN_SP_137111.parquet"
"1297","FINAL_EMSDM_EMMEAN_SP_137112.parquet"
"1298","FINAL_EMSDM_EMMEAN_SP_137113.parquet"
"1299","FINAL_EMSDM_EMMEAN_SP_137115.parquet"
"1300","FINAL_EMSDM_EMMEAN_SP_137116.parquet"
"1301","FINAL_EMSDM_EMMEAN_SP_137117.parquet"
"1302","FINAL_EMSDM_EMMEAN_SP_137119.parquet"
"1303","FINAL_EMSDM_EMMEAN_SP_137121.parquet"
"1304","FINAL_EMSDM_EMMEAN_SP_137122.parquet"
"1305","FINAL_EMSDM_EMMEAN_SP_137123.parquet"
"1306","FINAL_EMSDM_EMMEAN_SP_137124.parquet"
"1307","FINAL_EMSDM_EMMEAN_SP_137126.parquet"
"1308","FINAL_EMSDM_EMMEAN_SP_137127.parquet"
"1309","FINAL_EMSDM_EMMEAN_SP_1371908.parquet"
"1310","FINAL_EMSDM_EMMEAN_SP_137205.parquet"
"1311","FINAL_EMSDM_EMMEAN_SP_137206.parquet"
"1312","FINAL_EMSDM_EMMEAN_SP_137207.parquet"
"1313","FINAL_EMSDM_EMMEAN_SP_137208.parquet"
"1314","FINAL_EMSDM_EMMEAN_SP_137209.parquet"
"1315","FINAL_EMSDM_EMMEAN_SP_1374498.parquet"
"1316","FINAL_EMSDM_EMMEAN_SP_1376203.parquet"
"1317","FINAL_EMSDM_EMMEAN_SP_1376205.parquet"
"1318","FINAL_EMSDM_EMMEAN_SP_1376210.parquet"
"1319","FINAL_EMSDM_EMMEAN_SP_1376243.parquet"
"1320","FINAL_EMSDM_EMMEAN_SP_1376254.parquet"
"1321","FINAL_EMSDM_EMMEAN_SP_1382142.parquet"
"1322","FINAL_EMSDM_EMMEAN_SP_1382143.parquet"
"1323","FINAL_EMSDM_EMMEAN_SP_1382144.parquet"
"1324","FINAL_EMSDM_EMMEAN_SP_1383226.parquet"
"1325","FINAL_EMSDM_EMMEAN_SP_1384895.parquet"
"1326","FINAL_EMSDM_EMMEAN_SP_1384906.parquet"
"1327","FINAL_EMSDM_EMMEAN_SP_1384938.parquet"
"1328","FINAL_EMSDM_EMMEAN_SP_1384959.parquet"
"1329","FINAL_EMSDM_EMMEAN_SP_1385035.parquet"
"1330","FINAL_EMSDM_EMMEAN_SP_1385037.parquet"
"1331","FINAL_EMSDM_EMMEAN_SP_1385040.parquet"
"1332","FINAL_EMSDM_EMMEAN_SP_1385041.parquet"
"1333","FINAL_EMSDM_EMMEAN_SP_1385051.parquet"
"1334","FINAL_EMSDM_EMMEAN_SP_1385053.parquet"
"1335","FINAL_EMSDM_EMMEAN_SP_1385089.parquet"
"1336","FINAL_EMSDM_EMMEAN_SP_1385094.parquet"
"1337","FINAL_EMSDM_EMMEAN_SP_1385153.parquet"
"1338","FINAL_EMSDM_EMMEAN_SP_1385174.parquet"
"1339","FINAL_EMSDM_EMMEAN_SP_1385179.parquet"
"1340","FINAL_EMSDM_EMMEAN_SP_1385198.parquet"
"1341","FINAL_EMSDM_EMMEAN_SP_1385210.parquet"
"1342","FINAL_EMSDM_EMMEAN_SP_1385219.parquet"
"1343","FINAL_EMSDM_EMMEAN_SP_1385241.parquet"
"1344","FINAL_EMSDM_EMMEAN_SP_1385276.parquet"
"1345","FINAL_EMSDM_EMMEAN_SP_1385424.parquet"
"1346","FINAL_EMSDM_EMMEAN_SP_1385427.parquet"
"1347","FINAL_EMSDM_EMMEAN_SP_1385428.parquet"
"1348","FINAL_EMSDM_EMMEAN_SP_1385432.parquet"
"1349","FINAL_EMSDM_EMMEAN_SP_1389965.parquet"
"1350","FINAL_EMSDM_EMMEAN_SP_1397788.parquet"
"1351","FINAL_EMSDM_EMMEAN_SP_1397790.parquet"
"1352","FINAL_EMSDM_EMMEAN_SP_140059.parquet"
"1353","FINAL_EMSDM_EMMEAN_SP_1418560.parquet"
"1354","FINAL_EMSDM_EMMEAN_SP_1419150.parquet"
"1355","FINAL_EMSDM_EMMEAN_SP_1419311.parquet"
"1356","FINAL_EMSDM_EMMEAN_SP_1433680.parquet"
"1357","FINAL_EMSDM_EMMEAN_SP_1447975.parquet"
"1358","FINAL_EMSDM_EMMEAN_SP_1448888.parquet"
"1359","FINAL_EMSDM_EMMEAN_SP_1456340.parquet"
"1360","FINAL_EMSDM_EMMEAN_SP_1460141.parquet"
"1361","FINAL_EMSDM_EMMEAN_SP_1460171.parquet"
"1362","FINAL_EMSDM_EMMEAN_SP_1461133.parquet"
"1363","FINAL_EMSDM_EMMEAN_SP_1461134.parquet"
"1364","FINAL_EMSDM_EMMEAN_SP_1461251.parquet"
"1365","FINAL_EMSDM_EMMEAN_SP_1465792.parquet"
"1366","FINAL_EMSDM_EMMEAN_SP_1468723.parquet"
"1367","FINAL_EMSDM_EMMEAN_SP_1468727.parquet"
"1368","FINAL_EMSDM_EMMEAN_SP_1469340.parquet"
"1369","FINAL_EMSDM_EMMEAN_SP_1469663.parquet"
"1370","FINAL_EMSDM_EMMEAN_SP_1469809.parquet"
"1371","FINAL_EMSDM_EMMEAN_SP_1470546.parquet"
"1372","FINAL_EMSDM_EMMEAN_SP_1471766.parquet"
"1373","FINAL_EMSDM_EMMEAN_SP_147456.parquet"
"1374","FINAL_EMSDM_EMMEAN_SP_1476906.parquet"
"1375","FINAL_EMSDM_EMMEAN_SP_1483524.parquet"
"1376","FINAL_EMSDM_EMMEAN_SP_1486838.parquet"
"1377","FINAL_EMSDM_EMMEAN_SP_1486841.parquet"
"1378","FINAL_EMSDM_EMMEAN_SP_1486845.parquet"
"1379","FINAL_EMSDM_EMMEAN_SP_1486846.parquet"
"1380","FINAL_EMSDM_EMMEAN_SP_1486847.parquet"
"1381","FINAL_EMSDM_EMMEAN_SP_1486851.parquet"
"1382","FINAL_EMSDM_EMMEAN_SP_1486852.parquet"
"1383","FINAL_EMSDM_EMMEAN_SP_1486853.parquet"
"1384","FINAL_EMSDM_EMMEAN_SP_1486855.parquet"
"1385","FINAL_EMSDM_EMMEAN_SP_1486856.parquet"
"1386","FINAL_EMSDM_EMMEAN_SP_1486861.parquet"
"1387","FINAL_EMSDM_EMMEAN_SP_1486863.parquet"
"1388","FINAL_EMSDM_EMMEAN_SP_1486864.parquet"
"1389","FINAL_EMSDM_EMMEAN_SP_1486867.parquet"
"1390","FINAL_EMSDM_EMMEAN_SP_1487779.parquet"
"1391","FINAL_EMSDM_EMMEAN_SP_1487790.parquet"
"1392","FINAL_EMSDM_EMMEAN_SP_1487797.parquet"
"1393","FINAL_EMSDM_EMMEAN_SP_1487798.parquet"
"1394","FINAL_EMSDM_EMMEAN_SP_148846.parquet"
"1395","FINAL_EMSDM_EMMEAN_SP_1493191.parquet"
"1396","FINAL_EMSDM_EMMEAN_SP_1493192.parquet"
"1397","FINAL_EMSDM_EMMEAN_SP_1493193.parquet"
"1398","FINAL_EMSDM_EMMEAN_SP_1493194.parquet"
"1399","FINAL_EMSDM_EMMEAN_SP_1493196.parquet"
"1400","FINAL_EMSDM_EMMEAN_SP_1493197.parquet"
"1401","FINAL_EMSDM_EMMEAN_SP_1493232.parquet"
"1402","FINAL_EMSDM_EMMEAN_SP_1493233.parquet"
"1403","FINAL_EMSDM_EMMEAN_SP_1493273.parquet"
"1404","FINAL_EMSDM_EMMEAN_SP_1493275.parquet"
"1405","FINAL_EMSDM_EMMEAN_SP_1493341.parquet"
"1406","FINAL_EMSDM_EMMEAN_SP_1493375.parquet"
"1407","FINAL_EMSDM_EMMEAN_SP_1493376.parquet"
"1408","FINAL_EMSDM_EMMEAN_SP_1493416.parquet"
"1409","FINAL_EMSDM_EMMEAN_SP_1493417.parquet"
"1410","FINAL_EMSDM_EMMEAN_SP_1493425.parquet"
"1411","FINAL_EMSDM_EMMEAN_SP_1493472.parquet"
"1412","FINAL_EMSDM_EMMEAN_SP_1493473.parquet"
"1413","FINAL_EMSDM_EMMEAN_SP_1493474.parquet"
"1414","FINAL_EMSDM_EMMEAN_SP_1493589.parquet"
"1415","FINAL_EMSDM_EMMEAN_SP_1493601.parquet"
"1416","FINAL_EMSDM_EMMEAN_SP_1493649.parquet"
"1417","FINAL_EMSDM_EMMEAN_SP_1493688.parquet"
"1418","FINAL_EMSDM_EMMEAN_SP_1493699.parquet"
"1419","FINAL_EMSDM_EMMEAN_SP_1493711.parquet"
"1420","FINAL_EMSDM_EMMEAN_SP_1493754.parquet"
"1421","FINAL_EMSDM_EMMEAN_SP_1493758.parquet"
"1422","FINAL_EMSDM_EMMEAN_SP_1493851.parquet"
"1423","FINAL_EMSDM_EMMEAN_SP_1493865.parquet"
"1424","FINAL_EMSDM_EMMEAN_SP_1493916.parquet"
"1425","FINAL_EMSDM_EMMEAN_SP_1493928.parquet"
"1426","FINAL_EMSDM_EMMEAN_SP_1493960.parquet"
"1427","FINAL_EMSDM_EMMEAN_SP_1493974.parquet"
"1428","FINAL_EMSDM_EMMEAN_SP_1494072.parquet"
"1429","FINAL_EMSDM_EMMEAN_SP_1494111.parquet"
"1430","FINAL_EMSDM_EMMEAN_SP_1494112.parquet"
"1431","FINAL_EMSDM_EMMEAN_SP_1494115.parquet"
"1432","FINAL_EMSDM_EMMEAN_SP_1494147.parquet"
"1433","FINAL_EMSDM_EMMEAN_SP_1494182.parquet"
"1434","FINAL_EMSDM_EMMEAN_SP_1494188.parquet"
"1435","FINAL_EMSDM_EMMEAN_SP_1494189.parquet"
"1436","FINAL_EMSDM_EMMEAN_SP_1494190.parquet"
"1437","FINAL_EMSDM_EMMEAN_SP_1494198.parquet"
"1438","FINAL_EMSDM_EMMEAN_SP_1494199.parquet"
"1439","FINAL_EMSDM_EMMEAN_SP_1494200.parquet"
"1440","FINAL_EMSDM_EMMEAN_SP_1494201.parquet"
"1441","FINAL_EMSDM_EMMEAN_SP_1494286.parquet"
"1442","FINAL_EMSDM_EMMEAN_SP_1495423.parquet"
"1443","FINAL_EMSDM_EMMEAN_SP_1495454.parquet"
"1444","FINAL_EMSDM_EMMEAN_SP_1495473.parquet"
"1445","FINAL_EMSDM_EMMEAN_SP_1495485.parquet"
"1446","FINAL_EMSDM_EMMEAN_SP_1495487.parquet"
"1447","FINAL_EMSDM_EMMEAN_SP_1495488.parquet"
"1448","FINAL_EMSDM_EMMEAN_SP_1495493.parquet"
"1449","FINAL_EMSDM_EMMEAN_SP_1495495.parquet"
"1450","FINAL_EMSDM_EMMEAN_SP_1495533.parquet"
"1451","FINAL_EMSDM_EMMEAN_SP_1495540.parquet"
"1452","FINAL_EMSDM_EMMEAN_SP_1495548.parquet"
"1453","FINAL_EMSDM_EMMEAN_SP_1498345.parquet"
"1454","FINAL_EMSDM_EMMEAN_SP_1507449.parquet"
"1455","FINAL_EMSDM_EMMEAN_SP_1507831.parquet"
"1456","FINAL_EMSDM_EMMEAN_SP_1509464.parquet"
"1457","FINAL_EMSDM_EMMEAN_SP_1509578.parquet"
"1458","FINAL_EMSDM_EMMEAN_SP_1509595.parquet"
"1459","FINAL_EMSDM_EMMEAN_SP_1509596.parquet"
"1460","FINAL_EMSDM_EMMEAN_SP_1509653.parquet"
"1461","FINAL_EMSDM_EMMEAN_SP_151158.parquet"
"1462","FINAL_EMSDM_EMMEAN_SP_151159.parquet"
"1463","FINAL_EMSDM_EMMEAN_SP_151169.parquet"
"1464","FINAL_EMSDM_EMMEAN_SP_151174.parquet"
"1465","FINAL_EMSDM_EMMEAN_SP_151177.parquet"
"1466","FINAL_EMSDM_EMMEAN_SP_151179.parquet"
"1467","FINAL_EMSDM_EMMEAN_SP_151324.parquet"
"1468","FINAL_EMSDM_EMMEAN_SP_151482.parquet"
"1469","FINAL_EMSDM_EMMEAN_SP_151498.parquet"
"1470","FINAL_EMSDM_EMMEAN_SP_151501.parquet"
"1471","FINAL_EMSDM_EMMEAN_SP_151523.parquet"
"1472","FINAL_EMSDM_EMMEAN_SP_151802.parquet"
"1473","FINAL_EMSDM_EMMEAN_SP_152017.parquet"
"1474","FINAL_EMSDM_EMMEAN_SP_1523793.parquet"
"1475","FINAL_EMSDM_EMMEAN_SP_1523828.parquet"
"1476","FINAL_EMSDM_EMMEAN_SP_1523850.parquet"
"1477","FINAL_EMSDM_EMMEAN_SP_1523902.parquet"
"1478","FINAL_EMSDM_EMMEAN_SP_1523924.parquet"
"1479","FINAL_EMSDM_EMMEAN_SP_1524091.parquet"
"1480","FINAL_EMSDM_EMMEAN_SP_1524092.parquet"
"1481","FINAL_EMSDM_EMMEAN_SP_1524203.parquet"
"1482","FINAL_EMSDM_EMMEAN_SP_1524320.parquet"
"1483","FINAL_EMSDM_EMMEAN_SP_1524392.parquet"
"1484","FINAL_EMSDM_EMMEAN_SP_1524439.parquet"
"1485","FINAL_EMSDM_EMMEAN_SP_1524491.parquet"
"1486","FINAL_EMSDM_EMMEAN_SP_1524527.parquet"
"1487","FINAL_EMSDM_EMMEAN_SP_1524555.parquet"
"1488","FINAL_EMSDM_EMMEAN_SP_1524746.parquet"
"1489","FINAL_EMSDM_EMMEAN_SP_1524870.parquet"
"1490","FINAL_EMSDM_EMMEAN_SP_1524875.parquet"
"1491","FINAL_EMSDM_EMMEAN_SP_1525188.parquet"
"1492","FINAL_EMSDM_EMMEAN_SP_1525192.parquet"
"1493","FINAL_EMSDM_EMMEAN_SP_1525242.parquet"
"1494","FINAL_EMSDM_EMMEAN_SP_1525278.parquet"
"1495","FINAL_EMSDM_EMMEAN_SP_1525321.parquet"
"1496","FINAL_EMSDM_EMMEAN_SP_1525437.parquet"
"1497","FINAL_EMSDM_EMMEAN_SP_1525477.parquet"
"1498","FINAL_EMSDM_EMMEAN_SP_1525480.parquet"
"1499","FINAL_EMSDM_EMMEAN_SP_1525482.parquet"
"1500","FINAL_EMSDM_EMMEAN_SP_1525484.parquet"
"1501","FINAL_EMSDM_EMMEAN_SP_1525487.parquet"
"1502","FINAL_EMSDM_EMMEAN_SP_1525495.parquet"
"1503","FINAL_EMSDM_EMMEAN_SP_1525496.parquet"
"1504","FINAL_EMSDM_EMMEAN_SP_1525960.parquet"
"1505","FINAL_EMSDM_EMMEAN_SP_1525989.parquet"
"1506","FINAL_EMSDM_EMMEAN_SP_1526035.parquet"
"1507","FINAL_EMSDM_EMMEAN_SP_1526036.parquet"
"1508","FINAL_EMSDM_EMMEAN_SP_1526062.parquet"
"1509","FINAL_EMSDM_EMMEAN_SP_1526112.parquet"
"1510","FINAL_EMSDM_EMMEAN_SP_1526164.parquet"
"1511","FINAL_EMSDM_EMMEAN_SP_1526187.parquet"
"1512","FINAL_EMSDM_EMMEAN_SP_1526188.parquet"
"1513","FINAL_EMSDM_EMMEAN_SP_1526206.parquet"
"1514","FINAL_EMSDM_EMMEAN_SP_1526230.parquet"
"1515","FINAL_EMSDM_EMMEAN_SP_1526239.parquet"
"1516","FINAL_EMSDM_EMMEAN_SP_1526240.parquet"
"1517","FINAL_EMSDM_EMMEAN_SP_1526389.parquet"
"1518","FINAL_EMSDM_EMMEAN_SP_1526390.parquet"
"1519","FINAL_EMSDM_EMMEAN_SP_1526484.parquet"
"1520","FINAL_EMSDM_EMMEAN_SP_1534979.parquet"
"1521","FINAL_EMSDM_EMMEAN_SP_1536373.parquet"
"1522","FINAL_EMSDM_EMMEAN_SP_1536380.parquet"
"1523","FINAL_EMSDM_EMMEAN_SP_1536470.parquet"
"1524","FINAL_EMSDM_EMMEAN_SP_1536507.parquet"
"1525","FINAL_EMSDM_EMMEAN_SP_1536508.parquet"
"1526","FINAL_EMSDM_EMMEAN_SP_1536520.parquet"
"1527","FINAL_EMSDM_EMMEAN_SP_1536537.parquet"
"1528","FINAL_EMSDM_EMMEAN_SP_1536538.parquet"
"1529","FINAL_EMSDM_EMMEAN_SP_1536539.parquet"
"1530","FINAL_EMSDM_EMMEAN_SP_1536540.parquet"
"1531","FINAL_EMSDM_EMMEAN_SP_1536541.parquet"
"1532","FINAL_EMSDM_EMMEAN_SP_1536561.parquet"
"1533","FINAL_EMSDM_EMMEAN_SP_1540018.parquet"
"1534","FINAL_EMSDM_EMMEAN_SP_154241.parquet"
"1535","FINAL_EMSDM_EMMEAN_SP_154721.parquet"
"1536","FINAL_EMSDM_EMMEAN_SP_154722.parquet"
"1537","FINAL_EMSDM_EMMEAN_SP_154776.parquet"
"1538","FINAL_EMSDM_EMMEAN_SP_154781.parquet"
"1539","FINAL_EMSDM_EMMEAN_SP_154831.parquet"
"1540","FINAL_EMSDM_EMMEAN_SP_1551089.parquet"
"1541","FINAL_EMSDM_EMMEAN_SP_1551095.parquet"
"1542","FINAL_EMSDM_EMMEAN_SP_1551097.parquet"
"1543","FINAL_EMSDM_EMMEAN_SP_156134.parquet"
"1544","FINAL_EMSDM_EMMEAN_SP_1562031.parquet"
"1545","FINAL_EMSDM_EMMEAN_SP_1565681.parquet"
"1546","FINAL_EMSDM_EMMEAN_SP_1567463.parquet"
"1547","FINAL_EMSDM_EMMEAN_SP_1571853.parquet"
"1548","FINAL_EMSDM_EMMEAN_SP_1571884.parquet"
"1549","FINAL_EMSDM_EMMEAN_SP_1571909.parquet"
"1550","FINAL_EMSDM_EMMEAN_SP_1571969.parquet"
"1551","FINAL_EMSDM_EMMEAN_SP_1575775.parquet"
"1552","FINAL_EMSDM_EMMEAN_SP_1576133.parquet"
"1553","FINAL_EMSDM_EMMEAN_SP_1577311.parquet"
"1554","FINAL_EMSDM_EMMEAN_SP_1577312.parquet"
"1555","FINAL_EMSDM_EMMEAN_SP_1577313.parquet"
"1556","FINAL_EMSDM_EMMEAN_SP_1577314.parquet"
"1557","FINAL_EMSDM_EMMEAN_SP_1577315.parquet"
"1558","FINAL_EMSDM_EMMEAN_SP_1577316.parquet"
"1559","FINAL_EMSDM_EMMEAN_SP_1577317.parquet"
"1560","FINAL_EMSDM_EMMEAN_SP_1577324.parquet"
"1561","FINAL_EMSDM_EMMEAN_SP_1577325.parquet"
"1562","FINAL_EMSDM_EMMEAN_SP_1577329.parquet"
"1563","FINAL_EMSDM_EMMEAN_SP_1577330.parquet"
"1564","FINAL_EMSDM_EMMEAN_SP_1577331.parquet"
"1565","FINAL_EMSDM_EMMEAN_SP_1577335.parquet"
"1566","FINAL_EMSDM_EMMEAN_SP_1577336.parquet"
"1567","FINAL_EMSDM_EMMEAN_SP_1577338.parquet"
"1568","FINAL_EMSDM_EMMEAN_SP_1577339.parquet"
"1569","FINAL_EMSDM_EMMEAN_SP_1577341.parquet"
"1570","FINAL_EMSDM_EMMEAN_SP_1577342.parquet"
"1571","FINAL_EMSDM_EMMEAN_SP_1577343.parquet"
"1572","FINAL_EMSDM_EMMEAN_SP_1577346.parquet"
"1573","FINAL_EMSDM_EMMEAN_SP_1577347.parquet"
"1574","FINAL_EMSDM_EMMEAN_SP_1577349.parquet"
"1575","FINAL_EMSDM_EMMEAN_SP_1577351.parquet"
"1576","FINAL_EMSDM_EMMEAN_SP_1577352.parquet"
"1577","FINAL_EMSDM_EMMEAN_SP_1577353.parquet"
"1578","FINAL_EMSDM_EMMEAN_SP_1577354.parquet"
"1579","FINAL_EMSDM_EMMEAN_SP_1577356.parquet"
"1580","FINAL_EMSDM_EMMEAN_SP_1577357.parquet"
"1581","FINAL_EMSDM_EMMEAN_SP_1577358.parquet"
"1582","FINAL_EMSDM_EMMEAN_SP_1577359.parquet"
"1583","FINAL_EMSDM_EMMEAN_SP_1577360.parquet"
"1584","FINAL_EMSDM_EMMEAN_SP_1577361.parquet"
"1585","FINAL_EMSDM_EMMEAN_SP_1577363.parquet"
"1586","FINAL_EMSDM_EMMEAN_SP_1577364.parquet"
"1587","FINAL_EMSDM_EMMEAN_SP_1577946.parquet"
"1588","FINAL_EMSDM_EMMEAN_SP_157866.parquet"
"1589","FINAL_EMSDM_EMMEAN_SP_157875.parquet"
"1590","FINAL_EMSDM_EMMEAN_SP_157880.parquet"
"1591","FINAL_EMSDM_EMMEAN_SP_157881.parquet"
"1592","FINAL_EMSDM_EMMEAN_SP_157967.parquet"
"1593","FINAL_EMSDM_EMMEAN_SP_1580692.parquet"
"1594","FINAL_EMSDM_EMMEAN_SP_158075.parquet"
"1595","FINAL_EMSDM_EMMEAN_SP_158377.parquet"
"1596","FINAL_EMSDM_EMMEAN_SP_158508.parquet"
"1597","FINAL_EMSDM_EMMEAN_SP_158510.parquet"
"1598","FINAL_EMSDM_EMMEAN_SP_158512.parquet"
"1599","FINAL_EMSDM_EMMEAN_SP_158513.parquet"
"1600","FINAL_EMSDM_EMMEAN_SP_158514.parquet"
"1601","FINAL_EMSDM_EMMEAN_SP_158515.parquet"
"1602","FINAL_EMSDM_EMMEAN_SP_158516.parquet"
"1603","FINAL_EMSDM_EMMEAN_SP_158517.parquet"
"1604","FINAL_EMSDM_EMMEAN_SP_158518.parquet"
"1605","FINAL_EMSDM_EMMEAN_SP_158521.parquet"
"1606","FINAL_EMSDM_EMMEAN_SP_158522.parquet"
"1607","FINAL_EMSDM_EMMEAN_SP_158523.parquet"
"1608","FINAL_EMSDM_EMMEAN_SP_158524.parquet"
"1609","FINAL_EMSDM_EMMEAN_SP_158525.parquet"
"1610","FINAL_EMSDM_EMMEAN_SP_158529.parquet"
"1611","FINAL_EMSDM_EMMEAN_SP_158530.parquet"
"1612","FINAL_EMSDM_EMMEAN_SP_158540.parquet"
"1613","FINAL_EMSDM_EMMEAN_SP_158544.parquet"
"1614","FINAL_EMSDM_EMMEAN_SP_158547.parquet"
"1615","FINAL_EMSDM_EMMEAN_SP_158548.parquet"
"1616","FINAL_EMSDM_EMMEAN_SP_158550.parquet"
"1617","FINAL_EMSDM_EMMEAN_SP_158552.parquet"
"1618","FINAL_EMSDM_EMMEAN_SP_158553.parquet"
"1619","FINAL_EMSDM_EMMEAN_SP_158554.parquet"
"1620","FINAL_EMSDM_EMMEAN_SP_158557.parquet"
"1621","FINAL_EMSDM_EMMEAN_SP_158561.parquet"
"1622","FINAL_EMSDM_EMMEAN_SP_158562.parquet"
"1623","FINAL_EMSDM_EMMEAN_SP_158564.parquet"
"1624","FINAL_EMSDM_EMMEAN_SP_158565.parquet"
"1625","FINAL_EMSDM_EMMEAN_SP_158566.parquet"
"1626","FINAL_EMSDM_EMMEAN_SP_158567.parquet"
"1627","FINAL_EMSDM_EMMEAN_SP_158568.parquet"
"1628","FINAL_EMSDM_EMMEAN_SP_158569.parquet"
"1629","FINAL_EMSDM_EMMEAN_SP_158571.parquet"
"1630","FINAL_EMSDM_EMMEAN_SP_158572.parquet"
"1631","FINAL_EMSDM_EMMEAN_SP_158574.parquet"
"1632","FINAL_EMSDM_EMMEAN_SP_158576.parquet"
"1633","FINAL_EMSDM_EMMEAN_SP_158578.parquet"
"1634","FINAL_EMSDM_EMMEAN_SP_158580.parquet"
"1635","FINAL_EMSDM_EMMEAN_SP_158581.parquet"
"1636","FINAL_EMSDM_EMMEAN_SP_158582.parquet"
"1637","FINAL_EMSDM_EMMEAN_SP_158583.parquet"
"1638","FINAL_EMSDM_EMMEAN_SP_158584.parquet"
"1639","FINAL_EMSDM_EMMEAN_SP_158585.parquet"
"1640","FINAL_EMSDM_EMMEAN_SP_158586.parquet"
"1641","FINAL_EMSDM_EMMEAN_SP_158588.parquet"
"1642","FINAL_EMSDM_EMMEAN_SP_158590.parquet"
"1643","FINAL_EMSDM_EMMEAN_SP_158591.parquet"
"1644","FINAL_EMSDM_EMMEAN_SP_158592.parquet"
"1645","FINAL_EMSDM_EMMEAN_SP_158593.parquet"
"1646","FINAL_EMSDM_EMMEAN_SP_158595.parquet"
"1647","FINAL_EMSDM_EMMEAN_SP_158597.parquet"
"1648","FINAL_EMSDM_EMMEAN_SP_158598.parquet"
"1649","FINAL_EMSDM_EMMEAN_SP_158600.parquet"
"1650","FINAL_EMSDM_EMMEAN_SP_158601.parquet"
"1651","FINAL_EMSDM_EMMEAN_SP_158604.parquet"
"1652","FINAL_EMSDM_EMMEAN_SP_158609.parquet"
"1653","FINAL_EMSDM_EMMEAN_SP_158610.parquet"
"1654","FINAL_EMSDM_EMMEAN_SP_158620.parquet"
"1655","FINAL_EMSDM_EMMEAN_SP_158633.parquet"
"1656","FINAL_EMSDM_EMMEAN_SP_158637.parquet"
"1657","FINAL_EMSDM_EMMEAN_SP_158642.parquet"
"1658","FINAL_EMSDM_EMMEAN_SP_158643.parquet"
"1659","FINAL_EMSDM_EMMEAN_SP_158644.parquet"
"1660","FINAL_EMSDM_EMMEAN_SP_158646.parquet"
"1661","FINAL_EMSDM_EMMEAN_SP_158656.parquet"
"1662","FINAL_EMSDM_EMMEAN_SP_158665.parquet"
"1663","FINAL_EMSDM_EMMEAN_SP_158667.parquet"
"1664","FINAL_EMSDM_EMMEAN_SP_158668.parquet"
"1665","FINAL_EMSDM_EMMEAN_SP_158669.parquet"
"1666","FINAL_EMSDM_EMMEAN_SP_158670.parquet"
"1667","FINAL_EMSDM_EMMEAN_SP_158690.parquet"
"1668","FINAL_EMSDM_EMMEAN_SP_158691.parquet"
"1669","FINAL_EMSDM_EMMEAN_SP_158695.parquet"
"1670","FINAL_EMSDM_EMMEAN_SP_158698.parquet"
"1671","FINAL_EMSDM_EMMEAN_SP_158699.parquet"
"1672","FINAL_EMSDM_EMMEAN_SP_158701.parquet"
"1673","FINAL_EMSDM_EMMEAN_SP_158702.parquet"
"1674","FINAL_EMSDM_EMMEAN_SP_158704.parquet"
"1675","FINAL_EMSDM_EMMEAN_SP_158709.parquet"
"1676","FINAL_EMSDM_EMMEAN_SP_158713.parquet"
"1677","FINAL_EMSDM_EMMEAN_SP_158716.parquet"
"1678","FINAL_EMSDM_EMMEAN_SP_158718.parquet"
"1679","FINAL_EMSDM_EMMEAN_SP_158719.parquet"
"1680","FINAL_EMSDM_EMMEAN_SP_158723.parquet"
"1681","FINAL_EMSDM_EMMEAN_SP_158724.parquet"
"1682","FINAL_EMSDM_EMMEAN_SP_158725.parquet"
"1683","FINAL_EMSDM_EMMEAN_SP_158727.parquet"
"1684","FINAL_EMSDM_EMMEAN_SP_158729.parquet"
"1685","FINAL_EMSDM_EMMEAN_SP_158731.parquet"
"1686","FINAL_EMSDM_EMMEAN_SP_158733.parquet"
"1687","FINAL_EMSDM_EMMEAN_SP_158736.parquet"
"1688","FINAL_EMSDM_EMMEAN_SP_158739.parquet"
"1689","FINAL_EMSDM_EMMEAN_SP_158740.parquet"
"1690","FINAL_EMSDM_EMMEAN_SP_158741.parquet"
"1691","FINAL_EMSDM_EMMEAN_SP_158743.parquet"
"1692","FINAL_EMSDM_EMMEAN_SP_158744.parquet"
"1693","FINAL_EMSDM_EMMEAN_SP_158745.parquet"
"1694","FINAL_EMSDM_EMMEAN_SP_158747.parquet"
"1695","FINAL_EMSDM_EMMEAN_SP_158748.parquet"
"1696","FINAL_EMSDM_EMMEAN_SP_158750.parquet"
"1697","FINAL_EMSDM_EMMEAN_SP_158751.parquet"
"1698","FINAL_EMSDM_EMMEAN_SP_158752.parquet"
"1699","FINAL_EMSDM_EMMEAN_SP_158755.parquet"
"1700","FINAL_EMSDM_EMMEAN_SP_158756.parquet"
"1701","FINAL_EMSDM_EMMEAN_SP_158757.parquet"
"1702","FINAL_EMSDM_EMMEAN_SP_158758.parquet"
"1703","FINAL_EMSDM_EMMEAN_SP_158759.parquet"
"1704","FINAL_EMSDM_EMMEAN_SP_158760.parquet"
"1705","FINAL_EMSDM_EMMEAN_SP_158762.parquet"
"1706","FINAL_EMSDM_EMMEAN_SP_158764.parquet"
"1707","FINAL_EMSDM_EMMEAN_SP_158765.parquet"
"1708","FINAL_EMSDM_EMMEAN_SP_158767.parquet"
"1709","FINAL_EMSDM_EMMEAN_SP_158768.parquet"
"1710","FINAL_EMSDM_EMMEAN_SP_158771.parquet"
"1711","FINAL_EMSDM_EMMEAN_SP_158775.parquet"
"1712","FINAL_EMSDM_EMMEAN_SP_158779.parquet"
"1713","FINAL_EMSDM_EMMEAN_SP_158782.parquet"
"1714","FINAL_EMSDM_EMMEAN_SP_158784.parquet"
"1715","FINAL_EMSDM_EMMEAN_SP_158787.parquet"
"1716","FINAL_EMSDM_EMMEAN_SP_158790.parquet"
"1717","FINAL_EMSDM_EMMEAN_SP_158791.parquet"
"1718","FINAL_EMSDM_EMMEAN_SP_158792.parquet"
"1719","FINAL_EMSDM_EMMEAN_SP_158793.parquet"
"1720","FINAL_EMSDM_EMMEAN_SP_158795.parquet"
"1721","FINAL_EMSDM_EMMEAN_SP_158796.parquet"
"1722","FINAL_EMSDM_EMMEAN_SP_158799.parquet"
"1723","FINAL_EMSDM_EMMEAN_SP_158800.parquet"
"1724","FINAL_EMSDM_EMMEAN_SP_158801.parquet"
"1725","FINAL_EMSDM_EMMEAN_SP_158802.parquet"
"1726","FINAL_EMSDM_EMMEAN_SP_158804.parquet"
"1727","FINAL_EMSDM_EMMEAN_SP_158805.parquet"
"1728","FINAL_EMSDM_EMMEAN_SP_158807.parquet"
"1729","FINAL_EMSDM_EMMEAN_SP_158808.parquet"
"1730","FINAL_EMSDM_EMMEAN_SP_158810.parquet"
"1731","FINAL_EMSDM_EMMEAN_SP_158812.parquet"
"1732","FINAL_EMSDM_EMMEAN_SP_158814.parquet"
"1733","FINAL_EMSDM_EMMEAN_SP_158815.parquet"
"1734","FINAL_EMSDM_EMMEAN_SP_158816.parquet"
"1735","FINAL_EMSDM_EMMEAN_SP_158820.parquet"
"1736","FINAL_EMSDM_EMMEAN_SP_158822.parquet"
"1737","FINAL_EMSDM_EMMEAN_SP_158825.parquet"
"1738","FINAL_EMSDM_EMMEAN_SP_158826.parquet"
"1739","FINAL_EMSDM_EMMEAN_SP_158827.parquet"
"1740","FINAL_EMSDM_EMMEAN_SP_158829.parquet"
"1741","FINAL_EMSDM_EMMEAN_SP_158830.parquet"
"1742","FINAL_EMSDM_EMMEAN_SP_158833.parquet"
"1743","FINAL_EMSDM_EMMEAN_SP_158835.parquet"
"1744","FINAL_EMSDM_EMMEAN_SP_158836.parquet"
"1745","FINAL_EMSDM_EMMEAN_SP_158837.parquet"
"1746","FINAL_EMSDM_EMMEAN_SP_158838.parquet"
"1747","FINAL_EMSDM_EMMEAN_SP_158839.parquet"
"1748","FINAL_EMSDM_EMMEAN_SP_158840.parquet"
"1749","FINAL_EMSDM_EMMEAN_SP_158842.parquet"
"1750","FINAL_EMSDM_EMMEAN_SP_158843.parquet"
"1751","FINAL_EMSDM_EMMEAN_SP_158845.parquet"
"1752","FINAL_EMSDM_EMMEAN_SP_158846.parquet"
"1753","FINAL_EMSDM_EMMEAN_SP_158848.parquet"
"1754","FINAL_EMSDM_EMMEAN_SP_158849.parquet"
"1755","FINAL_EMSDM_EMMEAN_SP_158850.parquet"
"1756","FINAL_EMSDM_EMMEAN_SP_158852.parquet"
"1757","FINAL_EMSDM_EMMEAN_SP_158854.parquet"
"1758","FINAL_EMSDM_EMMEAN_SP_158855.parquet"
"1759","FINAL_EMSDM_EMMEAN_SP_158858.parquet"
"1760","FINAL_EMSDM_EMMEAN_SP_158859.parquet"
"1761","FINAL_EMSDM_EMMEAN_SP_158862.parquet"
"1762","FINAL_EMSDM_EMMEAN_SP_158864.parquet"
"1763","FINAL_EMSDM_EMMEAN_SP_158866.parquet"
"1764","FINAL_EMSDM_EMMEAN_SP_158868.parquet"
"1765","FINAL_EMSDM_EMMEAN_SP_158869.parquet"
"1766","FINAL_EMSDM_EMMEAN_SP_158871.parquet"
"1767","FINAL_EMSDM_EMMEAN_SP_158873.parquet"
"1768","FINAL_EMSDM_EMMEAN_SP_158874.parquet"
"1769","FINAL_EMSDM_EMMEAN_SP_158877.parquet"
"1770","FINAL_EMSDM_EMMEAN_SP_158878.parquet"
"1771","FINAL_EMSDM_EMMEAN_SP_158882.parquet"
"1772","FINAL_EMSDM_EMMEAN_SP_158884.parquet"
"1773","FINAL_EMSDM_EMMEAN_SP_158885.parquet"
"1774","FINAL_EMSDM_EMMEAN_SP_158886.parquet"
"1775","FINAL_EMSDM_EMMEAN_SP_158887.parquet"
"1776","FINAL_EMSDM_EMMEAN_SP_158888.parquet"
"1777","FINAL_EMSDM_EMMEAN_SP_158889.parquet"
"1778","FINAL_EMSDM_EMMEAN_SP_158890.parquet"
"1779","FINAL_EMSDM_EMMEAN_SP_158891.parquet"
"1780","FINAL_EMSDM_EMMEAN_SP_158892.parquet"
"1781","FINAL_EMSDM_EMMEAN_SP_158893.parquet"
"1782","FINAL_EMSDM_EMMEAN_SP_158894.parquet"
"1783","FINAL_EMSDM_EMMEAN_SP_158895.parquet"
"1784","FINAL_EMSDM_EMMEAN_SP_158896.parquet"
"1785","FINAL_EMSDM_EMMEAN_SP_158897.parquet"
"1786","FINAL_EMSDM_EMMEAN_SP_158898.parquet"
"1787","FINAL_EMSDM_EMMEAN_SP_158900.parquet"
"1788","FINAL_EMSDM_EMMEAN_SP_158901.parquet"
"1789","FINAL_EMSDM_EMMEAN_SP_158902.parquet"
"1790","FINAL_EMSDM_EMMEAN_SP_158907.parquet"
"1791","FINAL_EMSDM_EMMEAN_SP_158913.parquet"
"1792","FINAL_EMSDM_EMMEAN_SP_158914.parquet"
"1793","FINAL_EMSDM_EMMEAN_SP_158915.parquet"
"1794","FINAL_EMSDM_EMMEAN_SP_158916.parquet"
"1795","FINAL_EMSDM_EMMEAN_SP_158917.parquet"
"1796","FINAL_EMSDM_EMMEAN_SP_158918.parquet"
"1797","FINAL_EMSDM_EMMEAN_SP_158920.parquet"
"1798","FINAL_EMSDM_EMMEAN_SP_158922.parquet"
"1799","FINAL_EMSDM_EMMEAN_SP_158923.parquet"
"1800","FINAL_EMSDM_EMMEAN_SP_158924.parquet"
"1801","FINAL_EMSDM_EMMEAN_SP_158928.parquet"
"1802","FINAL_EMSDM_EMMEAN_SP_158931.parquet"
"1803","FINAL_EMSDM_EMMEAN_SP_158932.parquet"
"1804","FINAL_EMSDM_EMMEAN_SP_158933.parquet"
"1805","FINAL_EMSDM_EMMEAN_SP_158934.parquet"
"1806","FINAL_EMSDM_EMMEAN_SP_158935.parquet"
"1807","FINAL_EMSDM_EMMEAN_SP_158936.parquet"
"1808","FINAL_EMSDM_EMMEAN_SP_158951.parquet"
"1809","FINAL_EMSDM_EMMEAN_SP_158952.parquet"
"1810","FINAL_EMSDM_EMMEAN_SP_158958.parquet"
"1811","FINAL_EMSDM_EMMEAN_SP_158959.parquet"
"1812","FINAL_EMSDM_EMMEAN_SP_158960.parquet"
"1813","FINAL_EMSDM_EMMEAN_SP_158961.parquet"
"1814","FINAL_EMSDM_EMMEAN_SP_158962.parquet"
"1815","FINAL_EMSDM_EMMEAN_SP_158964.parquet"
"1816","FINAL_EMSDM_EMMEAN_SP_158979.parquet"
"1817","FINAL_EMSDM_EMMEAN_SP_158980.parquet"
"1818","FINAL_EMSDM_EMMEAN_SP_158986.parquet"
"1819","FINAL_EMSDM_EMMEAN_SP_158987.parquet"
"1820","FINAL_EMSDM_EMMEAN_SP_158989.parquet"
"1821","FINAL_EMSDM_EMMEAN_SP_158990.parquet"
"1822","FINAL_EMSDM_EMMEAN_SP_158991.parquet"
"1823","FINAL_EMSDM_EMMEAN_SP_158994.parquet"
"1824","FINAL_EMSDM_EMMEAN_SP_158995.parquet"
"1825","FINAL_EMSDM_EMMEAN_SP_158996.parquet"
"1826","FINAL_EMSDM_EMMEAN_SP_158998.parquet"
"1827","FINAL_EMSDM_EMMEAN_SP_158999.parquet"
"1828","FINAL_EMSDM_EMMEAN_SP_159019.parquet"
"1829","FINAL_EMSDM_EMMEAN_SP_159023.parquet"
"1830","FINAL_EMSDM_EMMEAN_SP_159025.parquet"
"1831","FINAL_EMSDM_EMMEAN_SP_159044.parquet"
"1832","FINAL_EMSDM_EMMEAN_SP_159063.parquet"
"1833","FINAL_EMSDM_EMMEAN_SP_159064.parquet"
"1834","FINAL_EMSDM_EMMEAN_SP_159067.parquet"
"1835","FINAL_EMSDM_EMMEAN_SP_1591143.parquet"
"1836","FINAL_EMSDM_EMMEAN_SP_159133.parquet"
"1837","FINAL_EMSDM_EMMEAN_SP_159138.parquet"
"1838","FINAL_EMSDM_EMMEAN_SP_159151.parquet"
"1839","FINAL_EMSDM_EMMEAN_SP_159156.parquet"
"1840","FINAL_EMSDM_EMMEAN_SP_159157.parquet"
"1841","FINAL_EMSDM_EMMEAN_SP_159165.parquet"
"1842","FINAL_EMSDM_EMMEAN_SP_159166.parquet"
"1843","FINAL_EMSDM_EMMEAN_SP_159181.parquet"
"1844","FINAL_EMSDM_EMMEAN_SP_159185.parquet"
"1845","FINAL_EMSDM_EMMEAN_SP_159188.parquet"
"1846","FINAL_EMSDM_EMMEAN_SP_159190.parquet"
"1847","FINAL_EMSDM_EMMEAN_SP_159192.parquet"
"1848","FINAL_EMSDM_EMMEAN_SP_159193.parquet"
"1849","FINAL_EMSDM_EMMEAN_SP_159194.parquet"
"1850","FINAL_EMSDM_EMMEAN_SP_159195.parquet"
"1851","FINAL_EMSDM_EMMEAN_SP_159201.parquet"
"1852","FINAL_EMSDM_EMMEAN_SP_159203.parquet"
"1853","FINAL_EMSDM_EMMEAN_SP_159205.parquet"
"1854","FINAL_EMSDM_EMMEAN_SP_159207.parquet"
"1855","FINAL_EMSDM_EMMEAN_SP_159211.parquet"
"1856","FINAL_EMSDM_EMMEAN_SP_159213.parquet"
"1857","FINAL_EMSDM_EMMEAN_SP_159215.parquet"
"1858","FINAL_EMSDM_EMMEAN_SP_159217.parquet"
"1859","FINAL_EMSDM_EMMEAN_SP_159219.parquet"
"1860","FINAL_EMSDM_EMMEAN_SP_159220.parquet"
"1861","FINAL_EMSDM_EMMEAN_SP_159222.parquet"
"1862","FINAL_EMSDM_EMMEAN_SP_159227.parquet"
"1863","FINAL_EMSDM_EMMEAN_SP_1592271.parquet"
"1864","FINAL_EMSDM_EMMEAN_SP_159228.parquet"
"1865","FINAL_EMSDM_EMMEAN_SP_1592292.parquet"
"1866","FINAL_EMSDM_EMMEAN_SP_1592293.parquet"
"1867","FINAL_EMSDM_EMMEAN_SP_159230.parquet"
"1868","FINAL_EMSDM_EMMEAN_SP_159231.parquet"
"1869","FINAL_EMSDM_EMMEAN_SP_159233.parquet"
"1870","FINAL_EMSDM_EMMEAN_SP_1592337.parquet"
"1871","FINAL_EMSDM_EMMEAN_SP_1592348.parquet"
"1872","FINAL_EMSDM_EMMEAN_SP_159235.parquet"
"1873","FINAL_EMSDM_EMMEAN_SP_1592353.parquet"
"1874","FINAL_EMSDM_EMMEAN_SP_159236.parquet"
"1875","FINAL_EMSDM_EMMEAN_SP_159238.parquet"
"1876","FINAL_EMSDM_EMMEAN_SP_1592380.parquet"
"1877","FINAL_EMSDM_EMMEAN_SP_1592381.parquet"
"1878","FINAL_EMSDM_EMMEAN_SP_1592389.parquet"
"1879","FINAL_EMSDM_EMMEAN_SP_159239.parquet"
"1880","FINAL_EMSDM_EMMEAN_SP_159241.parquet"
"1881","FINAL_EMSDM_EMMEAN_SP_159242.parquet"
"1882","FINAL_EMSDM_EMMEAN_SP_159243.parquet"
"1883","FINAL_EMSDM_EMMEAN_SP_159245.parquet"
"1884","FINAL_EMSDM_EMMEAN_SP_159246.parquet"
"1885","FINAL_EMSDM_EMMEAN_SP_159249.parquet"
"1886","FINAL_EMSDM_EMMEAN_SP_159251.parquet"
"1887","FINAL_EMSDM_EMMEAN_SP_159252.parquet"
"1888","FINAL_EMSDM_EMMEAN_SP_159255.parquet"
"1889","FINAL_EMSDM_EMMEAN_SP_159256.parquet"
"1890","FINAL_EMSDM_EMMEAN_SP_159259.parquet"
"1891","FINAL_EMSDM_EMMEAN_SP_159261.parquet"
"1892","FINAL_EMSDM_EMMEAN_SP_159262.parquet"
"1893","FINAL_EMSDM_EMMEAN_SP_1592634.parquet"
"1894","FINAL_EMSDM_EMMEAN_SP_1592637.parquet"
"1895","FINAL_EMSDM_EMMEAN_SP_159265.parquet"
"1896","FINAL_EMSDM_EMMEAN_SP_159269.parquet"
"1897","FINAL_EMSDM_EMMEAN_SP_1592709.parquet"
"1898","FINAL_EMSDM_EMMEAN_SP_159271.parquet"
"1899","FINAL_EMSDM_EMMEAN_SP_1592726.parquet"
"1900","FINAL_EMSDM_EMMEAN_SP_159275.parquet"
"1901","FINAL_EMSDM_EMMEAN_SP_159276.parquet"
"1902","FINAL_EMSDM_EMMEAN_SP_159278.parquet"
"1903","FINAL_EMSDM_EMMEAN_SP_159279.parquet"
"1904","FINAL_EMSDM_EMMEAN_SP_159280.parquet"
"1905","FINAL_EMSDM_EMMEAN_SP_159281.parquet"
"1906","FINAL_EMSDM_EMMEAN_SP_1592822.parquet"
"1907","FINAL_EMSDM_EMMEAN_SP_159284.parquet"
"1908","FINAL_EMSDM_EMMEAN_SP_1592849.parquet"
"1909","FINAL_EMSDM_EMMEAN_SP_159285.parquet"
"1910","FINAL_EMSDM_EMMEAN_SP_159287.parquet"
"1911","FINAL_EMSDM_EMMEAN_SP_159288.parquet"
"1912","FINAL_EMSDM_EMMEAN_SP_159289.parquet"
"1913","FINAL_EMSDM_EMMEAN_SP_159291.parquet"
"1914","FINAL_EMSDM_EMMEAN_SP_159295.parquet"
"1915","FINAL_EMSDM_EMMEAN_SP_159300.parquet"
"1916","FINAL_EMSDM_EMMEAN_SP_159301.parquet"
"1917","FINAL_EMSDM_EMMEAN_SP_159303.parquet"
"1918","FINAL_EMSDM_EMMEAN_SP_159305.parquet"
"1919","FINAL_EMSDM_EMMEAN_SP_159308.parquet"
"1920","FINAL_EMSDM_EMMEAN_SP_159310.parquet"
"1921","FINAL_EMSDM_EMMEAN_SP_159312.parquet"
"1922","FINAL_EMSDM_EMMEAN_SP_159313.parquet"
"1923","FINAL_EMSDM_EMMEAN_SP_159320.parquet"
"1924","FINAL_EMSDM_EMMEAN_SP_159322.parquet"
"1925","FINAL_EMSDM_EMMEAN_SP_159326.parquet"
"1926","FINAL_EMSDM_EMMEAN_SP_159327.parquet"
"1927","FINAL_EMSDM_EMMEAN_SP_159328.parquet"
"1928","FINAL_EMSDM_EMMEAN_SP_159329.parquet"
"1929","FINAL_EMSDM_EMMEAN_SP_159330.parquet"
"1930","FINAL_EMSDM_EMMEAN_SP_159333.parquet"
"1931","FINAL_EMSDM_EMMEAN_SP_159335.parquet"
"1932","FINAL_EMSDM_EMMEAN_SP_159337.parquet"
"1933","FINAL_EMSDM_EMMEAN_SP_159338.parquet"
"1934","FINAL_EMSDM_EMMEAN_SP_159340.parquet"
"1935","FINAL_EMSDM_EMMEAN_SP_159341.parquet"
"1936","FINAL_EMSDM_EMMEAN_SP_159342.parquet"
"1937","FINAL_EMSDM_EMMEAN_SP_159343.parquet"
"1938","FINAL_EMSDM_EMMEAN_SP_159344.parquet"
"1939","FINAL_EMSDM_EMMEAN_SP_159346.parquet"
"1940","FINAL_EMSDM_EMMEAN_SP_159347.parquet"
"1941","FINAL_EMSDM_EMMEAN_SP_159348.parquet"
"1942","FINAL_EMSDM_EMMEAN_SP_159350.parquet"
"1943","FINAL_EMSDM_EMMEAN_SP_159351.parquet"
"1944","FINAL_EMSDM_EMMEAN_SP_159352.parquet"
"1945","FINAL_EMSDM_EMMEAN_SP_159353.parquet"
"1946","FINAL_EMSDM_EMMEAN_SP_159354.parquet"
"1947","FINAL_EMSDM_EMMEAN_SP_159356.parquet"
"1948","FINAL_EMSDM_EMMEAN_SP_159358.parquet"
"1949","FINAL_EMSDM_EMMEAN_SP_159359.parquet"
"1950","FINAL_EMSDM_EMMEAN_SP_159360.parquet"
"1951","FINAL_EMSDM_EMMEAN_SP_159361.parquet"
"1952","FINAL_EMSDM_EMMEAN_SP_159362.parquet"
"1953","FINAL_EMSDM_EMMEAN_SP_159363.parquet"
"1954","FINAL_EMSDM_EMMEAN_SP_159364.parquet"
"1955","FINAL_EMSDM_EMMEAN_SP_1593660.parquet"
"1956","FINAL_EMSDM_EMMEAN_SP_1593661.parquet"
"1957","FINAL_EMSDM_EMMEAN_SP_1593662.parquet"
"1958","FINAL_EMSDM_EMMEAN_SP_159367.parquet"
"1959","FINAL_EMSDM_EMMEAN_SP_1593771.parquet"
"1960","FINAL_EMSDM_EMMEAN_SP_159378.parquet"
"1961","FINAL_EMSDM_EMMEAN_SP_159385.parquet"
"1962","FINAL_EMSDM_EMMEAN_SP_159393.parquet"
"1963","FINAL_EMSDM_EMMEAN_SP_159399.parquet"
"1964","FINAL_EMSDM_EMMEAN_SP_159402.parquet"
"1965","FINAL_EMSDM_EMMEAN_SP_159403.parquet"
"1966","FINAL_EMSDM_EMMEAN_SP_159404.parquet"
"1967","FINAL_EMSDM_EMMEAN_SP_159406.parquet"
"1968","FINAL_EMSDM_EMMEAN_SP_159408.parquet"
"1969","FINAL_EMSDM_EMMEAN_SP_159415.parquet"
"1970","FINAL_EMSDM_EMMEAN_SP_159416.parquet"
"1971","FINAL_EMSDM_EMMEAN_SP_159418.parquet"
"1972","FINAL_EMSDM_EMMEAN_SP_159421.parquet"
"1973","FINAL_EMSDM_EMMEAN_SP_159422.parquet"
"1974","FINAL_EMSDM_EMMEAN_SP_159423.parquet"
"1975","FINAL_EMSDM_EMMEAN_SP_159424.parquet"
"1976","FINAL_EMSDM_EMMEAN_SP_159425.parquet"
"1977","FINAL_EMSDM_EMMEAN_SP_159427.parquet"
"1978","FINAL_EMSDM_EMMEAN_SP_159428.parquet"
"1979","FINAL_EMSDM_EMMEAN_SP_159429.parquet"
"1980","FINAL_EMSDM_EMMEAN_SP_159432.parquet"
"1981","FINAL_EMSDM_EMMEAN_SP_159436.parquet"
"1982","FINAL_EMSDM_EMMEAN_SP_159437.parquet"
"1983","FINAL_EMSDM_EMMEAN_SP_159439.parquet"
"1984","FINAL_EMSDM_EMMEAN_SP_159440.parquet"
"1985","FINAL_EMSDM_EMMEAN_SP_159444.parquet"
"1986","FINAL_EMSDM_EMMEAN_SP_159445.parquet"
"1987","FINAL_EMSDM_EMMEAN_SP_159446.parquet"
"1988","FINAL_EMSDM_EMMEAN_SP_159448.parquet"
"1989","FINAL_EMSDM_EMMEAN_SP_159450.parquet"
"1990","FINAL_EMSDM_EMMEAN_SP_159453.parquet"
"1991","FINAL_EMSDM_EMMEAN_SP_159454.parquet"
"1992","FINAL_EMSDM_EMMEAN_SP_159483.parquet"
"1993","FINAL_EMSDM_EMMEAN_SP_159486.parquet"
"1994","FINAL_EMSDM_EMMEAN_SP_159488.parquet"
"1995","FINAL_EMSDM_EMMEAN_SP_159489.parquet"
"1996","FINAL_EMSDM_EMMEAN_SP_159490.parquet"
"1997","FINAL_EMSDM_EMMEAN_SP_159491.parquet"
"1998","FINAL_EMSDM_EMMEAN_SP_159493.parquet"
"1999","FINAL_EMSDM_EMMEAN_SP_159497.parquet"
"2000","FINAL_EMSDM_EMMEAN_SP_159499.parquet"
"2001","FINAL_EMSDM_EMMEAN_SP_159500.parquet"
"2002","FINAL_EMSDM_EMMEAN_SP_1595014.parquet"
"2003","FINAL_EMSDM_EMMEAN_SP_1595015.parquet"
"2004","FINAL_EMSDM_EMMEAN_SP_159530.parquet"
"2005","FINAL_EMSDM_EMMEAN_SP_1595331.parquet"
"2006","FINAL_EMSDM_EMMEAN_SP_159548.parquet"
"2007","FINAL_EMSDM_EMMEAN_SP_159549.parquet"
"2008","FINAL_EMSDM_EMMEAN_SP_159550.parquet"
"2009","FINAL_EMSDM_EMMEAN_SP_159551.parquet"
"2010","FINAL_EMSDM_EMMEAN_SP_159552.parquet"
"2011","FINAL_EMSDM_EMMEAN_SP_159554.parquet"
"2012","FINAL_EMSDM_EMMEAN_SP_159555.parquet"
"2013","FINAL_EMSDM_EMMEAN_SP_159556.parquet"
"2014","FINAL_EMSDM_EMMEAN_SP_159559.parquet"
"2015","FINAL_EMSDM_EMMEAN_SP_159560.parquet"
"2016","FINAL_EMSDM_EMMEAN_SP_159561.parquet"
"2017","FINAL_EMSDM_EMMEAN_SP_159562.parquet"
"2018","FINAL_EMSDM_EMMEAN_SP_159563.parquet"
"2019","FINAL_EMSDM_EMMEAN_SP_159564.parquet"
"2020","FINAL_EMSDM_EMMEAN_SP_159566.parquet"
"2021","FINAL_EMSDM_EMMEAN_SP_159568.parquet"
"2022","FINAL_EMSDM_EMMEAN_SP_159570.parquet"
"2023","FINAL_EMSDM_EMMEAN_SP_159571.parquet"
"2024","FINAL_EMSDM_EMMEAN_SP_159572.parquet"
"2025","FINAL_EMSDM_EMMEAN_SP_159573.parquet"
"2026","FINAL_EMSDM_EMMEAN_SP_159574.parquet"
"2027","FINAL_EMSDM_EMMEAN_SP_159575.parquet"
"2028","FINAL_EMSDM_EMMEAN_SP_159576.parquet"
"2029","FINAL_EMSDM_EMMEAN_SP_159577.parquet"
"2030","FINAL_EMSDM_EMMEAN_SP_159578.parquet"
"2031","FINAL_EMSDM_EMMEAN_SP_159580.parquet"
"2032","FINAL_EMSDM_EMMEAN_SP_159581.parquet"
"2033","FINAL_EMSDM_EMMEAN_SP_159582.parquet"
"2034","FINAL_EMSDM_EMMEAN_SP_159584.parquet"
"2035","FINAL_EMSDM_EMMEAN_SP_159589.parquet"
"2036","FINAL_EMSDM_EMMEAN_SP_159590.parquet"
"2037","FINAL_EMSDM_EMMEAN_SP_159592.parquet"
"2038","FINAL_EMSDM_EMMEAN_SP_159594.parquet"
"2039","FINAL_EMSDM_EMMEAN_SP_159598.parquet"
"2040","FINAL_EMSDM_EMMEAN_SP_159602.parquet"
"2041","FINAL_EMSDM_EMMEAN_SP_159609.parquet"
"2042","FINAL_EMSDM_EMMEAN_SP_159615.parquet"
"2043","FINAL_EMSDM_EMMEAN_SP_159626.parquet"
"2044","FINAL_EMSDM_EMMEAN_SP_159629.parquet"
"2045","FINAL_EMSDM_EMMEAN_SP_159640.parquet"
"2046","FINAL_EMSDM_EMMEAN_SP_159645.parquet"
"2047","FINAL_EMSDM_EMMEAN_SP_159646.parquet"
"2048","FINAL_EMSDM_EMMEAN_SP_159647.parquet"
"2049","FINAL_EMSDM_EMMEAN_SP_159649.parquet"
"2050","FINAL_EMSDM_EMMEAN_SP_159650.parquet"
"2051","FINAL_EMSDM_EMMEAN_SP_159652.parquet"
"2052","FINAL_EMSDM_EMMEAN_SP_159654.parquet"
"2053","FINAL_EMSDM_EMMEAN_SP_159655.parquet"
"2054","FINAL_EMSDM_EMMEAN_SP_159658.parquet"
"2055","FINAL_EMSDM_EMMEAN_SP_159661.parquet"
"2056","FINAL_EMSDM_EMMEAN_SP_159662.parquet"
"2057","FINAL_EMSDM_EMMEAN_SP_159663.parquet"
"2058","FINAL_EMSDM_EMMEAN_SP_159665.parquet"
"2059","FINAL_EMSDM_EMMEAN_SP_159666.parquet"
"2060","FINAL_EMSDM_EMMEAN_SP_159667.parquet"
"2061","FINAL_EMSDM_EMMEAN_SP_159670.parquet"
"2062","FINAL_EMSDM_EMMEAN_SP_159677.parquet"
"2063","FINAL_EMSDM_EMMEAN_SP_159678.parquet"
"2064","FINAL_EMSDM_EMMEAN_SP_159700.parquet"
"2065","FINAL_EMSDM_EMMEAN_SP_159703.parquet"
"2066","FINAL_EMSDM_EMMEAN_SP_159704.parquet"
"2067","FINAL_EMSDM_EMMEAN_SP_159705.parquet"
"2068","FINAL_EMSDM_EMMEAN_SP_159706.parquet"
"2069","FINAL_EMSDM_EMMEAN_SP_159707.parquet"
"2070","FINAL_EMSDM_EMMEAN_SP_159712.parquet"
"2071","FINAL_EMSDM_EMMEAN_SP_159726.parquet"
"2072","FINAL_EMSDM_EMMEAN_SP_159732.parquet"
"2073","FINAL_EMSDM_EMMEAN_SP_159733.parquet"
"2074","FINAL_EMSDM_EMMEAN_SP_159736.parquet"
"2075","FINAL_EMSDM_EMMEAN_SP_159743.parquet"
"2076","FINAL_EMSDM_EMMEAN_SP_159750.parquet"
"2077","FINAL_EMSDM_EMMEAN_SP_159753.parquet"
"2078","FINAL_EMSDM_EMMEAN_SP_159767.parquet"
"2079","FINAL_EMSDM_EMMEAN_SP_159771.parquet"
"2080","FINAL_EMSDM_EMMEAN_SP_159781.parquet"
"2081","FINAL_EMSDM_EMMEAN_SP_159785.parquet"
"2082","FINAL_EMSDM_EMMEAN_SP_159786.parquet"
"2083","FINAL_EMSDM_EMMEAN_SP_159789.parquet"
"2084","FINAL_EMSDM_EMMEAN_SP_159792.parquet"
"2085","FINAL_EMSDM_EMMEAN_SP_159793.parquet"
"2086","FINAL_EMSDM_EMMEAN_SP_159794.parquet"
"2087","FINAL_EMSDM_EMMEAN_SP_159795.parquet"
"2088","FINAL_EMSDM_EMMEAN_SP_159796.parquet"
"2089","FINAL_EMSDM_EMMEAN_SP_159797.parquet"
"2090","FINAL_EMSDM_EMMEAN_SP_159798.parquet"
"2091","FINAL_EMSDM_EMMEAN_SP_159799.parquet"
"2092","FINAL_EMSDM_EMMEAN_SP_159800.parquet"
"2093","FINAL_EMSDM_EMMEAN_SP_159801.parquet"
"2094","FINAL_EMSDM_EMMEAN_SP_159803.parquet"
"2095","FINAL_EMSDM_EMMEAN_SP_159805.parquet"
"2096","FINAL_EMSDM_EMMEAN_SP_159807.parquet"
"2097","FINAL_EMSDM_EMMEAN_SP_159810.parquet"
"2098","FINAL_EMSDM_EMMEAN_SP_159811.parquet"
"2099","FINAL_EMSDM_EMMEAN_SP_159813.parquet"
"2100","FINAL_EMSDM_EMMEAN_SP_159814.parquet"
"2101","FINAL_EMSDM_EMMEAN_SP_159827.parquet"
"2102","FINAL_EMSDM_EMMEAN_SP_159831.parquet"
"2103","FINAL_EMSDM_EMMEAN_SP_159833.parquet"
"2104","FINAL_EMSDM_EMMEAN_SP_159834.parquet"
"2105","FINAL_EMSDM_EMMEAN_SP_159836.parquet"
"2106","FINAL_EMSDM_EMMEAN_SP_159842.parquet"
"2107","FINAL_EMSDM_EMMEAN_SP_159843.parquet"
"2108","FINAL_EMSDM_EMMEAN_SP_159852.parquet"
"2109","FINAL_EMSDM_EMMEAN_SP_159854.parquet"
"2110","FINAL_EMSDM_EMMEAN_SP_1605249.parquet"
"2111","FINAL_EMSDM_EMMEAN_SP_1605252.parquet"
"2112","FINAL_EMSDM_EMMEAN_SP_1605254.parquet"
"2113","FINAL_EMSDM_EMMEAN_SP_1605256.parquet"
"2114","FINAL_EMSDM_EMMEAN_SP_1605257.parquet"
"2115","FINAL_EMSDM_EMMEAN_SP_1605258.parquet"
"2116","FINAL_EMSDM_EMMEAN_SP_1605260.parquet"
"2117","FINAL_EMSDM_EMMEAN_SP_1605261.parquet"
"2118","FINAL_EMSDM_EMMEAN_SP_1605262.parquet"
"2119","FINAL_EMSDM_EMMEAN_SP_1605263.parquet"
"2120","FINAL_EMSDM_EMMEAN_SP_1605264.parquet"
"2121","FINAL_EMSDM_EMMEAN_SP_1605265.parquet"
"2122","FINAL_EMSDM_EMMEAN_SP_1605266.parquet"
"2123","FINAL_EMSDM_EMMEAN_SP_1605267.parquet"
"2124","FINAL_EMSDM_EMMEAN_SP_1605268.parquet"
"2125","FINAL_EMSDM_EMMEAN_SP_1605270.parquet"
"2126","FINAL_EMSDM_EMMEAN_SP_1605273.parquet"
"2127","FINAL_EMSDM_EMMEAN_SP_1605274.parquet"
"2128","FINAL_EMSDM_EMMEAN_SP_1605275.parquet"
"2129","FINAL_EMSDM_EMMEAN_SP_1605277.parquet"
"2130","FINAL_EMSDM_EMMEAN_SP_1605278.parquet"
"2131","FINAL_EMSDM_EMMEAN_SP_1605279.parquet"
"2132","FINAL_EMSDM_EMMEAN_SP_1605280.parquet"
"2133","FINAL_EMSDM_EMMEAN_SP_1605301.parquet"
"2134","FINAL_EMSDM_EMMEAN_SP_1605302.parquet"
"2135","FINAL_EMSDM_EMMEAN_SP_1605303.parquet"
"2136","FINAL_EMSDM_EMMEAN_SP_1605305.parquet"
"2137","FINAL_EMSDM_EMMEAN_SP_1605306.parquet"
"2138","FINAL_EMSDM_EMMEAN_SP_1605308.parquet"
"2139","FINAL_EMSDM_EMMEAN_SP_1605309.parquet"
"2140","FINAL_EMSDM_EMMEAN_SP_1605310.parquet"
"2141","FINAL_EMSDM_EMMEAN_SP_1605311.parquet"
"2142","FINAL_EMSDM_EMMEAN_SP_1605312.parquet"
"2143","FINAL_EMSDM_EMMEAN_SP_1605313.parquet"
"2144","FINAL_EMSDM_EMMEAN_SP_1611043.parquet"
"2145","FINAL_EMSDM_EMMEAN_SP_1611044.parquet"
"2146","FINAL_EMSDM_EMMEAN_SP_1617333.parquet"
"2147","FINAL_EMSDM_EMMEAN_SP_1623786.parquet"
"2148","FINAL_EMSDM_EMMEAN_SP_1653867.parquet"
"2149","FINAL_EMSDM_EMMEAN_SP_1667997.parquet"
"2150","FINAL_EMSDM_EMMEAN_SP_1667999.parquet"
"2151","FINAL_EMSDM_EMMEAN_SP_1668000.parquet"
"2152","FINAL_EMSDM_EMMEAN_SP_1670923.parquet"
"2153","FINAL_EMSDM_EMMEAN_SP_1670924.parquet"
"2154","FINAL_EMSDM_EMMEAN_SP_1670925.parquet"
"2155","FINAL_EMSDM_EMMEAN_SP_1701441.parquet"
"2156","FINAL_EMSDM_EMMEAN_SP_1727490.parquet"
"2157","FINAL_EMSDM_EMMEAN_SP_1727493.parquet"
"2158","FINAL_EMSDM_EMMEAN_SP_1727494.parquet"
"2159","FINAL_EMSDM_EMMEAN_SP_1727495.parquet"
"2160","FINAL_EMSDM_EMMEAN_SP_1750630.parquet"
"2161","FINAL_EMSDM_EMMEAN_SP_1751396.parquet"
"2162","FINAL_EMSDM_EMMEAN_SP_1751398.parquet"
"2163","FINAL_EMSDM_EMMEAN_SP_1758487.parquet"
"2164","FINAL_EMSDM_EMMEAN_SP_180882.parquet"
"2165","FINAL_EMSDM_EMMEAN_SP_181089.parquet"
"2166","FINAL_EMSDM_EMMEAN_SP_181090.parquet"
"2167","FINAL_EMSDM_EMMEAN_SP_183099.parquet"
"2168","FINAL_EMSDM_EMMEAN_SP_183100.parquet"
"2169","FINAL_EMSDM_EMMEAN_SP_206948.parquet"
"2170","FINAL_EMSDM_EMMEAN_SP_206950.parquet"
"2171","FINAL_EMSDM_EMMEAN_SP_206951.parquet"
"2172","FINAL_EMSDM_EMMEAN_SP_206952.parquet"
"2173","FINAL_EMSDM_EMMEAN_SP_206953.parquet"
"2174","FINAL_EMSDM_EMMEAN_SP_206954.parquet"
"2175","FINAL_EMSDM_EMMEAN_SP_206956.parquet"
"2176","FINAL_EMSDM_EMMEAN_SP_206959.parquet"
"2177","FINAL_EMSDM_EMMEAN_SP_206964.parquet"
"2178","FINAL_EMSDM_EMMEAN_SP_206969.parquet"
"2179","FINAL_EMSDM_EMMEAN_SP_206973.parquet"
"2180","FINAL_EMSDM_EMMEAN_SP_206974.parquet"
"2181","FINAL_EMSDM_EMMEAN_SP_206976.parquet"
"2182","FINAL_EMSDM_EMMEAN_SP_206977.parquet"
"2183","FINAL_EMSDM_EMMEAN_SP_206980.parquet"
"2184","FINAL_EMSDM_EMMEAN_SP_206982.parquet"
"2185","FINAL_EMSDM_EMMEAN_SP_206984.parquet"
"2186","FINAL_EMSDM_EMMEAN_SP_206985.parquet"
"2187","FINAL_EMSDM_EMMEAN_SP_206989.parquet"
"2188","FINAL_EMSDM_EMMEAN_SP_206991.parquet"
"2189","FINAL_EMSDM_EMMEAN_SP_206994.parquet"
"2190","FINAL_EMSDM_EMMEAN_SP_206995.parquet"
"2191","FINAL_EMSDM_EMMEAN_SP_206999.parquet"
"2192","FINAL_EMSDM_EMMEAN_SP_207000.parquet"
"2193","FINAL_EMSDM_EMMEAN_SP_207006.parquet"
"2194","FINAL_EMSDM_EMMEAN_SP_207007.parquet"
"2195","FINAL_EMSDM_EMMEAN_SP_207008.parquet"
"2196","FINAL_EMSDM_EMMEAN_SP_207009.parquet"
"2197","FINAL_EMSDM_EMMEAN_SP_207011.parquet"
"2198","FINAL_EMSDM_EMMEAN_SP_207015.parquet"
"2199","FINAL_EMSDM_EMMEAN_SP_207016.parquet"
"2200","FINAL_EMSDM_EMMEAN_SP_207017.parquet"
"2201","FINAL_EMSDM_EMMEAN_SP_207020.parquet"
"2202","FINAL_EMSDM_EMMEAN_SP_207023.parquet"
"2203","FINAL_EMSDM_EMMEAN_SP_207024.parquet"
"2204","FINAL_EMSDM_EMMEAN_SP_207031.parquet"
"2205","FINAL_EMSDM_EMMEAN_SP_207032.parquet"
"2206","FINAL_EMSDM_EMMEAN_SP_207035.parquet"
"2207","FINAL_EMSDM_EMMEAN_SP_207039.parquet"
"2208","FINAL_EMSDM_EMMEAN_SP_207040.parquet"
"2209","FINAL_EMSDM_EMMEAN_SP_207044.parquet"
"2210","FINAL_EMSDM_EMMEAN_SP_207045.parquet"
"2211","FINAL_EMSDM_EMMEAN_SP_207046.parquet"
"2212","FINAL_EMSDM_EMMEAN_SP_207049.parquet"
"2213","FINAL_EMSDM_EMMEAN_SP_207050.parquet"
"2214","FINAL_EMSDM_EMMEAN_SP_207051.parquet"
"2215","FINAL_EMSDM_EMMEAN_SP_207052.parquet"
"2216","FINAL_EMSDM_EMMEAN_SP_207053.parquet"
"2217","FINAL_EMSDM_EMMEAN_SP_207055.parquet"
"2218","FINAL_EMSDM_EMMEAN_SP_207057.parquet"
"2219","FINAL_EMSDM_EMMEAN_SP_207058.parquet"
"2220","FINAL_EMSDM_EMMEAN_SP_207059.parquet"
"2221","FINAL_EMSDM_EMMEAN_SP_207063.parquet"
"2222","FINAL_EMSDM_EMMEAN_SP_207069.parquet"
"2223","FINAL_EMSDM_EMMEAN_SP_207072.parquet"
"2224","FINAL_EMSDM_EMMEAN_SP_207074.parquet"
"2225","FINAL_EMSDM_EMMEAN_SP_207075.parquet"
"2226","FINAL_EMSDM_EMMEAN_SP_207080.parquet"
"2227","FINAL_EMSDM_EMMEAN_SP_207081.parquet"
"2228","FINAL_EMSDM_EMMEAN_SP_207083.parquet"
"2229","FINAL_EMSDM_EMMEAN_SP_207087.parquet"
"2230","FINAL_EMSDM_EMMEAN_SP_207091.parquet"
"2231","FINAL_EMSDM_EMMEAN_SP_207093.parquet"
"2232","FINAL_EMSDM_EMMEAN_SP_207094.parquet"
"2233","FINAL_EMSDM_EMMEAN_SP_207095.parquet"
"2234","FINAL_EMSDM_EMMEAN_SP_207097.parquet"
"2235","FINAL_EMSDM_EMMEAN_SP_207100.parquet"
"2236","FINAL_EMSDM_EMMEAN_SP_207101.parquet"
"2237","FINAL_EMSDM_EMMEAN_SP_207102.parquet"
"2238","FINAL_EMSDM_EMMEAN_SP_207103.parquet"
"2239","FINAL_EMSDM_EMMEAN_SP_207105.parquet"
"2240","FINAL_EMSDM_EMMEAN_SP_207106.parquet"
"2241","FINAL_EMSDM_EMMEAN_SP_207108.parquet"
"2242","FINAL_EMSDM_EMMEAN_SP_207111.parquet"
"2243","FINAL_EMSDM_EMMEAN_SP_207113.parquet"
"2244","FINAL_EMSDM_EMMEAN_SP_207114.parquet"
"2245","FINAL_EMSDM_EMMEAN_SP_207119.parquet"
"2246","FINAL_EMSDM_EMMEAN_SP_207123.parquet"
"2247","FINAL_EMSDM_EMMEAN_SP_207124.parquet"
"2248","FINAL_EMSDM_EMMEAN_SP_207125.parquet"
"2249","FINAL_EMSDM_EMMEAN_SP_207127.parquet"
"2250","FINAL_EMSDM_EMMEAN_SP_207128.parquet"
"2251","FINAL_EMSDM_EMMEAN_SP_207129.parquet"
"2252","FINAL_EMSDM_EMMEAN_SP_207131.parquet"
"2253","FINAL_EMSDM_EMMEAN_SP_207133.parquet"
"2254","FINAL_EMSDM_EMMEAN_SP_207135.parquet"
"2255","FINAL_EMSDM_EMMEAN_SP_207136.parquet"
"2256","FINAL_EMSDM_EMMEAN_SP_207137.parquet"
"2257","FINAL_EMSDM_EMMEAN_SP_207138.parquet"
"2258","FINAL_EMSDM_EMMEAN_SP_207139.parquet"
"2259","FINAL_EMSDM_EMMEAN_SP_207141.parquet"
"2260","FINAL_EMSDM_EMMEAN_SP_207142.parquet"
"2261","FINAL_EMSDM_EMMEAN_SP_207144.parquet"
"2262","FINAL_EMSDM_EMMEAN_SP_207146.parquet"
"2263","FINAL_EMSDM_EMMEAN_SP_207149.parquet"
"2264","FINAL_EMSDM_EMMEAN_SP_207150.parquet"
"2265","FINAL_EMSDM_EMMEAN_SP_207152.parquet"
"2266","FINAL_EMSDM_EMMEAN_SP_207153.parquet"
"2267","FINAL_EMSDM_EMMEAN_SP_207156.parquet"
"2268","FINAL_EMSDM_EMMEAN_SP_207163.parquet"
"2269","FINAL_EMSDM_EMMEAN_SP_207164.parquet"
"2270","FINAL_EMSDM_EMMEAN_SP_207165.parquet"
"2271","FINAL_EMSDM_EMMEAN_SP_207167.parquet"
"2272","FINAL_EMSDM_EMMEAN_SP_207168.parquet"
"2273","FINAL_EMSDM_EMMEAN_SP_207169.parquet"
"2274","FINAL_EMSDM_EMMEAN_SP_207174.parquet"
"2275","FINAL_EMSDM_EMMEAN_SP_207179.parquet"
"2276","FINAL_EMSDM_EMMEAN_SP_207180.parquet"
"2277","FINAL_EMSDM_EMMEAN_SP_207182.parquet"
"2278","FINAL_EMSDM_EMMEAN_SP_207185.parquet"
"2279","FINAL_EMSDM_EMMEAN_SP_207186.parquet"
"2280","FINAL_EMSDM_EMMEAN_SP_207188.parquet"
"2281","FINAL_EMSDM_EMMEAN_SP_207190.parquet"
"2282","FINAL_EMSDM_EMMEAN_SP_207192.parquet"
"2283","FINAL_EMSDM_EMMEAN_SP_207195.parquet"
"2284","FINAL_EMSDM_EMMEAN_SP_207196.parquet"
"2285","FINAL_EMSDM_EMMEAN_SP_207198.parquet"
"2286","FINAL_EMSDM_EMMEAN_SP_207200.parquet"
"2287","FINAL_EMSDM_EMMEAN_SP_207201.parquet"
"2288","FINAL_EMSDM_EMMEAN_SP_207202.parquet"
"2289","FINAL_EMSDM_EMMEAN_SP_207203.parquet"
"2290","FINAL_EMSDM_EMMEAN_SP_207205.parquet"
"2291","FINAL_EMSDM_EMMEAN_SP_207208.parquet"
"2292","FINAL_EMSDM_EMMEAN_SP_207210.parquet"
"2293","FINAL_EMSDM_EMMEAN_SP_207211.parquet"
"2294","FINAL_EMSDM_EMMEAN_SP_207212.parquet"
"2295","FINAL_EMSDM_EMMEAN_SP_207213.parquet"
"2296","FINAL_EMSDM_EMMEAN_SP_207219.parquet"
"2297","FINAL_EMSDM_EMMEAN_SP_207220.parquet"
"2298","FINAL_EMSDM_EMMEAN_SP_207221.parquet"
"2299","FINAL_EMSDM_EMMEAN_SP_207224.parquet"
"2300","FINAL_EMSDM_EMMEAN_SP_207225.parquet"
"2301","FINAL_EMSDM_EMMEAN_SP_207226.parquet"
"2302","FINAL_EMSDM_EMMEAN_SP_207227.parquet"
"2303","FINAL_EMSDM_EMMEAN_SP_207228.parquet"
"2304","FINAL_EMSDM_EMMEAN_SP_207229.parquet"
"2305","FINAL_EMSDM_EMMEAN_SP_207231.parquet"
"2306","FINAL_EMSDM_EMMEAN_SP_207232.parquet"
"2307","FINAL_EMSDM_EMMEAN_SP_207234.parquet"
"2308","FINAL_EMSDM_EMMEAN_SP_207236.parquet"
"2309","FINAL_EMSDM_EMMEAN_SP_207237.parquet"
"2310","FINAL_EMSDM_EMMEAN_SP_207238.parquet"
"2311","FINAL_EMSDM_EMMEAN_SP_207242.parquet"
"2312","FINAL_EMSDM_EMMEAN_SP_207244.parquet"
"2313","FINAL_EMSDM_EMMEAN_SP_207245.parquet"
"2314","FINAL_EMSDM_EMMEAN_SP_207246.parquet"
"2315","FINAL_EMSDM_EMMEAN_SP_207249.parquet"
"2316","FINAL_EMSDM_EMMEAN_SP_207250.parquet"
"2317","FINAL_EMSDM_EMMEAN_SP_207255.parquet"
"2318","FINAL_EMSDM_EMMEAN_SP_207258.parquet"
"2319","FINAL_EMSDM_EMMEAN_SP_207260.parquet"
"2320","FINAL_EMSDM_EMMEAN_SP_207261.parquet"
"2321","FINAL_EMSDM_EMMEAN_SP_207267.parquet"
"2322","FINAL_EMSDM_EMMEAN_SP_207271.parquet"
"2323","FINAL_EMSDM_EMMEAN_SP_207272.parquet"
"2324","FINAL_EMSDM_EMMEAN_SP_207274.parquet"
"2325","FINAL_EMSDM_EMMEAN_SP_207278.parquet"
"2326","FINAL_EMSDM_EMMEAN_SP_207279.parquet"
"2327","FINAL_EMSDM_EMMEAN_SP_207282.parquet"
"2328","FINAL_EMSDM_EMMEAN_SP_207283.parquet"
"2329","FINAL_EMSDM_EMMEAN_SP_207284.parquet"
"2330","FINAL_EMSDM_EMMEAN_SP_207286.parquet"
"2331","FINAL_EMSDM_EMMEAN_SP_207287.parquet"
"2332","FINAL_EMSDM_EMMEAN_SP_207288.parquet"
"2333","FINAL_EMSDM_EMMEAN_SP_207289.parquet"
"2334","FINAL_EMSDM_EMMEAN_SP_207290.parquet"
"2335","FINAL_EMSDM_EMMEAN_SP_207291.parquet"
"2336","FINAL_EMSDM_EMMEAN_SP_207292.parquet"
"2337","FINAL_EMSDM_EMMEAN_SP_207293.parquet"
"2338","FINAL_EMSDM_EMMEAN_SP_207295.parquet"
"2339","FINAL_EMSDM_EMMEAN_SP_207301.parquet"
"2340","FINAL_EMSDM_EMMEAN_SP_207303.parquet"
"2341","FINAL_EMSDM_EMMEAN_SP_207306.parquet"
"2342","FINAL_EMSDM_EMMEAN_SP_207307.parquet"
"2343","FINAL_EMSDM_EMMEAN_SP_207309.parquet"
"2344","FINAL_EMSDM_EMMEAN_SP_207312.parquet"
"2345","FINAL_EMSDM_EMMEAN_SP_207315.parquet"
"2346","FINAL_EMSDM_EMMEAN_SP_207317.parquet"
"2347","FINAL_EMSDM_EMMEAN_SP_207318.parquet"
"2348","FINAL_EMSDM_EMMEAN_SP_207319.parquet"
"2349","FINAL_EMSDM_EMMEAN_SP_207320.parquet"
"2350","FINAL_EMSDM_EMMEAN_SP_207324.parquet"
"2351","FINAL_EMSDM_EMMEAN_SP_207325.parquet"
"2352","FINAL_EMSDM_EMMEAN_SP_207326.parquet"
"2353","FINAL_EMSDM_EMMEAN_SP_207327.parquet"
"2354","FINAL_EMSDM_EMMEAN_SP_207328.parquet"
"2355","FINAL_EMSDM_EMMEAN_SP_207350.parquet"
"2356","FINAL_EMSDM_EMMEAN_SP_207361.parquet"
"2357","FINAL_EMSDM_EMMEAN_SP_207362.parquet"
"2358","FINAL_EMSDM_EMMEAN_SP_207363.parquet"
"2359","FINAL_EMSDM_EMMEAN_SP_207364.parquet"
"2360","FINAL_EMSDM_EMMEAN_SP_207366.parquet"
"2361","FINAL_EMSDM_EMMEAN_SP_207368.parquet"
"2362","FINAL_EMSDM_EMMEAN_SP_207369.parquet"
"2363","FINAL_EMSDM_EMMEAN_SP_207370.parquet"
"2364","FINAL_EMSDM_EMMEAN_SP_207373.parquet"
"2365","FINAL_EMSDM_EMMEAN_SP_207374.parquet"
"2366","FINAL_EMSDM_EMMEAN_SP_207377.parquet"
"2367","FINAL_EMSDM_EMMEAN_SP_207378.parquet"
"2368","FINAL_EMSDM_EMMEAN_SP_207384.parquet"
"2369","FINAL_EMSDM_EMMEAN_SP_207385.parquet"
"2370","FINAL_EMSDM_EMMEAN_SP_207386.parquet"
"2371","FINAL_EMSDM_EMMEAN_SP_207387.parquet"
"2372","FINAL_EMSDM_EMMEAN_SP_207389.parquet"
"2373","FINAL_EMSDM_EMMEAN_SP_207390.parquet"
"2374","FINAL_EMSDM_EMMEAN_SP_207391.parquet"
"2375","FINAL_EMSDM_EMMEAN_SP_207392.parquet"
"2376","FINAL_EMSDM_EMMEAN_SP_207393.parquet"
"2377","FINAL_EMSDM_EMMEAN_SP_207402.parquet"
"2378","FINAL_EMSDM_EMMEAN_SP_207403.parquet"
"2379","FINAL_EMSDM_EMMEAN_SP_207406.parquet"
"2380","FINAL_EMSDM_EMMEAN_SP_207407.parquet"
"2381","FINAL_EMSDM_EMMEAN_SP_207408.parquet"
"2382","FINAL_EMSDM_EMMEAN_SP_207409.parquet"
"2383","FINAL_EMSDM_EMMEAN_SP_207413.parquet"
"2384","FINAL_EMSDM_EMMEAN_SP_207415.parquet"
"2385","FINAL_EMSDM_EMMEAN_SP_207416.parquet"
"2386","FINAL_EMSDM_EMMEAN_SP_207417.parquet"
"2387","FINAL_EMSDM_EMMEAN_SP_207418.parquet"
"2388","FINAL_EMSDM_EMMEAN_SP_207420.parquet"
"2389","FINAL_EMSDM_EMMEAN_SP_207421.parquet"
"2390","FINAL_EMSDM_EMMEAN_SP_207422.parquet"
"2391","FINAL_EMSDM_EMMEAN_SP_207432.parquet"
"2392","FINAL_EMSDM_EMMEAN_SP_207444.parquet"
"2393","FINAL_EMSDM_EMMEAN_SP_207445.parquet"
"2394","FINAL_EMSDM_EMMEAN_SP_207446.parquet"
"2395","FINAL_EMSDM_EMMEAN_SP_207447.parquet"
"2396","FINAL_EMSDM_EMMEAN_SP_207449.parquet"
"2397","FINAL_EMSDM_EMMEAN_SP_207451.parquet"
"2398","FINAL_EMSDM_EMMEAN_SP_207452.parquet"
"2399","FINAL_EMSDM_EMMEAN_SP_207455.parquet"
"2400","FINAL_EMSDM_EMMEAN_SP_207461.parquet"
"2401","FINAL_EMSDM_EMMEAN_SP_207463.parquet"
"2402","FINAL_EMSDM_EMMEAN_SP_207464.parquet"
"2403","FINAL_EMSDM_EMMEAN_SP_207466.parquet"
"2404","FINAL_EMSDM_EMMEAN_SP_207470.parquet"
"2405","FINAL_EMSDM_EMMEAN_SP_207471.parquet"
"2406","FINAL_EMSDM_EMMEAN_SP_207474.parquet"
"2407","FINAL_EMSDM_EMMEAN_SP_207476.parquet"
"2408","FINAL_EMSDM_EMMEAN_SP_207477.parquet"
"2409","FINAL_EMSDM_EMMEAN_SP_207485.parquet"
"2410","FINAL_EMSDM_EMMEAN_SP_207486.parquet"
"2411","FINAL_EMSDM_EMMEAN_SP_207487.parquet"
"2412","FINAL_EMSDM_EMMEAN_SP_207488.parquet"
"2413","FINAL_EMSDM_EMMEAN_SP_207489.parquet"
"2414","FINAL_EMSDM_EMMEAN_SP_207490.parquet"
"2415","FINAL_EMSDM_EMMEAN_SP_207493.parquet"
"2416","FINAL_EMSDM_EMMEAN_SP_207494.parquet"
"2417","FINAL_EMSDM_EMMEAN_SP_207495.parquet"
"2418","FINAL_EMSDM_EMMEAN_SP_207496.parquet"
"2419","FINAL_EMSDM_EMMEAN_SP_207497.parquet"
"2420","FINAL_EMSDM_EMMEAN_SP_207498.parquet"
"2421","FINAL_EMSDM_EMMEAN_SP_207501.parquet"
"2422","FINAL_EMSDM_EMMEAN_SP_207515.parquet"
"2423","FINAL_EMSDM_EMMEAN_SP_207516.parquet"
"2424","FINAL_EMSDM_EMMEAN_SP_207517.parquet"
"2425","FINAL_EMSDM_EMMEAN_SP_207518.parquet"
"2426","FINAL_EMSDM_EMMEAN_SP_207522.parquet"
"2427","FINAL_EMSDM_EMMEAN_SP_207613.parquet"
"2428","FINAL_EMSDM_EMMEAN_SP_207617.parquet"
"2429","FINAL_EMSDM_EMMEAN_SP_207618.parquet"
"2430","FINAL_EMSDM_EMMEAN_SP_207654.parquet"
"2431","FINAL_EMSDM_EMMEAN_SP_207656.parquet"
"2432","FINAL_EMSDM_EMMEAN_SP_207657.parquet"
"2433","FINAL_EMSDM_EMMEAN_SP_207658.parquet"
"2434","FINAL_EMSDM_EMMEAN_SP_207659.parquet"
"2435","FINAL_EMSDM_EMMEAN_SP_207660.parquet"
"2436","FINAL_EMSDM_EMMEAN_SP_207662.parquet"
"2437","FINAL_EMSDM_EMMEAN_SP_207663.parquet"
"2438","FINAL_EMSDM_EMMEAN_SP_207664.parquet"
"2439","FINAL_EMSDM_EMMEAN_SP_208914.parquet"
"2440","FINAL_EMSDM_EMMEAN_SP_208915.parquet"
"2441","FINAL_EMSDM_EMMEAN_SP_208916.parquet"
"2442","FINAL_EMSDM_EMMEAN_SP_208917.parquet"
"2443","FINAL_EMSDM_EMMEAN_SP_208943.parquet"
"2444","FINAL_EMSDM_EMMEAN_SP_209205.parquet"
"2445","FINAL_EMSDM_EMMEAN_SP_209210.parquet"
"2446","FINAL_EMSDM_EMMEAN_SP_209211.parquet"
"2447","FINAL_EMSDM_EMMEAN_SP_209212.parquet"
"2448","FINAL_EMSDM_EMMEAN_SP_209214.parquet"
"2449","FINAL_EMSDM_EMMEAN_SP_209215.parquet"
"2450","FINAL_EMSDM_EMMEAN_SP_209216.parquet"
"2451","FINAL_EMSDM_EMMEAN_SP_209217.parquet"
"2452","FINAL_EMSDM_EMMEAN_SP_209219.parquet"
"2453","FINAL_EMSDM_EMMEAN_SP_209222.parquet"
"2454","FINAL_EMSDM_EMMEAN_SP_209262.parquet"
"2455","FINAL_EMSDM_EMMEAN_SP_209264.parquet"
"2456","FINAL_EMSDM_EMMEAN_SP_209267.parquet"
"2457","FINAL_EMSDM_EMMEAN_SP_209268.parquet"
"2458","FINAL_EMSDM_EMMEAN_SP_209269.parquet"
"2459","FINAL_EMSDM_EMMEAN_SP_209270.parquet"
"2460","FINAL_EMSDM_EMMEAN_SP_209272.parquet"
"2461","FINAL_EMSDM_EMMEAN_SP_209273.parquet"
"2462","FINAL_EMSDM_EMMEAN_SP_209274.parquet"
"2463","FINAL_EMSDM_EMMEAN_SP_209277.parquet"
"2464","FINAL_EMSDM_EMMEAN_SP_209278.parquet"
"2465","FINAL_EMSDM_EMMEAN_SP_209281.parquet"
"2466","FINAL_EMSDM_EMMEAN_SP_209297.parquet"
"2467","FINAL_EMSDM_EMMEAN_SP_209298.parquet"
"2468","FINAL_EMSDM_EMMEAN_SP_209301.parquet"
"2469","FINAL_EMSDM_EMMEAN_SP_209308.parquet"
"2470","FINAL_EMSDM_EMMEAN_SP_209316.parquet"
"2471","FINAL_EMSDM_EMMEAN_SP_209326.parquet"
"2472","FINAL_EMSDM_EMMEAN_SP_209361.parquet"
"2473","FINAL_EMSDM_EMMEAN_SP_209363.parquet"
"2474","FINAL_EMSDM_EMMEAN_SP_209364.parquet"
"2475","FINAL_EMSDM_EMMEAN_SP_209367.parquet"
"2476","FINAL_EMSDM_EMMEAN_SP_209369.parquet"
"2477","FINAL_EMSDM_EMMEAN_SP_209371.parquet"
"2478","FINAL_EMSDM_EMMEAN_SP_209377.parquet"
"2479","FINAL_EMSDM_EMMEAN_SP_209380.parquet"
"2480","FINAL_EMSDM_EMMEAN_SP_209383.parquet"
"2481","FINAL_EMSDM_EMMEAN_SP_209384.parquet"
"2482","FINAL_EMSDM_EMMEAN_SP_209389.parquet"
"2483","FINAL_EMSDM_EMMEAN_SP_209390.parquet"
"2484","FINAL_EMSDM_EMMEAN_SP_209391.parquet"
"2485","FINAL_EMSDM_EMMEAN_SP_209401.parquet"
"2486","FINAL_EMSDM_EMMEAN_SP_209402.parquet"
"2487","FINAL_EMSDM_EMMEAN_SP_209403.parquet"
"2488","FINAL_EMSDM_EMMEAN_SP_209404.parquet"
"2489","FINAL_EMSDM_EMMEAN_SP_209406.parquet"
"2490","FINAL_EMSDM_EMMEAN_SP_209408.parquet"
"2491","FINAL_EMSDM_EMMEAN_SP_210067.parquet"
"2492","FINAL_EMSDM_EMMEAN_SP_210068.parquet"
"2493","FINAL_EMSDM_EMMEAN_SP_210070.parquet"
"2494","FINAL_EMSDM_EMMEAN_SP_210074.parquet"
"2495","FINAL_EMSDM_EMMEAN_SP_210086.parquet"
"2496","FINAL_EMSDM_EMMEAN_SP_210088.parquet"
"2497","FINAL_EMSDM_EMMEAN_SP_210089.parquet"
"2498","FINAL_EMSDM_EMMEAN_SP_210351.parquet"
"2499","FINAL_EMSDM_EMMEAN_SP_210352.parquet"
"2500","FINAL_EMSDM_EMMEAN_SP_210354.parquet"
"2501","FINAL_EMSDM_EMMEAN_SP_210355.parquet"
"2502","FINAL_EMSDM_EMMEAN_SP_210356.parquet"
"2503","FINAL_EMSDM_EMMEAN_SP_210358.parquet"
"2504","FINAL_EMSDM_EMMEAN_SP_210359.parquet"
"2505","FINAL_EMSDM_EMMEAN_SP_210361.parquet"
"2506","FINAL_EMSDM_EMMEAN_SP_210362.parquet"
"2507","FINAL_EMSDM_EMMEAN_SP_210364.parquet"
"2508","FINAL_EMSDM_EMMEAN_SP_210643.parquet"
"2509","FINAL_EMSDM_EMMEAN_SP_210644.parquet"
"2510","FINAL_EMSDM_EMMEAN_SP_210725.parquet"
"2511","FINAL_EMSDM_EMMEAN_SP_210726.parquet"
"2512","FINAL_EMSDM_EMMEAN_SP_210727.parquet"
"2513","FINAL_EMSDM_EMMEAN_SP_210728.parquet"
"2514","FINAL_EMSDM_EMMEAN_SP_210729.parquet"
"2515","FINAL_EMSDM_EMMEAN_SP_210730.parquet"
"2516","FINAL_EMSDM_EMMEAN_SP_210733.parquet"
"2517","FINAL_EMSDM_EMMEAN_SP_211418.parquet"
"2518","FINAL_EMSDM_EMMEAN_SP_211419.parquet"
"2519","FINAL_EMSDM_EMMEAN_SP_211773.parquet"
"2520","FINAL_EMSDM_EMMEAN_SP_211774.parquet"
"2521","FINAL_EMSDM_EMMEAN_SP_211775.parquet"
"2522","FINAL_EMSDM_EMMEAN_SP_211778.parquet"
"2523","FINAL_EMSDM_EMMEAN_SP_211780.parquet"
"2524","FINAL_EMSDM_EMMEAN_SP_211782.parquet"
"2525","FINAL_EMSDM_EMMEAN_SP_211786.parquet"
"2526","FINAL_EMSDM_EMMEAN_SP_211787.parquet"
"2527","FINAL_EMSDM_EMMEAN_SP_211788.parquet"
"2528","FINAL_EMSDM_EMMEAN_SP_211789.parquet"
"2529","FINAL_EMSDM_EMMEAN_SP_211791.parquet"
"2530","FINAL_EMSDM_EMMEAN_SP_211793.parquet"
"2531","FINAL_EMSDM_EMMEAN_SP_211794.parquet"
"2532","FINAL_EMSDM_EMMEAN_SP_211864.parquet"
"2533","FINAL_EMSDM_EMMEAN_SP_212032.parquet"
"2534","FINAL_EMSDM_EMMEAN_SP_212033.parquet"
"2535","FINAL_EMSDM_EMMEAN_SP_212034.parquet"
"2536","FINAL_EMSDM_EMMEAN_SP_212037.parquet"
"2537","FINAL_EMSDM_EMMEAN_SP_212038.parquet"
"2538","FINAL_EMSDM_EMMEAN_SP_212039.parquet"
"2539","FINAL_EMSDM_EMMEAN_SP_212040.parquet"
"2540","FINAL_EMSDM_EMMEAN_SP_212042.parquet"
"2541","FINAL_EMSDM_EMMEAN_SP_212044.parquet"
"2542","FINAL_EMSDM_EMMEAN_SP_212045.parquet"
"2543","FINAL_EMSDM_EMMEAN_SP_212047.parquet"
"2544","FINAL_EMSDM_EMMEAN_SP_212049.parquet"
"2545","FINAL_EMSDM_EMMEAN_SP_212050.parquet"
"2546","FINAL_EMSDM_EMMEAN_SP_212051.parquet"
"2547","FINAL_EMSDM_EMMEAN_SP_212056.parquet"
"2548","FINAL_EMSDM_EMMEAN_SP_212059.parquet"
"2549","FINAL_EMSDM_EMMEAN_SP_212061.parquet"
"2550","FINAL_EMSDM_EMMEAN_SP_212062.parquet"
"2551","FINAL_EMSDM_EMMEAN_SP_212063.parquet"
"2552","FINAL_EMSDM_EMMEAN_SP_212064.parquet"
"2553","FINAL_EMSDM_EMMEAN_SP_212066.parquet"
"2554","FINAL_EMSDM_EMMEAN_SP_212069.parquet"
"2555","FINAL_EMSDM_EMMEAN_SP_212071.parquet"
"2556","FINAL_EMSDM_EMMEAN_SP_212072.parquet"
"2557","FINAL_EMSDM_EMMEAN_SP_212074.parquet"
"2558","FINAL_EMSDM_EMMEAN_SP_212075.parquet"
"2559","FINAL_EMSDM_EMMEAN_SP_212076.parquet"
"2560","FINAL_EMSDM_EMMEAN_SP_212077.parquet"
"2561","FINAL_EMSDM_EMMEAN_SP_212078.parquet"
"2562","FINAL_EMSDM_EMMEAN_SP_212079.parquet"
"2563","FINAL_EMSDM_EMMEAN_SP_212081.parquet"
"2564","FINAL_EMSDM_EMMEAN_SP_212082.parquet"
"2565","FINAL_EMSDM_EMMEAN_SP_212085.parquet"
"2566","FINAL_EMSDM_EMMEAN_SP_212177.parquet"
"2567","FINAL_EMSDM_EMMEAN_SP_212178.parquet"
"2568","FINAL_EMSDM_EMMEAN_SP_212207.parquet"
"2569","FINAL_EMSDM_EMMEAN_SP_212209.parquet"
"2570","FINAL_EMSDM_EMMEAN_SP_212211.parquet"
"2571","FINAL_EMSDM_EMMEAN_SP_212212.parquet"
"2572","FINAL_EMSDM_EMMEAN_SP_212213.parquet"
"2573","FINAL_EMSDM_EMMEAN_SP_212215.parquet"
"2574","FINAL_EMSDM_EMMEAN_SP_212216.parquet"
"2575","FINAL_EMSDM_EMMEAN_SP_212217.parquet"
"2576","FINAL_EMSDM_EMMEAN_SP_212221.parquet"
"2577","FINAL_EMSDM_EMMEAN_SP_212232.parquet"
"2578","FINAL_EMSDM_EMMEAN_SP_212233.parquet"
"2579","FINAL_EMSDM_EMMEAN_SP_212234.parquet"
"2580","FINAL_EMSDM_EMMEAN_SP_212235.parquet"
"2581","FINAL_EMSDM_EMMEAN_SP_212236.parquet"
"2582","FINAL_EMSDM_EMMEAN_SP_212239.parquet"
"2583","FINAL_EMSDM_EMMEAN_SP_212242.parquet"
"2584","FINAL_EMSDM_EMMEAN_SP_212250.parquet"
"2585","FINAL_EMSDM_EMMEAN_SP_212252.parquet"
"2586","FINAL_EMSDM_EMMEAN_SP_212253.parquet"
"2587","FINAL_EMSDM_EMMEAN_SP_212256.parquet"
"2588","FINAL_EMSDM_EMMEAN_SP_212257.parquet"
"2589","FINAL_EMSDM_EMMEAN_SP_212258.parquet"
"2590","FINAL_EMSDM_EMMEAN_SP_212259.parquet"
"2591","FINAL_EMSDM_EMMEAN_SP_212263.parquet"
"2592","FINAL_EMSDM_EMMEAN_SP_212264.parquet"
"2593","FINAL_EMSDM_EMMEAN_SP_212265.parquet"
"2594","FINAL_EMSDM_EMMEAN_SP_212266.parquet"
"2595","FINAL_EMSDM_EMMEAN_SP_212267.parquet"
"2596","FINAL_EMSDM_EMMEAN_SP_212268.parquet"
"2597","FINAL_EMSDM_EMMEAN_SP_212269.parquet"
"2598","FINAL_EMSDM_EMMEAN_SP_212271.parquet"
"2599","FINAL_EMSDM_EMMEAN_SP_212272.parquet"
"2600","FINAL_EMSDM_EMMEAN_SP_212273.parquet"
"2601","FINAL_EMSDM_EMMEAN_SP_212274.parquet"
"2602","FINAL_EMSDM_EMMEAN_SP_212277.parquet"
"2603","FINAL_EMSDM_EMMEAN_SP_212278.parquet"
"2604","FINAL_EMSDM_EMMEAN_SP_212279.parquet"
"2605","FINAL_EMSDM_EMMEAN_SP_212280.parquet"
"2606","FINAL_EMSDM_EMMEAN_SP_212282.parquet"
"2607","FINAL_EMSDM_EMMEAN_SP_212284.parquet"
"2608","FINAL_EMSDM_EMMEAN_SP_212287.parquet"
"2609","FINAL_EMSDM_EMMEAN_SP_212288.parquet"
"2610","FINAL_EMSDM_EMMEAN_SP_212289.parquet"
"2611","FINAL_EMSDM_EMMEAN_SP_212290.parquet"
"2612","FINAL_EMSDM_EMMEAN_SP_212291.parquet"
"2613","FINAL_EMSDM_EMMEAN_SP_212528.parquet"
"2614","FINAL_EMSDM_EMMEAN_SP_212536.parquet"
"2615","FINAL_EMSDM_EMMEAN_SP_212538.parquet"
"2616","FINAL_EMSDM_EMMEAN_SP_212539.parquet"
"2617","FINAL_EMSDM_EMMEAN_SP_212542.parquet"
"2618","FINAL_EMSDM_EMMEAN_SP_212544.parquet"
"2619","FINAL_EMSDM_EMMEAN_SP_212545.parquet"
"2620","FINAL_EMSDM_EMMEAN_SP_212546.parquet"
"2621","FINAL_EMSDM_EMMEAN_SP_212548.parquet"
"2622","FINAL_EMSDM_EMMEAN_SP_212572.parquet"
"2623","FINAL_EMSDM_EMMEAN_SP_212575.parquet"
"2624","FINAL_EMSDM_EMMEAN_SP_212579.parquet"
"2625","FINAL_EMSDM_EMMEAN_SP_212580.parquet"
"2626","FINAL_EMSDM_EMMEAN_SP_212581.parquet"
"2627","FINAL_EMSDM_EMMEAN_SP_212770.parquet"
"2628","FINAL_EMSDM_EMMEAN_SP_212771.parquet"
"2629","FINAL_EMSDM_EMMEAN_SP_212772.parquet"
"2630","FINAL_EMSDM_EMMEAN_SP_212774.parquet"
"2631","FINAL_EMSDM_EMMEAN_SP_212775.parquet"
"2632","FINAL_EMSDM_EMMEAN_SP_212776.parquet"
"2633","FINAL_EMSDM_EMMEAN_SP_212777.parquet"
"2634","FINAL_EMSDM_EMMEAN_SP_212778.parquet"
"2635","FINAL_EMSDM_EMMEAN_SP_212781.parquet"
"2636","FINAL_EMSDM_EMMEAN_SP_212782.parquet"
"2637","FINAL_EMSDM_EMMEAN_SP_212783.parquet"
"2638","FINAL_EMSDM_EMMEAN_SP_212792.parquet"
"2639","FINAL_EMSDM_EMMEAN_SP_212793.parquet"
"2640","FINAL_EMSDM_EMMEAN_SP_212798.parquet"
"2641","FINAL_EMSDM_EMMEAN_SP_212810.parquet"
"2642","FINAL_EMSDM_EMMEAN_SP_212811.parquet"
"2643","FINAL_EMSDM_EMMEAN_SP_212812.parquet"
"2644","FINAL_EMSDM_EMMEAN_SP_212814.parquet"
"2645","FINAL_EMSDM_EMMEAN_SP_212815.parquet"
"2646","FINAL_EMSDM_EMMEAN_SP_212817.parquet"
"2647","FINAL_EMSDM_EMMEAN_SP_212819.parquet"
"2648","FINAL_EMSDM_EMMEAN_SP_212820.parquet"
"2649","FINAL_EMSDM_EMMEAN_SP_212821.parquet"
"2650","FINAL_EMSDM_EMMEAN_SP_212822.parquet"
"2651","FINAL_EMSDM_EMMEAN_SP_212824.parquet"
"2652","FINAL_EMSDM_EMMEAN_SP_212843.parquet"
"2653","FINAL_EMSDM_EMMEAN_SP_212844.parquet"
"2654","FINAL_EMSDM_EMMEAN_SP_212846.parquet"
"2655","FINAL_EMSDM_EMMEAN_SP_212848.parquet"
"2656","FINAL_EMSDM_EMMEAN_SP_212849.parquet"
"2657","FINAL_EMSDM_EMMEAN_SP_212853.parquet"
"2658","FINAL_EMSDM_EMMEAN_SP_212854.parquet"
"2659","FINAL_EMSDM_EMMEAN_SP_212855.parquet"
"2660","FINAL_EMSDM_EMMEAN_SP_212856.parquet"
"2661","FINAL_EMSDM_EMMEAN_SP_212859.parquet"
"2662","FINAL_EMSDM_EMMEAN_SP_212862.parquet"
"2663","FINAL_EMSDM_EMMEAN_SP_212870.parquet"
"2664","FINAL_EMSDM_EMMEAN_SP_212871.parquet"
"2665","FINAL_EMSDM_EMMEAN_SP_212878.parquet"
"2666","FINAL_EMSDM_EMMEAN_SP_212879.parquet"
"2667","FINAL_EMSDM_EMMEAN_SP_212881.parquet"
"2668","FINAL_EMSDM_EMMEAN_SP_212885.parquet"
"2669","FINAL_EMSDM_EMMEAN_SP_212888.parquet"
"2670","FINAL_EMSDM_EMMEAN_SP_212961.parquet"
"2671","FINAL_EMSDM_EMMEAN_SP_212964.parquet"
"2672","FINAL_EMSDM_EMMEAN_SP_212966.parquet"
"2673","FINAL_EMSDM_EMMEAN_SP_212968.parquet"
"2674","FINAL_EMSDM_EMMEAN_SP_212971.parquet"
"2675","FINAL_EMSDM_EMMEAN_SP_212975.parquet"
"2676","FINAL_EMSDM_EMMEAN_SP_212977.parquet"
"2677","FINAL_EMSDM_EMMEAN_SP_212981.parquet"
"2678","FINAL_EMSDM_EMMEAN_SP_212985.parquet"
"2679","FINAL_EMSDM_EMMEAN_SP_212990.parquet"
"2680","FINAL_EMSDM_EMMEAN_SP_212991.parquet"
"2681","FINAL_EMSDM_EMMEAN_SP_212993.parquet"
"2682","FINAL_EMSDM_EMMEAN_SP_212995.parquet"
"2683","FINAL_EMSDM_EMMEAN_SP_213640.parquet"
"2684","FINAL_EMSDM_EMMEAN_SP_213641.parquet"
"2685","FINAL_EMSDM_EMMEAN_SP_213642.parquet"
"2686","FINAL_EMSDM_EMMEAN_SP_213656.parquet"
"2687","FINAL_EMSDM_EMMEAN_SP_213657.parquet"
"2688","FINAL_EMSDM_EMMEAN_SP_213658.parquet"
"2689","FINAL_EMSDM_EMMEAN_SP_213659.parquet"
"2690","FINAL_EMSDM_EMMEAN_SP_213660.parquet"
"2691","FINAL_EMSDM_EMMEAN_SP_213661.parquet"
"2692","FINAL_EMSDM_EMMEAN_SP_213662.parquet"
"2693","FINAL_EMSDM_EMMEAN_SP_214557.parquet"
"2694","FINAL_EMSDM_EMMEAN_SP_214558.parquet"
"2695","FINAL_EMSDM_EMMEAN_SP_214560.parquet"
"2696","FINAL_EMSDM_EMMEAN_SP_214561.parquet"
"2697","FINAL_EMSDM_EMMEAN_SP_214688.parquet"
"2698","FINAL_EMSDM_EMMEAN_SP_214689.parquet"
"2699","FINAL_EMSDM_EMMEAN_SP_214690.parquet"
"2700","FINAL_EMSDM_EMMEAN_SP_214691.parquet"
"2701","FINAL_EMSDM_EMMEAN_SP_214692.parquet"
"2702","FINAL_EMSDM_EMMEAN_SP_214693.parquet"
"2703","FINAL_EMSDM_EMMEAN_SP_214694.parquet"
"2704","FINAL_EMSDM_EMMEAN_SP_215428.parquet"
"2705","FINAL_EMSDM_EMMEAN_SP_215429.parquet"
"2706","FINAL_EMSDM_EMMEAN_SP_215430.parquet"
"2707","FINAL_EMSDM_EMMEAN_SP_215431.parquet"
"2708","FINAL_EMSDM_EMMEAN_SP_215432.parquet"
"2709","FINAL_EMSDM_EMMEAN_SP_215433.parquet"
"2710","FINAL_EMSDM_EMMEAN_SP_215434.parquet"
"2711","FINAL_EMSDM_EMMEAN_SP_215435.parquet"
"2712","FINAL_EMSDM_EMMEAN_SP_215436.parquet"
"2713","FINAL_EMSDM_EMMEAN_SP_215437.parquet"
"2714","FINAL_EMSDM_EMMEAN_SP_215438.parquet"
"2715","FINAL_EMSDM_EMMEAN_SP_215439.parquet"
"2716","FINAL_EMSDM_EMMEAN_SP_215441.parquet"
"2717","FINAL_EMSDM_EMMEAN_SP_215442.parquet"
"2718","FINAL_EMSDM_EMMEAN_SP_215445.parquet"
"2719","FINAL_EMSDM_EMMEAN_SP_215446.parquet"
"2720","FINAL_EMSDM_EMMEAN_SP_215448.parquet"
"2721","FINAL_EMSDM_EMMEAN_SP_215450.parquet"
"2722","FINAL_EMSDM_EMMEAN_SP_215451.parquet"
"2723","FINAL_EMSDM_EMMEAN_SP_215454.parquet"
"2724","FINAL_EMSDM_EMMEAN_SP_215455.parquet"
"2725","FINAL_EMSDM_EMMEAN_SP_215457.parquet"
"2726","FINAL_EMSDM_EMMEAN_SP_215458.parquet"
"2727","FINAL_EMSDM_EMMEAN_SP_215459.parquet"
"2728","FINAL_EMSDM_EMMEAN_SP_215461.parquet"
"2729","FINAL_EMSDM_EMMEAN_SP_215462.parquet"
"2730","FINAL_EMSDM_EMMEAN_SP_215464.parquet"
"2731","FINAL_EMSDM_EMMEAN_SP_215465.parquet"
"2732","FINAL_EMSDM_EMMEAN_SP_215466.parquet"
"2733","FINAL_EMSDM_EMMEAN_SP_215467.parquet"
"2734","FINAL_EMSDM_EMMEAN_SP_215469.parquet"
"2735","FINAL_EMSDM_EMMEAN_SP_215471.parquet"
"2736","FINAL_EMSDM_EMMEAN_SP_215474.parquet"
"2737","FINAL_EMSDM_EMMEAN_SP_215475.parquet"
"2738","FINAL_EMSDM_EMMEAN_SP_215476.parquet"
"2739","FINAL_EMSDM_EMMEAN_SP_215478.parquet"
"2740","FINAL_EMSDM_EMMEAN_SP_215479.parquet"
"2741","FINAL_EMSDM_EMMEAN_SP_215480.parquet"
"2742","FINAL_EMSDM_EMMEAN_SP_215482.parquet"
"2743","FINAL_EMSDM_EMMEAN_SP_215484.parquet"
"2744","FINAL_EMSDM_EMMEAN_SP_215487.parquet"
"2745","FINAL_EMSDM_EMMEAN_SP_215488.parquet"
"2746","FINAL_EMSDM_EMMEAN_SP_215490.parquet"
"2747","FINAL_EMSDM_EMMEAN_SP_215491.parquet"
"2748","FINAL_EMSDM_EMMEAN_SP_215492.parquet"
"2749","FINAL_EMSDM_EMMEAN_SP_215493.parquet"
"2750","FINAL_EMSDM_EMMEAN_SP_215495.parquet"
"2751","FINAL_EMSDM_EMMEAN_SP_215497.parquet"
"2752","FINAL_EMSDM_EMMEAN_SP_215498.parquet"
"2753","FINAL_EMSDM_EMMEAN_SP_215499.parquet"
"2754","FINAL_EMSDM_EMMEAN_SP_215500.parquet"
"2755","FINAL_EMSDM_EMMEAN_SP_215501.parquet"
"2756","FINAL_EMSDM_EMMEAN_SP_215502.parquet"
"2757","FINAL_EMSDM_EMMEAN_SP_215503.parquet"
"2758","FINAL_EMSDM_EMMEAN_SP_215505.parquet"
"2759","FINAL_EMSDM_EMMEAN_SP_215510.parquet"
"2760","FINAL_EMSDM_EMMEAN_SP_215511.parquet"
"2761","FINAL_EMSDM_EMMEAN_SP_215513.parquet"
"2762","FINAL_EMSDM_EMMEAN_SP_215514.parquet"
"2763","FINAL_EMSDM_EMMEAN_SP_215515.parquet"
"2764","FINAL_EMSDM_EMMEAN_SP_215516.parquet"
"2765","FINAL_EMSDM_EMMEAN_SP_215517.parquet"
"2766","FINAL_EMSDM_EMMEAN_SP_215518.parquet"
"2767","FINAL_EMSDM_EMMEAN_SP_215519.parquet"
"2768","FINAL_EMSDM_EMMEAN_SP_215520.parquet"
"2769","FINAL_EMSDM_EMMEAN_SP_215522.parquet"
"2770","FINAL_EMSDM_EMMEAN_SP_215525.parquet"
"2771","FINAL_EMSDM_EMMEAN_SP_215529.parquet"
"2772","FINAL_EMSDM_EMMEAN_SP_215530.parquet"
"2773","FINAL_EMSDM_EMMEAN_SP_215531.parquet"
"2774","FINAL_EMSDM_EMMEAN_SP_215532.parquet"
"2775","FINAL_EMSDM_EMMEAN_SP_215533.parquet"
"2776","FINAL_EMSDM_EMMEAN_SP_215537.parquet"
"2777","FINAL_EMSDM_EMMEAN_SP_215538.parquet"
"2778","FINAL_EMSDM_EMMEAN_SP_215539.parquet"
"2779","FINAL_EMSDM_EMMEAN_SP_215541.parquet"
"2780","FINAL_EMSDM_EMMEAN_SP_215542.parquet"
"2781","FINAL_EMSDM_EMMEAN_SP_215543.parquet"
"2782","FINAL_EMSDM_EMMEAN_SP_215546.parquet"
"2783","FINAL_EMSDM_EMMEAN_SP_215548.parquet"
"2784","FINAL_EMSDM_EMMEAN_SP_215550.parquet"
"2785","FINAL_EMSDM_EMMEAN_SP_215555.parquet"
"2786","FINAL_EMSDM_EMMEAN_SP_215557.parquet"
"2787","FINAL_EMSDM_EMMEAN_SP_215558.parquet"
"2788","FINAL_EMSDM_EMMEAN_SP_215559.parquet"
"2789","FINAL_EMSDM_EMMEAN_SP_215560.parquet"
"2790","FINAL_EMSDM_EMMEAN_SP_215561.parquet"
"2791","FINAL_EMSDM_EMMEAN_SP_215566.parquet"
"2792","FINAL_EMSDM_EMMEAN_SP_215567.parquet"
"2793","FINAL_EMSDM_EMMEAN_SP_215568.parquet"
"2794","FINAL_EMSDM_EMMEAN_SP_215569.parquet"
"2795","FINAL_EMSDM_EMMEAN_SP_215571.parquet"
"2796","FINAL_EMSDM_EMMEAN_SP_215573.parquet"
"2797","FINAL_EMSDM_EMMEAN_SP_215598.parquet"
"2798","FINAL_EMSDM_EMMEAN_SP_215600.parquet"
"2799","FINAL_EMSDM_EMMEAN_SP_215601.parquet"
"2800","FINAL_EMSDM_EMMEAN_SP_215602.parquet"
"2801","FINAL_EMSDM_EMMEAN_SP_215603.parquet"
"2802","FINAL_EMSDM_EMMEAN_SP_215604.parquet"
"2803","FINAL_EMSDM_EMMEAN_SP_215605.parquet"
"2804","FINAL_EMSDM_EMMEAN_SP_215606.parquet"
"2805","FINAL_EMSDM_EMMEAN_SP_215607.parquet"
"2806","FINAL_EMSDM_EMMEAN_SP_215608.parquet"
"2807","FINAL_EMSDM_EMMEAN_SP_215609.parquet"
"2808","FINAL_EMSDM_EMMEAN_SP_215610.parquet"
"2809","FINAL_EMSDM_EMMEAN_SP_215611.parquet"
"2810","FINAL_EMSDM_EMMEAN_SP_215612.parquet"
"2811","FINAL_EMSDM_EMMEAN_SP_215613.parquet"
"2812","FINAL_EMSDM_EMMEAN_SP_215615.parquet"
"2813","FINAL_EMSDM_EMMEAN_SP_215616.parquet"
"2814","FINAL_EMSDM_EMMEAN_SP_215617.parquet"
"2815","FINAL_EMSDM_EMMEAN_SP_215622.parquet"
"2816","FINAL_EMSDM_EMMEAN_SP_215623.parquet"
"2817","FINAL_EMSDM_EMMEAN_SP_215627.parquet"
"2818","FINAL_EMSDM_EMMEAN_SP_216131.parquet"
"2819","FINAL_EMSDM_EMMEAN_SP_216132.parquet"
"2820","FINAL_EMSDM_EMMEAN_SP_216134.parquet"
"2821","FINAL_EMSDM_EMMEAN_SP_216135.parquet"
"2822","FINAL_EMSDM_EMMEAN_SP_216146.parquet"
"2823","FINAL_EMSDM_EMMEAN_SP_217335.parquet"
"2824","FINAL_EMSDM_EMMEAN_SP_217336.parquet"
"2825","FINAL_EMSDM_EMMEAN_SP_217337.parquet"
"2826","FINAL_EMSDM_EMMEAN_SP_217339.parquet"
"2827","FINAL_EMSDM_EMMEAN_SP_217340.parquet"
"2828","FINAL_EMSDM_EMMEAN_SP_217341.parquet"
"2829","FINAL_EMSDM_EMMEAN_SP_217342.parquet"
"2830","FINAL_EMSDM_EMMEAN_SP_217347.parquet"
"2831","FINAL_EMSDM_EMMEAN_SP_217348.parquet"
"2832","FINAL_EMSDM_EMMEAN_SP_217350.parquet"
"2833","FINAL_EMSDM_EMMEAN_SP_217352.parquet"
"2834","FINAL_EMSDM_EMMEAN_SP_217355.parquet"
"2835","FINAL_EMSDM_EMMEAN_SP_217356.parquet"
"2836","FINAL_EMSDM_EMMEAN_SP_217359.parquet"
"2837","FINAL_EMSDM_EMMEAN_SP_217364.parquet"
"2838","FINAL_EMSDM_EMMEAN_SP_217366.parquet"
"2839","FINAL_EMSDM_EMMEAN_SP_217367.parquet"
"2840","FINAL_EMSDM_EMMEAN_SP_217371.parquet"
"2841","FINAL_EMSDM_EMMEAN_SP_217372.parquet"
"2842","FINAL_EMSDM_EMMEAN_SP_217373.parquet"
"2843","FINAL_EMSDM_EMMEAN_SP_217374.parquet"
"2844","FINAL_EMSDM_EMMEAN_SP_217375.parquet"
"2845","FINAL_EMSDM_EMMEAN_SP_217378.parquet"
"2846","FINAL_EMSDM_EMMEAN_SP_217379.parquet"
"2847","FINAL_EMSDM_EMMEAN_SP_217380.parquet"
"2848","FINAL_EMSDM_EMMEAN_SP_217381.parquet"
"2849","FINAL_EMSDM_EMMEAN_SP_217383.parquet"
"2850","FINAL_EMSDM_EMMEAN_SP_217384.parquet"
"2851","FINAL_EMSDM_EMMEAN_SP_217385.parquet"
"2852","FINAL_EMSDM_EMMEAN_SP_217386.parquet"
"2853","FINAL_EMSDM_EMMEAN_SP_217388.parquet"
"2854","FINAL_EMSDM_EMMEAN_SP_217389.parquet"
"2855","FINAL_EMSDM_EMMEAN_SP_217390.parquet"
"2856","FINAL_EMSDM_EMMEAN_SP_217391.parquet"
"2857","FINAL_EMSDM_EMMEAN_SP_217392.parquet"
"2858","FINAL_EMSDM_EMMEAN_SP_217393.parquet"
"2859","FINAL_EMSDM_EMMEAN_SP_217394.parquet"
"2860","FINAL_EMSDM_EMMEAN_SP_217395.parquet"
"2861","FINAL_EMSDM_EMMEAN_SP_217396.parquet"
"2862","FINAL_EMSDM_EMMEAN_SP_217397.parquet"
"2863","FINAL_EMSDM_EMMEAN_SP_217398.parquet"
"2864","FINAL_EMSDM_EMMEAN_SP_217399.parquet"
"2865","FINAL_EMSDM_EMMEAN_SP_217400.parquet"
"2866","FINAL_EMSDM_EMMEAN_SP_217408.parquet"
"2867","FINAL_EMSDM_EMMEAN_SP_217409.parquet"
"2868","FINAL_EMSDM_EMMEAN_SP_217410.parquet"
"2869","FINAL_EMSDM_EMMEAN_SP_217411.parquet"
"2870","FINAL_EMSDM_EMMEAN_SP_217413.parquet"
"2871","FINAL_EMSDM_EMMEAN_SP_217419.parquet"
"2872","FINAL_EMSDM_EMMEAN_SP_217422.parquet"
"2873","FINAL_EMSDM_EMMEAN_SP_217424.parquet"
"2874","FINAL_EMSDM_EMMEAN_SP_217426.parquet"
"2875","FINAL_EMSDM_EMMEAN_SP_217427.parquet"
"2876","FINAL_EMSDM_EMMEAN_SP_217428.parquet"
"2877","FINAL_EMSDM_EMMEAN_SP_217429.parquet"
"2878","FINAL_EMSDM_EMMEAN_SP_217430.parquet"
"2879","FINAL_EMSDM_EMMEAN_SP_217434.parquet"
"2880","FINAL_EMSDM_EMMEAN_SP_217436.parquet"
"2881","FINAL_EMSDM_EMMEAN_SP_217437.parquet"
"2882","FINAL_EMSDM_EMMEAN_SP_217439.parquet"
"2883","FINAL_EMSDM_EMMEAN_SP_217440.parquet"
"2884","FINAL_EMSDM_EMMEAN_SP_217441.parquet"
"2885","FINAL_EMSDM_EMMEAN_SP_217442.parquet"
"2886","FINAL_EMSDM_EMMEAN_SP_217448.parquet"
"2887","FINAL_EMSDM_EMMEAN_SP_217449.parquet"
"2888","FINAL_EMSDM_EMMEAN_SP_217450.parquet"
"2889","FINAL_EMSDM_EMMEAN_SP_217452.parquet"
"2890","FINAL_EMSDM_EMMEAN_SP_217454.parquet"
"2891","FINAL_EMSDM_EMMEAN_SP_217455.parquet"
"2892","FINAL_EMSDM_EMMEAN_SP_217456.parquet"
"2893","FINAL_EMSDM_EMMEAN_SP_217457.parquet"
"2894","FINAL_EMSDM_EMMEAN_SP_217458.parquet"
"2895","FINAL_EMSDM_EMMEAN_SP_217459.parquet"
"2896","FINAL_EMSDM_EMMEAN_SP_217462.parquet"
"2897","FINAL_EMSDM_EMMEAN_SP_217463.parquet"
"2898","FINAL_EMSDM_EMMEAN_SP_217464.parquet"
"2899","FINAL_EMSDM_EMMEAN_SP_217465.parquet"
"2900","FINAL_EMSDM_EMMEAN_SP_217466.parquet"
"2901","FINAL_EMSDM_EMMEAN_SP_217467.parquet"
"2902","FINAL_EMSDM_EMMEAN_SP_217469.parquet"
"2903","FINAL_EMSDM_EMMEAN_SP_217470.parquet"
"2904","FINAL_EMSDM_EMMEAN_SP_217472.parquet"
"2905","FINAL_EMSDM_EMMEAN_SP_217473.parquet"
"2906","FINAL_EMSDM_EMMEAN_SP_217474.parquet"
"2907","FINAL_EMSDM_EMMEAN_SP_217475.parquet"
"2908","FINAL_EMSDM_EMMEAN_SP_217476.parquet"
"2909","FINAL_EMSDM_EMMEAN_SP_217477.parquet"
"2910","FINAL_EMSDM_EMMEAN_SP_217478.parquet"
"2911","FINAL_EMSDM_EMMEAN_SP_217479.parquet"
"2912","FINAL_EMSDM_EMMEAN_SP_217480.parquet"
"2913","FINAL_EMSDM_EMMEAN_SP_217481.parquet"
"2914","FINAL_EMSDM_EMMEAN_SP_217482.parquet"
"2915","FINAL_EMSDM_EMMEAN_SP_217483.parquet"
"2916","FINAL_EMSDM_EMMEAN_SP_217485.parquet"
"2917","FINAL_EMSDM_EMMEAN_SP_217486.parquet"
"2918","FINAL_EMSDM_EMMEAN_SP_217487.parquet"
"2919","FINAL_EMSDM_EMMEAN_SP_217488.parquet"
"2920","FINAL_EMSDM_EMMEAN_SP_217489.parquet"
"2921","FINAL_EMSDM_EMMEAN_SP_217491.parquet"
"2922","FINAL_EMSDM_EMMEAN_SP_217493.parquet"
"2923","FINAL_EMSDM_EMMEAN_SP_217495.parquet"
"2924","FINAL_EMSDM_EMMEAN_SP_217496.parquet"
"2925","FINAL_EMSDM_EMMEAN_SP_217498.parquet"
"2926","FINAL_EMSDM_EMMEAN_SP_217499.parquet"
"2927","FINAL_EMSDM_EMMEAN_SP_217500.parquet"
"2928","FINAL_EMSDM_EMMEAN_SP_217502.parquet"
"2929","FINAL_EMSDM_EMMEAN_SP_217503.parquet"
"2930","FINAL_EMSDM_EMMEAN_SP_217504.parquet"
"2931","FINAL_EMSDM_EMMEAN_SP_217505.parquet"
"2932","FINAL_EMSDM_EMMEAN_SP_217506.parquet"
"2933","FINAL_EMSDM_EMMEAN_SP_217508.parquet"
"2934","FINAL_EMSDM_EMMEAN_SP_217509.parquet"
"2935","FINAL_EMSDM_EMMEAN_SP_217511.parquet"
"2936","FINAL_EMSDM_EMMEAN_SP_217528.parquet"
"2937","FINAL_EMSDM_EMMEAN_SP_217529.parquet"
"2938","FINAL_EMSDM_EMMEAN_SP_217530.parquet"
"2939","FINAL_EMSDM_EMMEAN_SP_217531.parquet"
"2940","FINAL_EMSDM_EMMEAN_SP_217536.parquet"
"2941","FINAL_EMSDM_EMMEAN_SP_217538.parquet"
"2942","FINAL_EMSDM_EMMEAN_SP_217539.parquet"
"2943","FINAL_EMSDM_EMMEAN_SP_217540.parquet"
"2944","FINAL_EMSDM_EMMEAN_SP_217541.parquet"
"2945","FINAL_EMSDM_EMMEAN_SP_217542.parquet"
"2946","FINAL_EMSDM_EMMEAN_SP_217543.parquet"
"2947","FINAL_EMSDM_EMMEAN_SP_217544.parquet"
"2948","FINAL_EMSDM_EMMEAN_SP_217545.parquet"
"2949","FINAL_EMSDM_EMMEAN_SP_217546.parquet"
"2950","FINAL_EMSDM_EMMEAN_SP_217547.parquet"
"2951","FINAL_EMSDM_EMMEAN_SP_217548.parquet"
"2952","FINAL_EMSDM_EMMEAN_SP_217549.parquet"
"2953","FINAL_EMSDM_EMMEAN_SP_217550.parquet"
"2954","FINAL_EMSDM_EMMEAN_SP_217551.parquet"
"2955","FINAL_EMSDM_EMMEAN_SP_217552.parquet"
"2956","FINAL_EMSDM_EMMEAN_SP_217556.parquet"
"2957","FINAL_EMSDM_EMMEAN_SP_217557.parquet"
"2958","FINAL_EMSDM_EMMEAN_SP_217558.parquet"
"2959","FINAL_EMSDM_EMMEAN_SP_217559.parquet"
"2960","FINAL_EMSDM_EMMEAN_SP_217560.parquet"
"2961","FINAL_EMSDM_EMMEAN_SP_217563.parquet"
"2962","FINAL_EMSDM_EMMEAN_SP_217564.parquet"
"2963","FINAL_EMSDM_EMMEAN_SP_217565.parquet"
"2964","FINAL_EMSDM_EMMEAN_SP_217566.parquet"
"2965","FINAL_EMSDM_EMMEAN_SP_217567.parquet"
"2966","FINAL_EMSDM_EMMEAN_SP_217568.parquet"
"2967","FINAL_EMSDM_EMMEAN_SP_217570.parquet"
"2968","FINAL_EMSDM_EMMEAN_SP_217572.parquet"
"2969","FINAL_EMSDM_EMMEAN_SP_217574.parquet"
"2970","FINAL_EMSDM_EMMEAN_SP_217578.parquet"
"2971","FINAL_EMSDM_EMMEAN_SP_217579.parquet"
"2972","FINAL_EMSDM_EMMEAN_SP_217581.parquet"
"2973","FINAL_EMSDM_EMMEAN_SP_217582.parquet"
"2974","FINAL_EMSDM_EMMEAN_SP_217583.parquet"
"2975","FINAL_EMSDM_EMMEAN_SP_217584.parquet"
"2976","FINAL_EMSDM_EMMEAN_SP_217585.parquet"
"2977","FINAL_EMSDM_EMMEAN_SP_217587.parquet"
"2978","FINAL_EMSDM_EMMEAN_SP_217588.parquet"
"2979","FINAL_EMSDM_EMMEAN_SP_217589.parquet"
"2980","FINAL_EMSDM_EMMEAN_SP_217591.parquet"
"2981","FINAL_EMSDM_EMMEAN_SP_217592.parquet"
"2982","FINAL_EMSDM_EMMEAN_SP_217593.parquet"
"2983","FINAL_EMSDM_EMMEAN_SP_217594.parquet"
"2984","FINAL_EMSDM_EMMEAN_SP_217595.parquet"
"2985","FINAL_EMSDM_EMMEAN_SP_217596.parquet"
"2986","FINAL_EMSDM_EMMEAN_SP_217597.parquet"
"2987","FINAL_EMSDM_EMMEAN_SP_217598.parquet"
"2988","FINAL_EMSDM_EMMEAN_SP_217599.parquet"
"2989","FINAL_EMSDM_EMMEAN_SP_217600.parquet"
"2990","FINAL_EMSDM_EMMEAN_SP_217601.parquet"
"2991","FINAL_EMSDM_EMMEAN_SP_217603.parquet"
"2992","FINAL_EMSDM_EMMEAN_SP_217604.parquet"
"2993","FINAL_EMSDM_EMMEAN_SP_217605.parquet"
"2994","FINAL_EMSDM_EMMEAN_SP_217607.parquet"
"2995","FINAL_EMSDM_EMMEAN_SP_217608.parquet"
"2996","FINAL_EMSDM_EMMEAN_SP_217610.parquet"
"2997","FINAL_EMSDM_EMMEAN_SP_217612.parquet"
"2998","FINAL_EMSDM_EMMEAN_SP_217614.parquet"
"2999","FINAL_EMSDM_EMMEAN_SP_217615.parquet"
"3000","FINAL_EMSDM_EMMEAN_SP_217616.parquet"
"3001","FINAL_EMSDM_EMMEAN_SP_217617.parquet"
"3002","FINAL_EMSDM_EMMEAN_SP_217618.parquet"
"3003","FINAL_EMSDM_EMMEAN_SP_217619.parquet"
"3004","FINAL_EMSDM_EMMEAN_SP_217621.parquet"
"3005","FINAL_EMSDM_EMMEAN_SP_217622.parquet"
"3006","FINAL_EMSDM_EMMEAN_SP_217623.parquet"
"3007","FINAL_EMSDM_EMMEAN_SP_217625.parquet"
"3008","FINAL_EMSDM_EMMEAN_SP_217626.parquet"
"3009","FINAL_EMSDM_EMMEAN_SP_217628.parquet"
"3010","FINAL_EMSDM_EMMEAN_SP_217632.parquet"
"3011","FINAL_EMSDM_EMMEAN_SP_217634.parquet"
"3012","FINAL_EMSDM_EMMEAN_SP_217635.parquet"
"3013","FINAL_EMSDM_EMMEAN_SP_217636.parquet"
"3014","FINAL_EMSDM_EMMEAN_SP_217637.parquet"
"3015","FINAL_EMSDM_EMMEAN_SP_217638.parquet"
"3016","FINAL_EMSDM_EMMEAN_SP_217640.parquet"
"3017","FINAL_EMSDM_EMMEAN_SP_217641.parquet"
"3018","FINAL_EMSDM_EMMEAN_SP_217643.parquet"
"3019","FINAL_EMSDM_EMMEAN_SP_217644.parquet"
"3020","FINAL_EMSDM_EMMEAN_SP_217645.parquet"
"3021","FINAL_EMSDM_EMMEAN_SP_217646.parquet"
"3022","FINAL_EMSDM_EMMEAN_SP_217647.parquet"
"3023","FINAL_EMSDM_EMMEAN_SP_217648.parquet"
"3024","FINAL_EMSDM_EMMEAN_SP_217649.parquet"
"3025","FINAL_EMSDM_EMMEAN_SP_217650.parquet"
"3026","FINAL_EMSDM_EMMEAN_SP_217651.parquet"
"3027","FINAL_EMSDM_EMMEAN_SP_217652.parquet"
"3028","FINAL_EMSDM_EMMEAN_SP_217659.parquet"
"3029","FINAL_EMSDM_EMMEAN_SP_217661.parquet"
"3030","FINAL_EMSDM_EMMEAN_SP_217662.parquet"
"3031","FINAL_EMSDM_EMMEAN_SP_217663.parquet"
"3032","FINAL_EMSDM_EMMEAN_SP_217664.parquet"
"3033","FINAL_EMSDM_EMMEAN_SP_217665.parquet"
"3034","FINAL_EMSDM_EMMEAN_SP_217666.parquet"
"3035","FINAL_EMSDM_EMMEAN_SP_217667.parquet"
"3036","FINAL_EMSDM_EMMEAN_SP_217668.parquet"
"3037","FINAL_EMSDM_EMMEAN_SP_217669.parquet"
"3038","FINAL_EMSDM_EMMEAN_SP_217670.parquet"
"3039","FINAL_EMSDM_EMMEAN_SP_217672.parquet"
"3040","FINAL_EMSDM_EMMEAN_SP_217673.parquet"
"3041","FINAL_EMSDM_EMMEAN_SP_217676.parquet"
"3042","FINAL_EMSDM_EMMEAN_SP_217679.parquet"
"3043","FINAL_EMSDM_EMMEAN_SP_217680.parquet"
"3044","FINAL_EMSDM_EMMEAN_SP_217681.parquet"
"3045","FINAL_EMSDM_EMMEAN_SP_217682.parquet"
"3046","FINAL_EMSDM_EMMEAN_SP_217683.parquet"
"3047","FINAL_EMSDM_EMMEAN_SP_217684.parquet"
"3048","FINAL_EMSDM_EMMEAN_SP_217685.parquet"
"3049","FINAL_EMSDM_EMMEAN_SP_217686.parquet"
"3050","FINAL_EMSDM_EMMEAN_SP_217687.parquet"
"3051","FINAL_EMSDM_EMMEAN_SP_217688.parquet"
"3052","FINAL_EMSDM_EMMEAN_SP_217689.parquet"
"3053","FINAL_EMSDM_EMMEAN_SP_217690.parquet"
"3054","FINAL_EMSDM_EMMEAN_SP_217691.parquet"
"3055","FINAL_EMSDM_EMMEAN_SP_217692.parquet"
"3056","FINAL_EMSDM_EMMEAN_SP_217693.parquet"
"3057","FINAL_EMSDM_EMMEAN_SP_217694.parquet"
"3058","FINAL_EMSDM_EMMEAN_SP_217695.parquet"
"3059","FINAL_EMSDM_EMMEAN_SP_217696.parquet"
"3060","FINAL_EMSDM_EMMEAN_SP_217697.parquet"
"3061","FINAL_EMSDM_EMMEAN_SP_217698.parquet"
"3062","FINAL_EMSDM_EMMEAN_SP_217699.parquet"
"3063","FINAL_EMSDM_EMMEAN_SP_217700.parquet"
"3064","FINAL_EMSDM_EMMEAN_SP_217701.parquet"
"3065","FINAL_EMSDM_EMMEAN_SP_217702.parquet"
"3066","FINAL_EMSDM_EMMEAN_SP_217703.parquet"
"3067","FINAL_EMSDM_EMMEAN_SP_217704.parquet"
"3068","FINAL_EMSDM_EMMEAN_SP_217705.parquet"
"3069","FINAL_EMSDM_EMMEAN_SP_217706.parquet"
"3070","FINAL_EMSDM_EMMEAN_SP_217707.parquet"
"3071","FINAL_EMSDM_EMMEAN_SP_217708.parquet"
"3072","FINAL_EMSDM_EMMEAN_SP_217709.parquet"
"3073","FINAL_EMSDM_EMMEAN_SP_217710.parquet"
"3074","FINAL_EMSDM_EMMEAN_SP_217715.parquet"
"3075","FINAL_EMSDM_EMMEAN_SP_217716.parquet"
"3076","FINAL_EMSDM_EMMEAN_SP_217717.parquet"
"3077","FINAL_EMSDM_EMMEAN_SP_217718.parquet"
"3078","FINAL_EMSDM_EMMEAN_SP_217719.parquet"
"3079","FINAL_EMSDM_EMMEAN_SP_217720.parquet"
"3080","FINAL_EMSDM_EMMEAN_SP_217721.parquet"
"3081","FINAL_EMSDM_EMMEAN_SP_217723.parquet"
"3082","FINAL_EMSDM_EMMEAN_SP_217724.parquet"
"3083","FINAL_EMSDM_EMMEAN_SP_217725.parquet"
"3084","FINAL_EMSDM_EMMEAN_SP_217726.parquet"
"3085","FINAL_EMSDM_EMMEAN_SP_217741.parquet"
"3086","FINAL_EMSDM_EMMEAN_SP_217746.parquet"
"3087","FINAL_EMSDM_EMMEAN_SP_217761.parquet"
"3088","FINAL_EMSDM_EMMEAN_SP_217777.parquet"
"3089","FINAL_EMSDM_EMMEAN_SP_217795.parquet"
"3090","FINAL_EMSDM_EMMEAN_SP_217796.parquet"
"3091","FINAL_EMSDM_EMMEAN_SP_217797.parquet"
"3092","FINAL_EMSDM_EMMEAN_SP_217798.parquet"
"3093","FINAL_EMSDM_EMMEAN_SP_217799.parquet"
"3094","FINAL_EMSDM_EMMEAN_SP_217802.parquet"
"3095","FINAL_EMSDM_EMMEAN_SP_217804.parquet"
"3096","FINAL_EMSDM_EMMEAN_SP_217806.parquet"
"3097","FINAL_EMSDM_EMMEAN_SP_217808.parquet"
"3098","FINAL_EMSDM_EMMEAN_SP_217811.parquet"
"3099","FINAL_EMSDM_EMMEAN_SP_217816.parquet"
"3100","FINAL_EMSDM_EMMEAN_SP_217819.parquet"
"3101","FINAL_EMSDM_EMMEAN_SP_217820.parquet"
"3102","FINAL_EMSDM_EMMEAN_SP_217823.parquet"
"3103","FINAL_EMSDM_EMMEAN_SP_217827.parquet"
"3104","FINAL_EMSDM_EMMEAN_SP_217828.parquet"
"3105","FINAL_EMSDM_EMMEAN_SP_217830.parquet"
"3106","FINAL_EMSDM_EMMEAN_SP_217831.parquet"
"3107","FINAL_EMSDM_EMMEAN_SP_217833.parquet"
"3108","FINAL_EMSDM_EMMEAN_SP_217834.parquet"
"3109","FINAL_EMSDM_EMMEAN_SP_217835.parquet"
"3110","FINAL_EMSDM_EMMEAN_SP_217836.parquet"
"3111","FINAL_EMSDM_EMMEAN_SP_217837.parquet"
"3112","FINAL_EMSDM_EMMEAN_SP_217838.parquet"
"3113","FINAL_EMSDM_EMMEAN_SP_217839.parquet"
"3114","FINAL_EMSDM_EMMEAN_SP_217841.parquet"
"3115","FINAL_EMSDM_EMMEAN_SP_217845.parquet"
"3116","FINAL_EMSDM_EMMEAN_SP_217850.parquet"
"3117","FINAL_EMSDM_EMMEAN_SP_217851.parquet"
"3118","FINAL_EMSDM_EMMEAN_SP_217852.parquet"
"3119","FINAL_EMSDM_EMMEAN_SP_217855.parquet"
"3120","FINAL_EMSDM_EMMEAN_SP_217856.parquet"
"3121","FINAL_EMSDM_EMMEAN_SP_217857.parquet"
"3122","FINAL_EMSDM_EMMEAN_SP_217861.parquet"
"3123","FINAL_EMSDM_EMMEAN_SP_217862.parquet"
"3124","FINAL_EMSDM_EMMEAN_SP_217863.parquet"
"3125","FINAL_EMSDM_EMMEAN_SP_217874.parquet"
"3126","FINAL_EMSDM_EMMEAN_SP_217883.parquet"
"3127","FINAL_EMSDM_EMMEAN_SP_217884.parquet"
"3128","FINAL_EMSDM_EMMEAN_SP_217885.parquet"
"3129","FINAL_EMSDM_EMMEAN_SP_217887.parquet"
"3130","FINAL_EMSDM_EMMEAN_SP_217888.parquet"
"3131","FINAL_EMSDM_EMMEAN_SP_217893.parquet"
"3132","FINAL_EMSDM_EMMEAN_SP_217894.parquet"
"3133","FINAL_EMSDM_EMMEAN_SP_217895.parquet"
"3134","FINAL_EMSDM_EMMEAN_SP_217896.parquet"
"3135","FINAL_EMSDM_EMMEAN_SP_217914.parquet"
"3136","FINAL_EMSDM_EMMEAN_SP_217915.parquet"
"3137","FINAL_EMSDM_EMMEAN_SP_217918.parquet"
"3138","FINAL_EMSDM_EMMEAN_SP_217919.parquet"
"3139","FINAL_EMSDM_EMMEAN_SP_217920.parquet"
"3140","FINAL_EMSDM_EMMEAN_SP_217922.parquet"
"3141","FINAL_EMSDM_EMMEAN_SP_217924.parquet"
"3142","FINAL_EMSDM_EMMEAN_SP_217925.parquet"
"3143","FINAL_EMSDM_EMMEAN_SP_217926.parquet"
"3144","FINAL_EMSDM_EMMEAN_SP_217927.parquet"
"3145","FINAL_EMSDM_EMMEAN_SP_217928.parquet"
"3146","FINAL_EMSDM_EMMEAN_SP_217929.parquet"
"3147","FINAL_EMSDM_EMMEAN_SP_217930.parquet"
"3148","FINAL_EMSDM_EMMEAN_SP_217931.parquet"
"3149","FINAL_EMSDM_EMMEAN_SP_217933.parquet"
"3150","FINAL_EMSDM_EMMEAN_SP_217934.parquet"
"3151","FINAL_EMSDM_EMMEAN_SP_217937.parquet"
"3152","FINAL_EMSDM_EMMEAN_SP_217938.parquet"
"3153","FINAL_EMSDM_EMMEAN_SP_217939.parquet"
"3154","FINAL_EMSDM_EMMEAN_SP_217940.parquet"
"3155","FINAL_EMSDM_EMMEAN_SP_217941.parquet"
"3156","FINAL_EMSDM_EMMEAN_SP_217942.parquet"
"3157","FINAL_EMSDM_EMMEAN_SP_217943.parquet"
"3158","FINAL_EMSDM_EMMEAN_SP_217944.parquet"
"3159","FINAL_EMSDM_EMMEAN_SP_217945.parquet"
"3160","FINAL_EMSDM_EMMEAN_SP_217946.parquet"
"3161","FINAL_EMSDM_EMMEAN_SP_217947.parquet"
"3162","FINAL_EMSDM_EMMEAN_SP_217949.parquet"
"3163","FINAL_EMSDM_EMMEAN_SP_217950.parquet"
"3164","FINAL_EMSDM_EMMEAN_SP_217951.parquet"
"3165","FINAL_EMSDM_EMMEAN_SP_217952.parquet"
"3166","FINAL_EMSDM_EMMEAN_SP_217953.parquet"
"3167","FINAL_EMSDM_EMMEAN_SP_217954.parquet"
"3168","FINAL_EMSDM_EMMEAN_SP_217958.parquet"
"3169","FINAL_EMSDM_EMMEAN_SP_217964.parquet"
"3170","FINAL_EMSDM_EMMEAN_SP_217966.parquet"
"3171","FINAL_EMSDM_EMMEAN_SP_217967.parquet"
"3172","FINAL_EMSDM_EMMEAN_SP_217968.parquet"
"3173","FINAL_EMSDM_EMMEAN_SP_217969.parquet"
"3174","FINAL_EMSDM_EMMEAN_SP_217970.parquet"
"3175","FINAL_EMSDM_EMMEAN_SP_217973.parquet"
"3176","FINAL_EMSDM_EMMEAN_SP_217974.parquet"
"3177","FINAL_EMSDM_EMMEAN_SP_217975.parquet"
"3178","FINAL_EMSDM_EMMEAN_SP_217976.parquet"
"3179","FINAL_EMSDM_EMMEAN_SP_217977.parquet"
"3180","FINAL_EMSDM_EMMEAN_SP_217979.parquet"
"3181","FINAL_EMSDM_EMMEAN_SP_217980.parquet"
"3182","FINAL_EMSDM_EMMEAN_SP_217982.parquet"
"3183","FINAL_EMSDM_EMMEAN_SP_217983.parquet"
"3184","FINAL_EMSDM_EMMEAN_SP_217984.parquet"
"3185","FINAL_EMSDM_EMMEAN_SP_217985.parquet"
"3186","FINAL_EMSDM_EMMEAN_SP_217987.parquet"
"3187","FINAL_EMSDM_EMMEAN_SP_217988.parquet"
"3188","FINAL_EMSDM_EMMEAN_SP_217989.parquet"
"3189","FINAL_EMSDM_EMMEAN_SP_217991.parquet"
"3190","FINAL_EMSDM_EMMEAN_SP_217992.parquet"
"3191","FINAL_EMSDM_EMMEAN_SP_217993.parquet"
"3192","FINAL_EMSDM_EMMEAN_SP_217995.parquet"
"3193","FINAL_EMSDM_EMMEAN_SP_217996.parquet"
"3194","FINAL_EMSDM_EMMEAN_SP_217997.parquet"
"3195","FINAL_EMSDM_EMMEAN_SP_217998.parquet"
"3196","FINAL_EMSDM_EMMEAN_SP_218003.parquet"
"3197","FINAL_EMSDM_EMMEAN_SP_218005.parquet"
"3198","FINAL_EMSDM_EMMEAN_SP_218006.parquet"
"3199","FINAL_EMSDM_EMMEAN_SP_218007.parquet"
"3200","FINAL_EMSDM_EMMEAN_SP_218008.parquet"
"3201","FINAL_EMSDM_EMMEAN_SP_218009.parquet"
"3202","FINAL_EMSDM_EMMEAN_SP_218010.parquet"
"3203","FINAL_EMSDM_EMMEAN_SP_218011.parquet"
"3204","FINAL_EMSDM_EMMEAN_SP_218012.parquet"
"3205","FINAL_EMSDM_EMMEAN_SP_218013.parquet"
"3206","FINAL_EMSDM_EMMEAN_SP_218016.parquet"
"3207","FINAL_EMSDM_EMMEAN_SP_218017.parquet"
"3208","FINAL_EMSDM_EMMEAN_SP_218018.parquet"
"3209","FINAL_EMSDM_EMMEAN_SP_218020.parquet"
"3210","FINAL_EMSDM_EMMEAN_SP_218024.parquet"
"3211","FINAL_EMSDM_EMMEAN_SP_218027.parquet"
"3212","FINAL_EMSDM_EMMEAN_SP_218028.parquet"
"3213","FINAL_EMSDM_EMMEAN_SP_218029.parquet"
"3214","FINAL_EMSDM_EMMEAN_SP_218030.parquet"
"3215","FINAL_EMSDM_EMMEAN_SP_218031.parquet"
"3216","FINAL_EMSDM_EMMEAN_SP_218032.parquet"
"3217","FINAL_EMSDM_EMMEAN_SP_218033.parquet"
"3218","FINAL_EMSDM_EMMEAN_SP_218034.parquet"
"3219","FINAL_EMSDM_EMMEAN_SP_218035.parquet"
"3220","FINAL_EMSDM_EMMEAN_SP_218045.parquet"
"3221","FINAL_EMSDM_EMMEAN_SP_218046.parquet"
"3222","FINAL_EMSDM_EMMEAN_SP_218051.parquet"
"3223","FINAL_EMSDM_EMMEAN_SP_218052.parquet"
"3224","FINAL_EMSDM_EMMEAN_SP_218053.parquet"
"3225","FINAL_EMSDM_EMMEAN_SP_218058.parquet"
"3226","FINAL_EMSDM_EMMEAN_SP_218062.parquet"
"3227","FINAL_EMSDM_EMMEAN_SP_218064.parquet"
"3228","FINAL_EMSDM_EMMEAN_SP_218065.parquet"
"3229","FINAL_EMSDM_EMMEAN_SP_218066.parquet"
"3230","FINAL_EMSDM_EMMEAN_SP_218072.parquet"
"3231","FINAL_EMSDM_EMMEAN_SP_218075.parquet"
"3232","FINAL_EMSDM_EMMEAN_SP_218077.parquet"
"3233","FINAL_EMSDM_EMMEAN_SP_218080.parquet"
"3234","FINAL_EMSDM_EMMEAN_SP_218081.parquet"
"3235","FINAL_EMSDM_EMMEAN_SP_218082.parquet"
"3236","FINAL_EMSDM_EMMEAN_SP_218083.parquet"
"3237","FINAL_EMSDM_EMMEAN_SP_218084.parquet"
"3238","FINAL_EMSDM_EMMEAN_SP_218087.parquet"
"3239","FINAL_EMSDM_EMMEAN_SP_218088.parquet"
"3240","FINAL_EMSDM_EMMEAN_SP_218092.parquet"
"3241","FINAL_EMSDM_EMMEAN_SP_218093.parquet"
"3242","FINAL_EMSDM_EMMEAN_SP_218094.parquet"
"3243","FINAL_EMSDM_EMMEAN_SP_218096.parquet"
"3244","FINAL_EMSDM_EMMEAN_SP_218097.parquet"
"3245","FINAL_EMSDM_EMMEAN_SP_218098.parquet"
"3246","FINAL_EMSDM_EMMEAN_SP_218099.parquet"
"3247","FINAL_EMSDM_EMMEAN_SP_218100.parquet"
"3248","FINAL_EMSDM_EMMEAN_SP_218101.parquet"
"3249","FINAL_EMSDM_EMMEAN_SP_218102.parquet"
"3250","FINAL_EMSDM_EMMEAN_SP_218105.parquet"
"3251","FINAL_EMSDM_EMMEAN_SP_218106.parquet"
"3252","FINAL_EMSDM_EMMEAN_SP_218107.parquet"
"3253","FINAL_EMSDM_EMMEAN_SP_218109.parquet"
"3254","FINAL_EMSDM_EMMEAN_SP_218110.parquet"
"3255","FINAL_EMSDM_EMMEAN_SP_218111.parquet"
"3256","FINAL_EMSDM_EMMEAN_SP_218113.parquet"
"3257","FINAL_EMSDM_EMMEAN_SP_218114.parquet"
"3258","FINAL_EMSDM_EMMEAN_SP_218115.parquet"
"3259","FINAL_EMSDM_EMMEAN_SP_218119.parquet"
"3260","FINAL_EMSDM_EMMEAN_SP_218120.parquet"
"3261","FINAL_EMSDM_EMMEAN_SP_218121.parquet"
"3262","FINAL_EMSDM_EMMEAN_SP_218122.parquet"
"3263","FINAL_EMSDM_EMMEAN_SP_218123.parquet"
"3264","FINAL_EMSDM_EMMEAN_SP_218124.parquet"
"3265","FINAL_EMSDM_EMMEAN_SP_218125.parquet"
"3266","FINAL_EMSDM_EMMEAN_SP_218126.parquet"
"3267","FINAL_EMSDM_EMMEAN_SP_218127.parquet"
"3268","FINAL_EMSDM_EMMEAN_SP_218128.parquet"
"3269","FINAL_EMSDM_EMMEAN_SP_218131.parquet"
"3270","FINAL_EMSDM_EMMEAN_SP_218134.parquet"
"3271","FINAL_EMSDM_EMMEAN_SP_218136.parquet"
"3272","FINAL_EMSDM_EMMEAN_SP_218139.parquet"
"3273","FINAL_EMSDM_EMMEAN_SP_218141.parquet"
"3274","FINAL_EMSDM_EMMEAN_SP_218142.parquet"
"3275","FINAL_EMSDM_EMMEAN_SP_218143.parquet"
"3276","FINAL_EMSDM_EMMEAN_SP_218144.parquet"
"3277","FINAL_EMSDM_EMMEAN_SP_218145.parquet"
"3278","FINAL_EMSDM_EMMEAN_SP_218146.parquet"
"3279","FINAL_EMSDM_EMMEAN_SP_218147.parquet"
"3280","FINAL_EMSDM_EMMEAN_SP_218150.parquet"
"3281","FINAL_EMSDM_EMMEAN_SP_218156.parquet"
"3282","FINAL_EMSDM_EMMEAN_SP_218157.parquet"
"3283","FINAL_EMSDM_EMMEAN_SP_218158.parquet"
"3284","FINAL_EMSDM_EMMEAN_SP_218159.parquet"
"3285","FINAL_EMSDM_EMMEAN_SP_218160.parquet"
"3286","FINAL_EMSDM_EMMEAN_SP_218161.parquet"
"3287","FINAL_EMSDM_EMMEAN_SP_218163.parquet"
"3288","FINAL_EMSDM_EMMEAN_SP_218166.parquet"
"3289","FINAL_EMSDM_EMMEAN_SP_218168.parquet"
"3290","FINAL_EMSDM_EMMEAN_SP_218170.parquet"
"3291","FINAL_EMSDM_EMMEAN_SP_218173.parquet"
"3292","FINAL_EMSDM_EMMEAN_SP_218174.parquet"
"3293","FINAL_EMSDM_EMMEAN_SP_218175.parquet"
"3294","FINAL_EMSDM_EMMEAN_SP_218176.parquet"
"3295","FINAL_EMSDM_EMMEAN_SP_218177.parquet"
"3296","FINAL_EMSDM_EMMEAN_SP_218180.parquet"
"3297","FINAL_EMSDM_EMMEAN_SP_218181.parquet"
"3298","FINAL_EMSDM_EMMEAN_SP_218182.parquet"
"3299","FINAL_EMSDM_EMMEAN_SP_218183.parquet"
"3300","FINAL_EMSDM_EMMEAN_SP_218184.parquet"
"3301","FINAL_EMSDM_EMMEAN_SP_218185.parquet"
"3302","FINAL_EMSDM_EMMEAN_SP_218188.parquet"
"3303","FINAL_EMSDM_EMMEAN_SP_218189.parquet"
"3304","FINAL_EMSDM_EMMEAN_SP_218190.parquet"
"3305","FINAL_EMSDM_EMMEAN_SP_218193.parquet"
"3306","FINAL_EMSDM_EMMEAN_SP_218195.parquet"
"3307","FINAL_EMSDM_EMMEAN_SP_218196.parquet"
"3308","FINAL_EMSDM_EMMEAN_SP_218197.parquet"
"3309","FINAL_EMSDM_EMMEAN_SP_218199.parquet"
"3310","FINAL_EMSDM_EMMEAN_SP_218200.parquet"
"3311","FINAL_EMSDM_EMMEAN_SP_218202.parquet"
"3312","FINAL_EMSDM_EMMEAN_SP_218203.parquet"
"3313","FINAL_EMSDM_EMMEAN_SP_218204.parquet"
"3314","FINAL_EMSDM_EMMEAN_SP_218205.parquet"
"3315","FINAL_EMSDM_EMMEAN_SP_218206.parquet"
"3316","FINAL_EMSDM_EMMEAN_SP_218207.parquet"
"3317","FINAL_EMSDM_EMMEAN_SP_218209.parquet"
"3318","FINAL_EMSDM_EMMEAN_SP_218214.parquet"
"3319","FINAL_EMSDM_EMMEAN_SP_218215.parquet"
"3320","FINAL_EMSDM_EMMEAN_SP_218216.parquet"
"3321","FINAL_EMSDM_EMMEAN_SP_218217.parquet"
"3322","FINAL_EMSDM_EMMEAN_SP_218218.parquet"
"3323","FINAL_EMSDM_EMMEAN_SP_218219.parquet"
"3324","FINAL_EMSDM_EMMEAN_SP_218221.parquet"
"3325","FINAL_EMSDM_EMMEAN_SP_218224.parquet"
"3326","FINAL_EMSDM_EMMEAN_SP_218225.parquet"
"3327","FINAL_EMSDM_EMMEAN_SP_218228.parquet"
"3328","FINAL_EMSDM_EMMEAN_SP_218232.parquet"
"3329","FINAL_EMSDM_EMMEAN_SP_218234.parquet"
"3330","FINAL_EMSDM_EMMEAN_SP_218235.parquet"
"3331","FINAL_EMSDM_EMMEAN_SP_218236.parquet"
"3332","FINAL_EMSDM_EMMEAN_SP_218237.parquet"
"3333","FINAL_EMSDM_EMMEAN_SP_218238.parquet"
"3334","FINAL_EMSDM_EMMEAN_SP_218240.parquet"
"3335","FINAL_EMSDM_EMMEAN_SP_218242.parquet"
"3336","FINAL_EMSDM_EMMEAN_SP_218244.parquet"
"3337","FINAL_EMSDM_EMMEAN_SP_218246.parquet"
"3338","FINAL_EMSDM_EMMEAN_SP_218247.parquet"
"3339","FINAL_EMSDM_EMMEAN_SP_218252.parquet"
"3340","FINAL_EMSDM_EMMEAN_SP_218253.parquet"
"3341","FINAL_EMSDM_EMMEAN_SP_218256.parquet"
"3342","FINAL_EMSDM_EMMEAN_SP_218257.parquet"
"3343","FINAL_EMSDM_EMMEAN_SP_218258.parquet"
"3344","FINAL_EMSDM_EMMEAN_SP_218259.parquet"
"3345","FINAL_EMSDM_EMMEAN_SP_218260.parquet"
"3346","FINAL_EMSDM_EMMEAN_SP_218261.parquet"
"3347","FINAL_EMSDM_EMMEAN_SP_218263.parquet"
"3348","FINAL_EMSDM_EMMEAN_SP_218265.parquet"
"3349","FINAL_EMSDM_EMMEAN_SP_218267.parquet"
"3350","FINAL_EMSDM_EMMEAN_SP_218268.parquet"
"3351","FINAL_EMSDM_EMMEAN_SP_218270.parquet"
"3352","FINAL_EMSDM_EMMEAN_SP_218272.parquet"
"3353","FINAL_EMSDM_EMMEAN_SP_218274.parquet"
"3354","FINAL_EMSDM_EMMEAN_SP_218275.parquet"
"3355","FINAL_EMSDM_EMMEAN_SP_218278.parquet"
"3356","FINAL_EMSDM_EMMEAN_SP_218281.parquet"
"3357","FINAL_EMSDM_EMMEAN_SP_218282.parquet"
"3358","FINAL_EMSDM_EMMEAN_SP_218303.parquet"
"3359","FINAL_EMSDM_EMMEAN_SP_218304.parquet"
"3360","FINAL_EMSDM_EMMEAN_SP_218305.parquet"
"3361","FINAL_EMSDM_EMMEAN_SP_218308.parquet"
"3362","FINAL_EMSDM_EMMEAN_SP_218309.parquet"
"3363","FINAL_EMSDM_EMMEAN_SP_218310.parquet"
"3364","FINAL_EMSDM_EMMEAN_SP_218313.parquet"
"3365","FINAL_EMSDM_EMMEAN_SP_218316.parquet"
"3366","FINAL_EMSDM_EMMEAN_SP_218317.parquet"
"3367","FINAL_EMSDM_EMMEAN_SP_218318.parquet"
"3368","FINAL_EMSDM_EMMEAN_SP_218321.parquet"
"3369","FINAL_EMSDM_EMMEAN_SP_218326.parquet"
"3370","FINAL_EMSDM_EMMEAN_SP_218327.parquet"
"3371","FINAL_EMSDM_EMMEAN_SP_218328.parquet"
"3372","FINAL_EMSDM_EMMEAN_SP_218329.parquet"
"3373","FINAL_EMSDM_EMMEAN_SP_218330.parquet"
"3374","FINAL_EMSDM_EMMEAN_SP_218331.parquet"
"3375","FINAL_EMSDM_EMMEAN_SP_218332.parquet"
"3376","FINAL_EMSDM_EMMEAN_SP_218333.parquet"
"3377","FINAL_EMSDM_EMMEAN_SP_218334.parquet"
"3378","FINAL_EMSDM_EMMEAN_SP_218336.parquet"
"3379","FINAL_EMSDM_EMMEAN_SP_218337.parquet"
"3380","FINAL_EMSDM_EMMEAN_SP_218340.parquet"
"3381","FINAL_EMSDM_EMMEAN_SP_218342.parquet"
"3382","FINAL_EMSDM_EMMEAN_SP_218343.parquet"
"3383","FINAL_EMSDM_EMMEAN_SP_218345.parquet"
"3384","FINAL_EMSDM_EMMEAN_SP_218346.parquet"
"3385","FINAL_EMSDM_EMMEAN_SP_218349.parquet"
"3386","FINAL_EMSDM_EMMEAN_SP_218350.parquet"
"3387","FINAL_EMSDM_EMMEAN_SP_218355.parquet"
"3388","FINAL_EMSDM_EMMEAN_SP_218358.parquet"
"3389","FINAL_EMSDM_EMMEAN_SP_218360.parquet"
"3390","FINAL_EMSDM_EMMEAN_SP_218361.parquet"
"3391","FINAL_EMSDM_EMMEAN_SP_218364.parquet"
"3392","FINAL_EMSDM_EMMEAN_SP_218365.parquet"
"3393","FINAL_EMSDM_EMMEAN_SP_218366.parquet"
"3394","FINAL_EMSDM_EMMEAN_SP_218372.parquet"
"3395","FINAL_EMSDM_EMMEAN_SP_218374.parquet"
"3396","FINAL_EMSDM_EMMEAN_SP_218376.parquet"
"3397","FINAL_EMSDM_EMMEAN_SP_218377.parquet"
"3398","FINAL_EMSDM_EMMEAN_SP_218378.parquet"
"3399","FINAL_EMSDM_EMMEAN_SP_218383.parquet"
"3400","FINAL_EMSDM_EMMEAN_SP_218384.parquet"
"3401","FINAL_EMSDM_EMMEAN_SP_218388.parquet"
"3402","FINAL_EMSDM_EMMEAN_SP_218390.parquet"
"3403","FINAL_EMSDM_EMMEAN_SP_218401.parquet"
"3404","FINAL_EMSDM_EMMEAN_SP_218403.parquet"
"3405","FINAL_EMSDM_EMMEAN_SP_218404.parquet"
"3406","FINAL_EMSDM_EMMEAN_SP_218411.parquet"
"3407","FINAL_EMSDM_EMMEAN_SP_218414.parquet"
"3408","FINAL_EMSDM_EMMEAN_SP_218418.parquet"
"3409","FINAL_EMSDM_EMMEAN_SP_218419.parquet"
"3410","FINAL_EMSDM_EMMEAN_SP_218426.parquet"
"3411","FINAL_EMSDM_EMMEAN_SP_218427.parquet"
"3412","FINAL_EMSDM_EMMEAN_SP_218428.parquet"
"3413","FINAL_EMSDM_EMMEAN_SP_218429.parquet"
"3414","FINAL_EMSDM_EMMEAN_SP_218430.parquet"
"3415","FINAL_EMSDM_EMMEAN_SP_218431.parquet"
"3416","FINAL_EMSDM_EMMEAN_SP_218432.parquet"
"3417","FINAL_EMSDM_EMMEAN_SP_218433.parquet"
"3418","FINAL_EMSDM_EMMEAN_SP_218434.parquet"
"3419","FINAL_EMSDM_EMMEAN_SP_218436.parquet"
"3420","FINAL_EMSDM_EMMEAN_SP_218438.parquet"
"3421","FINAL_EMSDM_EMMEAN_SP_218439.parquet"
"3422","FINAL_EMSDM_EMMEAN_SP_218440.parquet"
"3423","FINAL_EMSDM_EMMEAN_SP_218442.parquet"
"3424","FINAL_EMSDM_EMMEAN_SP_218443.parquet"
"3425","FINAL_EMSDM_EMMEAN_SP_218444.parquet"
"3426","FINAL_EMSDM_EMMEAN_SP_218445.parquet"
"3427","FINAL_EMSDM_EMMEAN_SP_218448.parquet"
"3428","FINAL_EMSDM_EMMEAN_SP_218449.parquet"
"3429","FINAL_EMSDM_EMMEAN_SP_218451.parquet"
"3430","FINAL_EMSDM_EMMEAN_SP_218452.parquet"
"3431","FINAL_EMSDM_EMMEAN_SP_218465.parquet"
"3432","FINAL_EMSDM_EMMEAN_SP_218466.parquet"
"3433","FINAL_EMSDM_EMMEAN_SP_218467.parquet"
"3434","FINAL_EMSDM_EMMEAN_SP_218468.parquet"
"3435","FINAL_EMSDM_EMMEAN_SP_218470.parquet"
"3436","FINAL_EMSDM_EMMEAN_SP_218471.parquet"
"3437","FINAL_EMSDM_EMMEAN_SP_218472.parquet"
"3438","FINAL_EMSDM_EMMEAN_SP_218473.parquet"
"3439","FINAL_EMSDM_EMMEAN_SP_218474.parquet"
"3440","FINAL_EMSDM_EMMEAN_SP_218475.parquet"
"3441","FINAL_EMSDM_EMMEAN_SP_218478.parquet"
"3442","FINAL_EMSDM_EMMEAN_SP_218479.parquet"
"3443","FINAL_EMSDM_EMMEAN_SP_218480.parquet"
"3444","FINAL_EMSDM_EMMEAN_SP_218481.parquet"
"3445","FINAL_EMSDM_EMMEAN_SP_218482.parquet"
"3446","FINAL_EMSDM_EMMEAN_SP_218483.parquet"
"3447","FINAL_EMSDM_EMMEAN_SP_218484.parquet"
"3448","FINAL_EMSDM_EMMEAN_SP_218485.parquet"
"3449","FINAL_EMSDM_EMMEAN_SP_218487.parquet"
"3450","FINAL_EMSDM_EMMEAN_SP_218489.parquet"
"3451","FINAL_EMSDM_EMMEAN_SP_218490.parquet"
"3452","FINAL_EMSDM_EMMEAN_SP_218492.parquet"
"3453","FINAL_EMSDM_EMMEAN_SP_218493.parquet"
"3454","FINAL_EMSDM_EMMEAN_SP_218494.parquet"
"3455","FINAL_EMSDM_EMMEAN_SP_218495.parquet"
"3456","FINAL_EMSDM_EMMEAN_SP_218496.parquet"
"3457","FINAL_EMSDM_EMMEAN_SP_218497.parquet"
"3458","FINAL_EMSDM_EMMEAN_SP_218498.parquet"
"3459","FINAL_EMSDM_EMMEAN_SP_218499.parquet"
"3460","FINAL_EMSDM_EMMEAN_SP_218500.parquet"
"3461","FINAL_EMSDM_EMMEAN_SP_218501.parquet"
"3462","FINAL_EMSDM_EMMEAN_SP_218503.parquet"
"3463","FINAL_EMSDM_EMMEAN_SP_218504.parquet"
"3464","FINAL_EMSDM_EMMEAN_SP_218506.parquet"
"3465","FINAL_EMSDM_EMMEAN_SP_218507.parquet"
"3466","FINAL_EMSDM_EMMEAN_SP_218509.parquet"
"3467","FINAL_EMSDM_EMMEAN_SP_218510.parquet"
"3468","FINAL_EMSDM_EMMEAN_SP_218511.parquet"
"3469","FINAL_EMSDM_EMMEAN_SP_218513.parquet"
"3470","FINAL_EMSDM_EMMEAN_SP_218514.parquet"
"3471","FINAL_EMSDM_EMMEAN_SP_218515.parquet"
"3472","FINAL_EMSDM_EMMEAN_SP_218517.parquet"
"3473","FINAL_EMSDM_EMMEAN_SP_218518.parquet"
"3474","FINAL_EMSDM_EMMEAN_SP_218519.parquet"
"3475","FINAL_EMSDM_EMMEAN_SP_218520.parquet"
"3476","FINAL_EMSDM_EMMEAN_SP_218522.parquet"
"3477","FINAL_EMSDM_EMMEAN_SP_218523.parquet"
"3478","FINAL_EMSDM_EMMEAN_SP_218524.parquet"
"3479","FINAL_EMSDM_EMMEAN_SP_218526.parquet"
"3480","FINAL_EMSDM_EMMEAN_SP_218533.parquet"
"3481","FINAL_EMSDM_EMMEAN_SP_218535.parquet"
"3482","FINAL_EMSDM_EMMEAN_SP_218539.parquet"
"3483","FINAL_EMSDM_EMMEAN_SP_218540.parquet"
"3484","FINAL_EMSDM_EMMEAN_SP_218541.parquet"
"3485","FINAL_EMSDM_EMMEAN_SP_218545.parquet"
"3486","FINAL_EMSDM_EMMEAN_SP_218548.parquet"
"3487","FINAL_EMSDM_EMMEAN_SP_218549.parquet"
"3488","FINAL_EMSDM_EMMEAN_SP_218551.parquet"
"3489","FINAL_EMSDM_EMMEAN_SP_218552.parquet"
"3490","FINAL_EMSDM_EMMEAN_SP_218553.parquet"
"3491","FINAL_EMSDM_EMMEAN_SP_218554.parquet"
"3492","FINAL_EMSDM_EMMEAN_SP_218556.parquet"
"3493","FINAL_EMSDM_EMMEAN_SP_218558.parquet"
"3494","FINAL_EMSDM_EMMEAN_SP_218562.parquet"
"3495","FINAL_EMSDM_EMMEAN_SP_218563.parquet"
"3496","FINAL_EMSDM_EMMEAN_SP_218564.parquet"
"3497","FINAL_EMSDM_EMMEAN_SP_218565.parquet"
"3498","FINAL_EMSDM_EMMEAN_SP_218566.parquet"
"3499","FINAL_EMSDM_EMMEAN_SP_218567.parquet"
"3500","FINAL_EMSDM_EMMEAN_SP_218568.parquet"
"3501","FINAL_EMSDM_EMMEAN_SP_218570.parquet"
"3502","FINAL_EMSDM_EMMEAN_SP_218574.parquet"
"3503","FINAL_EMSDM_EMMEAN_SP_218576.parquet"
"3504","FINAL_EMSDM_EMMEAN_SP_218578.parquet"
"3505","FINAL_EMSDM_EMMEAN_SP_218579.parquet"
"3506","FINAL_EMSDM_EMMEAN_SP_218584.parquet"
"3507","FINAL_EMSDM_EMMEAN_SP_218586.parquet"
"3508","FINAL_EMSDM_EMMEAN_SP_218587.parquet"
"3509","FINAL_EMSDM_EMMEAN_SP_218588.parquet"
"3510","FINAL_EMSDM_EMMEAN_SP_218589.parquet"
"3511","FINAL_EMSDM_EMMEAN_SP_218590.parquet"
"3512","FINAL_EMSDM_EMMEAN_SP_218591.parquet"
"3513","FINAL_EMSDM_EMMEAN_SP_218592.parquet"
"3514","FINAL_EMSDM_EMMEAN_SP_218593.parquet"
"3515","FINAL_EMSDM_EMMEAN_SP_218594.parquet"
"3516","FINAL_EMSDM_EMMEAN_SP_218595.parquet"
"3517","FINAL_EMSDM_EMMEAN_SP_218596.parquet"
"3518","FINAL_EMSDM_EMMEAN_SP_218597.parquet"
"3519","FINAL_EMSDM_EMMEAN_SP_218598.parquet"
"3520","FINAL_EMSDM_EMMEAN_SP_218599.parquet"
"3521","FINAL_EMSDM_EMMEAN_SP_218600.parquet"
"3522","FINAL_EMSDM_EMMEAN_SP_218601.parquet"
"3523","FINAL_EMSDM_EMMEAN_SP_218602.parquet"
"3524","FINAL_EMSDM_EMMEAN_SP_218603.parquet"
"3525","FINAL_EMSDM_EMMEAN_SP_218604.parquet"
"3526","FINAL_EMSDM_EMMEAN_SP_218605.parquet"
"3527","FINAL_EMSDM_EMMEAN_SP_218606.parquet"
"3528","FINAL_EMSDM_EMMEAN_SP_218607.parquet"
"3529","FINAL_EMSDM_EMMEAN_SP_218608.parquet"
"3530","FINAL_EMSDM_EMMEAN_SP_218609.parquet"
"3531","FINAL_EMSDM_EMMEAN_SP_218610.parquet"
"3532","FINAL_EMSDM_EMMEAN_SP_218611.parquet"
"3533","FINAL_EMSDM_EMMEAN_SP_218612.parquet"
"3534","FINAL_EMSDM_EMMEAN_SP_218613.parquet"
"3535","FINAL_EMSDM_EMMEAN_SP_218614.parquet"
"3536","FINAL_EMSDM_EMMEAN_SP_218615.parquet"
"3537","FINAL_EMSDM_EMMEAN_SP_218616.parquet"
"3538","FINAL_EMSDM_EMMEAN_SP_218617.parquet"
"3539","FINAL_EMSDM_EMMEAN_SP_218618.parquet"
"3540","FINAL_EMSDM_EMMEAN_SP_218619.parquet"
"3541","FINAL_EMSDM_EMMEAN_SP_218620.parquet"
"3542","FINAL_EMSDM_EMMEAN_SP_218621.parquet"
"3543","FINAL_EMSDM_EMMEAN_SP_218624.parquet"
"3544","FINAL_EMSDM_EMMEAN_SP_218625.parquet"
"3545","FINAL_EMSDM_EMMEAN_SP_218626.parquet"
"3546","FINAL_EMSDM_EMMEAN_SP_218627.parquet"
"3547","FINAL_EMSDM_EMMEAN_SP_218628.parquet"
"3548","FINAL_EMSDM_EMMEAN_SP_218629.parquet"
"3549","FINAL_EMSDM_EMMEAN_SP_218630.parquet"
"3550","FINAL_EMSDM_EMMEAN_SP_218631.parquet"
"3551","FINAL_EMSDM_EMMEAN_SP_218632.parquet"
"3552","FINAL_EMSDM_EMMEAN_SP_218633.parquet"
"3553","FINAL_EMSDM_EMMEAN_SP_218634.parquet"
"3554","FINAL_EMSDM_EMMEAN_SP_218635.parquet"
"3555","FINAL_EMSDM_EMMEAN_SP_218636.parquet"
"3556","FINAL_EMSDM_EMMEAN_SP_218637.parquet"
"3557","FINAL_EMSDM_EMMEAN_SP_218638.parquet"
"3558","FINAL_EMSDM_EMMEAN_SP_218639.parquet"
"3559","FINAL_EMSDM_EMMEAN_SP_218640.parquet"
"3560","FINAL_EMSDM_EMMEAN_SP_218641.parquet"
"3561","FINAL_EMSDM_EMMEAN_SP_218647.parquet"
"3562","FINAL_EMSDM_EMMEAN_SP_218648.parquet"
"3563","FINAL_EMSDM_EMMEAN_SP_218650.parquet"
"3564","FINAL_EMSDM_EMMEAN_SP_218652.parquet"
"3565","FINAL_EMSDM_EMMEAN_SP_218656.parquet"
"3566","FINAL_EMSDM_EMMEAN_SP_218657.parquet"
"3567","FINAL_EMSDM_EMMEAN_SP_218658.parquet"
"3568","FINAL_EMSDM_EMMEAN_SP_218660.parquet"
"3569","FINAL_EMSDM_EMMEAN_SP_218661.parquet"
"3570","FINAL_EMSDM_EMMEAN_SP_218662.parquet"
"3571","FINAL_EMSDM_EMMEAN_SP_218664.parquet"
"3572","FINAL_EMSDM_EMMEAN_SP_218665.parquet"
"3573","FINAL_EMSDM_EMMEAN_SP_218668.parquet"
"3574","FINAL_EMSDM_EMMEAN_SP_218669.parquet"
"3575","FINAL_EMSDM_EMMEAN_SP_218685.parquet"
"3576","FINAL_EMSDM_EMMEAN_SP_218689.parquet"
"3577","FINAL_EMSDM_EMMEAN_SP_218690.parquet"
"3578","FINAL_EMSDM_EMMEAN_SP_218691.parquet"
"3579","FINAL_EMSDM_EMMEAN_SP_218695.parquet"
"3580","FINAL_EMSDM_EMMEAN_SP_218696.parquet"
"3581","FINAL_EMSDM_EMMEAN_SP_218698.parquet"
"3582","FINAL_EMSDM_EMMEAN_SP_218700.parquet"
"3583","FINAL_EMSDM_EMMEAN_SP_218706.parquet"
"3584","FINAL_EMSDM_EMMEAN_SP_218707.parquet"
"3585","FINAL_EMSDM_EMMEAN_SP_218708.parquet"
"3586","FINAL_EMSDM_EMMEAN_SP_218710.parquet"
"3587","FINAL_EMSDM_EMMEAN_SP_218711.parquet"
"3588","FINAL_EMSDM_EMMEAN_SP_218712.parquet"
"3589","FINAL_EMSDM_EMMEAN_SP_218713.parquet"
"3590","FINAL_EMSDM_EMMEAN_SP_218715.parquet"
"3591","FINAL_EMSDM_EMMEAN_SP_218716.parquet"
"3592","FINAL_EMSDM_EMMEAN_SP_218717.parquet"
"3593","FINAL_EMSDM_EMMEAN_SP_218719.parquet"
"3594","FINAL_EMSDM_EMMEAN_SP_218721.parquet"
"3595","FINAL_EMSDM_EMMEAN_SP_218722.parquet"
"3596","FINAL_EMSDM_EMMEAN_SP_218723.parquet"
"3597","FINAL_EMSDM_EMMEAN_SP_218725.parquet"
"3598","FINAL_EMSDM_EMMEAN_SP_218726.parquet"
"3599","FINAL_EMSDM_EMMEAN_SP_218728.parquet"
"3600","FINAL_EMSDM_EMMEAN_SP_218730.parquet"
"3601","FINAL_EMSDM_EMMEAN_SP_218731.parquet"
"3602","FINAL_EMSDM_EMMEAN_SP_218732.parquet"
"3603","FINAL_EMSDM_EMMEAN_SP_218733.parquet"
"3604","FINAL_EMSDM_EMMEAN_SP_218734.parquet"
"3605","FINAL_EMSDM_EMMEAN_SP_218735.parquet"
"3606","FINAL_EMSDM_EMMEAN_SP_218737.parquet"
"3607","FINAL_EMSDM_EMMEAN_SP_218738.parquet"
"3608","FINAL_EMSDM_EMMEAN_SP_218739.parquet"
"3609","FINAL_EMSDM_EMMEAN_SP_218740.parquet"
"3610","FINAL_EMSDM_EMMEAN_SP_218741.parquet"
"3611","FINAL_EMSDM_EMMEAN_SP_218742.parquet"
"3612","FINAL_EMSDM_EMMEAN_SP_218743.parquet"
"3613","FINAL_EMSDM_EMMEAN_SP_218744.parquet"
"3614","FINAL_EMSDM_EMMEAN_SP_218745.parquet"
"3615","FINAL_EMSDM_EMMEAN_SP_218746.parquet"
"3616","FINAL_EMSDM_EMMEAN_SP_218747.parquet"
"3617","FINAL_EMSDM_EMMEAN_SP_218748.parquet"
"3618","FINAL_EMSDM_EMMEAN_SP_218749.parquet"
"3619","FINAL_EMSDM_EMMEAN_SP_218750.parquet"
"3620","FINAL_EMSDM_EMMEAN_SP_218751.parquet"
"3621","FINAL_EMSDM_EMMEAN_SP_218752.parquet"
"3622","FINAL_EMSDM_EMMEAN_SP_218753.parquet"
"3623","FINAL_EMSDM_EMMEAN_SP_218754.parquet"
"3624","FINAL_EMSDM_EMMEAN_SP_218755.parquet"
"3625","FINAL_EMSDM_EMMEAN_SP_218756.parquet"
"3626","FINAL_EMSDM_EMMEAN_SP_218757.parquet"
"3627","FINAL_EMSDM_EMMEAN_SP_218758.parquet"
"3628","FINAL_EMSDM_EMMEAN_SP_218759.parquet"
"3629","FINAL_EMSDM_EMMEAN_SP_218760.parquet"
"3630","FINAL_EMSDM_EMMEAN_SP_218762.parquet"
"3631","FINAL_EMSDM_EMMEAN_SP_218763.parquet"
"3632","FINAL_EMSDM_EMMEAN_SP_218764.parquet"
"3633","FINAL_EMSDM_EMMEAN_SP_218765.parquet"
"3634","FINAL_EMSDM_EMMEAN_SP_218766.parquet"
"3635","FINAL_EMSDM_EMMEAN_SP_218767.parquet"
"3636","FINAL_EMSDM_EMMEAN_SP_218771.parquet"
"3637","FINAL_EMSDM_EMMEAN_SP_218778.parquet"
"3638","FINAL_EMSDM_EMMEAN_SP_218779.parquet"
"3639","FINAL_EMSDM_EMMEAN_SP_218781.parquet"
"3640","FINAL_EMSDM_EMMEAN_SP_218782.parquet"
"3641","FINAL_EMSDM_EMMEAN_SP_218783.parquet"
"3642","FINAL_EMSDM_EMMEAN_SP_218784.parquet"
"3643","FINAL_EMSDM_EMMEAN_SP_218833.parquet"
"3644","FINAL_EMSDM_EMMEAN_SP_218837.parquet"
"3645","FINAL_EMSDM_EMMEAN_SP_218838.parquet"
"3646","FINAL_EMSDM_EMMEAN_SP_218839.parquet"
"3647","FINAL_EMSDM_EMMEAN_SP_218841.parquet"
"3648","FINAL_EMSDM_EMMEAN_SP_218844.parquet"
"3649","FINAL_EMSDM_EMMEAN_SP_218847.parquet"
"3650","FINAL_EMSDM_EMMEAN_SP_218848.parquet"
"3651","FINAL_EMSDM_EMMEAN_SP_218849.parquet"
"3652","FINAL_EMSDM_EMMEAN_SP_218851.parquet"
"3653","FINAL_EMSDM_EMMEAN_SP_218853.parquet"
"3654","FINAL_EMSDM_EMMEAN_SP_218854.parquet"
"3655","FINAL_EMSDM_EMMEAN_SP_218855.parquet"
"3656","FINAL_EMSDM_EMMEAN_SP_218857.parquet"
"3657","FINAL_EMSDM_EMMEAN_SP_218861.parquet"
"3658","FINAL_EMSDM_EMMEAN_SP_218862.parquet"
"3659","FINAL_EMSDM_EMMEAN_SP_218864.parquet"
"3660","FINAL_EMSDM_EMMEAN_SP_218865.parquet"
"3661","FINAL_EMSDM_EMMEAN_SP_218866.parquet"
"3662","FINAL_EMSDM_EMMEAN_SP_218867.parquet"
"3663","FINAL_EMSDM_EMMEAN_SP_218868.parquet"
"3664","FINAL_EMSDM_EMMEAN_SP_218872.parquet"
"3665","FINAL_EMSDM_EMMEAN_SP_218873.parquet"
"3666","FINAL_EMSDM_EMMEAN_SP_218878.parquet"
"3667","FINAL_EMSDM_EMMEAN_SP_218909.parquet"
"3668","FINAL_EMSDM_EMMEAN_SP_218916.parquet"
"3669","FINAL_EMSDM_EMMEAN_SP_218918.parquet"
"3670","FINAL_EMSDM_EMMEAN_SP_218920.parquet"
"3671","FINAL_EMSDM_EMMEAN_SP_218921.parquet"
"3672","FINAL_EMSDM_EMMEAN_SP_218923.parquet"
"3673","FINAL_EMSDM_EMMEAN_SP_218924.parquet"
"3674","FINAL_EMSDM_EMMEAN_SP_218925.parquet"
"3675","FINAL_EMSDM_EMMEAN_SP_218926.parquet"
"3676","FINAL_EMSDM_EMMEAN_SP_218927.parquet"
"3677","FINAL_EMSDM_EMMEAN_SP_218928.parquet"
"3678","FINAL_EMSDM_EMMEAN_SP_218929.parquet"
"3679","FINAL_EMSDM_EMMEAN_SP_218931.parquet"
"3680","FINAL_EMSDM_EMMEAN_SP_218932.parquet"
"3681","FINAL_EMSDM_EMMEAN_SP_218933.parquet"
"3682","FINAL_EMSDM_EMMEAN_SP_218934.parquet"
"3683","FINAL_EMSDM_EMMEAN_SP_218935.parquet"
"3684","FINAL_EMSDM_EMMEAN_SP_218936.parquet"
"3685","FINAL_EMSDM_EMMEAN_SP_218939.parquet"
"3686","FINAL_EMSDM_EMMEAN_SP_218940.parquet"
"3687","FINAL_EMSDM_EMMEAN_SP_218941.parquet"
"3688","FINAL_EMSDM_EMMEAN_SP_218942.parquet"
"3689","FINAL_EMSDM_EMMEAN_SP_218944.parquet"
"3690","FINAL_EMSDM_EMMEAN_SP_218947.parquet"
"3691","FINAL_EMSDM_EMMEAN_SP_218948.parquet"
"3692","FINAL_EMSDM_EMMEAN_SP_218949.parquet"
"3693","FINAL_EMSDM_EMMEAN_SP_218950.parquet"
"3694","FINAL_EMSDM_EMMEAN_SP_218952.parquet"
"3695","FINAL_EMSDM_EMMEAN_SP_218953.parquet"
"3696","FINAL_EMSDM_EMMEAN_SP_218954.parquet"
"3697","FINAL_EMSDM_EMMEAN_SP_218955.parquet"
"3698","FINAL_EMSDM_EMMEAN_SP_218956.parquet"
"3699","FINAL_EMSDM_EMMEAN_SP_218957.parquet"
"3700","FINAL_EMSDM_EMMEAN_SP_218959.parquet"
"3701","FINAL_EMSDM_EMMEAN_SP_218960.parquet"
"3702","FINAL_EMSDM_EMMEAN_SP_218961.parquet"
"3703","FINAL_EMSDM_EMMEAN_SP_218964.parquet"
"3704","FINAL_EMSDM_EMMEAN_SP_218966.parquet"
"3705","FINAL_EMSDM_EMMEAN_SP_218967.parquet"
"3706","FINAL_EMSDM_EMMEAN_SP_218968.parquet"
"3707","FINAL_EMSDM_EMMEAN_SP_218969.parquet"
"3708","FINAL_EMSDM_EMMEAN_SP_218970.parquet"
"3709","FINAL_EMSDM_EMMEAN_SP_218972.parquet"
"3710","FINAL_EMSDM_EMMEAN_SP_218975.parquet"
"3711","FINAL_EMSDM_EMMEAN_SP_218976.parquet"
"3712","FINAL_EMSDM_EMMEAN_SP_218979.parquet"
"3713","FINAL_EMSDM_EMMEAN_SP_218980.parquet"
"3714","FINAL_EMSDM_EMMEAN_SP_218984.parquet"
"3715","FINAL_EMSDM_EMMEAN_SP_218985.parquet"
"3716","FINAL_EMSDM_EMMEAN_SP_218986.parquet"
"3717","FINAL_EMSDM_EMMEAN_SP_218987.parquet"
"3718","FINAL_EMSDM_EMMEAN_SP_218990.parquet"
"3719","FINAL_EMSDM_EMMEAN_SP_218991.parquet"
"3720","FINAL_EMSDM_EMMEAN_SP_218992.parquet"
"3721","FINAL_EMSDM_EMMEAN_SP_218994.parquet"
"3722","FINAL_EMSDM_EMMEAN_SP_218995.parquet"
"3723","FINAL_EMSDM_EMMEAN_SP_218996.parquet"
"3724","FINAL_EMSDM_EMMEAN_SP_218997.parquet"
"3725","FINAL_EMSDM_EMMEAN_SP_218998.parquet"
"3726","FINAL_EMSDM_EMMEAN_SP_218999.parquet"
"3727","FINAL_EMSDM_EMMEAN_SP_219001.parquet"
"3728","FINAL_EMSDM_EMMEAN_SP_219003.parquet"
"3729","FINAL_EMSDM_EMMEAN_SP_219004.parquet"
"3730","FINAL_EMSDM_EMMEAN_SP_219013.parquet"
"3731","FINAL_EMSDM_EMMEAN_SP_219014.parquet"
"3732","FINAL_EMSDM_EMMEAN_SP_219015.parquet"
"3733","FINAL_EMSDM_EMMEAN_SP_219016.parquet"
"3734","FINAL_EMSDM_EMMEAN_SP_219020.parquet"
"3735","FINAL_EMSDM_EMMEAN_SP_219028.parquet"
"3736","FINAL_EMSDM_EMMEAN_SP_219029.parquet"
"3737","FINAL_EMSDM_EMMEAN_SP_219030.parquet"
"3738","FINAL_EMSDM_EMMEAN_SP_219031.parquet"
"3739","FINAL_EMSDM_EMMEAN_SP_219032.parquet"
"3740","FINAL_EMSDM_EMMEAN_SP_219035.parquet"
"3741","FINAL_EMSDM_EMMEAN_SP_219037.parquet"
"3742","FINAL_EMSDM_EMMEAN_SP_219039.parquet"
"3743","FINAL_EMSDM_EMMEAN_SP_219041.parquet"
"3744","FINAL_EMSDM_EMMEAN_SP_219042.parquet"
"3745","FINAL_EMSDM_EMMEAN_SP_219043.parquet"
"3746","FINAL_EMSDM_EMMEAN_SP_219044.parquet"
"3747","FINAL_EMSDM_EMMEAN_SP_219045.parquet"
"3748","FINAL_EMSDM_EMMEAN_SP_219046.parquet"
"3749","FINAL_EMSDM_EMMEAN_SP_219047.parquet"
"3750","FINAL_EMSDM_EMMEAN_SP_219048.parquet"
"3751","FINAL_EMSDM_EMMEAN_SP_219049.parquet"
"3752","FINAL_EMSDM_EMMEAN_SP_219050.parquet"
"3753","FINAL_EMSDM_EMMEAN_SP_219052.parquet"
"3754","FINAL_EMSDM_EMMEAN_SP_219053.parquet"
"3755","FINAL_EMSDM_EMMEAN_SP_219054.parquet"
"3756","FINAL_EMSDM_EMMEAN_SP_219055.parquet"
"3757","FINAL_EMSDM_EMMEAN_SP_219057.parquet"
"3758","FINAL_EMSDM_EMMEAN_SP_219058.parquet"
"3759","FINAL_EMSDM_EMMEAN_SP_219060.parquet"
"3760","FINAL_EMSDM_EMMEAN_SP_219061.parquet"
"3761","FINAL_EMSDM_EMMEAN_SP_219063.parquet"
"3762","FINAL_EMSDM_EMMEAN_SP_219065.parquet"
"3763","FINAL_EMSDM_EMMEAN_SP_219067.parquet"
"3764","FINAL_EMSDM_EMMEAN_SP_219069.parquet"
"3765","FINAL_EMSDM_EMMEAN_SP_219074.parquet"
"3766","FINAL_EMSDM_EMMEAN_SP_219075.parquet"
"3767","FINAL_EMSDM_EMMEAN_SP_219076.parquet"
"3768","FINAL_EMSDM_EMMEAN_SP_219077.parquet"
"3769","FINAL_EMSDM_EMMEAN_SP_219078.parquet"
"3770","FINAL_EMSDM_EMMEAN_SP_219080.parquet"
"3771","FINAL_EMSDM_EMMEAN_SP_219081.parquet"
"3772","FINAL_EMSDM_EMMEAN_SP_219082.parquet"
"3773","FINAL_EMSDM_EMMEAN_SP_219084.parquet"
"3774","FINAL_EMSDM_EMMEAN_SP_219085.parquet"
"3775","FINAL_EMSDM_EMMEAN_SP_219086.parquet"
"3776","FINAL_EMSDM_EMMEAN_SP_219087.parquet"
"3777","FINAL_EMSDM_EMMEAN_SP_219088.parquet"
"3778","FINAL_EMSDM_EMMEAN_SP_219089.parquet"
"3779","FINAL_EMSDM_EMMEAN_SP_219090.parquet"
"3780","FINAL_EMSDM_EMMEAN_SP_219091.parquet"
"3781","FINAL_EMSDM_EMMEAN_SP_219093.parquet"
"3782","FINAL_EMSDM_EMMEAN_SP_219094.parquet"
"3783","FINAL_EMSDM_EMMEAN_SP_219096.parquet"
"3784","FINAL_EMSDM_EMMEAN_SP_219098.parquet"
"3785","FINAL_EMSDM_EMMEAN_SP_219104.parquet"
"3786","FINAL_EMSDM_EMMEAN_SP_219105.parquet"
"3787","FINAL_EMSDM_EMMEAN_SP_219110.parquet"
"3788","FINAL_EMSDM_EMMEAN_SP_219111.parquet"
"3789","FINAL_EMSDM_EMMEAN_SP_219113.parquet"
"3790","FINAL_EMSDM_EMMEAN_SP_219114.parquet"
"3791","FINAL_EMSDM_EMMEAN_SP_219119.parquet"
"3792","FINAL_EMSDM_EMMEAN_SP_219121.parquet"
"3793","FINAL_EMSDM_EMMEAN_SP_219122.parquet"
"3794","FINAL_EMSDM_EMMEAN_SP_219123.parquet"
"3795","FINAL_EMSDM_EMMEAN_SP_219124.parquet"
"3796","FINAL_EMSDM_EMMEAN_SP_219125.parquet"
"3797","FINAL_EMSDM_EMMEAN_SP_219127.parquet"
"3798","FINAL_EMSDM_EMMEAN_SP_219129.parquet"
"3799","FINAL_EMSDM_EMMEAN_SP_219130.parquet"
"3800","FINAL_EMSDM_EMMEAN_SP_219132.parquet"
"3801","FINAL_EMSDM_EMMEAN_SP_219135.parquet"
"3802","FINAL_EMSDM_EMMEAN_SP_219136.parquet"
"3803","FINAL_EMSDM_EMMEAN_SP_219137.parquet"
"3804","FINAL_EMSDM_EMMEAN_SP_219144.parquet"
"3805","FINAL_EMSDM_EMMEAN_SP_219147.parquet"
"3806","FINAL_EMSDM_EMMEAN_SP_219148.parquet"
"3807","FINAL_EMSDM_EMMEAN_SP_219154.parquet"
"3808","FINAL_EMSDM_EMMEAN_SP_219155.parquet"
"3809","FINAL_EMSDM_EMMEAN_SP_219157.parquet"
"3810","FINAL_EMSDM_EMMEAN_SP_219158.parquet"
"3811","FINAL_EMSDM_EMMEAN_SP_219159.parquet"
"3812","FINAL_EMSDM_EMMEAN_SP_219164.parquet"
"3813","FINAL_EMSDM_EMMEAN_SP_219170.parquet"
"3814","FINAL_EMSDM_EMMEAN_SP_219171.parquet"
"3815","FINAL_EMSDM_EMMEAN_SP_219172.parquet"
"3816","FINAL_EMSDM_EMMEAN_SP_219173.parquet"
"3817","FINAL_EMSDM_EMMEAN_SP_219174.parquet"
"3818","FINAL_EMSDM_EMMEAN_SP_219176.parquet"
"3819","FINAL_EMSDM_EMMEAN_SP_219177.parquet"
"3820","FINAL_EMSDM_EMMEAN_SP_219178.parquet"
"3821","FINAL_EMSDM_EMMEAN_SP_219179.parquet"
"3822","FINAL_EMSDM_EMMEAN_SP_219180.parquet"
"3823","FINAL_EMSDM_EMMEAN_SP_219181.parquet"
"3824","FINAL_EMSDM_EMMEAN_SP_219182.parquet"
"3825","FINAL_EMSDM_EMMEAN_SP_219183.parquet"
"3826","FINAL_EMSDM_EMMEAN_SP_219185.parquet"
"3827","FINAL_EMSDM_EMMEAN_SP_219187.parquet"
"3828","FINAL_EMSDM_EMMEAN_SP_219188.parquet"
"3829","FINAL_EMSDM_EMMEAN_SP_219189.parquet"
"3830","FINAL_EMSDM_EMMEAN_SP_219190.parquet"
"3831","FINAL_EMSDM_EMMEAN_SP_219191.parquet"
"3832","FINAL_EMSDM_EMMEAN_SP_219192.parquet"
"3833","FINAL_EMSDM_EMMEAN_SP_219193.parquet"
"3834","FINAL_EMSDM_EMMEAN_SP_219194.parquet"
"3835","FINAL_EMSDM_EMMEAN_SP_219195.parquet"
"3836","FINAL_EMSDM_EMMEAN_SP_219196.parquet"
"3837","FINAL_EMSDM_EMMEAN_SP_219197.parquet"
"3838","FINAL_EMSDM_EMMEAN_SP_219198.parquet"
"3839","FINAL_EMSDM_EMMEAN_SP_219199.parquet"
"3840","FINAL_EMSDM_EMMEAN_SP_219200.parquet"
"3841","FINAL_EMSDM_EMMEAN_SP_219202.parquet"
"3842","FINAL_EMSDM_EMMEAN_SP_219203.parquet"
"3843","FINAL_EMSDM_EMMEAN_SP_219204.parquet"
"3844","FINAL_EMSDM_EMMEAN_SP_219205.parquet"
"3845","FINAL_EMSDM_EMMEAN_SP_219206.parquet"
"3846","FINAL_EMSDM_EMMEAN_SP_219208.parquet"
"3847","FINAL_EMSDM_EMMEAN_SP_219209.parquet"
"3848","FINAL_EMSDM_EMMEAN_SP_219211.parquet"
"3849","FINAL_EMSDM_EMMEAN_SP_219212.parquet"
"3850","FINAL_EMSDM_EMMEAN_SP_219215.parquet"
"3851","FINAL_EMSDM_EMMEAN_SP_219216.parquet"
"3852","FINAL_EMSDM_EMMEAN_SP_219217.parquet"
"3853","FINAL_EMSDM_EMMEAN_SP_219218.parquet"
"3854","FINAL_EMSDM_EMMEAN_SP_219219.parquet"
"3855","FINAL_EMSDM_EMMEAN_SP_219220.parquet"
"3856","FINAL_EMSDM_EMMEAN_SP_219221.parquet"
"3857","FINAL_EMSDM_EMMEAN_SP_219222.parquet"
"3858","FINAL_EMSDM_EMMEAN_SP_219224.parquet"
"3859","FINAL_EMSDM_EMMEAN_SP_219225.parquet"
"3860","FINAL_EMSDM_EMMEAN_SP_219226.parquet"
"3861","FINAL_EMSDM_EMMEAN_SP_219227.parquet"
"3862","FINAL_EMSDM_EMMEAN_SP_219228.parquet"
"3863","FINAL_EMSDM_EMMEAN_SP_219229.parquet"
"3864","FINAL_EMSDM_EMMEAN_SP_219230.parquet"
"3865","FINAL_EMSDM_EMMEAN_SP_219231.parquet"
"3866","FINAL_EMSDM_EMMEAN_SP_219232.parquet"
"3867","FINAL_EMSDM_EMMEAN_SP_219233.parquet"
"3868","FINAL_EMSDM_EMMEAN_SP_219235.parquet"
"3869","FINAL_EMSDM_EMMEAN_SP_219236.parquet"
"3870","FINAL_EMSDM_EMMEAN_SP_219237.parquet"
"3871","FINAL_EMSDM_EMMEAN_SP_219238.parquet"
"3872","FINAL_EMSDM_EMMEAN_SP_219239.parquet"
"3873","FINAL_EMSDM_EMMEAN_SP_219242.parquet"
"3874","FINAL_EMSDM_EMMEAN_SP_219243.parquet"
"3875","FINAL_EMSDM_EMMEAN_SP_219248.parquet"
"3876","FINAL_EMSDM_EMMEAN_SP_219249.parquet"
"3877","FINAL_EMSDM_EMMEAN_SP_219250.parquet"
"3878","FINAL_EMSDM_EMMEAN_SP_219251.parquet"
"3879","FINAL_EMSDM_EMMEAN_SP_219253.parquet"
"3880","FINAL_EMSDM_EMMEAN_SP_219254.parquet"
"3881","FINAL_EMSDM_EMMEAN_SP_219255.parquet"
"3882","FINAL_EMSDM_EMMEAN_SP_219257.parquet"
"3883","FINAL_EMSDM_EMMEAN_SP_219258.parquet"
"3884","FINAL_EMSDM_EMMEAN_SP_219259.parquet"
"3885","FINAL_EMSDM_EMMEAN_SP_219260.parquet"
"3886","FINAL_EMSDM_EMMEAN_SP_219261.parquet"
"3887","FINAL_EMSDM_EMMEAN_SP_219262.parquet"
"3888","FINAL_EMSDM_EMMEAN_SP_219263.parquet"
"3889","FINAL_EMSDM_EMMEAN_SP_219265.parquet"
"3890","FINAL_EMSDM_EMMEAN_SP_219266.parquet"
"3891","FINAL_EMSDM_EMMEAN_SP_219267.parquet"
"3892","FINAL_EMSDM_EMMEAN_SP_219270.parquet"
"3893","FINAL_EMSDM_EMMEAN_SP_219271.parquet"
"3894","FINAL_EMSDM_EMMEAN_SP_219272.parquet"
"3895","FINAL_EMSDM_EMMEAN_SP_219273.parquet"
"3896","FINAL_EMSDM_EMMEAN_SP_219274.parquet"
"3897","FINAL_EMSDM_EMMEAN_SP_219275.parquet"
"3898","FINAL_EMSDM_EMMEAN_SP_219277.parquet"
"3899","FINAL_EMSDM_EMMEAN_SP_219281.parquet"
"3900","FINAL_EMSDM_EMMEAN_SP_219282.parquet"
"3901","FINAL_EMSDM_EMMEAN_SP_219283.parquet"
"3902","FINAL_EMSDM_EMMEAN_SP_219284.parquet"
"3903","FINAL_EMSDM_EMMEAN_SP_219285.parquet"
"3904","FINAL_EMSDM_EMMEAN_SP_219286.parquet"
"3905","FINAL_EMSDM_EMMEAN_SP_219287.parquet"
"3906","FINAL_EMSDM_EMMEAN_SP_219288.parquet"
"3907","FINAL_EMSDM_EMMEAN_SP_219289.parquet"
"3908","FINAL_EMSDM_EMMEAN_SP_219290.parquet"
"3909","FINAL_EMSDM_EMMEAN_SP_219293.parquet"
"3910","FINAL_EMSDM_EMMEAN_SP_219294.parquet"
"3911","FINAL_EMSDM_EMMEAN_SP_219296.parquet"
"3912","FINAL_EMSDM_EMMEAN_SP_219297.parquet"
"3913","FINAL_EMSDM_EMMEAN_SP_219299.parquet"
"3914","FINAL_EMSDM_EMMEAN_SP_219300.parquet"
"3915","FINAL_EMSDM_EMMEAN_SP_219302.parquet"
"3916","FINAL_EMSDM_EMMEAN_SP_219303.parquet"
"3917","FINAL_EMSDM_EMMEAN_SP_219305.parquet"
"3918","FINAL_EMSDM_EMMEAN_SP_219307.parquet"
"3919","FINAL_EMSDM_EMMEAN_SP_219308.parquet"
"3920","FINAL_EMSDM_EMMEAN_SP_219309.parquet"
"3921","FINAL_EMSDM_EMMEAN_SP_219310.parquet"
"3922","FINAL_EMSDM_EMMEAN_SP_219311.parquet"
"3923","FINAL_EMSDM_EMMEAN_SP_219316.parquet"
"3924","FINAL_EMSDM_EMMEAN_SP_219317.parquet"
"3925","FINAL_EMSDM_EMMEAN_SP_219318.parquet"
"3926","FINAL_EMSDM_EMMEAN_SP_219320.parquet"
"3927","FINAL_EMSDM_EMMEAN_SP_219321.parquet"
"3928","FINAL_EMSDM_EMMEAN_SP_219323.parquet"
"3929","FINAL_EMSDM_EMMEAN_SP_219324.parquet"
"3930","FINAL_EMSDM_EMMEAN_SP_219325.parquet"
"3931","FINAL_EMSDM_EMMEAN_SP_219326.parquet"
"3932","FINAL_EMSDM_EMMEAN_SP_219327.parquet"
"3933","FINAL_EMSDM_EMMEAN_SP_219329.parquet"
"3934","FINAL_EMSDM_EMMEAN_SP_219330.parquet"
"3935","FINAL_EMSDM_EMMEAN_SP_219331.parquet"
"3936","FINAL_EMSDM_EMMEAN_SP_219332.parquet"
"3937","FINAL_EMSDM_EMMEAN_SP_219333.parquet"
"3938","FINAL_EMSDM_EMMEAN_SP_219334.parquet"
"3939","FINAL_EMSDM_EMMEAN_SP_219335.parquet"
"3940","FINAL_EMSDM_EMMEAN_SP_219336.parquet"
"3941","FINAL_EMSDM_EMMEAN_SP_219340.parquet"
"3942","FINAL_EMSDM_EMMEAN_SP_219341.parquet"
"3943","FINAL_EMSDM_EMMEAN_SP_219342.parquet"
"3944","FINAL_EMSDM_EMMEAN_SP_219343.parquet"
"3945","FINAL_EMSDM_EMMEAN_SP_219344.parquet"
"3946","FINAL_EMSDM_EMMEAN_SP_219345.parquet"
"3947","FINAL_EMSDM_EMMEAN_SP_219351.parquet"
"3948","FINAL_EMSDM_EMMEAN_SP_219352.parquet"
"3949","FINAL_EMSDM_EMMEAN_SP_219353.parquet"
"3950","FINAL_EMSDM_EMMEAN_SP_219356.parquet"
"3951","FINAL_EMSDM_EMMEAN_SP_219369.parquet"
"3952","FINAL_EMSDM_EMMEAN_SP_219372.parquet"
"3953","FINAL_EMSDM_EMMEAN_SP_219373.parquet"
"3954","FINAL_EMSDM_EMMEAN_SP_219376.parquet"
"3955","FINAL_EMSDM_EMMEAN_SP_219377.parquet"
"3956","FINAL_EMSDM_EMMEAN_SP_219378.parquet"
"3957","FINAL_EMSDM_EMMEAN_SP_219379.parquet"
"3958","FINAL_EMSDM_EMMEAN_SP_219380.parquet"
"3959","FINAL_EMSDM_EMMEAN_SP_219385.parquet"
"3960","FINAL_EMSDM_EMMEAN_SP_219388.parquet"
"3961","FINAL_EMSDM_EMMEAN_SP_219389.parquet"
"3962","FINAL_EMSDM_EMMEAN_SP_219390.parquet"
"3963","FINAL_EMSDM_EMMEAN_SP_219391.parquet"
"3964","FINAL_EMSDM_EMMEAN_SP_219392.parquet"
"3965","FINAL_EMSDM_EMMEAN_SP_219393.parquet"
"3966","FINAL_EMSDM_EMMEAN_SP_219394.parquet"
"3967","FINAL_EMSDM_EMMEAN_SP_219395.parquet"
"3968","FINAL_EMSDM_EMMEAN_SP_219396.parquet"
"3969","FINAL_EMSDM_EMMEAN_SP_219397.parquet"
"3970","FINAL_EMSDM_EMMEAN_SP_219398.parquet"
"3971","FINAL_EMSDM_EMMEAN_SP_219399.parquet"
"3972","FINAL_EMSDM_EMMEAN_SP_219401.parquet"
"3973","FINAL_EMSDM_EMMEAN_SP_219402.parquet"
"3974","FINAL_EMSDM_EMMEAN_SP_219403.parquet"
"3975","FINAL_EMSDM_EMMEAN_SP_219404.parquet"
"3976","FINAL_EMSDM_EMMEAN_SP_219405.parquet"
"3977","FINAL_EMSDM_EMMEAN_SP_219406.parquet"
"3978","FINAL_EMSDM_EMMEAN_SP_219408.parquet"
"3979","FINAL_EMSDM_EMMEAN_SP_219409.parquet"
"3980","FINAL_EMSDM_EMMEAN_SP_219410.parquet"
"3981","FINAL_EMSDM_EMMEAN_SP_219411.parquet"
"3982","FINAL_EMSDM_EMMEAN_SP_219415.parquet"
"3983","FINAL_EMSDM_EMMEAN_SP_219416.parquet"
"3984","FINAL_EMSDM_EMMEAN_SP_219428.parquet"
"3985","FINAL_EMSDM_EMMEAN_SP_219429.parquet"
"3986","FINAL_EMSDM_EMMEAN_SP_219431.parquet"
"3987","FINAL_EMSDM_EMMEAN_SP_219432.parquet"
"3988","FINAL_EMSDM_EMMEAN_SP_219435.parquet"
"3989","FINAL_EMSDM_EMMEAN_SP_219436.parquet"
"3990","FINAL_EMSDM_EMMEAN_SP_219437.parquet"
"3991","FINAL_EMSDM_EMMEAN_SP_219442.parquet"
"3992","FINAL_EMSDM_EMMEAN_SP_219444.parquet"
"3993","FINAL_EMSDM_EMMEAN_SP_219447.parquet"
"3994","FINAL_EMSDM_EMMEAN_SP_219451.parquet"
"3995","FINAL_EMSDM_EMMEAN_SP_219452.parquet"
"3996","FINAL_EMSDM_EMMEAN_SP_219453.parquet"
"3997","FINAL_EMSDM_EMMEAN_SP_219455.parquet"
"3998","FINAL_EMSDM_EMMEAN_SP_219456.parquet"
"3999","FINAL_EMSDM_EMMEAN_SP_219457.parquet"
"4000","FINAL_EMSDM_EMMEAN_SP_219458.parquet"
"4001","FINAL_EMSDM_EMMEAN_SP_219459.parquet"
"4002","FINAL_EMSDM_EMMEAN_SP_219460.parquet"
"4003","FINAL_EMSDM_EMMEAN_SP_219461.parquet"
"4004","FINAL_EMSDM_EMMEAN_SP_219463.parquet"
"4005","FINAL_EMSDM_EMMEAN_SP_219465.parquet"
"4006","FINAL_EMSDM_EMMEAN_SP_219466.parquet"
"4007","FINAL_EMSDM_EMMEAN_SP_219467.parquet"
"4008","FINAL_EMSDM_EMMEAN_SP_219468.parquet"
"4009","FINAL_EMSDM_EMMEAN_SP_219469.parquet"
"4010","FINAL_EMSDM_EMMEAN_SP_219471.parquet"
"4011","FINAL_EMSDM_EMMEAN_SP_219475.parquet"
"4012","FINAL_EMSDM_EMMEAN_SP_219476.parquet"
"4013","FINAL_EMSDM_EMMEAN_SP_219478.parquet"
"4014","FINAL_EMSDM_EMMEAN_SP_219479.parquet"
"4015","FINAL_EMSDM_EMMEAN_SP_219480.parquet"
"4016","FINAL_EMSDM_EMMEAN_SP_219482.parquet"
"4017","FINAL_EMSDM_EMMEAN_SP_219483.parquet"
"4018","FINAL_EMSDM_EMMEAN_SP_219496.parquet"
"4019","FINAL_EMSDM_EMMEAN_SP_219497.parquet"
"4020","FINAL_EMSDM_EMMEAN_SP_219499.parquet"
"4021","FINAL_EMSDM_EMMEAN_SP_219501.parquet"
"4022","FINAL_EMSDM_EMMEAN_SP_219504.parquet"
"4023","FINAL_EMSDM_EMMEAN_SP_219505.parquet"
"4024","FINAL_EMSDM_EMMEAN_SP_219506.parquet"
"4025","FINAL_EMSDM_EMMEAN_SP_219510.parquet"
"4026","FINAL_EMSDM_EMMEAN_SP_219511.parquet"
"4027","FINAL_EMSDM_EMMEAN_SP_219512.parquet"
"4028","FINAL_EMSDM_EMMEAN_SP_219521.parquet"
"4029","FINAL_EMSDM_EMMEAN_SP_219523.parquet"
"4030","FINAL_EMSDM_EMMEAN_SP_219528.parquet"
"4031","FINAL_EMSDM_EMMEAN_SP_219529.parquet"
"4032","FINAL_EMSDM_EMMEAN_SP_219530.parquet"
"4033","FINAL_EMSDM_EMMEAN_SP_219534.parquet"
"4034","FINAL_EMSDM_EMMEAN_SP_219535.parquet"
"4035","FINAL_EMSDM_EMMEAN_SP_219536.parquet"
"4036","FINAL_EMSDM_EMMEAN_SP_219538.parquet"
"4037","FINAL_EMSDM_EMMEAN_SP_219539.parquet"
"4038","FINAL_EMSDM_EMMEAN_SP_219540.parquet"
"4039","FINAL_EMSDM_EMMEAN_SP_219541.parquet"
"4040","FINAL_EMSDM_EMMEAN_SP_219542.parquet"
"4041","FINAL_EMSDM_EMMEAN_SP_219543.parquet"
"4042","FINAL_EMSDM_EMMEAN_SP_219544.parquet"
"4043","FINAL_EMSDM_EMMEAN_SP_219545.parquet"
"4044","FINAL_EMSDM_EMMEAN_SP_219546.parquet"
"4045","FINAL_EMSDM_EMMEAN_SP_219547.parquet"
"4046","FINAL_EMSDM_EMMEAN_SP_219549.parquet"
"4047","FINAL_EMSDM_EMMEAN_SP_219550.parquet"
"4048","FINAL_EMSDM_EMMEAN_SP_219551.parquet"
"4049","FINAL_EMSDM_EMMEAN_SP_219553.parquet"
"4050","FINAL_EMSDM_EMMEAN_SP_219554.parquet"
"4051","FINAL_EMSDM_EMMEAN_SP_219558.parquet"
"4052","FINAL_EMSDM_EMMEAN_SP_219562.parquet"
"4053","FINAL_EMSDM_EMMEAN_SP_219564.parquet"
"4054","FINAL_EMSDM_EMMEAN_SP_219567.parquet"
"4055","FINAL_EMSDM_EMMEAN_SP_219571.parquet"
"4056","FINAL_EMSDM_EMMEAN_SP_219572.parquet"
"4057","FINAL_EMSDM_EMMEAN_SP_219573.parquet"
"4058","FINAL_EMSDM_EMMEAN_SP_219578.parquet"
"4059","FINAL_EMSDM_EMMEAN_SP_219579.parquet"
"4060","FINAL_EMSDM_EMMEAN_SP_219581.parquet"
"4061","FINAL_EMSDM_EMMEAN_SP_219582.parquet"
"4062","FINAL_EMSDM_EMMEAN_SP_219583.parquet"
"4063","FINAL_EMSDM_EMMEAN_SP_219585.parquet"
"4064","FINAL_EMSDM_EMMEAN_SP_219587.parquet"
"4065","FINAL_EMSDM_EMMEAN_SP_219588.parquet"
"4066","FINAL_EMSDM_EMMEAN_SP_219589.parquet"
"4067","FINAL_EMSDM_EMMEAN_SP_219591.parquet"
"4068","FINAL_EMSDM_EMMEAN_SP_219592.parquet"
"4069","FINAL_EMSDM_EMMEAN_SP_219593.parquet"
"4070","FINAL_EMSDM_EMMEAN_SP_219594.parquet"
"4071","FINAL_EMSDM_EMMEAN_SP_219595.parquet"
"4072","FINAL_EMSDM_EMMEAN_SP_219596.parquet"
"4073","FINAL_EMSDM_EMMEAN_SP_219597.parquet"
"4074","FINAL_EMSDM_EMMEAN_SP_219598.parquet"
"4075","FINAL_EMSDM_EMMEAN_SP_219599.parquet"
"4076","FINAL_EMSDM_EMMEAN_SP_219600.parquet"
"4077","FINAL_EMSDM_EMMEAN_SP_219602.parquet"
"4078","FINAL_EMSDM_EMMEAN_SP_219603.parquet"
"4079","FINAL_EMSDM_EMMEAN_SP_219607.parquet"
"4080","FINAL_EMSDM_EMMEAN_SP_219608.parquet"
"4081","FINAL_EMSDM_EMMEAN_SP_219609.parquet"
"4082","FINAL_EMSDM_EMMEAN_SP_219611.parquet"
"4083","FINAL_EMSDM_EMMEAN_SP_219612.parquet"
"4084","FINAL_EMSDM_EMMEAN_SP_219616.parquet"
"4085","FINAL_EMSDM_EMMEAN_SP_219617.parquet"
"4086","FINAL_EMSDM_EMMEAN_SP_219618.parquet"
"4087","FINAL_EMSDM_EMMEAN_SP_219621.parquet"
"4088","FINAL_EMSDM_EMMEAN_SP_219622.parquet"
"4089","FINAL_EMSDM_EMMEAN_SP_219624.parquet"
"4090","FINAL_EMSDM_EMMEAN_SP_219625.parquet"
"4091","FINAL_EMSDM_EMMEAN_SP_219626.parquet"
"4092","FINAL_EMSDM_EMMEAN_SP_219628.parquet"
"4093","FINAL_EMSDM_EMMEAN_SP_219629.parquet"
"4094","FINAL_EMSDM_EMMEAN_SP_219630.parquet"
"4095","FINAL_EMSDM_EMMEAN_SP_219632.parquet"
"4096","FINAL_EMSDM_EMMEAN_SP_219633.parquet"
"4097","FINAL_EMSDM_EMMEAN_SP_219634.parquet"
"4098","FINAL_EMSDM_EMMEAN_SP_219636.parquet"
"4099","FINAL_EMSDM_EMMEAN_SP_219637.parquet"
"4100","FINAL_EMSDM_EMMEAN_SP_219638.parquet"
"4101","FINAL_EMSDM_EMMEAN_SP_219639.parquet"
"4102","FINAL_EMSDM_EMMEAN_SP_219640.parquet"
"4103","FINAL_EMSDM_EMMEAN_SP_219641.parquet"
"4104","FINAL_EMSDM_EMMEAN_SP_219642.parquet"
"4105","FINAL_EMSDM_EMMEAN_SP_219644.parquet"
"4106","FINAL_EMSDM_EMMEAN_SP_219646.parquet"
"4107","FINAL_EMSDM_EMMEAN_SP_219648.parquet"
"4108","FINAL_EMSDM_EMMEAN_SP_219649.parquet"
"4109","FINAL_EMSDM_EMMEAN_SP_219650.parquet"
"4110","FINAL_EMSDM_EMMEAN_SP_219651.parquet"
"4111","FINAL_EMSDM_EMMEAN_SP_219652.parquet"
"4112","FINAL_EMSDM_EMMEAN_SP_219657.parquet"
"4113","FINAL_EMSDM_EMMEAN_SP_219658.parquet"
"4114","FINAL_EMSDM_EMMEAN_SP_219659.parquet"
"4115","FINAL_EMSDM_EMMEAN_SP_219664.parquet"
"4116","FINAL_EMSDM_EMMEAN_SP_219665.parquet"
"4117","FINAL_EMSDM_EMMEAN_SP_219666.parquet"
"4118","FINAL_EMSDM_EMMEAN_SP_219667.parquet"
"4119","FINAL_EMSDM_EMMEAN_SP_219668.parquet"
"4120","FINAL_EMSDM_EMMEAN_SP_219670.parquet"
"4121","FINAL_EMSDM_EMMEAN_SP_219671.parquet"
"4122","FINAL_EMSDM_EMMEAN_SP_219672.parquet"
"4123","FINAL_EMSDM_EMMEAN_SP_219673.parquet"
"4124","FINAL_EMSDM_EMMEAN_SP_219674.parquet"
"4125","FINAL_EMSDM_EMMEAN_SP_219675.parquet"
"4126","FINAL_EMSDM_EMMEAN_SP_219676.parquet"
"4127","FINAL_EMSDM_EMMEAN_SP_219679.parquet"
"4128","FINAL_EMSDM_EMMEAN_SP_219680.parquet"
"4129","FINAL_EMSDM_EMMEAN_SP_219681.parquet"
"4130","FINAL_EMSDM_EMMEAN_SP_219683.parquet"
"4131","FINAL_EMSDM_EMMEAN_SP_219686.parquet"
"4132","FINAL_EMSDM_EMMEAN_SP_219687.parquet"
"4133","FINAL_EMSDM_EMMEAN_SP_219688.parquet"
"4134","FINAL_EMSDM_EMMEAN_SP_219689.parquet"
"4135","FINAL_EMSDM_EMMEAN_SP_219690.parquet"
"4136","FINAL_EMSDM_EMMEAN_SP_219692.parquet"
"4137","FINAL_EMSDM_EMMEAN_SP_219707.parquet"
"4138","FINAL_EMSDM_EMMEAN_SP_219708.parquet"
"4139","FINAL_EMSDM_EMMEAN_SP_219709.parquet"
"4140","FINAL_EMSDM_EMMEAN_SP_219712.parquet"
"4141","FINAL_EMSDM_EMMEAN_SP_219713.parquet"
"4142","FINAL_EMSDM_EMMEAN_SP_219715.parquet"
"4143","FINAL_EMSDM_EMMEAN_SP_219716.parquet"
"4144","FINAL_EMSDM_EMMEAN_SP_219719.parquet"
"4145","FINAL_EMSDM_EMMEAN_SP_219720.parquet"
"4146","FINAL_EMSDM_EMMEAN_SP_219722.parquet"
"4147","FINAL_EMSDM_EMMEAN_SP_219734.parquet"
"4148","FINAL_EMSDM_EMMEAN_SP_219741.parquet"
"4149","FINAL_EMSDM_EMMEAN_SP_219742.parquet"
"4150","FINAL_EMSDM_EMMEAN_SP_219755.parquet"
"4151","FINAL_EMSDM_EMMEAN_SP_219756.parquet"
"4152","FINAL_EMSDM_EMMEAN_SP_219758.parquet"
"4153","FINAL_EMSDM_EMMEAN_SP_219761.parquet"
"4154","FINAL_EMSDM_EMMEAN_SP_219762.parquet"
"4155","FINAL_EMSDM_EMMEAN_SP_219763.parquet"
"4156","FINAL_EMSDM_EMMEAN_SP_219771.parquet"
"4157","FINAL_EMSDM_EMMEAN_SP_219775.parquet"
"4158","FINAL_EMSDM_EMMEAN_SP_219787.parquet"
"4159","FINAL_EMSDM_EMMEAN_SP_219788.parquet"
"4160","FINAL_EMSDM_EMMEAN_SP_219790.parquet"
"4161","FINAL_EMSDM_EMMEAN_SP_219791.parquet"
"4162","FINAL_EMSDM_EMMEAN_SP_219792.parquet"
"4163","FINAL_EMSDM_EMMEAN_SP_219794.parquet"
"4164","FINAL_EMSDM_EMMEAN_SP_219795.parquet"
"4165","FINAL_EMSDM_EMMEAN_SP_219796.parquet"
"4166","FINAL_EMSDM_EMMEAN_SP_219797.parquet"
"4167","FINAL_EMSDM_EMMEAN_SP_219798.parquet"
"4168","FINAL_EMSDM_EMMEAN_SP_219802.parquet"
"4169","FINAL_EMSDM_EMMEAN_SP_219804.parquet"
"4170","FINAL_EMSDM_EMMEAN_SP_219807.parquet"
"4171","FINAL_EMSDM_EMMEAN_SP_219808.parquet"
"4172","FINAL_EMSDM_EMMEAN_SP_219809.parquet"
"4173","FINAL_EMSDM_EMMEAN_SP_219810.parquet"
"4174","FINAL_EMSDM_EMMEAN_SP_219811.parquet"
"4175","FINAL_EMSDM_EMMEAN_SP_219813.parquet"
"4176","FINAL_EMSDM_EMMEAN_SP_219814.parquet"
"4177","FINAL_EMSDM_EMMEAN_SP_219815.parquet"
"4178","FINAL_EMSDM_EMMEAN_SP_219816.parquet"
"4179","FINAL_EMSDM_EMMEAN_SP_219817.parquet"
"4180","FINAL_EMSDM_EMMEAN_SP_219818.parquet"
"4181","FINAL_EMSDM_EMMEAN_SP_219819.parquet"
"4182","FINAL_EMSDM_EMMEAN_SP_219821.parquet"
"4183","FINAL_EMSDM_EMMEAN_SP_219822.parquet"
"4184","FINAL_EMSDM_EMMEAN_SP_219823.parquet"
"4185","FINAL_EMSDM_EMMEAN_SP_219826.parquet"
"4186","FINAL_EMSDM_EMMEAN_SP_219828.parquet"
"4187","FINAL_EMSDM_EMMEAN_SP_219829.parquet"
"4188","FINAL_EMSDM_EMMEAN_SP_219832.parquet"
"4189","FINAL_EMSDM_EMMEAN_SP_219837.parquet"
"4190","FINAL_EMSDM_EMMEAN_SP_219838.parquet"
"4191","FINAL_EMSDM_EMMEAN_SP_219844.parquet"
"4192","FINAL_EMSDM_EMMEAN_SP_219845.parquet"
"4193","FINAL_EMSDM_EMMEAN_SP_219846.parquet"
"4194","FINAL_EMSDM_EMMEAN_SP_219847.parquet"
"4195","FINAL_EMSDM_EMMEAN_SP_219848.parquet"
"4196","FINAL_EMSDM_EMMEAN_SP_219850.parquet"
"4197","FINAL_EMSDM_EMMEAN_SP_219851.parquet"
"4198","FINAL_EMSDM_EMMEAN_SP_219852.parquet"
"4199","FINAL_EMSDM_EMMEAN_SP_219853.parquet"
"4200","FINAL_EMSDM_EMMEAN_SP_219854.parquet"
"4201","FINAL_EMSDM_EMMEAN_SP_219855.parquet"
"4202","FINAL_EMSDM_EMMEAN_SP_219856.parquet"
"4203","FINAL_EMSDM_EMMEAN_SP_219857.parquet"
"4204","FINAL_EMSDM_EMMEAN_SP_219858.parquet"
"4205","FINAL_EMSDM_EMMEAN_SP_219860.parquet"
"4206","FINAL_EMSDM_EMMEAN_SP_219861.parquet"
"4207","FINAL_EMSDM_EMMEAN_SP_219862.parquet"
"4208","FINAL_EMSDM_EMMEAN_SP_219863.parquet"
"4209","FINAL_EMSDM_EMMEAN_SP_219870.parquet"
"4210","FINAL_EMSDM_EMMEAN_SP_219873.parquet"
"4211","FINAL_EMSDM_EMMEAN_SP_219874.parquet"
"4212","FINAL_EMSDM_EMMEAN_SP_219875.parquet"
"4213","FINAL_EMSDM_EMMEAN_SP_219876.parquet"
"4214","FINAL_EMSDM_EMMEAN_SP_219879.parquet"
"4215","FINAL_EMSDM_EMMEAN_SP_219881.parquet"
"4216","FINAL_EMSDM_EMMEAN_SP_219882.parquet"
"4217","FINAL_EMSDM_EMMEAN_SP_219883.parquet"
"4218","FINAL_EMSDM_EMMEAN_SP_219884.parquet"
"4219","FINAL_EMSDM_EMMEAN_SP_219885.parquet"
"4220","FINAL_EMSDM_EMMEAN_SP_219886.parquet"
"4221","FINAL_EMSDM_EMMEAN_SP_219887.parquet"
"4222","FINAL_EMSDM_EMMEAN_SP_219888.parquet"
"4223","FINAL_EMSDM_EMMEAN_SP_219889.parquet"
"4224","FINAL_EMSDM_EMMEAN_SP_219890.parquet"
"4225","FINAL_EMSDM_EMMEAN_SP_219894.parquet"
"4226","FINAL_EMSDM_EMMEAN_SP_219896.parquet"
"4227","FINAL_EMSDM_EMMEAN_SP_219897.parquet"
"4228","FINAL_EMSDM_EMMEAN_SP_219898.parquet"
"4229","FINAL_EMSDM_EMMEAN_SP_219901.parquet"
"4230","FINAL_EMSDM_EMMEAN_SP_219902.parquet"
"4231","FINAL_EMSDM_EMMEAN_SP_219903.parquet"
"4232","FINAL_EMSDM_EMMEAN_SP_219904.parquet"
"4233","FINAL_EMSDM_EMMEAN_SP_219905.parquet"
"4234","FINAL_EMSDM_EMMEAN_SP_219914.parquet"
"4235","FINAL_EMSDM_EMMEAN_SP_219915.parquet"
"4236","FINAL_EMSDM_EMMEAN_SP_219921.parquet"
"4237","FINAL_EMSDM_EMMEAN_SP_219922.parquet"
"4238","FINAL_EMSDM_EMMEAN_SP_219923.parquet"
"4239","FINAL_EMSDM_EMMEAN_SP_219924.parquet"
"4240","FINAL_EMSDM_EMMEAN_SP_219925.parquet"
"4241","FINAL_EMSDM_EMMEAN_SP_219926.parquet"
"4242","FINAL_EMSDM_EMMEAN_SP_219927.parquet"
"4243","FINAL_EMSDM_EMMEAN_SP_219928.parquet"
"4244","FINAL_EMSDM_EMMEAN_SP_219930.parquet"
"4245","FINAL_EMSDM_EMMEAN_SP_219931.parquet"
"4246","FINAL_EMSDM_EMMEAN_SP_219932.parquet"
"4247","FINAL_EMSDM_EMMEAN_SP_219935.parquet"
"4248","FINAL_EMSDM_EMMEAN_SP_219936.parquet"
"4249","FINAL_EMSDM_EMMEAN_SP_219937.parquet"
"4250","FINAL_EMSDM_EMMEAN_SP_219938.parquet"
"4251","FINAL_EMSDM_EMMEAN_SP_219940.parquet"
"4252","FINAL_EMSDM_EMMEAN_SP_219942.parquet"
"4253","FINAL_EMSDM_EMMEAN_SP_219943.parquet"
"4254","FINAL_EMSDM_EMMEAN_SP_219944.parquet"
"4255","FINAL_EMSDM_EMMEAN_SP_219945.parquet"
"4256","FINAL_EMSDM_EMMEAN_SP_219946.parquet"
"4257","FINAL_EMSDM_EMMEAN_SP_219947.parquet"
"4258","FINAL_EMSDM_EMMEAN_SP_219954.parquet"
"4259","FINAL_EMSDM_EMMEAN_SP_219955.parquet"
"4260","FINAL_EMSDM_EMMEAN_SP_219956.parquet"
"4261","FINAL_EMSDM_EMMEAN_SP_219957.parquet"
"4262","FINAL_EMSDM_EMMEAN_SP_219958.parquet"
"4263","FINAL_EMSDM_EMMEAN_SP_219959.parquet"
"4264","FINAL_EMSDM_EMMEAN_SP_219961.parquet"
"4265","FINAL_EMSDM_EMMEAN_SP_219962.parquet"
"4266","FINAL_EMSDM_EMMEAN_SP_219963.parquet"
"4267","FINAL_EMSDM_EMMEAN_SP_219964.parquet"
"4268","FINAL_EMSDM_EMMEAN_SP_219968.parquet"
"4269","FINAL_EMSDM_EMMEAN_SP_219970.parquet"
"4270","FINAL_EMSDM_EMMEAN_SP_219974.parquet"
"4271","FINAL_EMSDM_EMMEAN_SP_219979.parquet"
"4272","FINAL_EMSDM_EMMEAN_SP_219980.parquet"
"4273","FINAL_EMSDM_EMMEAN_SP_219982.parquet"
"4274","FINAL_EMSDM_EMMEAN_SP_219983.parquet"
"4275","FINAL_EMSDM_EMMEAN_SP_219984.parquet"
"4276","FINAL_EMSDM_EMMEAN_SP_219988.parquet"
"4277","FINAL_EMSDM_EMMEAN_SP_219990.parquet"
"4278","FINAL_EMSDM_EMMEAN_SP_219991.parquet"
"4279","FINAL_EMSDM_EMMEAN_SP_219993.parquet"
"4280","FINAL_EMSDM_EMMEAN_SP_219994.parquet"
"4281","FINAL_EMSDM_EMMEAN_SP_219995.parquet"
"4282","FINAL_EMSDM_EMMEAN_SP_219996.parquet"
"4283","FINAL_EMSDM_EMMEAN_SP_219997.parquet"
"4284","FINAL_EMSDM_EMMEAN_SP_219998.parquet"
"4285","FINAL_EMSDM_EMMEAN_SP_219999.parquet"
"4286","FINAL_EMSDM_EMMEAN_SP_220000.parquet"
"4287","FINAL_EMSDM_EMMEAN_SP_220001.parquet"
"4288","FINAL_EMSDM_EMMEAN_SP_220003.parquet"
"4289","FINAL_EMSDM_EMMEAN_SP_220004.parquet"
"4290","FINAL_EMSDM_EMMEAN_SP_220005.parquet"
"4291","FINAL_EMSDM_EMMEAN_SP_220006.parquet"
"4292","FINAL_EMSDM_EMMEAN_SP_220007.parquet"
"4293","FINAL_EMSDM_EMMEAN_SP_220010.parquet"
"4294","FINAL_EMSDM_EMMEAN_SP_220015.parquet"
"4295","FINAL_EMSDM_EMMEAN_SP_220017.parquet"
"4296","FINAL_EMSDM_EMMEAN_SP_220018.parquet"
"4297","FINAL_EMSDM_EMMEAN_SP_220019.parquet"
"4298","FINAL_EMSDM_EMMEAN_SP_220020.parquet"
"4299","FINAL_EMSDM_EMMEAN_SP_220021.parquet"
"4300","FINAL_EMSDM_EMMEAN_SP_220022.parquet"
"4301","FINAL_EMSDM_EMMEAN_SP_220023.parquet"
"4302","FINAL_EMSDM_EMMEAN_SP_220025.parquet"
"4303","FINAL_EMSDM_EMMEAN_SP_220030.parquet"
"4304","FINAL_EMSDM_EMMEAN_SP_220031.parquet"
"4305","FINAL_EMSDM_EMMEAN_SP_220033.parquet"
"4306","FINAL_EMSDM_EMMEAN_SP_220034.parquet"
"4307","FINAL_EMSDM_EMMEAN_SP_220035.parquet"
"4308","FINAL_EMSDM_EMMEAN_SP_220036.parquet"
"4309","FINAL_EMSDM_EMMEAN_SP_220037.parquet"
"4310","FINAL_EMSDM_EMMEAN_SP_220038.parquet"
"4311","FINAL_EMSDM_EMMEAN_SP_220039.parquet"
"4312","FINAL_EMSDM_EMMEAN_SP_220043.parquet"
"4313","FINAL_EMSDM_EMMEAN_SP_220044.parquet"
"4314","FINAL_EMSDM_EMMEAN_SP_220046.parquet"
"4315","FINAL_EMSDM_EMMEAN_SP_220051.parquet"
"4316","FINAL_EMSDM_EMMEAN_SP_220052.parquet"
"4317","FINAL_EMSDM_EMMEAN_SP_220053.parquet"
"4318","FINAL_EMSDM_EMMEAN_SP_220054.parquet"
"4319","FINAL_EMSDM_EMMEAN_SP_220055.parquet"
"4320","FINAL_EMSDM_EMMEAN_SP_220057.parquet"
"4321","FINAL_EMSDM_EMMEAN_SP_220058.parquet"
"4322","FINAL_EMSDM_EMMEAN_SP_220060.parquet"
"4323","FINAL_EMSDM_EMMEAN_SP_220063.parquet"
"4324","FINAL_EMSDM_EMMEAN_SP_220064.parquet"
"4325","FINAL_EMSDM_EMMEAN_SP_220065.parquet"
"4326","FINAL_EMSDM_EMMEAN_SP_220067.parquet"
"4327","FINAL_EMSDM_EMMEAN_SP_220068.parquet"
"4328","FINAL_EMSDM_EMMEAN_SP_220070.parquet"
"4329","FINAL_EMSDM_EMMEAN_SP_220071.parquet"
"4330","FINAL_EMSDM_EMMEAN_SP_220072.parquet"
"4331","FINAL_EMSDM_EMMEAN_SP_220073.parquet"
"4332","FINAL_EMSDM_EMMEAN_SP_220074.parquet"
"4333","FINAL_EMSDM_EMMEAN_SP_220077.parquet"
"4334","FINAL_EMSDM_EMMEAN_SP_220079.parquet"
"4335","FINAL_EMSDM_EMMEAN_SP_220080.parquet"
"4336","FINAL_EMSDM_EMMEAN_SP_220081.parquet"
"4337","FINAL_EMSDM_EMMEAN_SP_220082.parquet"
"4338","FINAL_EMSDM_EMMEAN_SP_220083.parquet"
"4339","FINAL_EMSDM_EMMEAN_SP_220089.parquet"
"4340","FINAL_EMSDM_EMMEAN_SP_220222.parquet"
"4341","FINAL_EMSDM_EMMEAN_SP_220227.parquet"
"4342","FINAL_EMSDM_EMMEAN_SP_220230.parquet"
"4343","FINAL_EMSDM_EMMEAN_SP_220231.parquet"
"4344","FINAL_EMSDM_EMMEAN_SP_220233.parquet"
"4345","FINAL_EMSDM_EMMEAN_SP_220234.parquet"
"4346","FINAL_EMSDM_EMMEAN_SP_220293.parquet"
"4347","FINAL_EMSDM_EMMEAN_SP_220327.parquet"
"4348","FINAL_EMSDM_EMMEAN_SP_220329.parquet"
"4349","FINAL_EMSDM_EMMEAN_SP_220334.parquet"
"4350","FINAL_EMSDM_EMMEAN_SP_220335.parquet"
"4351","FINAL_EMSDM_EMMEAN_SP_220337.parquet"
"4352","FINAL_EMSDM_EMMEAN_SP_220344.parquet"
"4353","FINAL_EMSDM_EMMEAN_SP_220345.parquet"
"4354","FINAL_EMSDM_EMMEAN_SP_220346.parquet"
"4355","FINAL_EMSDM_EMMEAN_SP_220349.parquet"
"4356","FINAL_EMSDM_EMMEAN_SP_220350.parquet"
"4357","FINAL_EMSDM_EMMEAN_SP_220352.parquet"
"4358","FINAL_EMSDM_EMMEAN_SP_220353.parquet"
"4359","FINAL_EMSDM_EMMEAN_SP_220354.parquet"
"4360","FINAL_EMSDM_EMMEAN_SP_220355.parquet"
"4361","FINAL_EMSDM_EMMEAN_SP_220357.parquet"
"4362","FINAL_EMSDM_EMMEAN_SP_220364.parquet"
"4363","FINAL_EMSDM_EMMEAN_SP_220365.parquet"
"4364","FINAL_EMSDM_EMMEAN_SP_220368.parquet"
"4365","FINAL_EMSDM_EMMEAN_SP_220971.parquet"
"4366","FINAL_EMSDM_EMMEAN_SP_220972.parquet"
"4367","FINAL_EMSDM_EMMEAN_SP_221343.parquet"
"4368","FINAL_EMSDM_EMMEAN_SP_221344.parquet"
"4369","FINAL_EMSDM_EMMEAN_SP_221345.parquet"
"4370","FINAL_EMSDM_EMMEAN_SP_221349.parquet"
"4371","FINAL_EMSDM_EMMEAN_SP_221351.parquet"
"4372","FINAL_EMSDM_EMMEAN_SP_221352.parquet"
"4373","FINAL_EMSDM_EMMEAN_SP_221357.parquet"
"4374","FINAL_EMSDM_EMMEAN_SP_221382.parquet"
"4375","FINAL_EMSDM_EMMEAN_SP_221383.parquet"
"4376","FINAL_EMSDM_EMMEAN_SP_221384.parquet"
"4377","FINAL_EMSDM_EMMEAN_SP_221385.parquet"
"4378","FINAL_EMSDM_EMMEAN_SP_221386.parquet"
"4379","FINAL_EMSDM_EMMEAN_SP_221387.parquet"
"4380","FINAL_EMSDM_EMMEAN_SP_221388.parquet"
"4381","FINAL_EMSDM_EMMEAN_SP_221392.parquet"
"4382","FINAL_EMSDM_EMMEAN_SP_221393.parquet"
"4383","FINAL_EMSDM_EMMEAN_SP_221394.parquet"
"4384","FINAL_EMSDM_EMMEAN_SP_221395.parquet"
"4385","FINAL_EMSDM_EMMEAN_SP_221398.parquet"
"4386","FINAL_EMSDM_EMMEAN_SP_221399.parquet"
"4387","FINAL_EMSDM_EMMEAN_SP_221403.parquet"
"4388","FINAL_EMSDM_EMMEAN_SP_221405.parquet"
"4389","FINAL_EMSDM_EMMEAN_SP_221406.parquet"
"4390","FINAL_EMSDM_EMMEAN_SP_221416.parquet"
"4391","FINAL_EMSDM_EMMEAN_SP_221424.parquet"
"4392","FINAL_EMSDM_EMMEAN_SP_221428.parquet"
"4393","FINAL_EMSDM_EMMEAN_SP_221435.parquet"
"4394","FINAL_EMSDM_EMMEAN_SP_221436.parquet"
"4395","FINAL_EMSDM_EMMEAN_SP_221437.parquet"
"4396","FINAL_EMSDM_EMMEAN_SP_221438.parquet"
"4397","FINAL_EMSDM_EMMEAN_SP_221440.parquet"
"4398","FINAL_EMSDM_EMMEAN_SP_221441.parquet"
"4399","FINAL_EMSDM_EMMEAN_SP_221442.parquet"
"4400","FINAL_EMSDM_EMMEAN_SP_221443.parquet"
"4401","FINAL_EMSDM_EMMEAN_SP_221445.parquet"
"4402","FINAL_EMSDM_EMMEAN_SP_221446.parquet"
"4403","FINAL_EMSDM_EMMEAN_SP_221449.parquet"
"4404","FINAL_EMSDM_EMMEAN_SP_221452.parquet"
"4405","FINAL_EMSDM_EMMEAN_SP_221453.parquet"
"4406","FINAL_EMSDM_EMMEAN_SP_221454.parquet"
"4407","FINAL_EMSDM_EMMEAN_SP_221455.parquet"
"4408","FINAL_EMSDM_EMMEAN_SP_221457.parquet"
"4409","FINAL_EMSDM_EMMEAN_SP_221458.parquet"
"4410","FINAL_EMSDM_EMMEAN_SP_221460.parquet"
"4411","FINAL_EMSDM_EMMEAN_SP_221461.parquet"
"4412","FINAL_EMSDM_EMMEAN_SP_221462.parquet"
"4413","FINAL_EMSDM_EMMEAN_SP_221463.parquet"
"4414","FINAL_EMSDM_EMMEAN_SP_221464.parquet"
"4415","FINAL_EMSDM_EMMEAN_SP_221466.parquet"
"4416","FINAL_EMSDM_EMMEAN_SP_221467.parquet"
"4417","FINAL_EMSDM_EMMEAN_SP_221507.parquet"
"4418","FINAL_EMSDM_EMMEAN_SP_221508.parquet"
"4419","FINAL_EMSDM_EMMEAN_SP_221509.parquet"
"4420","FINAL_EMSDM_EMMEAN_SP_221512.parquet"
"4421","FINAL_EMSDM_EMMEAN_SP_221514.parquet"
"4422","FINAL_EMSDM_EMMEAN_SP_224280.parquet"
"4423","FINAL_EMSDM_EMMEAN_SP_224286.parquet"
"4424","FINAL_EMSDM_EMMEAN_SP_224287.parquet"
"4425","FINAL_EMSDM_EMMEAN_SP_224297.parquet"
"4426","FINAL_EMSDM_EMMEAN_SP_224304.parquet"
"4427","FINAL_EMSDM_EMMEAN_SP_224308.parquet"
"4428","FINAL_EMSDM_EMMEAN_SP_224309.parquet"
"4429","FINAL_EMSDM_EMMEAN_SP_224311.parquet"
"4430","FINAL_EMSDM_EMMEAN_SP_224480.parquet"
"4431","FINAL_EMSDM_EMMEAN_SP_224486.parquet"
"4432","FINAL_EMSDM_EMMEAN_SP_224487.parquet"
"4433","FINAL_EMSDM_EMMEAN_SP_225129.parquet"
"4434","FINAL_EMSDM_EMMEAN_SP_225448.parquet"
"4435","FINAL_EMSDM_EMMEAN_SP_225458.parquet"
"4436","FINAL_EMSDM_EMMEAN_SP_225473.parquet"
"4437","FINAL_EMSDM_EMMEAN_SP_225681.parquet"
"4438","FINAL_EMSDM_EMMEAN_SP_231405.parquet"
"4439","FINAL_EMSDM_EMMEAN_SP_231409.parquet"
"4440","FINAL_EMSDM_EMMEAN_SP_231414.parquet"
"4441","FINAL_EMSDM_EMMEAN_SP_231418.parquet"
"4442","FINAL_EMSDM_EMMEAN_SP_231424.parquet"
"4443","FINAL_EMSDM_EMMEAN_SP_231429.parquet"
"4444","FINAL_EMSDM_EMMEAN_SP_231433.parquet"
"4445","FINAL_EMSDM_EMMEAN_SP_231434.parquet"
"4446","FINAL_EMSDM_EMMEAN_SP_231441.parquet"
"4447","FINAL_EMSDM_EMMEAN_SP_234105.parquet"
"4448","FINAL_EMSDM_EMMEAN_SP_234107.parquet"
"4449","FINAL_EMSDM_EMMEAN_SP_234586.parquet"
"4450","FINAL_EMSDM_EMMEAN_SP_234591.parquet"
"4451","FINAL_EMSDM_EMMEAN_SP_234600.parquet"
"4452","FINAL_EMSDM_EMMEAN_SP_234602.parquet"
"4453","FINAL_EMSDM_EMMEAN_SP_234604.parquet"
"4454","FINAL_EMSDM_EMMEAN_SP_234607.parquet"
"4455","FINAL_EMSDM_EMMEAN_SP_234626.parquet"
"4456","FINAL_EMSDM_EMMEAN_SP_234627.parquet"
"4457","FINAL_EMSDM_EMMEAN_SP_234629.parquet"
"4458","FINAL_EMSDM_EMMEAN_SP_234630.parquet"
"4459","FINAL_EMSDM_EMMEAN_SP_234633.parquet"
"4460","FINAL_EMSDM_EMMEAN_SP_234638.parquet"
"4461","FINAL_EMSDM_EMMEAN_SP_234640.parquet"
"4462","FINAL_EMSDM_EMMEAN_SP_234641.parquet"
"4463","FINAL_EMSDM_EMMEAN_SP_234642.parquet"
"4464","FINAL_EMSDM_EMMEAN_SP_234648.parquet"
"4465","FINAL_EMSDM_EMMEAN_SP_234655.parquet"
"4466","FINAL_EMSDM_EMMEAN_SP_234656.parquet"
"4467","FINAL_EMSDM_EMMEAN_SP_234657.parquet"
"4468","FINAL_EMSDM_EMMEAN_SP_234663.parquet"
"4469","FINAL_EMSDM_EMMEAN_SP_234664.parquet"
"4470","FINAL_EMSDM_EMMEAN_SP_234667.parquet"
"4471","FINAL_EMSDM_EMMEAN_SP_234675.parquet"
"4472","FINAL_EMSDM_EMMEAN_SP_234676.parquet"
"4473","FINAL_EMSDM_EMMEAN_SP_234683.parquet"
"4474","FINAL_EMSDM_EMMEAN_SP_234684.parquet"
"4475","FINAL_EMSDM_EMMEAN_SP_234686.parquet"
"4476","FINAL_EMSDM_EMMEAN_SP_234692.parquet"
"4477","FINAL_EMSDM_EMMEAN_SP_234714.parquet"
"4478","FINAL_EMSDM_EMMEAN_SP_234717.parquet"
"4479","FINAL_EMSDM_EMMEAN_SP_234719.parquet"
"4480","FINAL_EMSDM_EMMEAN_SP_234725.parquet"
"4481","FINAL_EMSDM_EMMEAN_SP_234727.parquet"
"4482","FINAL_EMSDM_EMMEAN_SP_234729.parquet"
"4483","FINAL_EMSDM_EMMEAN_SP_234731.parquet"
"4484","FINAL_EMSDM_EMMEAN_SP_234732.parquet"
"4485","FINAL_EMSDM_EMMEAN_SP_234733.parquet"
"4486","FINAL_EMSDM_EMMEAN_SP_234737.parquet"
"4487","FINAL_EMSDM_EMMEAN_SP_234745.parquet"
"4488","FINAL_EMSDM_EMMEAN_SP_234747.parquet"
"4489","FINAL_EMSDM_EMMEAN_SP_234749.parquet"
"4490","FINAL_EMSDM_EMMEAN_SP_234757.parquet"
"4491","FINAL_EMSDM_EMMEAN_SP_234763.parquet"
"4492","FINAL_EMSDM_EMMEAN_SP_234766.parquet"
"4493","FINAL_EMSDM_EMMEAN_SP_234767.parquet"
"4494","FINAL_EMSDM_EMMEAN_SP_234774.parquet"
"4495","FINAL_EMSDM_EMMEAN_SP_234779.parquet"
"4496","FINAL_EMSDM_EMMEAN_SP_234783.parquet"
"4497","FINAL_EMSDM_EMMEAN_SP_234785.parquet"
"4498","FINAL_EMSDM_EMMEAN_SP_234791.parquet"
"4499","FINAL_EMSDM_EMMEAN_SP_234792.parquet"
"4500","FINAL_EMSDM_EMMEAN_SP_234798.parquet"
"4501","FINAL_EMSDM_EMMEAN_SP_234799.parquet"
"4502","FINAL_EMSDM_EMMEAN_SP_234804.parquet"
"4503","FINAL_EMSDM_EMMEAN_SP_234806.parquet"
"4504","FINAL_EMSDM_EMMEAN_SP_234813.parquet"
"4505","FINAL_EMSDM_EMMEAN_SP_234821.parquet"
"4506","FINAL_EMSDM_EMMEAN_SP_234826.parquet"
"4507","FINAL_EMSDM_EMMEAN_SP_234827.parquet"
"4508","FINAL_EMSDM_EMMEAN_SP_234829.parquet"
"4509","FINAL_EMSDM_EMMEAN_SP_234839.parquet"
"4510","FINAL_EMSDM_EMMEAN_SP_236126.parquet"
"4511","FINAL_EMSDM_EMMEAN_SP_236454.parquet"
"4512","FINAL_EMSDM_EMMEAN_SP_236466.parquet"
"4513","FINAL_EMSDM_EMMEAN_SP_236486.parquet"
"4514","FINAL_EMSDM_EMMEAN_SP_236488.parquet"
"4515","FINAL_EMSDM_EMMEAN_SP_236492.parquet"
"4516","FINAL_EMSDM_EMMEAN_SP_238343.parquet"
"4517","FINAL_EMSDM_EMMEAN_SP_238403.parquet"
"4518","FINAL_EMSDM_EMMEAN_SP_240721.parquet"
"4519","FINAL_EMSDM_EMMEAN_SP_240727.parquet"
"4520","FINAL_EMSDM_EMMEAN_SP_240732.parquet"
"4521","FINAL_EMSDM_EMMEAN_SP_240735.parquet"
"4522","FINAL_EMSDM_EMMEAN_SP_240740.parquet"
"4523","FINAL_EMSDM_EMMEAN_SP_240743.parquet"
"4524","FINAL_EMSDM_EMMEAN_SP_240746.parquet"
"4525","FINAL_EMSDM_EMMEAN_SP_241290.parquet"
"4526","FINAL_EMSDM_EMMEAN_SP_241293.parquet"
"4527","FINAL_EMSDM_EMMEAN_SP_241294.parquet"
"4528","FINAL_EMSDM_EMMEAN_SP_241295.parquet"
"4529","FINAL_EMSDM_EMMEAN_SP_241296.parquet"
"4530","FINAL_EMSDM_EMMEAN_SP_241297.parquet"
"4531","FINAL_EMSDM_EMMEAN_SP_241308.parquet"
"4532","FINAL_EMSDM_EMMEAN_SP_241309.parquet"
"4533","FINAL_EMSDM_EMMEAN_SP_241310.parquet"
"4534","FINAL_EMSDM_EMMEAN_SP_242606.parquet"
"4535","FINAL_EMSDM_EMMEAN_SP_242608.parquet"
"4536","FINAL_EMSDM_EMMEAN_SP_246172.parquet"
"4537","FINAL_EMSDM_EMMEAN_SP_246173.parquet"
"4538","FINAL_EMSDM_EMMEAN_SP_246203.parquet"
"4539","FINAL_EMSDM_EMMEAN_SP_246318.parquet"
"4540","FINAL_EMSDM_EMMEAN_SP_246322.parquet"
"4541","FINAL_EMSDM_EMMEAN_SP_246323.parquet"
"4542","FINAL_EMSDM_EMMEAN_SP_246431.parquet"
"4543","FINAL_EMSDM_EMMEAN_SP_246440.parquet"
"4544","FINAL_EMSDM_EMMEAN_SP_246455.parquet"
"4545","FINAL_EMSDM_EMMEAN_SP_246458.parquet"
"4546","FINAL_EMSDM_EMMEAN_SP_254345.parquet"
"4547","FINAL_EMSDM_EMMEAN_SP_254363.parquet"
"4548","FINAL_EMSDM_EMMEAN_SP_254364.parquet"
"4549","FINAL_EMSDM_EMMEAN_SP_254393.parquet"
"4550","FINAL_EMSDM_EMMEAN_SP_254521.parquet"
"4551","FINAL_EMSDM_EMMEAN_SP_254529.parquet"
"4552","FINAL_EMSDM_EMMEAN_SP_254530.parquet"
"4553","FINAL_EMSDM_EMMEAN_SP_254534.parquet"
"4554","FINAL_EMSDM_EMMEAN_SP_254535.parquet"
"4555","FINAL_EMSDM_EMMEAN_SP_254542.parquet"
"4556","FINAL_EMSDM_EMMEAN_SP_254552.parquet"
"4557","FINAL_EMSDM_EMMEAN_SP_254553.parquet"
"4558","FINAL_EMSDM_EMMEAN_SP_254554.parquet"
"4559","FINAL_EMSDM_EMMEAN_SP_254556.parquet"
"4560","FINAL_EMSDM_EMMEAN_SP_254557.parquet"
"4561","FINAL_EMSDM_EMMEAN_SP_254561.parquet"
"4562","FINAL_EMSDM_EMMEAN_SP_254562.parquet"
"4563","FINAL_EMSDM_EMMEAN_SP_254564.parquet"
"4564","FINAL_EMSDM_EMMEAN_SP_254569.parquet"
"4565","FINAL_EMSDM_EMMEAN_SP_254570.parquet"
"4566","FINAL_EMSDM_EMMEAN_SP_254572.parquet"
"4567","FINAL_EMSDM_EMMEAN_SP_254578.parquet"
"4568","FINAL_EMSDM_EMMEAN_SP_254593.parquet"
"4569","FINAL_EMSDM_EMMEAN_SP_254879.parquet"
"4570","FINAL_EMSDM_EMMEAN_SP_254881.parquet"
"4571","FINAL_EMSDM_EMMEAN_SP_254883.parquet"
"4572","FINAL_EMSDM_EMMEAN_SP_254964.parquet"
"4573","FINAL_EMSDM_EMMEAN_SP_254971.parquet"
"4574","FINAL_EMSDM_EMMEAN_SP_254974.parquet"
"4575","FINAL_EMSDM_EMMEAN_SP_254975.parquet"
"4576","FINAL_EMSDM_EMMEAN_SP_254976.parquet"
"4577","FINAL_EMSDM_EMMEAN_SP_254978.parquet"
"4578","FINAL_EMSDM_EMMEAN_SP_254979.parquet"
"4579","FINAL_EMSDM_EMMEAN_SP_254983.parquet"
"4580","FINAL_EMSDM_EMMEAN_SP_254985.parquet"
"4581","FINAL_EMSDM_EMMEAN_SP_254987.parquet"
"4582","FINAL_EMSDM_EMMEAN_SP_254991.parquet"
"4583","FINAL_EMSDM_EMMEAN_SP_254992.parquet"
"4584","FINAL_EMSDM_EMMEAN_SP_255017.parquet"
"4585","FINAL_EMSDM_EMMEAN_SP_268163.parquet"
"4586","FINAL_EMSDM_EMMEAN_SP_271298.parquet"
"4587","FINAL_EMSDM_EMMEAN_SP_271303.parquet"
"4588","FINAL_EMSDM_EMMEAN_SP_271310.parquet"
"4589","FINAL_EMSDM_EMMEAN_SP_271311.parquet"
"4590","FINAL_EMSDM_EMMEAN_SP_271319.parquet"
"4591","FINAL_EMSDM_EMMEAN_SP_271320.parquet"
"4592","FINAL_EMSDM_EMMEAN_SP_271321.parquet"
"4593","FINAL_EMSDM_EMMEAN_SP_271322.parquet"
"4594","FINAL_EMSDM_EMMEAN_SP_271323.parquet"
"4595","FINAL_EMSDM_EMMEAN_SP_271324.parquet"
"4596","FINAL_EMSDM_EMMEAN_SP_271325.parquet"
"4597","FINAL_EMSDM_EMMEAN_SP_271326.parquet"
"4598","FINAL_EMSDM_EMMEAN_SP_271327.parquet"
"4599","FINAL_EMSDM_EMMEAN_SP_271328.parquet"
"4600","FINAL_EMSDM_EMMEAN_SP_271329.parquet"
"4601","FINAL_EMSDM_EMMEAN_SP_271331.parquet"
"4602","FINAL_EMSDM_EMMEAN_SP_271333.parquet"
"4603","FINAL_EMSDM_EMMEAN_SP_271334.parquet"
"4604","FINAL_EMSDM_EMMEAN_SP_271335.parquet"
"4605","FINAL_EMSDM_EMMEAN_SP_271336.parquet"
"4606","FINAL_EMSDM_EMMEAN_SP_271337.parquet"
"4607","FINAL_EMSDM_EMMEAN_SP_271338.parquet"
"4608","FINAL_EMSDM_EMMEAN_SP_271340.parquet"
"4609","FINAL_EMSDM_EMMEAN_SP_271341.parquet"
"4610","FINAL_EMSDM_EMMEAN_SP_271342.parquet"
"4611","FINAL_EMSDM_EMMEAN_SP_271343.parquet"
"4612","FINAL_EMSDM_EMMEAN_SP_271344.parquet"
"4613","FINAL_EMSDM_EMMEAN_SP_271345.parquet"
"4614","FINAL_EMSDM_EMMEAN_SP_271347.parquet"
"4615","FINAL_EMSDM_EMMEAN_SP_271348.parquet"
"4616","FINAL_EMSDM_EMMEAN_SP_271349.parquet"
"4617","FINAL_EMSDM_EMMEAN_SP_271351.parquet"
"4618","FINAL_EMSDM_EMMEAN_SP_271352.parquet"
"4619","FINAL_EMSDM_EMMEAN_SP_271353.parquet"
"4620","FINAL_EMSDM_EMMEAN_SP_271354.parquet"
"4621","FINAL_EMSDM_EMMEAN_SP_271355.parquet"
"4622","FINAL_EMSDM_EMMEAN_SP_271357.parquet"
"4623","FINAL_EMSDM_EMMEAN_SP_271358.parquet"
"4624","FINAL_EMSDM_EMMEAN_SP_271359.parquet"
"4625","FINAL_EMSDM_EMMEAN_SP_271360.parquet"
"4626","FINAL_EMSDM_EMMEAN_SP_271361.parquet"
"4627","FINAL_EMSDM_EMMEAN_SP_271362.parquet"
"4628","FINAL_EMSDM_EMMEAN_SP_271363.parquet"
"4629","FINAL_EMSDM_EMMEAN_SP_271364.parquet"
"4630","FINAL_EMSDM_EMMEAN_SP_271365.parquet"
"4631","FINAL_EMSDM_EMMEAN_SP_271366.parquet"
"4632","FINAL_EMSDM_EMMEAN_SP_271367.parquet"
"4633","FINAL_EMSDM_EMMEAN_SP_271369.parquet"
"4634","FINAL_EMSDM_EMMEAN_SP_271370.parquet"
"4635","FINAL_EMSDM_EMMEAN_SP_271372.parquet"
"4636","FINAL_EMSDM_EMMEAN_SP_271373.parquet"
"4637","FINAL_EMSDM_EMMEAN_SP_271375.parquet"
"4638","FINAL_EMSDM_EMMEAN_SP_271376.parquet"
"4639","FINAL_EMSDM_EMMEAN_SP_271377.parquet"
"4640","FINAL_EMSDM_EMMEAN_SP_271379.parquet"
"4641","FINAL_EMSDM_EMMEAN_SP_271380.parquet"
"4642","FINAL_EMSDM_EMMEAN_SP_271381.parquet"
"4643","FINAL_EMSDM_EMMEAN_SP_271382.parquet"
"4644","FINAL_EMSDM_EMMEAN_SP_271383.parquet"
"4645","FINAL_EMSDM_EMMEAN_SP_271384.parquet"
"4646","FINAL_EMSDM_EMMEAN_SP_271386.parquet"
"4647","FINAL_EMSDM_EMMEAN_SP_271387.parquet"
"4648","FINAL_EMSDM_EMMEAN_SP_271388.parquet"
"4649","FINAL_EMSDM_EMMEAN_SP_271389.parquet"
"4650","FINAL_EMSDM_EMMEAN_SP_271390.parquet"
"4651","FINAL_EMSDM_EMMEAN_SP_271391.parquet"
"4652","FINAL_EMSDM_EMMEAN_SP_271392.parquet"
"4653","FINAL_EMSDM_EMMEAN_SP_271393.parquet"
"4654","FINAL_EMSDM_EMMEAN_SP_271394.parquet"
"4655","FINAL_EMSDM_EMMEAN_SP_271395.parquet"
"4656","FINAL_EMSDM_EMMEAN_SP_271396.parquet"
"4657","FINAL_EMSDM_EMMEAN_SP_271397.parquet"
"4658","FINAL_EMSDM_EMMEAN_SP_271398.parquet"
"4659","FINAL_EMSDM_EMMEAN_SP_271399.parquet"
"4660","FINAL_EMSDM_EMMEAN_SP_271400.parquet"
"4661","FINAL_EMSDM_EMMEAN_SP_271401.parquet"
"4662","FINAL_EMSDM_EMMEAN_SP_271402.parquet"
"4663","FINAL_EMSDM_EMMEAN_SP_271403.parquet"
"4664","FINAL_EMSDM_EMMEAN_SP_271404.parquet"
"4665","FINAL_EMSDM_EMMEAN_SP_271405.parquet"
"4666","FINAL_EMSDM_EMMEAN_SP_271406.parquet"
"4667","FINAL_EMSDM_EMMEAN_SP_271410.parquet"
"4668","FINAL_EMSDM_EMMEAN_SP_271411.parquet"
"4669","FINAL_EMSDM_EMMEAN_SP_271412.parquet"
"4670","FINAL_EMSDM_EMMEAN_SP_271413.parquet"
"4671","FINAL_EMSDM_EMMEAN_SP_271414.parquet"
"4672","FINAL_EMSDM_EMMEAN_SP_271415.parquet"
"4673","FINAL_EMSDM_EMMEAN_SP_271417.parquet"
"4674","FINAL_EMSDM_EMMEAN_SP_271418.parquet"
"4675","FINAL_EMSDM_EMMEAN_SP_271420.parquet"
"4676","FINAL_EMSDM_EMMEAN_SP_271421.parquet"
"4677","FINAL_EMSDM_EMMEAN_SP_271422.parquet"
"4678","FINAL_EMSDM_EMMEAN_SP_271436.parquet"
"4679","FINAL_EMSDM_EMMEAN_SP_271445.parquet"
"4680","FINAL_EMSDM_EMMEAN_SP_271474.parquet"
"4681","FINAL_EMSDM_EMMEAN_SP_271476.parquet"
"4682","FINAL_EMSDM_EMMEAN_SP_271479.parquet"
"4683","FINAL_EMSDM_EMMEAN_SP_271482.parquet"
"4684","FINAL_EMSDM_EMMEAN_SP_271485.parquet"
"4685","FINAL_EMSDM_EMMEAN_SP_271486.parquet"
"4686","FINAL_EMSDM_EMMEAN_SP_271487.parquet"
"4687","FINAL_EMSDM_EMMEAN_SP_271488.parquet"
"4688","FINAL_EMSDM_EMMEAN_SP_271489.parquet"
"4689","FINAL_EMSDM_EMMEAN_SP_271490.parquet"
"4690","FINAL_EMSDM_EMMEAN_SP_271491.parquet"
"4691","FINAL_EMSDM_EMMEAN_SP_271492.parquet"
"4692","FINAL_EMSDM_EMMEAN_SP_271495.parquet"
"4693","FINAL_EMSDM_EMMEAN_SP_271496.parquet"
"4694","FINAL_EMSDM_EMMEAN_SP_271497.parquet"
"4695","FINAL_EMSDM_EMMEAN_SP_271498.parquet"
"4696","FINAL_EMSDM_EMMEAN_SP_271500.parquet"
"4697","FINAL_EMSDM_EMMEAN_SP_271501.parquet"
"4698","FINAL_EMSDM_EMMEAN_SP_271502.parquet"
"4699","FINAL_EMSDM_EMMEAN_SP_271503.parquet"
"4700","FINAL_EMSDM_EMMEAN_SP_271505.parquet"
"4701","FINAL_EMSDM_EMMEAN_SP_271506.parquet"
"4702","FINAL_EMSDM_EMMEAN_SP_271507.parquet"
"4703","FINAL_EMSDM_EMMEAN_SP_271508.parquet"
"4704","FINAL_EMSDM_EMMEAN_SP_271509.parquet"
"4705","FINAL_EMSDM_EMMEAN_SP_271511.parquet"
"4706","FINAL_EMSDM_EMMEAN_SP_271512.parquet"
"4707","FINAL_EMSDM_EMMEAN_SP_271513.parquet"
"4708","FINAL_EMSDM_EMMEAN_SP_271515.parquet"
"4709","FINAL_EMSDM_EMMEAN_SP_271516.parquet"
"4710","FINAL_EMSDM_EMMEAN_SP_271517.parquet"
"4711","FINAL_EMSDM_EMMEAN_SP_271519.parquet"
"4712","FINAL_EMSDM_EMMEAN_SP_271520.parquet"
"4713","FINAL_EMSDM_EMMEAN_SP_271521.parquet"
"4714","FINAL_EMSDM_EMMEAN_SP_271522.parquet"
"4715","FINAL_EMSDM_EMMEAN_SP_271523.parquet"
"4716","FINAL_EMSDM_EMMEAN_SP_271524.parquet"
"4717","FINAL_EMSDM_EMMEAN_SP_271525.parquet"
"4718","FINAL_EMSDM_EMMEAN_SP_271527.parquet"
"4719","FINAL_EMSDM_EMMEAN_SP_271529.parquet"
"4720","FINAL_EMSDM_EMMEAN_SP_271531.parquet"
"4721","FINAL_EMSDM_EMMEAN_SP_271532.parquet"
"4722","FINAL_EMSDM_EMMEAN_SP_271533.parquet"
"4723","FINAL_EMSDM_EMMEAN_SP_271535.parquet"
"4724","FINAL_EMSDM_EMMEAN_SP_271536.parquet"
"4725","FINAL_EMSDM_EMMEAN_SP_271537.parquet"
"4726","FINAL_EMSDM_EMMEAN_SP_271538.parquet"
"4727","FINAL_EMSDM_EMMEAN_SP_271539.parquet"
"4728","FINAL_EMSDM_EMMEAN_SP_271540.parquet"
"4729","FINAL_EMSDM_EMMEAN_SP_271541.parquet"
"4730","FINAL_EMSDM_EMMEAN_SP_271542.parquet"
"4731","FINAL_EMSDM_EMMEAN_SP_271546.parquet"
"4732","FINAL_EMSDM_EMMEAN_SP_271547.parquet"
"4733","FINAL_EMSDM_EMMEAN_SP_271548.parquet"
"4734","FINAL_EMSDM_EMMEAN_SP_271549.parquet"
"4735","FINAL_EMSDM_EMMEAN_SP_271550.parquet"
"4736","FINAL_EMSDM_EMMEAN_SP_271552.parquet"
"4737","FINAL_EMSDM_EMMEAN_SP_271553.parquet"
"4738","FINAL_EMSDM_EMMEAN_SP_271554.parquet"
"4739","FINAL_EMSDM_EMMEAN_SP_271555.parquet"
"4740","FINAL_EMSDM_EMMEAN_SP_271556.parquet"
"4741","FINAL_EMSDM_EMMEAN_SP_271557.parquet"
"4742","FINAL_EMSDM_EMMEAN_SP_271560.parquet"
"4743","FINAL_EMSDM_EMMEAN_SP_271561.parquet"
"4744","FINAL_EMSDM_EMMEAN_SP_271562.parquet"
"4745","FINAL_EMSDM_EMMEAN_SP_271564.parquet"
"4746","FINAL_EMSDM_EMMEAN_SP_271565.parquet"
"4747","FINAL_EMSDM_EMMEAN_SP_271567.parquet"
"4748","FINAL_EMSDM_EMMEAN_SP_271568.parquet"
"4749","FINAL_EMSDM_EMMEAN_SP_271569.parquet"
"4750","FINAL_EMSDM_EMMEAN_SP_271577.parquet"
"4751","FINAL_EMSDM_EMMEAN_SP_271587.parquet"
"4752","FINAL_EMSDM_EMMEAN_SP_271589.parquet"
"4753","FINAL_EMSDM_EMMEAN_SP_271590.parquet"
"4754","FINAL_EMSDM_EMMEAN_SP_271591.parquet"
"4755","FINAL_EMSDM_EMMEAN_SP_271592.parquet"
"4756","FINAL_EMSDM_EMMEAN_SP_271593.parquet"
"4757","FINAL_EMSDM_EMMEAN_SP_271594.parquet"
"4758","FINAL_EMSDM_EMMEAN_SP_271598.parquet"
"4759","FINAL_EMSDM_EMMEAN_SP_271599.parquet"
"4760","FINAL_EMSDM_EMMEAN_SP_271601.parquet"
"4761","FINAL_EMSDM_EMMEAN_SP_271603.parquet"
"4762","FINAL_EMSDM_EMMEAN_SP_271609.parquet"
"4763","FINAL_EMSDM_EMMEAN_SP_271616.parquet"
"4764","FINAL_EMSDM_EMMEAN_SP_271617.parquet"
"4765","FINAL_EMSDM_EMMEAN_SP_271618.parquet"
"4766","FINAL_EMSDM_EMMEAN_SP_271619.parquet"
"4767","FINAL_EMSDM_EMMEAN_SP_271620.parquet"
"4768","FINAL_EMSDM_EMMEAN_SP_271621.parquet"
"4769","FINAL_EMSDM_EMMEAN_SP_271622.parquet"
"4770","FINAL_EMSDM_EMMEAN_SP_271623.parquet"
"4771","FINAL_EMSDM_EMMEAN_SP_271624.parquet"
"4772","FINAL_EMSDM_EMMEAN_SP_271625.parquet"
"4773","FINAL_EMSDM_EMMEAN_SP_271628.parquet"
"4774","FINAL_EMSDM_EMMEAN_SP_271630.parquet"
"4775","FINAL_EMSDM_EMMEAN_SP_271631.parquet"
"4776","FINAL_EMSDM_EMMEAN_SP_271632.parquet"
"4777","FINAL_EMSDM_EMMEAN_SP_271633.parquet"
"4778","FINAL_EMSDM_EMMEAN_SP_271634.parquet"
"4779","FINAL_EMSDM_EMMEAN_SP_271635.parquet"
"4780","FINAL_EMSDM_EMMEAN_SP_271636.parquet"
"4781","FINAL_EMSDM_EMMEAN_SP_271637.parquet"
"4782","FINAL_EMSDM_EMMEAN_SP_271638.parquet"
"4783","FINAL_EMSDM_EMMEAN_SP_271639.parquet"
"4784","FINAL_EMSDM_EMMEAN_SP_271640.parquet"
"4785","FINAL_EMSDM_EMMEAN_SP_271642.parquet"
"4786","FINAL_EMSDM_EMMEAN_SP_271643.parquet"
"4787","FINAL_EMSDM_EMMEAN_SP_271645.parquet"
"4788","FINAL_EMSDM_EMMEAN_SP_271646.parquet"
"4789","FINAL_EMSDM_EMMEAN_SP_271647.parquet"
"4790","FINAL_EMSDM_EMMEAN_SP_271648.parquet"
"4791","FINAL_EMSDM_EMMEAN_SP_271649.parquet"
"4792","FINAL_EMSDM_EMMEAN_SP_271650.parquet"
"4793","FINAL_EMSDM_EMMEAN_SP_271651.parquet"
"4794","FINAL_EMSDM_EMMEAN_SP_271652.parquet"
"4795","FINAL_EMSDM_EMMEAN_SP_271653.parquet"
"4796","FINAL_EMSDM_EMMEAN_SP_271654.parquet"
"4797","FINAL_EMSDM_EMMEAN_SP_271655.parquet"
"4798","FINAL_EMSDM_EMMEAN_SP_271656.parquet"
"4799","FINAL_EMSDM_EMMEAN_SP_271658.parquet"
"4800","FINAL_EMSDM_EMMEAN_SP_271659.parquet"
"4801","FINAL_EMSDM_EMMEAN_SP_271660.parquet"
"4802","FINAL_EMSDM_EMMEAN_SP_271661.parquet"
"4803","FINAL_EMSDM_EMMEAN_SP_271662.parquet"
"4804","FINAL_EMSDM_EMMEAN_SP_271663.parquet"
"4805","FINAL_EMSDM_EMMEAN_SP_271664.parquet"
"4806","FINAL_EMSDM_EMMEAN_SP_271665.parquet"
"4807","FINAL_EMSDM_EMMEAN_SP_271666.parquet"
"4808","FINAL_EMSDM_EMMEAN_SP_271667.parquet"
"4809","FINAL_EMSDM_EMMEAN_SP_271668.parquet"
"4810","FINAL_EMSDM_EMMEAN_SP_271669.parquet"
"4811","FINAL_EMSDM_EMMEAN_SP_271670.parquet"
"4812","FINAL_EMSDM_EMMEAN_SP_271671.parquet"
"4813","FINAL_EMSDM_EMMEAN_SP_271672.parquet"
"4814","FINAL_EMSDM_EMMEAN_SP_271674.parquet"
"4815","FINAL_EMSDM_EMMEAN_SP_271675.parquet"
"4816","FINAL_EMSDM_EMMEAN_SP_271676.parquet"
"4817","FINAL_EMSDM_EMMEAN_SP_271678.parquet"
"4818","FINAL_EMSDM_EMMEAN_SP_271679.parquet"
"4819","FINAL_EMSDM_EMMEAN_SP_271682.parquet"
"4820","FINAL_EMSDM_EMMEAN_SP_271684.parquet"
"4821","FINAL_EMSDM_EMMEAN_SP_271691.parquet"
"4822","FINAL_EMSDM_EMMEAN_SP_271702.parquet"
"4823","FINAL_EMSDM_EMMEAN_SP_271703.parquet"
"4824","FINAL_EMSDM_EMMEAN_SP_271704.parquet"
"4825","FINAL_EMSDM_EMMEAN_SP_271705.parquet"
"4826","FINAL_EMSDM_EMMEAN_SP_271707.parquet"
"4827","FINAL_EMSDM_EMMEAN_SP_271710.parquet"
"4828","FINAL_EMSDM_EMMEAN_SP_271711.parquet"
"4829","FINAL_EMSDM_EMMEAN_SP_271712.parquet"
"4830","FINAL_EMSDM_EMMEAN_SP_271713.parquet"
"4831","FINAL_EMSDM_EMMEAN_SP_271714.parquet"
"4832","FINAL_EMSDM_EMMEAN_SP_271715.parquet"
"4833","FINAL_EMSDM_EMMEAN_SP_271716.parquet"
"4834","FINAL_EMSDM_EMMEAN_SP_271717.parquet"
"4835","FINAL_EMSDM_EMMEAN_SP_271718.parquet"
"4836","FINAL_EMSDM_EMMEAN_SP_271719.parquet"
"4837","FINAL_EMSDM_EMMEAN_SP_271720.parquet"
"4838","FINAL_EMSDM_EMMEAN_SP_271721.parquet"
"4839","FINAL_EMSDM_EMMEAN_SP_271722.parquet"
"4840","FINAL_EMSDM_EMMEAN_SP_271723.parquet"
"4841","FINAL_EMSDM_EMMEAN_SP_271725.parquet"
"4842","FINAL_EMSDM_EMMEAN_SP_271726.parquet"
"4843","FINAL_EMSDM_EMMEAN_SP_271727.parquet"
"4844","FINAL_EMSDM_EMMEAN_SP_271728.parquet"
"4845","FINAL_EMSDM_EMMEAN_SP_271729.parquet"
"4846","FINAL_EMSDM_EMMEAN_SP_271731.parquet"
"4847","FINAL_EMSDM_EMMEAN_SP_271732.parquet"
"4848","FINAL_EMSDM_EMMEAN_SP_271733.parquet"
"4849","FINAL_EMSDM_EMMEAN_SP_271735.parquet"
"4850","FINAL_EMSDM_EMMEAN_SP_271736.parquet"
"4851","FINAL_EMSDM_EMMEAN_SP_271737.parquet"
"4852","FINAL_EMSDM_EMMEAN_SP_271738.parquet"
"4853","FINAL_EMSDM_EMMEAN_SP_271739.parquet"
"4854","FINAL_EMSDM_EMMEAN_SP_271740.parquet"
"4855","FINAL_EMSDM_EMMEAN_SP_271741.parquet"
"4856","FINAL_EMSDM_EMMEAN_SP_271742.parquet"
"4857","FINAL_EMSDM_EMMEAN_SP_271744.parquet"
"4858","FINAL_EMSDM_EMMEAN_SP_271745.parquet"
"4859","FINAL_EMSDM_EMMEAN_SP_271746.parquet"
"4860","FINAL_EMSDM_EMMEAN_SP_271747.parquet"
"4861","FINAL_EMSDM_EMMEAN_SP_271748.parquet"
"4862","FINAL_EMSDM_EMMEAN_SP_271749.parquet"
"4863","FINAL_EMSDM_EMMEAN_SP_271750.parquet"
"4864","FINAL_EMSDM_EMMEAN_SP_271751.parquet"
"4865","FINAL_EMSDM_EMMEAN_SP_271752.parquet"
"4866","FINAL_EMSDM_EMMEAN_SP_271753.parquet"
"4867","FINAL_EMSDM_EMMEAN_SP_271754.parquet"
"4868","FINAL_EMSDM_EMMEAN_SP_271755.parquet"
"4869","FINAL_EMSDM_EMMEAN_SP_271756.parquet"
"4870","FINAL_EMSDM_EMMEAN_SP_271757.parquet"
"4871","FINAL_EMSDM_EMMEAN_SP_271758.parquet"
"4872","FINAL_EMSDM_EMMEAN_SP_271759.parquet"
"4873","FINAL_EMSDM_EMMEAN_SP_271760.parquet"
"4874","FINAL_EMSDM_EMMEAN_SP_271761.parquet"
"4875","FINAL_EMSDM_EMMEAN_SP_271762.parquet"
"4876","FINAL_EMSDM_EMMEAN_SP_271763.parquet"
"4877","FINAL_EMSDM_EMMEAN_SP_271764.parquet"
"4878","FINAL_EMSDM_EMMEAN_SP_271765.parquet"
"4879","FINAL_EMSDM_EMMEAN_SP_271766.parquet"
"4880","FINAL_EMSDM_EMMEAN_SP_271768.parquet"
"4881","FINAL_EMSDM_EMMEAN_SP_271769.parquet"
"4882","FINAL_EMSDM_EMMEAN_SP_271770.parquet"
"4883","FINAL_EMSDM_EMMEAN_SP_271771.parquet"
"4884","FINAL_EMSDM_EMMEAN_SP_271772.parquet"
"4885","FINAL_EMSDM_EMMEAN_SP_271773.parquet"
"4886","FINAL_EMSDM_EMMEAN_SP_271774.parquet"
"4887","FINAL_EMSDM_EMMEAN_SP_271775.parquet"
"4888","FINAL_EMSDM_EMMEAN_SP_271777.parquet"
"4889","FINAL_EMSDM_EMMEAN_SP_271778.parquet"
"4890","FINAL_EMSDM_EMMEAN_SP_271779.parquet"
"4891","FINAL_EMSDM_EMMEAN_SP_271780.parquet"
"4892","FINAL_EMSDM_EMMEAN_SP_271781.parquet"
"4893","FINAL_EMSDM_EMMEAN_SP_271782.parquet"
"4894","FINAL_EMSDM_EMMEAN_SP_271783.parquet"
"4895","FINAL_EMSDM_EMMEAN_SP_271784.parquet"
"4896","FINAL_EMSDM_EMMEAN_SP_271785.parquet"
"4897","FINAL_EMSDM_EMMEAN_SP_271787.parquet"
"4898","FINAL_EMSDM_EMMEAN_SP_271788.parquet"
"4899","FINAL_EMSDM_EMMEAN_SP_271789.parquet"
"4900","FINAL_EMSDM_EMMEAN_SP_271790.parquet"
"4901","FINAL_EMSDM_EMMEAN_SP_271791.parquet"
"4902","FINAL_EMSDM_EMMEAN_SP_271792.parquet"
"4903","FINAL_EMSDM_EMMEAN_SP_271793.parquet"
"4904","FINAL_EMSDM_EMMEAN_SP_271794.parquet"
"4905","FINAL_EMSDM_EMMEAN_SP_271795.parquet"
"4906","FINAL_EMSDM_EMMEAN_SP_271796.parquet"
"4907","FINAL_EMSDM_EMMEAN_SP_271797.parquet"
"4908","FINAL_EMSDM_EMMEAN_SP_271798.parquet"
"4909","FINAL_EMSDM_EMMEAN_SP_271799.parquet"
"4910","FINAL_EMSDM_EMMEAN_SP_271800.parquet"
"4911","FINAL_EMSDM_EMMEAN_SP_271801.parquet"
"4912","FINAL_EMSDM_EMMEAN_SP_271804.parquet"
"4913","FINAL_EMSDM_EMMEAN_SP_271805.parquet"
"4914","FINAL_EMSDM_EMMEAN_SP_271806.parquet"
"4915","FINAL_EMSDM_EMMEAN_SP_271807.parquet"
"4916","FINAL_EMSDM_EMMEAN_SP_271808.parquet"
"4917","FINAL_EMSDM_EMMEAN_SP_271809.parquet"
"4918","FINAL_EMSDM_EMMEAN_SP_271810.parquet"
"4919","FINAL_EMSDM_EMMEAN_SP_271811.parquet"
"4920","FINAL_EMSDM_EMMEAN_SP_271814.parquet"
"4921","FINAL_EMSDM_EMMEAN_SP_271815.parquet"
"4922","FINAL_EMSDM_EMMEAN_SP_271816.parquet"
"4923","FINAL_EMSDM_EMMEAN_SP_271817.parquet"
"4924","FINAL_EMSDM_EMMEAN_SP_271818.parquet"
"4925","FINAL_EMSDM_EMMEAN_SP_271819.parquet"
"4926","FINAL_EMSDM_EMMEAN_SP_271820.parquet"
"4927","FINAL_EMSDM_EMMEAN_SP_271821.parquet"
"4928","FINAL_EMSDM_EMMEAN_SP_271822.parquet"
"4929","FINAL_EMSDM_EMMEAN_SP_271823.parquet"
"4930","FINAL_EMSDM_EMMEAN_SP_271824.parquet"
"4931","FINAL_EMSDM_EMMEAN_SP_271825.parquet"
"4932","FINAL_EMSDM_EMMEAN_SP_271826.parquet"
"4933","FINAL_EMSDM_EMMEAN_SP_271827.parquet"
"4934","FINAL_EMSDM_EMMEAN_SP_271828.parquet"
"4935","FINAL_EMSDM_EMMEAN_SP_271829.parquet"
"4936","FINAL_EMSDM_EMMEAN_SP_271831.parquet"
"4937","FINAL_EMSDM_EMMEAN_SP_271832.parquet"
"4938","FINAL_EMSDM_EMMEAN_SP_271833.parquet"
"4939","FINAL_EMSDM_EMMEAN_SP_271834.parquet"
"4940","FINAL_EMSDM_EMMEAN_SP_271835.parquet"
"4941","FINAL_EMSDM_EMMEAN_SP_271836.parquet"
"4942","FINAL_EMSDM_EMMEAN_SP_271837.parquet"
"4943","FINAL_EMSDM_EMMEAN_SP_271838.parquet"
"4944","FINAL_EMSDM_EMMEAN_SP_271839.parquet"
"4945","FINAL_EMSDM_EMMEAN_SP_271840.parquet"
"4946","FINAL_EMSDM_EMMEAN_SP_271841.parquet"
"4947","FINAL_EMSDM_EMMEAN_SP_271842.parquet"
"4948","FINAL_EMSDM_EMMEAN_SP_271843.parquet"
"4949","FINAL_EMSDM_EMMEAN_SP_271844.parquet"
"4950","FINAL_EMSDM_EMMEAN_SP_271845.parquet"
"4951","FINAL_EMSDM_EMMEAN_SP_271846.parquet"
"4952","FINAL_EMSDM_EMMEAN_SP_271847.parquet"
"4953","FINAL_EMSDM_EMMEAN_SP_271848.parquet"
"4954","FINAL_EMSDM_EMMEAN_SP_271849.parquet"
"4955","FINAL_EMSDM_EMMEAN_SP_271851.parquet"
"4956","FINAL_EMSDM_EMMEAN_SP_271852.parquet"
"4957","FINAL_EMSDM_EMMEAN_SP_271853.parquet"
"4958","FINAL_EMSDM_EMMEAN_SP_271854.parquet"
"4959","FINAL_EMSDM_EMMEAN_SP_271855.parquet"
"4960","FINAL_EMSDM_EMMEAN_SP_271856.parquet"
"4961","FINAL_EMSDM_EMMEAN_SP_271858.parquet"
"4962","FINAL_EMSDM_EMMEAN_SP_271859.parquet"
"4963","FINAL_EMSDM_EMMEAN_SP_271860.parquet"
"4964","FINAL_EMSDM_EMMEAN_SP_271861.parquet"
"4965","FINAL_EMSDM_EMMEAN_SP_271862.parquet"
"4966","FINAL_EMSDM_EMMEAN_SP_271863.parquet"
"4967","FINAL_EMSDM_EMMEAN_SP_271864.parquet"
"4968","FINAL_EMSDM_EMMEAN_SP_271865.parquet"
"4969","FINAL_EMSDM_EMMEAN_SP_271866.parquet"
"4970","FINAL_EMSDM_EMMEAN_SP_271867.parquet"
"4971","FINAL_EMSDM_EMMEAN_SP_271868.parquet"
"4972","FINAL_EMSDM_EMMEAN_SP_271869.parquet"
"4973","FINAL_EMSDM_EMMEAN_SP_271870.parquet"
"4974","FINAL_EMSDM_EMMEAN_SP_271871.parquet"
"4975","FINAL_EMSDM_EMMEAN_SP_271872.parquet"
"4976","FINAL_EMSDM_EMMEAN_SP_271873.parquet"
"4977","FINAL_EMSDM_EMMEAN_SP_271874.parquet"
"4978","FINAL_EMSDM_EMMEAN_SP_271875.parquet"
"4979","FINAL_EMSDM_EMMEAN_SP_271876.parquet"
"4980","FINAL_EMSDM_EMMEAN_SP_271877.parquet"
"4981","FINAL_EMSDM_EMMEAN_SP_271878.parquet"
"4982","FINAL_EMSDM_EMMEAN_SP_271879.parquet"
"4983","FINAL_EMSDM_EMMEAN_SP_271880.parquet"
"4984","FINAL_EMSDM_EMMEAN_SP_271881.parquet"
"4985","FINAL_EMSDM_EMMEAN_SP_271882.parquet"
"4986","FINAL_EMSDM_EMMEAN_SP_271885.parquet"
"4987","FINAL_EMSDM_EMMEAN_SP_271886.parquet"
"4988","FINAL_EMSDM_EMMEAN_SP_271887.parquet"
"4989","FINAL_EMSDM_EMMEAN_SP_271888.parquet"
"4990","FINAL_EMSDM_EMMEAN_SP_271889.parquet"
"4991","FINAL_EMSDM_EMMEAN_SP_271890.parquet"
"4992","FINAL_EMSDM_EMMEAN_SP_271892.parquet"
"4993","FINAL_EMSDM_EMMEAN_SP_271893.parquet"
"4994","FINAL_EMSDM_EMMEAN_SP_271894.parquet"
"4995","FINAL_EMSDM_EMMEAN_SP_271895.parquet"
"4996","FINAL_EMSDM_EMMEAN_SP_271896.parquet"
"4997","FINAL_EMSDM_EMMEAN_SP_271898.parquet"
"4998","FINAL_EMSDM_EMMEAN_SP_271900.parquet"
"4999","FINAL_EMSDM_EMMEAN_SP_271901.parquet"
"5000","FINAL_EMSDM_EMMEAN_SP_271902.parquet"
"5001","FINAL_EMSDM_EMMEAN_SP_271903.parquet"
"5002","FINAL_EMSDM_EMMEAN_SP_271904.parquet"
"5003","FINAL_EMSDM_EMMEAN_SP_271905.parquet"
"5004","FINAL_EMSDM_EMMEAN_SP_271906.parquet"
"5005","FINAL_EMSDM_EMMEAN_SP_271907.parquet"
"5006","FINAL_EMSDM_EMMEAN_SP_271910.parquet"
"5007","FINAL_EMSDM_EMMEAN_SP_271911.parquet"
"5008","FINAL_EMSDM_EMMEAN_SP_271912.parquet"
"5009","FINAL_EMSDM_EMMEAN_SP_271913.parquet"
"5010","FINAL_EMSDM_EMMEAN_SP_271914.parquet"
"5011","FINAL_EMSDM_EMMEAN_SP_271915.parquet"
"5012","FINAL_EMSDM_EMMEAN_SP_271916.parquet"
"5013","FINAL_EMSDM_EMMEAN_SP_271917.parquet"
"5014","FINAL_EMSDM_EMMEAN_SP_271918.parquet"
"5015","FINAL_EMSDM_EMMEAN_SP_271919.parquet"
"5016","FINAL_EMSDM_EMMEAN_SP_271920.parquet"
"5017","FINAL_EMSDM_EMMEAN_SP_271921.parquet"
"5018","FINAL_EMSDM_EMMEAN_SP_271922.parquet"
"5019","FINAL_EMSDM_EMMEAN_SP_271923.parquet"
"5020","FINAL_EMSDM_EMMEAN_SP_271924.parquet"
"5021","FINAL_EMSDM_EMMEAN_SP_271925.parquet"
"5022","FINAL_EMSDM_EMMEAN_SP_271928.parquet"
"5023","FINAL_EMSDM_EMMEAN_SP_271929.parquet"
"5024","FINAL_EMSDM_EMMEAN_SP_271930.parquet"
"5025","FINAL_EMSDM_EMMEAN_SP_271931.parquet"
"5026","FINAL_EMSDM_EMMEAN_SP_271932.parquet"
"5027","FINAL_EMSDM_EMMEAN_SP_271933.parquet"
"5028","FINAL_EMSDM_EMMEAN_SP_271934.parquet"
"5029","FINAL_EMSDM_EMMEAN_SP_271935.parquet"
"5030","FINAL_EMSDM_EMMEAN_SP_271936.parquet"
"5031","FINAL_EMSDM_EMMEAN_SP_271937.parquet"
"5032","FINAL_EMSDM_EMMEAN_SP_271938.parquet"
"5033","FINAL_EMSDM_EMMEAN_SP_271939.parquet"
"5034","FINAL_EMSDM_EMMEAN_SP_271940.parquet"
"5035","FINAL_EMSDM_EMMEAN_SP_271941.parquet"
"5036","FINAL_EMSDM_EMMEAN_SP_271942.parquet"
"5037","FINAL_EMSDM_EMMEAN_SP_271943.parquet"
"5038","FINAL_EMSDM_EMMEAN_SP_271944.parquet"
"5039","FINAL_EMSDM_EMMEAN_SP_271945.parquet"
"5040","FINAL_EMSDM_EMMEAN_SP_271946.parquet"
"5041","FINAL_EMSDM_EMMEAN_SP_271947.parquet"
"5042","FINAL_EMSDM_EMMEAN_SP_271950.parquet"
"5043","FINAL_EMSDM_EMMEAN_SP_271952.parquet"
"5044","FINAL_EMSDM_EMMEAN_SP_271954.parquet"
"5045","FINAL_EMSDM_EMMEAN_SP_271955.parquet"
"5046","FINAL_EMSDM_EMMEAN_SP_271956.parquet"
"5047","FINAL_EMSDM_EMMEAN_SP_271957.parquet"
"5048","FINAL_EMSDM_EMMEAN_SP_271959.parquet"
"5049","FINAL_EMSDM_EMMEAN_SP_271960.parquet"
"5050","FINAL_EMSDM_EMMEAN_SP_271961.parquet"
"5051","FINAL_EMSDM_EMMEAN_SP_271962.parquet"
"5052","FINAL_EMSDM_EMMEAN_SP_271963.parquet"
"5053","FINAL_EMSDM_EMMEAN_SP_271964.parquet"
"5054","FINAL_EMSDM_EMMEAN_SP_271965.parquet"
"5055","FINAL_EMSDM_EMMEAN_SP_271966.parquet"
"5056","FINAL_EMSDM_EMMEAN_SP_271967.parquet"
"5057","FINAL_EMSDM_EMMEAN_SP_271968.parquet"
"5058","FINAL_EMSDM_EMMEAN_SP_271969.parquet"
"5059","FINAL_EMSDM_EMMEAN_SP_271970.parquet"
"5060","FINAL_EMSDM_EMMEAN_SP_271971.parquet"
"5061","FINAL_EMSDM_EMMEAN_SP_271972.parquet"
"5062","FINAL_EMSDM_EMMEAN_SP_271973.parquet"
"5063","FINAL_EMSDM_EMMEAN_SP_271976.parquet"
"5064","FINAL_EMSDM_EMMEAN_SP_271977.parquet"
"5065","FINAL_EMSDM_EMMEAN_SP_271978.parquet"
"5066","FINAL_EMSDM_EMMEAN_SP_271979.parquet"
"5067","FINAL_EMSDM_EMMEAN_SP_271980.parquet"
"5068","FINAL_EMSDM_EMMEAN_SP_271981.parquet"
"5069","FINAL_EMSDM_EMMEAN_SP_271982.parquet"
"5070","FINAL_EMSDM_EMMEAN_SP_271983.parquet"
"5071","FINAL_EMSDM_EMMEAN_SP_271985.parquet"
"5072","FINAL_EMSDM_EMMEAN_SP_271986.parquet"
"5073","FINAL_EMSDM_EMMEAN_SP_271987.parquet"
"5074","FINAL_EMSDM_EMMEAN_SP_271988.parquet"
"5075","FINAL_EMSDM_EMMEAN_SP_271989.parquet"
"5076","FINAL_EMSDM_EMMEAN_SP_271990.parquet"
"5077","FINAL_EMSDM_EMMEAN_SP_271991.parquet"
"5078","FINAL_EMSDM_EMMEAN_SP_271992.parquet"
"5079","FINAL_EMSDM_EMMEAN_SP_271993.parquet"
"5080","FINAL_EMSDM_EMMEAN_SP_271994.parquet"
"5081","FINAL_EMSDM_EMMEAN_SP_271995.parquet"
"5082","FINAL_EMSDM_EMMEAN_SP_271999.parquet"
"5083","FINAL_EMSDM_EMMEAN_SP_272001.parquet"
"5084","FINAL_EMSDM_EMMEAN_SP_272002.parquet"
"5085","FINAL_EMSDM_EMMEAN_SP_272003.parquet"
"5086","FINAL_EMSDM_EMMEAN_SP_272004.parquet"
"5087","FINAL_EMSDM_EMMEAN_SP_272005.parquet"
"5088","FINAL_EMSDM_EMMEAN_SP_272006.parquet"
"5089","FINAL_EMSDM_EMMEAN_SP_272007.parquet"
"5090","FINAL_EMSDM_EMMEAN_SP_272008.parquet"
"5091","FINAL_EMSDM_EMMEAN_SP_272009.parquet"
"5092","FINAL_EMSDM_EMMEAN_SP_272010.parquet"
"5093","FINAL_EMSDM_EMMEAN_SP_272011.parquet"
"5094","FINAL_EMSDM_EMMEAN_SP_272012.parquet"
"5095","FINAL_EMSDM_EMMEAN_SP_272013.parquet"
"5096","FINAL_EMSDM_EMMEAN_SP_272014.parquet"
"5097","FINAL_EMSDM_EMMEAN_SP_272015.parquet"
"5098","FINAL_EMSDM_EMMEAN_SP_272016.parquet"
"5099","FINAL_EMSDM_EMMEAN_SP_272017.parquet"
"5100","FINAL_EMSDM_EMMEAN_SP_272018.parquet"
"5101","FINAL_EMSDM_EMMEAN_SP_272020.parquet"
"5102","FINAL_EMSDM_EMMEAN_SP_272021.parquet"
"5103","FINAL_EMSDM_EMMEAN_SP_272022.parquet"
"5104","FINAL_EMSDM_EMMEAN_SP_272023.parquet"
"5105","FINAL_EMSDM_EMMEAN_SP_272026.parquet"
"5106","FINAL_EMSDM_EMMEAN_SP_272027.parquet"
"5107","FINAL_EMSDM_EMMEAN_SP_272030.parquet"
"5108","FINAL_EMSDM_EMMEAN_SP_272034.parquet"
"5109","FINAL_EMSDM_EMMEAN_SP_272038.parquet"
"5110","FINAL_EMSDM_EMMEAN_SP_272040.parquet"
"5111","FINAL_EMSDM_EMMEAN_SP_272041.parquet"
"5112","FINAL_EMSDM_EMMEAN_SP_272042.parquet"
"5113","FINAL_EMSDM_EMMEAN_SP_272050.parquet"
"5114","FINAL_EMSDM_EMMEAN_SP_272051.parquet"
"5115","FINAL_EMSDM_EMMEAN_SP_272052.parquet"
"5116","FINAL_EMSDM_EMMEAN_SP_272054.parquet"
"5117","FINAL_EMSDM_EMMEAN_SP_272055.parquet"
"5118","FINAL_EMSDM_EMMEAN_SP_272056.parquet"
"5119","FINAL_EMSDM_EMMEAN_SP_272057.parquet"
"5120","FINAL_EMSDM_EMMEAN_SP_272058.parquet"
"5121","FINAL_EMSDM_EMMEAN_SP_272059.parquet"
"5122","FINAL_EMSDM_EMMEAN_SP_272060.parquet"
"5123","FINAL_EMSDM_EMMEAN_SP_272061.parquet"
"5124","FINAL_EMSDM_EMMEAN_SP_272063.parquet"
"5125","FINAL_EMSDM_EMMEAN_SP_272070.parquet"
"5126","FINAL_EMSDM_EMMEAN_SP_272075.parquet"
"5127","FINAL_EMSDM_EMMEAN_SP_272076.parquet"
"5128","FINAL_EMSDM_EMMEAN_SP_272077.parquet"
"5129","FINAL_EMSDM_EMMEAN_SP_272078.parquet"
"5130","FINAL_EMSDM_EMMEAN_SP_272079.parquet"
"5131","FINAL_EMSDM_EMMEAN_SP_272082.parquet"
"5132","FINAL_EMSDM_EMMEAN_SP_272083.parquet"
"5133","FINAL_EMSDM_EMMEAN_SP_272084.parquet"
"5134","FINAL_EMSDM_EMMEAN_SP_272085.parquet"
"5135","FINAL_EMSDM_EMMEAN_SP_272086.parquet"
"5136","FINAL_EMSDM_EMMEAN_SP_272087.parquet"
"5137","FINAL_EMSDM_EMMEAN_SP_272090.parquet"
"5138","FINAL_EMSDM_EMMEAN_SP_272093.parquet"
"5139","FINAL_EMSDM_EMMEAN_SP_272094.parquet"
"5140","FINAL_EMSDM_EMMEAN_SP_272095.parquet"
"5141","FINAL_EMSDM_EMMEAN_SP_272096.parquet"
"5142","FINAL_EMSDM_EMMEAN_SP_272097.parquet"
"5143","FINAL_EMSDM_EMMEAN_SP_272098.parquet"
"5144","FINAL_EMSDM_EMMEAN_SP_272099.parquet"
"5145","FINAL_EMSDM_EMMEAN_SP_272100.parquet"
"5146","FINAL_EMSDM_EMMEAN_SP_272101.parquet"
"5147","FINAL_EMSDM_EMMEAN_SP_272103.parquet"
"5148","FINAL_EMSDM_EMMEAN_SP_272104.parquet"
"5149","FINAL_EMSDM_EMMEAN_SP_272106.parquet"
"5150","FINAL_EMSDM_EMMEAN_SP_272107.parquet"
"5151","FINAL_EMSDM_EMMEAN_SP_272108.parquet"
"5152","FINAL_EMSDM_EMMEAN_SP_272109.parquet"
"5153","FINAL_EMSDM_EMMEAN_SP_272110.parquet"
"5154","FINAL_EMSDM_EMMEAN_SP_272111.parquet"
"5155","FINAL_EMSDM_EMMEAN_SP_272114.parquet"
"5156","FINAL_EMSDM_EMMEAN_SP_272116.parquet"
"5157","FINAL_EMSDM_EMMEAN_SP_272117.parquet"
"5158","FINAL_EMSDM_EMMEAN_SP_272119.parquet"
"5159","FINAL_EMSDM_EMMEAN_SP_272120.parquet"
"5160","FINAL_EMSDM_EMMEAN_SP_272121.parquet"
"5161","FINAL_EMSDM_EMMEAN_SP_272123.parquet"
"5162","FINAL_EMSDM_EMMEAN_SP_272124.parquet"
"5163","FINAL_EMSDM_EMMEAN_SP_272125.parquet"
"5164","FINAL_EMSDM_EMMEAN_SP_272129.parquet"
"5165","FINAL_EMSDM_EMMEAN_SP_272130.parquet"
"5166","FINAL_EMSDM_EMMEAN_SP_272132.parquet"
"5167","FINAL_EMSDM_EMMEAN_SP_272133.parquet"
"5168","FINAL_EMSDM_EMMEAN_SP_272135.parquet"
"5169","FINAL_EMSDM_EMMEAN_SP_272137.parquet"
"5170","FINAL_EMSDM_EMMEAN_SP_272138.parquet"
"5171","FINAL_EMSDM_EMMEAN_SP_272139.parquet"
"5172","FINAL_EMSDM_EMMEAN_SP_272140.parquet"
"5173","FINAL_EMSDM_EMMEAN_SP_272141.parquet"
"5174","FINAL_EMSDM_EMMEAN_SP_272143.parquet"
"5175","FINAL_EMSDM_EMMEAN_SP_272144.parquet"
"5176","FINAL_EMSDM_EMMEAN_SP_272145.parquet"
"5177","FINAL_EMSDM_EMMEAN_SP_272147.parquet"
"5178","FINAL_EMSDM_EMMEAN_SP_272153.parquet"
"5179","FINAL_EMSDM_EMMEAN_SP_272157.parquet"
"5180","FINAL_EMSDM_EMMEAN_SP_272158.parquet"
"5181","FINAL_EMSDM_EMMEAN_SP_272159.parquet"
"5182","FINAL_EMSDM_EMMEAN_SP_272166.parquet"
"5183","FINAL_EMSDM_EMMEAN_SP_272170.parquet"
"5184","FINAL_EMSDM_EMMEAN_SP_272173.parquet"
"5185","FINAL_EMSDM_EMMEAN_SP_272178.parquet"
"5186","FINAL_EMSDM_EMMEAN_SP_272181.parquet"
"5187","FINAL_EMSDM_EMMEAN_SP_272188.parquet"
"5188","FINAL_EMSDM_EMMEAN_SP_272192.parquet"
"5189","FINAL_EMSDM_EMMEAN_SP_272195.parquet"
"5190","FINAL_EMSDM_EMMEAN_SP_272198.parquet"
"5191","FINAL_EMSDM_EMMEAN_SP_272202.parquet"
"5192","FINAL_EMSDM_EMMEAN_SP_272203.parquet"
"5193","FINAL_EMSDM_EMMEAN_SP_272204.parquet"
"5194","FINAL_EMSDM_EMMEAN_SP_272206.parquet"
"5195","FINAL_EMSDM_EMMEAN_SP_272207.parquet"
"5196","FINAL_EMSDM_EMMEAN_SP_272209.parquet"
"5197","FINAL_EMSDM_EMMEAN_SP_272211.parquet"
"5198","FINAL_EMSDM_EMMEAN_SP_272212.parquet"
"5199","FINAL_EMSDM_EMMEAN_SP_272213.parquet"
"5200","FINAL_EMSDM_EMMEAN_SP_272214.parquet"
"5201","FINAL_EMSDM_EMMEAN_SP_272216.parquet"
"5202","FINAL_EMSDM_EMMEAN_SP_272218.parquet"
"5203","FINAL_EMSDM_EMMEAN_SP_272221.parquet"
"5204","FINAL_EMSDM_EMMEAN_SP_272222.parquet"
"5205","FINAL_EMSDM_EMMEAN_SP_272225.parquet"
"5206","FINAL_EMSDM_EMMEAN_SP_272229.parquet"
"5207","FINAL_EMSDM_EMMEAN_SP_272231.parquet"
"5208","FINAL_EMSDM_EMMEAN_SP_272232.parquet"
"5209","FINAL_EMSDM_EMMEAN_SP_272234.parquet"
"5210","FINAL_EMSDM_EMMEAN_SP_272236.parquet"
"5211","FINAL_EMSDM_EMMEAN_SP_272242.parquet"
"5212","FINAL_EMSDM_EMMEAN_SP_272248.parquet"
"5213","FINAL_EMSDM_EMMEAN_SP_272250.parquet"
"5214","FINAL_EMSDM_EMMEAN_SP_272251.parquet"
"5215","FINAL_EMSDM_EMMEAN_SP_272253.parquet"
"5216","FINAL_EMSDM_EMMEAN_SP_272256.parquet"
"5217","FINAL_EMSDM_EMMEAN_SP_272260.parquet"
"5218","FINAL_EMSDM_EMMEAN_SP_272261.parquet"
"5219","FINAL_EMSDM_EMMEAN_SP_272262.parquet"
"5220","FINAL_EMSDM_EMMEAN_SP_272263.parquet"
"5221","FINAL_EMSDM_EMMEAN_SP_272264.parquet"
"5222","FINAL_EMSDM_EMMEAN_SP_272265.parquet"
"5223","FINAL_EMSDM_EMMEAN_SP_272266.parquet"
"5224","FINAL_EMSDM_EMMEAN_SP_272267.parquet"
"5225","FINAL_EMSDM_EMMEAN_SP_272269.parquet"
"5226","FINAL_EMSDM_EMMEAN_SP_272270.parquet"
"5227","FINAL_EMSDM_EMMEAN_SP_272272.parquet"
"5228","FINAL_EMSDM_EMMEAN_SP_272273.parquet"
"5229","FINAL_EMSDM_EMMEAN_SP_272274.parquet"
"5230","FINAL_EMSDM_EMMEAN_SP_272275.parquet"
"5231","FINAL_EMSDM_EMMEAN_SP_272276.parquet"
"5232","FINAL_EMSDM_EMMEAN_SP_272277.parquet"
"5233","FINAL_EMSDM_EMMEAN_SP_272278.parquet"
"5234","FINAL_EMSDM_EMMEAN_SP_272279.parquet"
"5235","FINAL_EMSDM_EMMEAN_SP_272280.parquet"
"5236","FINAL_EMSDM_EMMEAN_SP_272281.parquet"
"5237","FINAL_EMSDM_EMMEAN_SP_272282.parquet"
"5238","FINAL_EMSDM_EMMEAN_SP_272283.parquet"
"5239","FINAL_EMSDM_EMMEAN_SP_272284.parquet"
"5240","FINAL_EMSDM_EMMEAN_SP_272285.parquet"
"5241","FINAL_EMSDM_EMMEAN_SP_272286.parquet"
"5242","FINAL_EMSDM_EMMEAN_SP_272287.parquet"
"5243","FINAL_EMSDM_EMMEAN_SP_272290.parquet"
"5244","FINAL_EMSDM_EMMEAN_SP_272291.parquet"
"5245","FINAL_EMSDM_EMMEAN_SP_272309.parquet"
"5246","FINAL_EMSDM_EMMEAN_SP_272317.parquet"
"5247","FINAL_EMSDM_EMMEAN_SP_272340.parquet"
"5248","FINAL_EMSDM_EMMEAN_SP_272345.parquet"
"5249","FINAL_EMSDM_EMMEAN_SP_272349.parquet"
"5250","FINAL_EMSDM_EMMEAN_SP_272350.parquet"
"5251","FINAL_EMSDM_EMMEAN_SP_272370.parquet"
"5252","FINAL_EMSDM_EMMEAN_SP_272372.parquet"
"5253","FINAL_EMSDM_EMMEAN_SP_272392.parquet"
"5254","FINAL_EMSDM_EMMEAN_SP_272396.parquet"
"5255","FINAL_EMSDM_EMMEAN_SP_272398.parquet"
"5256","FINAL_EMSDM_EMMEAN_SP_272405.parquet"
"5257","FINAL_EMSDM_EMMEAN_SP_272451.parquet"
"5258","FINAL_EMSDM_EMMEAN_SP_272457.parquet"
"5259","FINAL_EMSDM_EMMEAN_SP_272458.parquet"
"5260","FINAL_EMSDM_EMMEAN_SP_272460.parquet"
"5261","FINAL_EMSDM_EMMEAN_SP_272473.parquet"
"5262","FINAL_EMSDM_EMMEAN_SP_272478.parquet"
"5263","FINAL_EMSDM_EMMEAN_SP_272495.parquet"
"5264","FINAL_EMSDM_EMMEAN_SP_272497.parquet"
"5265","FINAL_EMSDM_EMMEAN_SP_272504.parquet"
"5266","FINAL_EMSDM_EMMEAN_SP_272512.parquet"
"5267","FINAL_EMSDM_EMMEAN_SP_272520.parquet"
"5268","FINAL_EMSDM_EMMEAN_SP_272526.parquet"
"5269","FINAL_EMSDM_EMMEAN_SP_272528.parquet"
"5270","FINAL_EMSDM_EMMEAN_SP_272531.parquet"
"5271","FINAL_EMSDM_EMMEAN_SP_272532.parquet"
"5272","FINAL_EMSDM_EMMEAN_SP_272533.parquet"
"5273","FINAL_EMSDM_EMMEAN_SP_272534.parquet"
"5274","FINAL_EMSDM_EMMEAN_SP_272539.parquet"
"5275","FINAL_EMSDM_EMMEAN_SP_272540.parquet"
"5276","FINAL_EMSDM_EMMEAN_SP_272541.parquet"
"5277","FINAL_EMSDM_EMMEAN_SP_272542.parquet"
"5278","FINAL_EMSDM_EMMEAN_SP_272546.parquet"
"5279","FINAL_EMSDM_EMMEAN_SP_272548.parquet"
"5280","FINAL_EMSDM_EMMEAN_SP_272549.parquet"
"5281","FINAL_EMSDM_EMMEAN_SP_272550.parquet"
"5282","FINAL_EMSDM_EMMEAN_SP_272551.parquet"
"5283","FINAL_EMSDM_EMMEAN_SP_272552.parquet"
"5284","FINAL_EMSDM_EMMEAN_SP_272553.parquet"
"5285","FINAL_EMSDM_EMMEAN_SP_272555.parquet"
"5286","FINAL_EMSDM_EMMEAN_SP_272556.parquet"
"5287","FINAL_EMSDM_EMMEAN_SP_272557.parquet"
"5288","FINAL_EMSDM_EMMEAN_SP_272566.parquet"
"5289","FINAL_EMSDM_EMMEAN_SP_272569.parquet"
"5290","FINAL_EMSDM_EMMEAN_SP_272572.parquet"
"5291","FINAL_EMSDM_EMMEAN_SP_272575.parquet"
"5292","FINAL_EMSDM_EMMEAN_SP_272576.parquet"
"5293","FINAL_EMSDM_EMMEAN_SP_272584.parquet"
"5294","FINAL_EMSDM_EMMEAN_SP_272586.parquet"
"5295","FINAL_EMSDM_EMMEAN_SP_272592.parquet"
"5296","FINAL_EMSDM_EMMEAN_SP_272594.parquet"
"5297","FINAL_EMSDM_EMMEAN_SP_272595.parquet"
"5298","FINAL_EMSDM_EMMEAN_SP_272596.parquet"
"5299","FINAL_EMSDM_EMMEAN_SP_272600.parquet"
"5300","FINAL_EMSDM_EMMEAN_SP_272601.parquet"
"5301","FINAL_EMSDM_EMMEAN_SP_272607.parquet"
"5302","FINAL_EMSDM_EMMEAN_SP_272608.parquet"
"5303","FINAL_EMSDM_EMMEAN_SP_272609.parquet"
"5304","FINAL_EMSDM_EMMEAN_SP_272611.parquet"
"5305","FINAL_EMSDM_EMMEAN_SP_272613.parquet"
"5306","FINAL_EMSDM_EMMEAN_SP_272617.parquet"
"5307","FINAL_EMSDM_EMMEAN_SP_272619.parquet"
"5308","FINAL_EMSDM_EMMEAN_SP_272620.parquet"
"5309","FINAL_EMSDM_EMMEAN_SP_272630.parquet"
"5310","FINAL_EMSDM_EMMEAN_SP_272631.parquet"
"5311","FINAL_EMSDM_EMMEAN_SP_272640.parquet"
"5312","FINAL_EMSDM_EMMEAN_SP_272648.parquet"
"5313","FINAL_EMSDM_EMMEAN_SP_272649.parquet"
"5314","FINAL_EMSDM_EMMEAN_SP_272650.parquet"
"5315","FINAL_EMSDM_EMMEAN_SP_272651.parquet"
"5316","FINAL_EMSDM_EMMEAN_SP_272652.parquet"
"5317","FINAL_EMSDM_EMMEAN_SP_272653.parquet"
"5318","FINAL_EMSDM_EMMEAN_SP_272655.parquet"
"5319","FINAL_EMSDM_EMMEAN_SP_272656.parquet"
"5320","FINAL_EMSDM_EMMEAN_SP_272657.parquet"
"5321","FINAL_EMSDM_EMMEAN_SP_272658.parquet"
"5322","FINAL_EMSDM_EMMEAN_SP_272659.parquet"
"5323","FINAL_EMSDM_EMMEAN_SP_272662.parquet"
"5324","FINAL_EMSDM_EMMEAN_SP_272663.parquet"
"5325","FINAL_EMSDM_EMMEAN_SP_272666.parquet"
"5326","FINAL_EMSDM_EMMEAN_SP_272668.parquet"
"5327","FINAL_EMSDM_EMMEAN_SP_272672.parquet"
"5328","FINAL_EMSDM_EMMEAN_SP_272674.parquet"
"5329","FINAL_EMSDM_EMMEAN_SP_272675.parquet"
"5330","FINAL_EMSDM_EMMEAN_SP_272677.parquet"
"5331","FINAL_EMSDM_EMMEAN_SP_272678.parquet"
"5332","FINAL_EMSDM_EMMEAN_SP_272681.parquet"
"5333","FINAL_EMSDM_EMMEAN_SP_272682.parquet"
"5334","FINAL_EMSDM_EMMEAN_SP_272683.parquet"
"5335","FINAL_EMSDM_EMMEAN_SP_272684.parquet"
"5336","FINAL_EMSDM_EMMEAN_SP_272687.parquet"
"5337","FINAL_EMSDM_EMMEAN_SP_272688.parquet"
"5338","FINAL_EMSDM_EMMEAN_SP_272691.parquet"
"5339","FINAL_EMSDM_EMMEAN_SP_272692.parquet"
"5340","FINAL_EMSDM_EMMEAN_SP_272693.parquet"
"5341","FINAL_EMSDM_EMMEAN_SP_272694.parquet"
"5342","FINAL_EMSDM_EMMEAN_SP_272695.parquet"
"5343","FINAL_EMSDM_EMMEAN_SP_272698.parquet"
"5344","FINAL_EMSDM_EMMEAN_SP_272699.parquet"
"5345","FINAL_EMSDM_EMMEAN_SP_272701.parquet"
"5346","FINAL_EMSDM_EMMEAN_SP_272702.parquet"
"5347","FINAL_EMSDM_EMMEAN_SP_272703.parquet"
"5348","FINAL_EMSDM_EMMEAN_SP_272704.parquet"
"5349","FINAL_EMSDM_EMMEAN_SP_272705.parquet"
"5350","FINAL_EMSDM_EMMEAN_SP_272706.parquet"
"5351","FINAL_EMSDM_EMMEAN_SP_272707.parquet"
"5352","FINAL_EMSDM_EMMEAN_SP_272708.parquet"
"5353","FINAL_EMSDM_EMMEAN_SP_272709.parquet"
"5354","FINAL_EMSDM_EMMEAN_SP_272710.parquet"
"5355","FINAL_EMSDM_EMMEAN_SP_272711.parquet"
"5356","FINAL_EMSDM_EMMEAN_SP_272712.parquet"
"5357","FINAL_EMSDM_EMMEAN_SP_272713.parquet"
"5358","FINAL_EMSDM_EMMEAN_SP_272714.parquet"
"5359","FINAL_EMSDM_EMMEAN_SP_272715.parquet"
"5360","FINAL_EMSDM_EMMEAN_SP_272717.parquet"
"5361","FINAL_EMSDM_EMMEAN_SP_272718.parquet"
"5362","FINAL_EMSDM_EMMEAN_SP_272722.parquet"
"5363","FINAL_EMSDM_EMMEAN_SP_272723.parquet"
"5364","FINAL_EMSDM_EMMEAN_SP_272724.parquet"
"5365","FINAL_EMSDM_EMMEAN_SP_272727.parquet"
"5366","FINAL_EMSDM_EMMEAN_SP_272728.parquet"
"5367","FINAL_EMSDM_EMMEAN_SP_272729.parquet"
"5368","FINAL_EMSDM_EMMEAN_SP_272730.parquet"
"5369","FINAL_EMSDM_EMMEAN_SP_272731.parquet"
"5370","FINAL_EMSDM_EMMEAN_SP_272732.parquet"
"5371","FINAL_EMSDM_EMMEAN_SP_272733.parquet"
"5372","FINAL_EMSDM_EMMEAN_SP_272734.parquet"
"5373","FINAL_EMSDM_EMMEAN_SP_272735.parquet"
"5374","FINAL_EMSDM_EMMEAN_SP_272736.parquet"
"5375","FINAL_EMSDM_EMMEAN_SP_272737.parquet"
"5376","FINAL_EMSDM_EMMEAN_SP_272739.parquet"
"5377","FINAL_EMSDM_EMMEAN_SP_272752.parquet"
"5378","FINAL_EMSDM_EMMEAN_SP_272755.parquet"
"5379","FINAL_EMSDM_EMMEAN_SP_272761.parquet"
"5380","FINAL_EMSDM_EMMEAN_SP_272764.parquet"
"5381","FINAL_EMSDM_EMMEAN_SP_272767.parquet"
"5382","FINAL_EMSDM_EMMEAN_SP_272768.parquet"
"5383","FINAL_EMSDM_EMMEAN_SP_272769.parquet"
"5384","FINAL_EMSDM_EMMEAN_SP_272770.parquet"
"5385","FINAL_EMSDM_EMMEAN_SP_272772.parquet"
"5386","FINAL_EMSDM_EMMEAN_SP_272778.parquet"
"5387","FINAL_EMSDM_EMMEAN_SP_272782.parquet"
"5388","FINAL_EMSDM_EMMEAN_SP_272786.parquet"
"5389","FINAL_EMSDM_EMMEAN_SP_272787.parquet"
"5390","FINAL_EMSDM_EMMEAN_SP_272789.parquet"
"5391","FINAL_EMSDM_EMMEAN_SP_272792.parquet"
"5392","FINAL_EMSDM_EMMEAN_SP_272795.parquet"
"5393","FINAL_EMSDM_EMMEAN_SP_272796.parquet"
"5394","FINAL_EMSDM_EMMEAN_SP_272797.parquet"
"5395","FINAL_EMSDM_EMMEAN_SP_272802.parquet"
"5396","FINAL_EMSDM_EMMEAN_SP_272806.parquet"
"5397","FINAL_EMSDM_EMMEAN_SP_272807.parquet"
"5398","FINAL_EMSDM_EMMEAN_SP_272809.parquet"
"5399","FINAL_EMSDM_EMMEAN_SP_272812.parquet"
"5400","FINAL_EMSDM_EMMEAN_SP_272813.parquet"
"5401","FINAL_EMSDM_EMMEAN_SP_272815.parquet"
"5402","FINAL_EMSDM_EMMEAN_SP_272818.parquet"
"5403","FINAL_EMSDM_EMMEAN_SP_272821.parquet"
"5404","FINAL_EMSDM_EMMEAN_SP_272822.parquet"
"5405","FINAL_EMSDM_EMMEAN_SP_272823.parquet"
"5406","FINAL_EMSDM_EMMEAN_SP_272824.parquet"
"5407","FINAL_EMSDM_EMMEAN_SP_272825.parquet"
"5408","FINAL_EMSDM_EMMEAN_SP_272826.parquet"
"5409","FINAL_EMSDM_EMMEAN_SP_272827.parquet"
"5410","FINAL_EMSDM_EMMEAN_SP_272831.parquet"
"5411","FINAL_EMSDM_EMMEAN_SP_272835.parquet"
"5412","FINAL_EMSDM_EMMEAN_SP_272836.parquet"
"5413","FINAL_EMSDM_EMMEAN_SP_272837.parquet"
"5414","FINAL_EMSDM_EMMEAN_SP_272847.parquet"
"5415","FINAL_EMSDM_EMMEAN_SP_272852.parquet"
"5416","FINAL_EMSDM_EMMEAN_SP_272853.parquet"
"5417","FINAL_EMSDM_EMMEAN_SP_272870.parquet"
"5418","FINAL_EMSDM_EMMEAN_SP_272879.parquet"
"5419","FINAL_EMSDM_EMMEAN_SP_272884.parquet"
"5420","FINAL_EMSDM_EMMEAN_SP_272891.parquet"
"5421","FINAL_EMSDM_EMMEAN_SP_272895.parquet"
"5422","FINAL_EMSDM_EMMEAN_SP_272897.parquet"
"5423","FINAL_EMSDM_EMMEAN_SP_272906.parquet"
"5424","FINAL_EMSDM_EMMEAN_SP_272913.parquet"
"5425","FINAL_EMSDM_EMMEAN_SP_272925.parquet"
"5426","FINAL_EMSDM_EMMEAN_SP_272931.parquet"
"5427","FINAL_EMSDM_EMMEAN_SP_272938.parquet"
"5428","FINAL_EMSDM_EMMEAN_SP_272942.parquet"
"5429","FINAL_EMSDM_EMMEAN_SP_272952.parquet"
"5430","FINAL_EMSDM_EMMEAN_SP_272953.parquet"
"5431","FINAL_EMSDM_EMMEAN_SP_272957.parquet"
"5432","FINAL_EMSDM_EMMEAN_SP_272958.parquet"
"5433","FINAL_EMSDM_EMMEAN_SP_272959.parquet"
"5434","FINAL_EMSDM_EMMEAN_SP_272960.parquet"
"5435","FINAL_EMSDM_EMMEAN_SP_272961.parquet"
"5436","FINAL_EMSDM_EMMEAN_SP_272962.parquet"
"5437","FINAL_EMSDM_EMMEAN_SP_272963.parquet"
"5438","FINAL_EMSDM_EMMEAN_SP_272964.parquet"
"5439","FINAL_EMSDM_EMMEAN_SP_272966.parquet"
"5440","FINAL_EMSDM_EMMEAN_SP_272972.parquet"
"5441","FINAL_EMSDM_EMMEAN_SP_272977.parquet"
"5442","FINAL_EMSDM_EMMEAN_SP_272978.parquet"
"5443","FINAL_EMSDM_EMMEAN_SP_272981.parquet"
"5444","FINAL_EMSDM_EMMEAN_SP_272991.parquet"
"5445","FINAL_EMSDM_EMMEAN_SP_272993.parquet"
"5446","FINAL_EMSDM_EMMEAN_SP_273005.parquet"
"5447","FINAL_EMSDM_EMMEAN_SP_273009.parquet"
"5448","FINAL_EMSDM_EMMEAN_SP_273014.parquet"
"5449","FINAL_EMSDM_EMMEAN_SP_273016.parquet"
"5450","FINAL_EMSDM_EMMEAN_SP_273021.parquet"
"5451","FINAL_EMSDM_EMMEAN_SP_273022.parquet"
"5452","FINAL_EMSDM_EMMEAN_SP_273028.parquet"
"5453","FINAL_EMSDM_EMMEAN_SP_273049.parquet"
"5454","FINAL_EMSDM_EMMEAN_SP_273065.parquet"
"5455","FINAL_EMSDM_EMMEAN_SP_273069.parquet"
"5456","FINAL_EMSDM_EMMEAN_SP_273071.parquet"
"5457","FINAL_EMSDM_EMMEAN_SP_273072.parquet"
"5458","FINAL_EMSDM_EMMEAN_SP_273078.parquet"
"5459","FINAL_EMSDM_EMMEAN_SP_273084.parquet"
"5460","FINAL_EMSDM_EMMEAN_SP_273108.parquet"
"5461","FINAL_EMSDM_EMMEAN_SP_273111.parquet"
"5462","FINAL_EMSDM_EMMEAN_SP_273121.parquet"
"5463","FINAL_EMSDM_EMMEAN_SP_273125.parquet"
"5464","FINAL_EMSDM_EMMEAN_SP_273126.parquet"
"5465","FINAL_EMSDM_EMMEAN_SP_273127.parquet"
"5466","FINAL_EMSDM_EMMEAN_SP_273128.parquet"
"5467","FINAL_EMSDM_EMMEAN_SP_273129.parquet"
"5468","FINAL_EMSDM_EMMEAN_SP_273130.parquet"
"5469","FINAL_EMSDM_EMMEAN_SP_273131.parquet"
"5470","FINAL_EMSDM_EMMEAN_SP_273133.parquet"
"5471","FINAL_EMSDM_EMMEAN_SP_273134.parquet"
"5472","FINAL_EMSDM_EMMEAN_SP_273135.parquet"
"5473","FINAL_EMSDM_EMMEAN_SP_273136.parquet"
"5474","FINAL_EMSDM_EMMEAN_SP_273137.parquet"
"5475","FINAL_EMSDM_EMMEAN_SP_273138.parquet"
"5476","FINAL_EMSDM_EMMEAN_SP_273139.parquet"
"5477","FINAL_EMSDM_EMMEAN_SP_273140.parquet"
"5478","FINAL_EMSDM_EMMEAN_SP_273141.parquet"
"5479","FINAL_EMSDM_EMMEAN_SP_273142.parquet"
"5480","FINAL_EMSDM_EMMEAN_SP_273143.parquet"
"5481","FINAL_EMSDM_EMMEAN_SP_273144.parquet"
"5482","FINAL_EMSDM_EMMEAN_SP_273145.parquet"
"5483","FINAL_EMSDM_EMMEAN_SP_273147.parquet"
"5484","FINAL_EMSDM_EMMEAN_SP_273153.parquet"
"5485","FINAL_EMSDM_EMMEAN_SP_273165.parquet"
"5486","FINAL_EMSDM_EMMEAN_SP_273174.parquet"
"5487","FINAL_EMSDM_EMMEAN_SP_273186.parquet"
"5488","FINAL_EMSDM_EMMEAN_SP_273191.parquet"
"5489","FINAL_EMSDM_EMMEAN_SP_273195.parquet"
"5490","FINAL_EMSDM_EMMEAN_SP_273238.parquet"
"5491","FINAL_EMSDM_EMMEAN_SP_273239.parquet"
"5492","FINAL_EMSDM_EMMEAN_SP_273241.parquet"
"5493","FINAL_EMSDM_EMMEAN_SP_273248.parquet"
"5494","FINAL_EMSDM_EMMEAN_SP_273251.parquet"
"5495","FINAL_EMSDM_EMMEAN_SP_273252.parquet"
"5496","FINAL_EMSDM_EMMEAN_SP_273264.parquet"
"5497","FINAL_EMSDM_EMMEAN_SP_273267.parquet"
"5498","FINAL_EMSDM_EMMEAN_SP_273268.parquet"
"5499","FINAL_EMSDM_EMMEAN_SP_273269.parquet"
"5500","FINAL_EMSDM_EMMEAN_SP_273270.parquet"
"5501","FINAL_EMSDM_EMMEAN_SP_273271.parquet"
"5502","FINAL_EMSDM_EMMEAN_SP_273272.parquet"
"5503","FINAL_EMSDM_EMMEAN_SP_273273.parquet"
"5504","FINAL_EMSDM_EMMEAN_SP_273274.parquet"
"5505","FINAL_EMSDM_EMMEAN_SP_273275.parquet"
"5506","FINAL_EMSDM_EMMEAN_SP_273276.parquet"
"5507","FINAL_EMSDM_EMMEAN_SP_273277.parquet"
"5508","FINAL_EMSDM_EMMEAN_SP_273278.parquet"
"5509","FINAL_EMSDM_EMMEAN_SP_273279.parquet"
"5510","FINAL_EMSDM_EMMEAN_SP_273281.parquet"
"5511","FINAL_EMSDM_EMMEAN_SP_273282.parquet"
"5512","FINAL_EMSDM_EMMEAN_SP_273283.parquet"
"5513","FINAL_EMSDM_EMMEAN_SP_273284.parquet"
"5514","FINAL_EMSDM_EMMEAN_SP_273286.parquet"
"5515","FINAL_EMSDM_EMMEAN_SP_273288.parquet"
"5516","FINAL_EMSDM_EMMEAN_SP_273289.parquet"
"5517","FINAL_EMSDM_EMMEAN_SP_273290.parquet"
"5518","FINAL_EMSDM_EMMEAN_SP_273291.parquet"
"5519","FINAL_EMSDM_EMMEAN_SP_273292.parquet"
"5520","FINAL_EMSDM_EMMEAN_SP_273293.parquet"
"5521","FINAL_EMSDM_EMMEAN_SP_273294.parquet"
"5522","FINAL_EMSDM_EMMEAN_SP_273295.parquet"
"5523","FINAL_EMSDM_EMMEAN_SP_273296.parquet"
"5524","FINAL_EMSDM_EMMEAN_SP_273297.parquet"
"5525","FINAL_EMSDM_EMMEAN_SP_273298.parquet"
"5526","FINAL_EMSDM_EMMEAN_SP_273299.parquet"
"5527","FINAL_EMSDM_EMMEAN_SP_273301.parquet"
"5528","FINAL_EMSDM_EMMEAN_SP_273302.parquet"
"5529","FINAL_EMSDM_EMMEAN_SP_273303.parquet"
"5530","FINAL_EMSDM_EMMEAN_SP_273304.parquet"
"5531","FINAL_EMSDM_EMMEAN_SP_273305.parquet"
"5532","FINAL_EMSDM_EMMEAN_SP_273309.parquet"
"5533","FINAL_EMSDM_EMMEAN_SP_273310.parquet"
"5534","FINAL_EMSDM_EMMEAN_SP_273317.parquet"
"5535","FINAL_EMSDM_EMMEAN_SP_273318.parquet"
"5536","FINAL_EMSDM_EMMEAN_SP_273320.parquet"
"5537","FINAL_EMSDM_EMMEAN_SP_273322.parquet"
"5538","FINAL_EMSDM_EMMEAN_SP_273323.parquet"
"5539","FINAL_EMSDM_EMMEAN_SP_273324.parquet"
"5540","FINAL_EMSDM_EMMEAN_SP_273325.parquet"
"5541","FINAL_EMSDM_EMMEAN_SP_273326.parquet"
"5542","FINAL_EMSDM_EMMEAN_SP_273327.parquet"
"5543","FINAL_EMSDM_EMMEAN_SP_273328.parquet"
"5544","FINAL_EMSDM_EMMEAN_SP_273329.parquet"
"5545","FINAL_EMSDM_EMMEAN_SP_273330.parquet"
"5546","FINAL_EMSDM_EMMEAN_SP_273331.parquet"
"5547","FINAL_EMSDM_EMMEAN_SP_273332.parquet"
"5548","FINAL_EMSDM_EMMEAN_SP_273333.parquet"
"5549","FINAL_EMSDM_EMMEAN_SP_273334.parquet"
"5550","FINAL_EMSDM_EMMEAN_SP_273335.parquet"
"5551","FINAL_EMSDM_EMMEAN_SP_273337.parquet"
"5552","FINAL_EMSDM_EMMEAN_SP_273338.parquet"
"5553","FINAL_EMSDM_EMMEAN_SP_273339.parquet"
"5554","FINAL_EMSDM_EMMEAN_SP_273340.parquet"
"5555","FINAL_EMSDM_EMMEAN_SP_273341.parquet"
"5556","FINAL_EMSDM_EMMEAN_SP_273343.parquet"
"5557","FINAL_EMSDM_EMMEAN_SP_273344.parquet"
"5558","FINAL_EMSDM_EMMEAN_SP_273345.parquet"
"5559","FINAL_EMSDM_EMMEAN_SP_273347.parquet"
"5560","FINAL_EMSDM_EMMEAN_SP_273349.parquet"
"5561","FINAL_EMSDM_EMMEAN_SP_273350.parquet"
"5562","FINAL_EMSDM_EMMEAN_SP_273351.parquet"
"5563","FINAL_EMSDM_EMMEAN_SP_273352.parquet"
"5564","FINAL_EMSDM_EMMEAN_SP_273353.parquet"
"5565","FINAL_EMSDM_EMMEAN_SP_273354.parquet"
"5566","FINAL_EMSDM_EMMEAN_SP_273355.parquet"
"5567","FINAL_EMSDM_EMMEAN_SP_273356.parquet"
"5568","FINAL_EMSDM_EMMEAN_SP_273357.parquet"
"5569","FINAL_EMSDM_EMMEAN_SP_273358.parquet"
"5570","FINAL_EMSDM_EMMEAN_SP_273359.parquet"
"5571","FINAL_EMSDM_EMMEAN_SP_273360.parquet"
"5572","FINAL_EMSDM_EMMEAN_SP_273361.parquet"
"5573","FINAL_EMSDM_EMMEAN_SP_273362.parquet"
"5574","FINAL_EMSDM_EMMEAN_SP_273363.parquet"
"5575","FINAL_EMSDM_EMMEAN_SP_273364.parquet"
"5576","FINAL_EMSDM_EMMEAN_SP_273365.parquet"
"5577","FINAL_EMSDM_EMMEAN_SP_273366.parquet"
"5578","FINAL_EMSDM_EMMEAN_SP_273367.parquet"
"5579","FINAL_EMSDM_EMMEAN_SP_273368.parquet"
"5580","FINAL_EMSDM_EMMEAN_SP_273369.parquet"
"5581","FINAL_EMSDM_EMMEAN_SP_273370.parquet"
"5582","FINAL_EMSDM_EMMEAN_SP_273371.parquet"
"5583","FINAL_EMSDM_EMMEAN_SP_273372.parquet"
"5584","FINAL_EMSDM_EMMEAN_SP_273373.parquet"
"5585","FINAL_EMSDM_EMMEAN_SP_273374.parquet"
"5586","FINAL_EMSDM_EMMEAN_SP_273375.parquet"
"5587","FINAL_EMSDM_EMMEAN_SP_273376.parquet"
"5588","FINAL_EMSDM_EMMEAN_SP_273377.parquet"
"5589","FINAL_EMSDM_EMMEAN_SP_273378.parquet"
"5590","FINAL_EMSDM_EMMEAN_SP_273379.parquet"
"5591","FINAL_EMSDM_EMMEAN_SP_273384.parquet"
"5592","FINAL_EMSDM_EMMEAN_SP_273396.parquet"
"5593","FINAL_EMSDM_EMMEAN_SP_273436.parquet"
"5594","FINAL_EMSDM_EMMEAN_SP_273444.parquet"
"5595","FINAL_EMSDM_EMMEAN_SP_273454.parquet"
"5596","FINAL_EMSDM_EMMEAN_SP_273455.parquet"
"5597","FINAL_EMSDM_EMMEAN_SP_273459.parquet"
"5598","FINAL_EMSDM_EMMEAN_SP_273465.parquet"
"5599","FINAL_EMSDM_EMMEAN_SP_273472.parquet"
"5600","FINAL_EMSDM_EMMEAN_SP_273476.parquet"
"5601","FINAL_EMSDM_EMMEAN_SP_273478.parquet"
"5602","FINAL_EMSDM_EMMEAN_SP_273482.parquet"
"5603","FINAL_EMSDM_EMMEAN_SP_273483.parquet"
"5604","FINAL_EMSDM_EMMEAN_SP_273484.parquet"
"5605","FINAL_EMSDM_EMMEAN_SP_273485.parquet"
"5606","FINAL_EMSDM_EMMEAN_SP_273488.parquet"
"5607","FINAL_EMSDM_EMMEAN_SP_273489.parquet"
"5608","FINAL_EMSDM_EMMEAN_SP_273490.parquet"
"5609","FINAL_EMSDM_EMMEAN_SP_273491.parquet"
"5610","FINAL_EMSDM_EMMEAN_SP_273492.parquet"
"5611","FINAL_EMSDM_EMMEAN_SP_273494.parquet"
"5612","FINAL_EMSDM_EMMEAN_SP_273497.parquet"
"5613","FINAL_EMSDM_EMMEAN_SP_273498.parquet"
"5614","FINAL_EMSDM_EMMEAN_SP_273499.parquet"
"5615","FINAL_EMSDM_EMMEAN_SP_273500.parquet"
"5616","FINAL_EMSDM_EMMEAN_SP_273503.parquet"
"5617","FINAL_EMSDM_EMMEAN_SP_273506.parquet"
"5618","FINAL_EMSDM_EMMEAN_SP_273507.parquet"
"5619","FINAL_EMSDM_EMMEAN_SP_273510.parquet"
"5620","FINAL_EMSDM_EMMEAN_SP_273511.parquet"
"5621","FINAL_EMSDM_EMMEAN_SP_273512.parquet"
"5622","FINAL_EMSDM_EMMEAN_SP_273513.parquet"
"5623","FINAL_EMSDM_EMMEAN_SP_273514.parquet"
"5624","FINAL_EMSDM_EMMEAN_SP_273515.parquet"
"5625","FINAL_EMSDM_EMMEAN_SP_273516.parquet"
"5626","FINAL_EMSDM_EMMEAN_SP_273517.parquet"
"5627","FINAL_EMSDM_EMMEAN_SP_273518.parquet"
"5628","FINAL_EMSDM_EMMEAN_SP_273521.parquet"
"5629","FINAL_EMSDM_EMMEAN_SP_273526.parquet"
"5630","FINAL_EMSDM_EMMEAN_SP_273527.parquet"
"5631","FINAL_EMSDM_EMMEAN_SP_273528.parquet"
"5632","FINAL_EMSDM_EMMEAN_SP_273529.parquet"
"5633","FINAL_EMSDM_EMMEAN_SP_273530.parquet"
"5634","FINAL_EMSDM_EMMEAN_SP_273531.parquet"
"5635","FINAL_EMSDM_EMMEAN_SP_273532.parquet"
"5636","FINAL_EMSDM_EMMEAN_SP_273533.parquet"
"5637","FINAL_EMSDM_EMMEAN_SP_273534.parquet"
"5638","FINAL_EMSDM_EMMEAN_SP_273535.parquet"
"5639","FINAL_EMSDM_EMMEAN_SP_273536.parquet"
"5640","FINAL_EMSDM_EMMEAN_SP_273537.parquet"
"5641","FINAL_EMSDM_EMMEAN_SP_273538.parquet"
"5642","FINAL_EMSDM_EMMEAN_SP_273539.parquet"
"5643","FINAL_EMSDM_EMMEAN_SP_273540.parquet"
"5644","FINAL_EMSDM_EMMEAN_SP_273541.parquet"
"5645","FINAL_EMSDM_EMMEAN_SP_273542.parquet"
"5646","FINAL_EMSDM_EMMEAN_SP_273543.parquet"
"5647","FINAL_EMSDM_EMMEAN_SP_273544.parquet"
"5648","FINAL_EMSDM_EMMEAN_SP_273545.parquet"
"5649","FINAL_EMSDM_EMMEAN_SP_273546.parquet"
"5650","FINAL_EMSDM_EMMEAN_SP_273547.parquet"
"5651","FINAL_EMSDM_EMMEAN_SP_273548.parquet"
"5652","FINAL_EMSDM_EMMEAN_SP_273549.parquet"
"5653","FINAL_EMSDM_EMMEAN_SP_273550.parquet"
"5654","FINAL_EMSDM_EMMEAN_SP_273551.parquet"
"5655","FINAL_EMSDM_EMMEAN_SP_273552.parquet"
"5656","FINAL_EMSDM_EMMEAN_SP_273553.parquet"
"5657","FINAL_EMSDM_EMMEAN_SP_273554.parquet"
"5658","FINAL_EMSDM_EMMEAN_SP_273555.parquet"
"5659","FINAL_EMSDM_EMMEAN_SP_273556.parquet"
"5660","FINAL_EMSDM_EMMEAN_SP_273557.parquet"
"5661","FINAL_EMSDM_EMMEAN_SP_273558.parquet"
"5662","FINAL_EMSDM_EMMEAN_SP_273559.parquet"
"5663","FINAL_EMSDM_EMMEAN_SP_273560.parquet"
"5664","FINAL_EMSDM_EMMEAN_SP_273561.parquet"
"5665","FINAL_EMSDM_EMMEAN_SP_273562.parquet"
"5666","FINAL_EMSDM_EMMEAN_SP_273563.parquet"
"5667","FINAL_EMSDM_EMMEAN_SP_273564.parquet"
"5668","FINAL_EMSDM_EMMEAN_SP_273565.parquet"
"5669","FINAL_EMSDM_EMMEAN_SP_273566.parquet"
"5670","FINAL_EMSDM_EMMEAN_SP_273567.parquet"
"5671","FINAL_EMSDM_EMMEAN_SP_273568.parquet"
"5672","FINAL_EMSDM_EMMEAN_SP_273569.parquet"
"5673","FINAL_EMSDM_EMMEAN_SP_273571.parquet"
"5674","FINAL_EMSDM_EMMEAN_SP_273572.parquet"
"5675","FINAL_EMSDM_EMMEAN_SP_273573.parquet"
"5676","FINAL_EMSDM_EMMEAN_SP_273574.parquet"
"5677","FINAL_EMSDM_EMMEAN_SP_273575.parquet"
"5678","FINAL_EMSDM_EMMEAN_SP_273576.parquet"
"5679","FINAL_EMSDM_EMMEAN_SP_273577.parquet"
"5680","FINAL_EMSDM_EMMEAN_SP_273578.parquet"
"5681","FINAL_EMSDM_EMMEAN_SP_273579.parquet"
"5682","FINAL_EMSDM_EMMEAN_SP_273580.parquet"
"5683","FINAL_EMSDM_EMMEAN_SP_273581.parquet"
"5684","FINAL_EMSDM_EMMEAN_SP_273582.parquet"
"5685","FINAL_EMSDM_EMMEAN_SP_273583.parquet"
"5686","FINAL_EMSDM_EMMEAN_SP_273584.parquet"
"5687","FINAL_EMSDM_EMMEAN_SP_273585.parquet"
"5688","FINAL_EMSDM_EMMEAN_SP_273586.parquet"
"5689","FINAL_EMSDM_EMMEAN_SP_273587.parquet"
"5690","FINAL_EMSDM_EMMEAN_SP_273588.parquet"
"5691","FINAL_EMSDM_EMMEAN_SP_273589.parquet"
"5692","FINAL_EMSDM_EMMEAN_SP_273590.parquet"
"5693","FINAL_EMSDM_EMMEAN_SP_273591.parquet"
"5694","FINAL_EMSDM_EMMEAN_SP_273593.parquet"
"5695","FINAL_EMSDM_EMMEAN_SP_273594.parquet"
"5696","FINAL_EMSDM_EMMEAN_SP_273598.parquet"
"5697","FINAL_EMSDM_EMMEAN_SP_273600.parquet"
"5698","FINAL_EMSDM_EMMEAN_SP_273602.parquet"
"5699","FINAL_EMSDM_EMMEAN_SP_273604.parquet"
"5700","FINAL_EMSDM_EMMEAN_SP_273606.parquet"
"5701","FINAL_EMSDM_EMMEAN_SP_273607.parquet"
"5702","FINAL_EMSDM_EMMEAN_SP_273608.parquet"
"5703","FINAL_EMSDM_EMMEAN_SP_273612.parquet"
"5704","FINAL_EMSDM_EMMEAN_SP_273614.parquet"
"5705","FINAL_EMSDM_EMMEAN_SP_273633.parquet"
"5706","FINAL_EMSDM_EMMEAN_SP_273647.parquet"
"5707","FINAL_EMSDM_EMMEAN_SP_273653.parquet"
"5708","FINAL_EMSDM_EMMEAN_SP_273654.parquet"
"5709","FINAL_EMSDM_EMMEAN_SP_273658.parquet"
"5710","FINAL_EMSDM_EMMEAN_SP_273660.parquet"
"5711","FINAL_EMSDM_EMMEAN_SP_273662.parquet"
"5712","FINAL_EMSDM_EMMEAN_SP_273663.parquet"
"5713","FINAL_EMSDM_EMMEAN_SP_273668.parquet"
"5714","FINAL_EMSDM_EMMEAN_SP_273670.parquet"
"5715","FINAL_EMSDM_EMMEAN_SP_273671.parquet"
"5716","FINAL_EMSDM_EMMEAN_SP_273673.parquet"
"5717","FINAL_EMSDM_EMMEAN_SP_273675.parquet"
"5718","FINAL_EMSDM_EMMEAN_SP_273681.parquet"
"5719","FINAL_EMSDM_EMMEAN_SP_273682.parquet"
"5720","FINAL_EMSDM_EMMEAN_SP_273691.parquet"
"5721","FINAL_EMSDM_EMMEAN_SP_273692.parquet"
"5722","FINAL_EMSDM_EMMEAN_SP_273696.parquet"
"5723","FINAL_EMSDM_EMMEAN_SP_273698.parquet"
"5724","FINAL_EMSDM_EMMEAN_SP_273700.parquet"
"5725","FINAL_EMSDM_EMMEAN_SP_273701.parquet"
"5726","FINAL_EMSDM_EMMEAN_SP_273702.parquet"
"5727","FINAL_EMSDM_EMMEAN_SP_273703.parquet"
"5728","FINAL_EMSDM_EMMEAN_SP_273709.parquet"
"5729","FINAL_EMSDM_EMMEAN_SP_273710.parquet"
"5730","FINAL_EMSDM_EMMEAN_SP_273715.parquet"
"5731","FINAL_EMSDM_EMMEAN_SP_273717.parquet"
"5732","FINAL_EMSDM_EMMEAN_SP_273725.parquet"
"5733","FINAL_EMSDM_EMMEAN_SP_273728.parquet"
"5734","FINAL_EMSDM_EMMEAN_SP_273730.parquet"
"5735","FINAL_EMSDM_EMMEAN_SP_273731.parquet"
"5736","FINAL_EMSDM_EMMEAN_SP_273735.parquet"
"5737","FINAL_EMSDM_EMMEAN_SP_273736.parquet"
"5738","FINAL_EMSDM_EMMEAN_SP_273744.parquet"
"5739","FINAL_EMSDM_EMMEAN_SP_273745.parquet"
"5740","FINAL_EMSDM_EMMEAN_SP_273751.parquet"
"5741","FINAL_EMSDM_EMMEAN_SP_273755.parquet"
"5742","FINAL_EMSDM_EMMEAN_SP_273756.parquet"
"5743","FINAL_EMSDM_EMMEAN_SP_273759.parquet"
"5744","FINAL_EMSDM_EMMEAN_SP_273760.parquet"
"5745","FINAL_EMSDM_EMMEAN_SP_273761.parquet"
"5746","FINAL_EMSDM_EMMEAN_SP_273763.parquet"
"5747","FINAL_EMSDM_EMMEAN_SP_273765.parquet"
"5748","FINAL_EMSDM_EMMEAN_SP_273766.parquet"
"5749","FINAL_EMSDM_EMMEAN_SP_273768.parquet"
"5750","FINAL_EMSDM_EMMEAN_SP_273770.parquet"
"5751","FINAL_EMSDM_EMMEAN_SP_273771.parquet"
"5752","FINAL_EMSDM_EMMEAN_SP_273772.parquet"
"5753","FINAL_EMSDM_EMMEAN_SP_273773.parquet"
"5754","FINAL_EMSDM_EMMEAN_SP_273774.parquet"
"5755","FINAL_EMSDM_EMMEAN_SP_273775.parquet"
"5756","FINAL_EMSDM_EMMEAN_SP_273776.parquet"
"5757","FINAL_EMSDM_EMMEAN_SP_273777.parquet"
"5758","FINAL_EMSDM_EMMEAN_SP_273778.parquet"
"5759","FINAL_EMSDM_EMMEAN_SP_273779.parquet"
"5760","FINAL_EMSDM_EMMEAN_SP_273780.parquet"
"5761","FINAL_EMSDM_EMMEAN_SP_273782.parquet"
"5762","FINAL_EMSDM_EMMEAN_SP_273783.parquet"
"5763","FINAL_EMSDM_EMMEAN_SP_273784.parquet"
"5764","FINAL_EMSDM_EMMEAN_SP_273785.parquet"
"5765","FINAL_EMSDM_EMMEAN_SP_273786.parquet"
"5766","FINAL_EMSDM_EMMEAN_SP_273787.parquet"
"5767","FINAL_EMSDM_EMMEAN_SP_273789.parquet"
"5768","FINAL_EMSDM_EMMEAN_SP_273790.parquet"
"5769","FINAL_EMSDM_EMMEAN_SP_273793.parquet"
"5770","FINAL_EMSDM_EMMEAN_SP_273794.parquet"
"5771","FINAL_EMSDM_EMMEAN_SP_273795.parquet"
"5772","FINAL_EMSDM_EMMEAN_SP_273796.parquet"
"5773","FINAL_EMSDM_EMMEAN_SP_273797.parquet"
"5774","FINAL_EMSDM_EMMEAN_SP_273798.parquet"
"5775","FINAL_EMSDM_EMMEAN_SP_273799.parquet"
"5776","FINAL_EMSDM_EMMEAN_SP_273800.parquet"
"5777","FINAL_EMSDM_EMMEAN_SP_273801.parquet"
"5778","FINAL_EMSDM_EMMEAN_SP_273802.parquet"
"5779","FINAL_EMSDM_EMMEAN_SP_273803.parquet"
"5780","FINAL_EMSDM_EMMEAN_SP_273804.parquet"
"5781","FINAL_EMSDM_EMMEAN_SP_273805.parquet"
"5782","FINAL_EMSDM_EMMEAN_SP_273806.parquet"
"5783","FINAL_EMSDM_EMMEAN_SP_273807.parquet"
"5784","FINAL_EMSDM_EMMEAN_SP_273808.parquet"
"5785","FINAL_EMSDM_EMMEAN_SP_273809.parquet"
"5786","FINAL_EMSDM_EMMEAN_SP_273811.parquet"
"5787","FINAL_EMSDM_EMMEAN_SP_273812.parquet"
"5788","FINAL_EMSDM_EMMEAN_SP_273813.parquet"
"5789","FINAL_EMSDM_EMMEAN_SP_273814.parquet"
"5790","FINAL_EMSDM_EMMEAN_SP_273815.parquet"
"5791","FINAL_EMSDM_EMMEAN_SP_273816.parquet"
"5792","FINAL_EMSDM_EMMEAN_SP_273817.parquet"
"5793","FINAL_EMSDM_EMMEAN_SP_273818.parquet"
"5794","FINAL_EMSDM_EMMEAN_SP_273819.parquet"
"5795","FINAL_EMSDM_EMMEAN_SP_273820.parquet"
"5796","FINAL_EMSDM_EMMEAN_SP_273821.parquet"
"5797","FINAL_EMSDM_EMMEAN_SP_273822.parquet"
"5798","FINAL_EMSDM_EMMEAN_SP_273823.parquet"
"5799","FINAL_EMSDM_EMMEAN_SP_273831.parquet"
"5800","FINAL_EMSDM_EMMEAN_SP_273833.parquet"
"5801","FINAL_EMSDM_EMMEAN_SP_273835.parquet"
"5802","FINAL_EMSDM_EMMEAN_SP_273836.parquet"
"5803","FINAL_EMSDM_EMMEAN_SP_273837.parquet"
"5804","FINAL_EMSDM_EMMEAN_SP_273838.parquet"
"5805","FINAL_EMSDM_EMMEAN_SP_273839.parquet"
"5806","FINAL_EMSDM_EMMEAN_SP_273840.parquet"
"5807","FINAL_EMSDM_EMMEAN_SP_273841.parquet"
"5808","FINAL_EMSDM_EMMEAN_SP_273843.parquet"
"5809","FINAL_EMSDM_EMMEAN_SP_273844.parquet"
"5810","FINAL_EMSDM_EMMEAN_SP_273845.parquet"
"5811","FINAL_EMSDM_EMMEAN_SP_273846.parquet"
"5812","FINAL_EMSDM_EMMEAN_SP_273850.parquet"
"5813","FINAL_EMSDM_EMMEAN_SP_273852.parquet"
"5814","FINAL_EMSDM_EMMEAN_SP_273856.parquet"
"5815","FINAL_EMSDM_EMMEAN_SP_273857.parquet"
"5816","FINAL_EMSDM_EMMEAN_SP_273858.parquet"
"5817","FINAL_EMSDM_EMMEAN_SP_273860.parquet"
"5818","FINAL_EMSDM_EMMEAN_SP_273867.parquet"
"5819","FINAL_EMSDM_EMMEAN_SP_273868.parquet"
"5820","FINAL_EMSDM_EMMEAN_SP_273869.parquet"
"5821","FINAL_EMSDM_EMMEAN_SP_273870.parquet"
"5822","FINAL_EMSDM_EMMEAN_SP_273871.parquet"
"5823","FINAL_EMSDM_EMMEAN_SP_273872.parquet"
"5824","FINAL_EMSDM_EMMEAN_SP_273873.parquet"
"5825","FINAL_EMSDM_EMMEAN_SP_273874.parquet"
"5826","FINAL_EMSDM_EMMEAN_SP_273875.parquet"
"5827","FINAL_EMSDM_EMMEAN_SP_273876.parquet"
"5828","FINAL_EMSDM_EMMEAN_SP_273877.parquet"
"5829","FINAL_EMSDM_EMMEAN_SP_273878.parquet"
"5830","FINAL_EMSDM_EMMEAN_SP_273879.parquet"
"5831","FINAL_EMSDM_EMMEAN_SP_273880.parquet"
"5832","FINAL_EMSDM_EMMEAN_SP_273881.parquet"
"5833","FINAL_EMSDM_EMMEAN_SP_273882.parquet"
"5834","FINAL_EMSDM_EMMEAN_SP_273883.parquet"
"5835","FINAL_EMSDM_EMMEAN_SP_273884.parquet"
"5836","FINAL_EMSDM_EMMEAN_SP_273885.parquet"
"5837","FINAL_EMSDM_EMMEAN_SP_273886.parquet"
"5838","FINAL_EMSDM_EMMEAN_SP_273887.parquet"
"5839","FINAL_EMSDM_EMMEAN_SP_273888.parquet"
"5840","FINAL_EMSDM_EMMEAN_SP_273890.parquet"
"5841","FINAL_EMSDM_EMMEAN_SP_273891.parquet"
"5842","FINAL_EMSDM_EMMEAN_SP_273893.parquet"
"5843","FINAL_EMSDM_EMMEAN_SP_273894.parquet"
"5844","FINAL_EMSDM_EMMEAN_SP_273896.parquet"
"5845","FINAL_EMSDM_EMMEAN_SP_273897.parquet"
"5846","FINAL_EMSDM_EMMEAN_SP_273898.parquet"
"5847","FINAL_EMSDM_EMMEAN_SP_273899.parquet"
"5848","FINAL_EMSDM_EMMEAN_SP_273900.parquet"
"5849","FINAL_EMSDM_EMMEAN_SP_273901.parquet"
"5850","FINAL_EMSDM_EMMEAN_SP_273902.parquet"
"5851","FINAL_EMSDM_EMMEAN_SP_273903.parquet"
"5852","FINAL_EMSDM_EMMEAN_SP_273904.parquet"
"5853","FINAL_EMSDM_EMMEAN_SP_273908.parquet"
"5854","FINAL_EMSDM_EMMEAN_SP_273909.parquet"
"5855","FINAL_EMSDM_EMMEAN_SP_273910.parquet"
"5856","FINAL_EMSDM_EMMEAN_SP_273911.parquet"
"5857","FINAL_EMSDM_EMMEAN_SP_273912.parquet"
"5858","FINAL_EMSDM_EMMEAN_SP_273913.parquet"
"5859","FINAL_EMSDM_EMMEAN_SP_273914.parquet"
"5860","FINAL_EMSDM_EMMEAN_SP_273916.parquet"
"5861","FINAL_EMSDM_EMMEAN_SP_273917.parquet"
"5862","FINAL_EMSDM_EMMEAN_SP_273918.parquet"
"5863","FINAL_EMSDM_EMMEAN_SP_273919.parquet"
"5864","FINAL_EMSDM_EMMEAN_SP_273920.parquet"
"5865","FINAL_EMSDM_EMMEAN_SP_273921.parquet"
"5866","FINAL_EMSDM_EMMEAN_SP_273922.parquet"
"5867","FINAL_EMSDM_EMMEAN_SP_273923.parquet"
"5868","FINAL_EMSDM_EMMEAN_SP_273924.parquet"
"5869","FINAL_EMSDM_EMMEAN_SP_273925.parquet"
"5870","FINAL_EMSDM_EMMEAN_SP_273926.parquet"
"5871","FINAL_EMSDM_EMMEAN_SP_273927.parquet"
"5872","FINAL_EMSDM_EMMEAN_SP_273928.parquet"
"5873","FINAL_EMSDM_EMMEAN_SP_273929.parquet"
"5874","FINAL_EMSDM_EMMEAN_SP_273930.parquet"
"5875","FINAL_EMSDM_EMMEAN_SP_273932.parquet"
"5876","FINAL_EMSDM_EMMEAN_SP_273935.parquet"
"5877","FINAL_EMSDM_EMMEAN_SP_273939.parquet"
"5878","FINAL_EMSDM_EMMEAN_SP_273941.parquet"
"5879","FINAL_EMSDM_EMMEAN_SP_273944.parquet"
"5880","FINAL_EMSDM_EMMEAN_SP_273951.parquet"
"5881","FINAL_EMSDM_EMMEAN_SP_273957.parquet"
"5882","FINAL_EMSDM_EMMEAN_SP_273958.parquet"
"5883","FINAL_EMSDM_EMMEAN_SP_273959.parquet"
"5884","FINAL_EMSDM_EMMEAN_SP_273960.parquet"
"5885","FINAL_EMSDM_EMMEAN_SP_273961.parquet"
"5886","FINAL_EMSDM_EMMEAN_SP_273962.parquet"
"5887","FINAL_EMSDM_EMMEAN_SP_273963.parquet"
"5888","FINAL_EMSDM_EMMEAN_SP_273964.parquet"
"5889","FINAL_EMSDM_EMMEAN_SP_273965.parquet"
"5890","FINAL_EMSDM_EMMEAN_SP_273966.parquet"
"5891","FINAL_EMSDM_EMMEAN_SP_273969.parquet"
"5892","FINAL_EMSDM_EMMEAN_SP_273970.parquet"
"5893","FINAL_EMSDM_EMMEAN_SP_273971.parquet"
"5894","FINAL_EMSDM_EMMEAN_SP_273972.parquet"
"5895","FINAL_EMSDM_EMMEAN_SP_273973.parquet"
"5896","FINAL_EMSDM_EMMEAN_SP_273974.parquet"
"5897","FINAL_EMSDM_EMMEAN_SP_273975.parquet"
"5898","FINAL_EMSDM_EMMEAN_SP_273976.parquet"
"5899","FINAL_EMSDM_EMMEAN_SP_273977.parquet"
"5900","FINAL_EMSDM_EMMEAN_SP_273978.parquet"
"5901","FINAL_EMSDM_EMMEAN_SP_273979.parquet"
"5902","FINAL_EMSDM_EMMEAN_SP_273981.parquet"
"5903","FINAL_EMSDM_EMMEAN_SP_273982.parquet"
"5904","FINAL_EMSDM_EMMEAN_SP_273985.parquet"
"5905","FINAL_EMSDM_EMMEAN_SP_273999.parquet"
"5906","FINAL_EMSDM_EMMEAN_SP_274003.parquet"
"5907","FINAL_EMSDM_EMMEAN_SP_274004.parquet"
"5908","FINAL_EMSDM_EMMEAN_SP_274027.parquet"
"5909","FINAL_EMSDM_EMMEAN_SP_274029.parquet"
"5910","FINAL_EMSDM_EMMEAN_SP_274032.parquet"
"5911","FINAL_EMSDM_EMMEAN_SP_274040.parquet"
"5912","FINAL_EMSDM_EMMEAN_SP_274043.parquet"
"5913","FINAL_EMSDM_EMMEAN_SP_274044.parquet"
"5914","FINAL_EMSDM_EMMEAN_SP_274059.parquet"
"5915","FINAL_EMSDM_EMMEAN_SP_274119.parquet"
"5916","FINAL_EMSDM_EMMEAN_SP_274155.parquet"
"5917","FINAL_EMSDM_EMMEAN_SP_274156.parquet"
"5918","FINAL_EMSDM_EMMEAN_SP_274157.parquet"
"5919","FINAL_EMSDM_EMMEAN_SP_274158.parquet"
"5920","FINAL_EMSDM_EMMEAN_SP_274159.parquet"
"5921","FINAL_EMSDM_EMMEAN_SP_274161.parquet"
"5922","FINAL_EMSDM_EMMEAN_SP_274162.parquet"
"5923","FINAL_EMSDM_EMMEAN_SP_274163.parquet"
"5924","FINAL_EMSDM_EMMEAN_SP_274164.parquet"
"5925","FINAL_EMSDM_EMMEAN_SP_274165.parquet"
"5926","FINAL_EMSDM_EMMEAN_SP_274166.parquet"
"5927","FINAL_EMSDM_EMMEAN_SP_274167.parquet"
"5928","FINAL_EMSDM_EMMEAN_SP_274168.parquet"
"5929","FINAL_EMSDM_EMMEAN_SP_274169.parquet"
"5930","FINAL_EMSDM_EMMEAN_SP_274170.parquet"
"5931","FINAL_EMSDM_EMMEAN_SP_274171.parquet"
"5932","FINAL_EMSDM_EMMEAN_SP_274172.parquet"
"5933","FINAL_EMSDM_EMMEAN_SP_274173.parquet"
"5934","FINAL_EMSDM_EMMEAN_SP_274174.parquet"
"5935","FINAL_EMSDM_EMMEAN_SP_274175.parquet"
"5936","FINAL_EMSDM_EMMEAN_SP_274176.parquet"
"5937","FINAL_EMSDM_EMMEAN_SP_274177.parquet"
"5938","FINAL_EMSDM_EMMEAN_SP_274178.parquet"
"5939","FINAL_EMSDM_EMMEAN_SP_274179.parquet"
"5940","FINAL_EMSDM_EMMEAN_SP_274180.parquet"
"5941","FINAL_EMSDM_EMMEAN_SP_274181.parquet"
"5942","FINAL_EMSDM_EMMEAN_SP_274182.parquet"
"5943","FINAL_EMSDM_EMMEAN_SP_274183.parquet"
"5944","FINAL_EMSDM_EMMEAN_SP_274184.parquet"
"5945","FINAL_EMSDM_EMMEAN_SP_274185.parquet"
"5946","FINAL_EMSDM_EMMEAN_SP_274186.parquet"
"5947","FINAL_EMSDM_EMMEAN_SP_274187.parquet"
"5948","FINAL_EMSDM_EMMEAN_SP_274188.parquet"
"5949","FINAL_EMSDM_EMMEAN_SP_274189.parquet"
"5950","FINAL_EMSDM_EMMEAN_SP_274190.parquet"
"5951","FINAL_EMSDM_EMMEAN_SP_274191.parquet"
"5952","FINAL_EMSDM_EMMEAN_SP_274192.parquet"
"5953","FINAL_EMSDM_EMMEAN_SP_274193.parquet"
"5954","FINAL_EMSDM_EMMEAN_SP_274194.parquet"
"5955","FINAL_EMSDM_EMMEAN_SP_274195.parquet"
"5956","FINAL_EMSDM_EMMEAN_SP_274196.parquet"
"5957","FINAL_EMSDM_EMMEAN_SP_274197.parquet"
"5958","FINAL_EMSDM_EMMEAN_SP_274198.parquet"
"5959","FINAL_EMSDM_EMMEAN_SP_274199.parquet"
"5960","FINAL_EMSDM_EMMEAN_SP_274200.parquet"
"5961","FINAL_EMSDM_EMMEAN_SP_274201.parquet"
"5962","FINAL_EMSDM_EMMEAN_SP_274202.parquet"
"5963","FINAL_EMSDM_EMMEAN_SP_274203.parquet"
"5964","FINAL_EMSDM_EMMEAN_SP_274204.parquet"
"5965","FINAL_EMSDM_EMMEAN_SP_274205.parquet"
"5966","FINAL_EMSDM_EMMEAN_SP_274208.parquet"
"5967","FINAL_EMSDM_EMMEAN_SP_274209.parquet"
"5968","FINAL_EMSDM_EMMEAN_SP_274211.parquet"
"5969","FINAL_EMSDM_EMMEAN_SP_274212.parquet"
"5970","FINAL_EMSDM_EMMEAN_SP_274214.parquet"
"5971","FINAL_EMSDM_EMMEAN_SP_274215.parquet"
"5972","FINAL_EMSDM_EMMEAN_SP_274216.parquet"
"5973","FINAL_EMSDM_EMMEAN_SP_274217.parquet"
"5974","FINAL_EMSDM_EMMEAN_SP_274218.parquet"
"5975","FINAL_EMSDM_EMMEAN_SP_274219.parquet"
"5976","FINAL_EMSDM_EMMEAN_SP_274220.parquet"
"5977","FINAL_EMSDM_EMMEAN_SP_274221.parquet"
"5978","FINAL_EMSDM_EMMEAN_SP_274222.parquet"
"5979","FINAL_EMSDM_EMMEAN_SP_274224.parquet"
"5980","FINAL_EMSDM_EMMEAN_SP_274225.parquet"
"5981","FINAL_EMSDM_EMMEAN_SP_274226.parquet"
"5982","FINAL_EMSDM_EMMEAN_SP_274227.parquet"
"5983","FINAL_EMSDM_EMMEAN_SP_274229.parquet"
"5984","FINAL_EMSDM_EMMEAN_SP_274231.parquet"
"5985","FINAL_EMSDM_EMMEAN_SP_274232.parquet"
"5986","FINAL_EMSDM_EMMEAN_SP_274233.parquet"
"5987","FINAL_EMSDM_EMMEAN_SP_274235.parquet"
"5988","FINAL_EMSDM_EMMEAN_SP_274236.parquet"
"5989","FINAL_EMSDM_EMMEAN_SP_274237.parquet"
"5990","FINAL_EMSDM_EMMEAN_SP_274238.parquet"
"5991","FINAL_EMSDM_EMMEAN_SP_274239.parquet"
"5992","FINAL_EMSDM_EMMEAN_SP_274240.parquet"
"5993","FINAL_EMSDM_EMMEAN_SP_274241.parquet"
"5994","FINAL_EMSDM_EMMEAN_SP_274242.parquet"
"5995","FINAL_EMSDM_EMMEAN_SP_274243.parquet"
"5996","FINAL_EMSDM_EMMEAN_SP_274244.parquet"
"5997","FINAL_EMSDM_EMMEAN_SP_274245.parquet"
"5998","FINAL_EMSDM_EMMEAN_SP_274246.parquet"
"5999","FINAL_EMSDM_EMMEAN_SP_274247.parquet"
"6000","FINAL_EMSDM_EMMEAN_SP_274248.parquet"
"6001","FINAL_EMSDM_EMMEAN_SP_274249.parquet"
"6002","FINAL_EMSDM_EMMEAN_SP_274250.parquet"
"6003","FINAL_EMSDM_EMMEAN_SP_274252.parquet"
"6004","FINAL_EMSDM_EMMEAN_SP_274253.parquet"
"6005","FINAL_EMSDM_EMMEAN_SP_274254.parquet"
"6006","FINAL_EMSDM_EMMEAN_SP_274255.parquet"
"6007","FINAL_EMSDM_EMMEAN_SP_274256.parquet"
"6008","FINAL_EMSDM_EMMEAN_SP_274257.parquet"
"6009","FINAL_EMSDM_EMMEAN_SP_274258.parquet"
"6010","FINAL_EMSDM_EMMEAN_SP_274259.parquet"
"6011","FINAL_EMSDM_EMMEAN_SP_274260.parquet"
"6012","FINAL_EMSDM_EMMEAN_SP_274261.parquet"
"6013","FINAL_EMSDM_EMMEAN_SP_274263.parquet"
"6014","FINAL_EMSDM_EMMEAN_SP_274264.parquet"
"6015","FINAL_EMSDM_EMMEAN_SP_274265.parquet"
"6016","FINAL_EMSDM_EMMEAN_SP_274266.parquet"
"6017","FINAL_EMSDM_EMMEAN_SP_274267.parquet"
"6018","FINAL_EMSDM_EMMEAN_SP_274268.parquet"
"6019","FINAL_EMSDM_EMMEAN_SP_274269.parquet"
"6020","FINAL_EMSDM_EMMEAN_SP_274270.parquet"
"6021","FINAL_EMSDM_EMMEAN_SP_274271.parquet"
"6022","FINAL_EMSDM_EMMEAN_SP_274272.parquet"
"6023","FINAL_EMSDM_EMMEAN_SP_274273.parquet"
"6024","FINAL_EMSDM_EMMEAN_SP_274275.parquet"
"6025","FINAL_EMSDM_EMMEAN_SP_274276.parquet"
"6026","FINAL_EMSDM_EMMEAN_SP_274277.parquet"
"6027","FINAL_EMSDM_EMMEAN_SP_274278.parquet"
"6028","FINAL_EMSDM_EMMEAN_SP_274279.parquet"
"6029","FINAL_EMSDM_EMMEAN_SP_274280.parquet"
"6030","FINAL_EMSDM_EMMEAN_SP_274281.parquet"
"6031","FINAL_EMSDM_EMMEAN_SP_274282.parquet"
"6032","FINAL_EMSDM_EMMEAN_SP_274283.parquet"
"6033","FINAL_EMSDM_EMMEAN_SP_274284.parquet"
"6034","FINAL_EMSDM_EMMEAN_SP_274285.parquet"
"6035","FINAL_EMSDM_EMMEAN_SP_274286.parquet"
"6036","FINAL_EMSDM_EMMEAN_SP_274287.parquet"
"6037","FINAL_EMSDM_EMMEAN_SP_274288.parquet"
"6038","FINAL_EMSDM_EMMEAN_SP_274289.parquet"
"6039","FINAL_EMSDM_EMMEAN_SP_274290.parquet"
"6040","FINAL_EMSDM_EMMEAN_SP_274292.parquet"
"6041","FINAL_EMSDM_EMMEAN_SP_274293.parquet"
"6042","FINAL_EMSDM_EMMEAN_SP_274294.parquet"
"6043","FINAL_EMSDM_EMMEAN_SP_274295.parquet"
"6044","FINAL_EMSDM_EMMEAN_SP_274296.parquet"
"6045","FINAL_EMSDM_EMMEAN_SP_274297.parquet"
"6046","FINAL_EMSDM_EMMEAN_SP_274298.parquet"
"6047","FINAL_EMSDM_EMMEAN_SP_274299.parquet"
"6048","FINAL_EMSDM_EMMEAN_SP_274300.parquet"
"6049","FINAL_EMSDM_EMMEAN_SP_274301.parquet"
"6050","FINAL_EMSDM_EMMEAN_SP_274302.parquet"
"6051","FINAL_EMSDM_EMMEAN_SP_274303.parquet"
"6052","FINAL_EMSDM_EMMEAN_SP_274304.parquet"
"6053","FINAL_EMSDM_EMMEAN_SP_274305.parquet"
"6054","FINAL_EMSDM_EMMEAN_SP_274306.parquet"
"6055","FINAL_EMSDM_EMMEAN_SP_274307.parquet"
"6056","FINAL_EMSDM_EMMEAN_SP_274308.parquet"
"6057","FINAL_EMSDM_EMMEAN_SP_274309.parquet"
"6058","FINAL_EMSDM_EMMEAN_SP_274311.parquet"
"6059","FINAL_EMSDM_EMMEAN_SP_274312.parquet"
"6060","FINAL_EMSDM_EMMEAN_SP_274313.parquet"
"6061","FINAL_EMSDM_EMMEAN_SP_274315.parquet"
"6062","FINAL_EMSDM_EMMEAN_SP_274320.parquet"
"6063","FINAL_EMSDM_EMMEAN_SP_274321.parquet"
"6064","FINAL_EMSDM_EMMEAN_SP_274325.parquet"
"6065","FINAL_EMSDM_EMMEAN_SP_274326.parquet"
"6066","FINAL_EMSDM_EMMEAN_SP_274327.parquet"
"6067","FINAL_EMSDM_EMMEAN_SP_274328.parquet"
"6068","FINAL_EMSDM_EMMEAN_SP_274329.parquet"
"6069","FINAL_EMSDM_EMMEAN_SP_274330.parquet"
"6070","FINAL_EMSDM_EMMEAN_SP_274331.parquet"
"6071","FINAL_EMSDM_EMMEAN_SP_274332.parquet"
"6072","FINAL_EMSDM_EMMEAN_SP_274333.parquet"
"6073","FINAL_EMSDM_EMMEAN_SP_274334.parquet"
"6074","FINAL_EMSDM_EMMEAN_SP_274336.parquet"
"6075","FINAL_EMSDM_EMMEAN_SP_274337.parquet"
"6076","FINAL_EMSDM_EMMEAN_SP_274347.parquet"
"6077","FINAL_EMSDM_EMMEAN_SP_274366.parquet"
"6078","FINAL_EMSDM_EMMEAN_SP_274368.parquet"
"6079","FINAL_EMSDM_EMMEAN_SP_274634.parquet"
"6080","FINAL_EMSDM_EMMEAN_SP_274635.parquet"
"6081","FINAL_EMSDM_EMMEAN_SP_274637.parquet"
"6082","FINAL_EMSDM_EMMEAN_SP_274639.parquet"
"6083","FINAL_EMSDM_EMMEAN_SP_274640.parquet"
"6084","FINAL_EMSDM_EMMEAN_SP_274642.parquet"
"6085","FINAL_EMSDM_EMMEAN_SP_274643.parquet"
"6086","FINAL_EMSDM_EMMEAN_SP_274657.parquet"
"6087","FINAL_EMSDM_EMMEAN_SP_274673.parquet"
"6088","FINAL_EMSDM_EMMEAN_SP_274681.parquet"
"6089","FINAL_EMSDM_EMMEAN_SP_274682.parquet"
"6090","FINAL_EMSDM_EMMEAN_SP_274685.parquet"
"6091","FINAL_EMSDM_EMMEAN_SP_274688.parquet"
"6092","FINAL_EMSDM_EMMEAN_SP_274689.parquet"
"6093","FINAL_EMSDM_EMMEAN_SP_274690.parquet"
"6094","FINAL_EMSDM_EMMEAN_SP_274692.parquet"
"6095","FINAL_EMSDM_EMMEAN_SP_274693.parquet"
"6096","FINAL_EMSDM_EMMEAN_SP_274697.parquet"
"6097","FINAL_EMSDM_EMMEAN_SP_274698.parquet"
"6098","FINAL_EMSDM_EMMEAN_SP_274701.parquet"
"6099","FINAL_EMSDM_EMMEAN_SP_274702.parquet"
"6100","FINAL_EMSDM_EMMEAN_SP_274704.parquet"
"6101","FINAL_EMSDM_EMMEAN_SP_274706.parquet"
"6102","FINAL_EMSDM_EMMEAN_SP_274707.parquet"
"6103","FINAL_EMSDM_EMMEAN_SP_274711.parquet"
"6104","FINAL_EMSDM_EMMEAN_SP_274713.parquet"
"6105","FINAL_EMSDM_EMMEAN_SP_274716.parquet"
"6106","FINAL_EMSDM_EMMEAN_SP_274717.parquet"
"6107","FINAL_EMSDM_EMMEAN_SP_274718.parquet"
"6108","FINAL_EMSDM_EMMEAN_SP_274721.parquet"
"6109","FINAL_EMSDM_EMMEAN_SP_274724.parquet"
"6110","FINAL_EMSDM_EMMEAN_SP_274726.parquet"
"6111","FINAL_EMSDM_EMMEAN_SP_274728.parquet"
"6112","FINAL_EMSDM_EMMEAN_SP_274729.parquet"
"6113","FINAL_EMSDM_EMMEAN_SP_274733.parquet"
"6114","FINAL_EMSDM_EMMEAN_SP_274735.parquet"
"6115","FINAL_EMSDM_EMMEAN_SP_274736.parquet"
"6116","FINAL_EMSDM_EMMEAN_SP_274737.parquet"
"6117","FINAL_EMSDM_EMMEAN_SP_274742.parquet"
"6118","FINAL_EMSDM_EMMEAN_SP_274743.parquet"
"6119","FINAL_EMSDM_EMMEAN_SP_274750.parquet"
"6120","FINAL_EMSDM_EMMEAN_SP_274754.parquet"
"6121","FINAL_EMSDM_EMMEAN_SP_274756.parquet"
"6122","FINAL_EMSDM_EMMEAN_SP_274757.parquet"
"6123","FINAL_EMSDM_EMMEAN_SP_274759.parquet"
"6124","FINAL_EMSDM_EMMEAN_SP_274760.parquet"
"6125","FINAL_EMSDM_EMMEAN_SP_274761.parquet"
"6126","FINAL_EMSDM_EMMEAN_SP_274780.parquet"
"6127","FINAL_EMSDM_EMMEAN_SP_274810.parquet"
"6128","FINAL_EMSDM_EMMEAN_SP_274825.parquet"
"6129","FINAL_EMSDM_EMMEAN_SP_274829.parquet"
"6130","FINAL_EMSDM_EMMEAN_SP_274872.parquet"
"6131","FINAL_EMSDM_EMMEAN_SP_274875.parquet"
"6132","FINAL_EMSDM_EMMEAN_SP_274886.parquet"
"6133","FINAL_EMSDM_EMMEAN_SP_274888.parquet"
"6134","FINAL_EMSDM_EMMEAN_SP_274897.parquet"
"6135","FINAL_EMSDM_EMMEAN_SP_274924.parquet"
"6136","FINAL_EMSDM_EMMEAN_SP_274925.parquet"
"6137","FINAL_EMSDM_EMMEAN_SP_274926.parquet"
"6138","FINAL_EMSDM_EMMEAN_SP_274927.parquet"
"6139","FINAL_EMSDM_EMMEAN_SP_274928.parquet"
"6140","FINAL_EMSDM_EMMEAN_SP_274930.parquet"
"6141","FINAL_EMSDM_EMMEAN_SP_274931.parquet"
"6142","FINAL_EMSDM_EMMEAN_SP_274932.parquet"
"6143","FINAL_EMSDM_EMMEAN_SP_274933.parquet"
"6144","FINAL_EMSDM_EMMEAN_SP_274935.parquet"
"6145","FINAL_EMSDM_EMMEAN_SP_274936.parquet"
"6146","FINAL_EMSDM_EMMEAN_SP_274939.parquet"
"6147","FINAL_EMSDM_EMMEAN_SP_274941.parquet"
"6148","FINAL_EMSDM_EMMEAN_SP_274942.parquet"
"6149","FINAL_EMSDM_EMMEAN_SP_274943.parquet"
"6150","FINAL_EMSDM_EMMEAN_SP_274944.parquet"
"6151","FINAL_EMSDM_EMMEAN_SP_274946.parquet"
"6152","FINAL_EMSDM_EMMEAN_SP_274947.parquet"
"6153","FINAL_EMSDM_EMMEAN_SP_274948.parquet"
"6154","FINAL_EMSDM_EMMEAN_SP_274951.parquet"
"6155","FINAL_EMSDM_EMMEAN_SP_274952.parquet"
"6156","FINAL_EMSDM_EMMEAN_SP_274953.parquet"
"6157","FINAL_EMSDM_EMMEAN_SP_274954.parquet"
"6158","FINAL_EMSDM_EMMEAN_SP_274955.parquet"
"6159","FINAL_EMSDM_EMMEAN_SP_274956.parquet"
"6160","FINAL_EMSDM_EMMEAN_SP_274959.parquet"
"6161","FINAL_EMSDM_EMMEAN_SP_274961.parquet"
"6162","FINAL_EMSDM_EMMEAN_SP_274962.parquet"
"6163","FINAL_EMSDM_EMMEAN_SP_274963.parquet"
"6164","FINAL_EMSDM_EMMEAN_SP_274965.parquet"
"6165","FINAL_EMSDM_EMMEAN_SP_274966.parquet"
"6166","FINAL_EMSDM_EMMEAN_SP_274967.parquet"
"6167","FINAL_EMSDM_EMMEAN_SP_274968.parquet"
"6168","FINAL_EMSDM_EMMEAN_SP_274972.parquet"
"6169","FINAL_EMSDM_EMMEAN_SP_274976.parquet"
"6170","FINAL_EMSDM_EMMEAN_SP_274977.parquet"
"6171","FINAL_EMSDM_EMMEAN_SP_274978.parquet"
"6172","FINAL_EMSDM_EMMEAN_SP_274979.parquet"
"6173","FINAL_EMSDM_EMMEAN_SP_274982.parquet"
"6174","FINAL_EMSDM_EMMEAN_SP_274984.parquet"
"6175","FINAL_EMSDM_EMMEAN_SP_274985.parquet"
"6176","FINAL_EMSDM_EMMEAN_SP_274986.parquet"
"6177","FINAL_EMSDM_EMMEAN_SP_274988.parquet"
"6178","FINAL_EMSDM_EMMEAN_SP_274989.parquet"
"6179","FINAL_EMSDM_EMMEAN_SP_274990.parquet"
"6180","FINAL_EMSDM_EMMEAN_SP_274995.parquet"
"6181","FINAL_EMSDM_EMMEAN_SP_274996.parquet"
"6182","FINAL_EMSDM_EMMEAN_SP_274997.parquet"
"6183","FINAL_EMSDM_EMMEAN_SP_274999.parquet"
"6184","FINAL_EMSDM_EMMEAN_SP_275001.parquet"
"6185","FINAL_EMSDM_EMMEAN_SP_275002.parquet"
"6186","FINAL_EMSDM_EMMEAN_SP_275003.parquet"
"6187","FINAL_EMSDM_EMMEAN_SP_275004.parquet"
"6188","FINAL_EMSDM_EMMEAN_SP_275005.parquet"
"6189","FINAL_EMSDM_EMMEAN_SP_275006.parquet"
"6190","FINAL_EMSDM_EMMEAN_SP_275007.parquet"
"6191","FINAL_EMSDM_EMMEAN_SP_275008.parquet"
"6192","FINAL_EMSDM_EMMEAN_SP_275009.parquet"
"6193","FINAL_EMSDM_EMMEAN_SP_275010.parquet"
"6194","FINAL_EMSDM_EMMEAN_SP_275011.parquet"
"6195","FINAL_EMSDM_EMMEAN_SP_275012.parquet"
"6196","FINAL_EMSDM_EMMEAN_SP_275021.parquet"
"6197","FINAL_EMSDM_EMMEAN_SP_275022.parquet"
"6198","FINAL_EMSDM_EMMEAN_SP_275026.parquet"
"6199","FINAL_EMSDM_EMMEAN_SP_275030.parquet"
"6200","FINAL_EMSDM_EMMEAN_SP_275031.parquet"
"6201","FINAL_EMSDM_EMMEAN_SP_275033.parquet"
"6202","FINAL_EMSDM_EMMEAN_SP_275036.parquet"
"6203","FINAL_EMSDM_EMMEAN_SP_275044.parquet"
"6204","FINAL_EMSDM_EMMEAN_SP_275045.parquet"
"6205","FINAL_EMSDM_EMMEAN_SP_275046.parquet"
"6206","FINAL_EMSDM_EMMEAN_SP_275047.parquet"
"6207","FINAL_EMSDM_EMMEAN_SP_275049.parquet"
"6208","FINAL_EMSDM_EMMEAN_SP_275052.parquet"
"6209","FINAL_EMSDM_EMMEAN_SP_275053.parquet"
"6210","FINAL_EMSDM_EMMEAN_SP_275055.parquet"
"6211","FINAL_EMSDM_EMMEAN_SP_275056.parquet"
"6212","FINAL_EMSDM_EMMEAN_SP_275057.parquet"
"6213","FINAL_EMSDM_EMMEAN_SP_275058.parquet"
"6214","FINAL_EMSDM_EMMEAN_SP_275060.parquet"
"6215","FINAL_EMSDM_EMMEAN_SP_275067.parquet"
"6216","FINAL_EMSDM_EMMEAN_SP_275068.parquet"
"6217","FINAL_EMSDM_EMMEAN_SP_275069.parquet"
"6218","FINAL_EMSDM_EMMEAN_SP_275070.parquet"
"6219","FINAL_EMSDM_EMMEAN_SP_275071.parquet"
"6220","FINAL_EMSDM_EMMEAN_SP_275074.parquet"
"6221","FINAL_EMSDM_EMMEAN_SP_275075.parquet"
"6222","FINAL_EMSDM_EMMEAN_SP_275078.parquet"
"6223","FINAL_EMSDM_EMMEAN_SP_275081.parquet"
"6224","FINAL_EMSDM_EMMEAN_SP_275082.parquet"
"6225","FINAL_EMSDM_EMMEAN_SP_275086.parquet"
"6226","FINAL_EMSDM_EMMEAN_SP_275089.parquet"
"6227","FINAL_EMSDM_EMMEAN_SP_275093.parquet"
"6228","FINAL_EMSDM_EMMEAN_SP_275095.parquet"
"6229","FINAL_EMSDM_EMMEAN_SP_275097.parquet"
"6230","FINAL_EMSDM_EMMEAN_SP_275102.parquet"
"6231","FINAL_EMSDM_EMMEAN_SP_275103.parquet"
"6232","FINAL_EMSDM_EMMEAN_SP_275106.parquet"
"6233","FINAL_EMSDM_EMMEAN_SP_275107.parquet"
"6234","FINAL_EMSDM_EMMEAN_SP_275108.parquet"
"6235","FINAL_EMSDM_EMMEAN_SP_275109.parquet"
"6236","FINAL_EMSDM_EMMEAN_SP_275110.parquet"
"6237","FINAL_EMSDM_EMMEAN_SP_275111.parquet"
"6238","FINAL_EMSDM_EMMEAN_SP_275112.parquet"
"6239","FINAL_EMSDM_EMMEAN_SP_275115.parquet"
"6240","FINAL_EMSDM_EMMEAN_SP_275119.parquet"
"6241","FINAL_EMSDM_EMMEAN_SP_275122.parquet"
"6242","FINAL_EMSDM_EMMEAN_SP_275132.parquet"
"6243","FINAL_EMSDM_EMMEAN_SP_275135.parquet"
"6244","FINAL_EMSDM_EMMEAN_SP_275136.parquet"
"6245","FINAL_EMSDM_EMMEAN_SP_275138.parquet"
"6246","FINAL_EMSDM_EMMEAN_SP_275140.parquet"
"6247","FINAL_EMSDM_EMMEAN_SP_275142.parquet"
"6248","FINAL_EMSDM_EMMEAN_SP_275143.parquet"
"6249","FINAL_EMSDM_EMMEAN_SP_275146.parquet"
"6250","FINAL_EMSDM_EMMEAN_SP_275148.parquet"
"6251","FINAL_EMSDM_EMMEAN_SP_275151.parquet"
"6252","FINAL_EMSDM_EMMEAN_SP_275153.parquet"
"6253","FINAL_EMSDM_EMMEAN_SP_275154.parquet"
"6254","FINAL_EMSDM_EMMEAN_SP_275155.parquet"
"6255","FINAL_EMSDM_EMMEAN_SP_275163.parquet"
"6256","FINAL_EMSDM_EMMEAN_SP_275169.parquet"
"6257","FINAL_EMSDM_EMMEAN_SP_275170.parquet"
"6258","FINAL_EMSDM_EMMEAN_SP_275171.parquet"
"6259","FINAL_EMSDM_EMMEAN_SP_275172.parquet"
"6260","FINAL_EMSDM_EMMEAN_SP_275173.parquet"
"6261","FINAL_EMSDM_EMMEAN_SP_275174.parquet"
"6262","FINAL_EMSDM_EMMEAN_SP_275175.parquet"
"6263","FINAL_EMSDM_EMMEAN_SP_275178.parquet"
"6264","FINAL_EMSDM_EMMEAN_SP_275179.parquet"
"6265","FINAL_EMSDM_EMMEAN_SP_275180.parquet"
"6266","FINAL_EMSDM_EMMEAN_SP_275182.parquet"
"6267","FINAL_EMSDM_EMMEAN_SP_275184.parquet"
"6268","FINAL_EMSDM_EMMEAN_SP_275186.parquet"
"6269","FINAL_EMSDM_EMMEAN_SP_275187.parquet"
"6270","FINAL_EMSDM_EMMEAN_SP_275189.parquet"
"6271","FINAL_EMSDM_EMMEAN_SP_275190.parquet"
"6272","FINAL_EMSDM_EMMEAN_SP_275191.parquet"
"6273","FINAL_EMSDM_EMMEAN_SP_275192.parquet"
"6274","FINAL_EMSDM_EMMEAN_SP_275193.parquet"
"6275","FINAL_EMSDM_EMMEAN_SP_275194.parquet"
"6276","FINAL_EMSDM_EMMEAN_SP_275197.parquet"
"6277","FINAL_EMSDM_EMMEAN_SP_275198.parquet"
"6278","FINAL_EMSDM_EMMEAN_SP_275199.parquet"
"6279","FINAL_EMSDM_EMMEAN_SP_275201.parquet"
"6280","FINAL_EMSDM_EMMEAN_SP_275205.parquet"
"6281","FINAL_EMSDM_EMMEAN_SP_275209.parquet"
"6282","FINAL_EMSDM_EMMEAN_SP_275210.parquet"
"6283","FINAL_EMSDM_EMMEAN_SP_275211.parquet"
"6284","FINAL_EMSDM_EMMEAN_SP_275212.parquet"
"6285","FINAL_EMSDM_EMMEAN_SP_275213.parquet"
"6286","FINAL_EMSDM_EMMEAN_SP_275214.parquet"
"6287","FINAL_EMSDM_EMMEAN_SP_275215.parquet"
"6288","FINAL_EMSDM_EMMEAN_SP_275217.parquet"
"6289","FINAL_EMSDM_EMMEAN_SP_275218.parquet"
"6290","FINAL_EMSDM_EMMEAN_SP_275219.parquet"
"6291","FINAL_EMSDM_EMMEAN_SP_275220.parquet"
"6292","FINAL_EMSDM_EMMEAN_SP_275221.parquet"
"6293","FINAL_EMSDM_EMMEAN_SP_275224.parquet"
"6294","FINAL_EMSDM_EMMEAN_SP_275225.parquet"
"6295","FINAL_EMSDM_EMMEAN_SP_275227.parquet"
"6296","FINAL_EMSDM_EMMEAN_SP_275228.parquet"
"6297","FINAL_EMSDM_EMMEAN_SP_275229.parquet"
"6298","FINAL_EMSDM_EMMEAN_SP_275230.parquet"
"6299","FINAL_EMSDM_EMMEAN_SP_275231.parquet"
"6300","FINAL_EMSDM_EMMEAN_SP_275232.parquet"
"6301","FINAL_EMSDM_EMMEAN_SP_275234.parquet"
"6302","FINAL_EMSDM_EMMEAN_SP_275237.parquet"
"6303","FINAL_EMSDM_EMMEAN_SP_275239.parquet"
"6304","FINAL_EMSDM_EMMEAN_SP_275240.parquet"
"6305","FINAL_EMSDM_EMMEAN_SP_275243.parquet"
"6306","FINAL_EMSDM_EMMEAN_SP_275247.parquet"
"6307","FINAL_EMSDM_EMMEAN_SP_275248.parquet"
"6308","FINAL_EMSDM_EMMEAN_SP_275249.parquet"
"6309","FINAL_EMSDM_EMMEAN_SP_275250.parquet"
"6310","FINAL_EMSDM_EMMEAN_SP_275251.parquet"
"6311","FINAL_EMSDM_EMMEAN_SP_275252.parquet"
"6312","FINAL_EMSDM_EMMEAN_SP_275253.parquet"
"6313","FINAL_EMSDM_EMMEAN_SP_275254.parquet"
"6314","FINAL_EMSDM_EMMEAN_SP_275255.parquet"
"6315","FINAL_EMSDM_EMMEAN_SP_275256.parquet"
"6316","FINAL_EMSDM_EMMEAN_SP_275257.parquet"
"6317","FINAL_EMSDM_EMMEAN_SP_275258.parquet"
"6318","FINAL_EMSDM_EMMEAN_SP_275259.parquet"
"6319","FINAL_EMSDM_EMMEAN_SP_275260.parquet"
"6320","FINAL_EMSDM_EMMEAN_SP_275261.parquet"
"6321","FINAL_EMSDM_EMMEAN_SP_275262.parquet"
"6322","FINAL_EMSDM_EMMEAN_SP_275263.parquet"
"6323","FINAL_EMSDM_EMMEAN_SP_275264.parquet"
"6324","FINAL_EMSDM_EMMEAN_SP_275265.parquet"
"6325","FINAL_EMSDM_EMMEAN_SP_275266.parquet"
"6326","FINAL_EMSDM_EMMEAN_SP_275267.parquet"
"6327","FINAL_EMSDM_EMMEAN_SP_275268.parquet"
"6328","FINAL_EMSDM_EMMEAN_SP_275270.parquet"
"6329","FINAL_EMSDM_EMMEAN_SP_275271.parquet"
"6330","FINAL_EMSDM_EMMEAN_SP_275272.parquet"
"6331","FINAL_EMSDM_EMMEAN_SP_275274.parquet"
"6332","FINAL_EMSDM_EMMEAN_SP_275275.parquet"
"6333","FINAL_EMSDM_EMMEAN_SP_275276.parquet"
"6334","FINAL_EMSDM_EMMEAN_SP_275277.parquet"
"6335","FINAL_EMSDM_EMMEAN_SP_275278.parquet"
"6336","FINAL_EMSDM_EMMEAN_SP_275279.parquet"
"6337","FINAL_EMSDM_EMMEAN_SP_275280.parquet"
"6338","FINAL_EMSDM_EMMEAN_SP_275281.parquet"
"6339","FINAL_EMSDM_EMMEAN_SP_275282.parquet"
"6340","FINAL_EMSDM_EMMEAN_SP_275283.parquet"
"6341","FINAL_EMSDM_EMMEAN_SP_275284.parquet"
"6342","FINAL_EMSDM_EMMEAN_SP_275285.parquet"
"6343","FINAL_EMSDM_EMMEAN_SP_275286.parquet"
"6344","FINAL_EMSDM_EMMEAN_SP_275287.parquet"
"6345","FINAL_EMSDM_EMMEAN_SP_275299.parquet"
"6346","FINAL_EMSDM_EMMEAN_SP_275304.parquet"
"6347","FINAL_EMSDM_EMMEAN_SP_275306.parquet"
"6348","FINAL_EMSDM_EMMEAN_SP_275307.parquet"
"6349","FINAL_EMSDM_EMMEAN_SP_275315.parquet"
"6350","FINAL_EMSDM_EMMEAN_SP_275316.parquet"
"6351","FINAL_EMSDM_EMMEAN_SP_275317.parquet"
"6352","FINAL_EMSDM_EMMEAN_SP_275318.parquet"
"6353","FINAL_EMSDM_EMMEAN_SP_275319.parquet"
"6354","FINAL_EMSDM_EMMEAN_SP_275320.parquet"
"6355","FINAL_EMSDM_EMMEAN_SP_275321.parquet"
"6356","FINAL_EMSDM_EMMEAN_SP_275322.parquet"
"6357","FINAL_EMSDM_EMMEAN_SP_275324.parquet"
"6358","FINAL_EMSDM_EMMEAN_SP_275325.parquet"
"6359","FINAL_EMSDM_EMMEAN_SP_275326.parquet"
"6360","FINAL_EMSDM_EMMEAN_SP_275328.parquet"
"6361","FINAL_EMSDM_EMMEAN_SP_275356.parquet"
"6362","FINAL_EMSDM_EMMEAN_SP_275357.parquet"
"6363","FINAL_EMSDM_EMMEAN_SP_275358.parquet"
"6364","FINAL_EMSDM_EMMEAN_SP_275359.parquet"
"6365","FINAL_EMSDM_EMMEAN_SP_275360.parquet"
"6366","FINAL_EMSDM_EMMEAN_SP_275364.parquet"
"6367","FINAL_EMSDM_EMMEAN_SP_275381.parquet"
"6368","FINAL_EMSDM_EMMEAN_SP_275384.parquet"
"6369","FINAL_EMSDM_EMMEAN_SP_275385.parquet"
"6370","FINAL_EMSDM_EMMEAN_SP_275386.parquet"
"6371","FINAL_EMSDM_EMMEAN_SP_275387.parquet"
"6372","FINAL_EMSDM_EMMEAN_SP_275389.parquet"
"6373","FINAL_EMSDM_EMMEAN_SP_275393.parquet"
"6374","FINAL_EMSDM_EMMEAN_SP_275394.parquet"
"6375","FINAL_EMSDM_EMMEAN_SP_275396.parquet"
"6376","FINAL_EMSDM_EMMEAN_SP_275397.parquet"
"6377","FINAL_EMSDM_EMMEAN_SP_275399.parquet"
"6378","FINAL_EMSDM_EMMEAN_SP_275403.parquet"
"6379","FINAL_EMSDM_EMMEAN_SP_275404.parquet"
"6380","FINAL_EMSDM_EMMEAN_SP_275405.parquet"
"6381","FINAL_EMSDM_EMMEAN_SP_275406.parquet"
"6382","FINAL_EMSDM_EMMEAN_SP_275407.parquet"
"6383","FINAL_EMSDM_EMMEAN_SP_275410.parquet"
"6384","FINAL_EMSDM_EMMEAN_SP_275411.parquet"
"6385","FINAL_EMSDM_EMMEAN_SP_275412.parquet"
"6386","FINAL_EMSDM_EMMEAN_SP_275413.parquet"
"6387","FINAL_EMSDM_EMMEAN_SP_275414.parquet"
"6388","FINAL_EMSDM_EMMEAN_SP_275415.parquet"
"6389","FINAL_EMSDM_EMMEAN_SP_275416.parquet"
"6390","FINAL_EMSDM_EMMEAN_SP_275419.parquet"
"6391","FINAL_EMSDM_EMMEAN_SP_275420.parquet"
"6392","FINAL_EMSDM_EMMEAN_SP_275421.parquet"
"6393","FINAL_EMSDM_EMMEAN_SP_275422.parquet"
"6394","FINAL_EMSDM_EMMEAN_SP_275423.parquet"
"6395","FINAL_EMSDM_EMMEAN_SP_275424.parquet"
"6396","FINAL_EMSDM_EMMEAN_SP_275425.parquet"
"6397","FINAL_EMSDM_EMMEAN_SP_275426.parquet"
"6398","FINAL_EMSDM_EMMEAN_SP_275427.parquet"
"6399","FINAL_EMSDM_EMMEAN_SP_275428.parquet"
"6400","FINAL_EMSDM_EMMEAN_SP_275429.parquet"
"6401","FINAL_EMSDM_EMMEAN_SP_275430.parquet"
"6402","FINAL_EMSDM_EMMEAN_SP_275432.parquet"
"6403","FINAL_EMSDM_EMMEAN_SP_275433.parquet"
"6404","FINAL_EMSDM_EMMEAN_SP_275435.parquet"
"6405","FINAL_EMSDM_EMMEAN_SP_275437.parquet"
"6406","FINAL_EMSDM_EMMEAN_SP_275438.parquet"
"6407","FINAL_EMSDM_EMMEAN_SP_275440.parquet"
"6408","FINAL_EMSDM_EMMEAN_SP_275441.parquet"
"6409","FINAL_EMSDM_EMMEAN_SP_275442.parquet"
"6410","FINAL_EMSDM_EMMEAN_SP_275443.parquet"
"6411","FINAL_EMSDM_EMMEAN_SP_275444.parquet"
"6412","FINAL_EMSDM_EMMEAN_SP_275445.parquet"
"6413","FINAL_EMSDM_EMMEAN_SP_275446.parquet"
"6414","FINAL_EMSDM_EMMEAN_SP_275447.parquet"
"6415","FINAL_EMSDM_EMMEAN_SP_275448.parquet"
"6416","FINAL_EMSDM_EMMEAN_SP_275449.parquet"
"6417","FINAL_EMSDM_EMMEAN_SP_275450.parquet"
"6418","FINAL_EMSDM_EMMEAN_SP_275451.parquet"
"6419","FINAL_EMSDM_EMMEAN_SP_275453.parquet"
"6420","FINAL_EMSDM_EMMEAN_SP_275454.parquet"
"6421","FINAL_EMSDM_EMMEAN_SP_275455.parquet"
"6422","FINAL_EMSDM_EMMEAN_SP_275456.parquet"
"6423","FINAL_EMSDM_EMMEAN_SP_275457.parquet"
"6424","FINAL_EMSDM_EMMEAN_SP_275458.parquet"
"6425","FINAL_EMSDM_EMMEAN_SP_275459.parquet"
"6426","FINAL_EMSDM_EMMEAN_SP_275460.parquet"
"6427","FINAL_EMSDM_EMMEAN_SP_275461.parquet"
"6428","FINAL_EMSDM_EMMEAN_SP_275462.parquet"
"6429","FINAL_EMSDM_EMMEAN_SP_275463.parquet"
"6430","FINAL_EMSDM_EMMEAN_SP_275464.parquet"
"6431","FINAL_EMSDM_EMMEAN_SP_275465.parquet"
"6432","FINAL_EMSDM_EMMEAN_SP_275466.parquet"
"6433","FINAL_EMSDM_EMMEAN_SP_275467.parquet"
"6434","FINAL_EMSDM_EMMEAN_SP_275468.parquet"
"6435","FINAL_EMSDM_EMMEAN_SP_275469.parquet"
"6436","FINAL_EMSDM_EMMEAN_SP_275470.parquet"
"6437","FINAL_EMSDM_EMMEAN_SP_275471.parquet"
"6438","FINAL_EMSDM_EMMEAN_SP_275472.parquet"
"6439","FINAL_EMSDM_EMMEAN_SP_275473.parquet"
"6440","FINAL_EMSDM_EMMEAN_SP_275475.parquet"
"6441","FINAL_EMSDM_EMMEAN_SP_275477.parquet"
"6442","FINAL_EMSDM_EMMEAN_SP_275478.parquet"
"6443","FINAL_EMSDM_EMMEAN_SP_275479.parquet"
"6444","FINAL_EMSDM_EMMEAN_SP_275480.parquet"
"6445","FINAL_EMSDM_EMMEAN_SP_275481.parquet"
"6446","FINAL_EMSDM_EMMEAN_SP_275482.parquet"
"6447","FINAL_EMSDM_EMMEAN_SP_275483.parquet"
"6448","FINAL_EMSDM_EMMEAN_SP_275485.parquet"
"6449","FINAL_EMSDM_EMMEAN_SP_275486.parquet"
"6450","FINAL_EMSDM_EMMEAN_SP_275487.parquet"
"6451","FINAL_EMSDM_EMMEAN_SP_275488.parquet"
"6452","FINAL_EMSDM_EMMEAN_SP_275489.parquet"
"6453","FINAL_EMSDM_EMMEAN_SP_275490.parquet"
"6454","FINAL_EMSDM_EMMEAN_SP_275491.parquet"
"6455","FINAL_EMSDM_EMMEAN_SP_275493.parquet"
"6456","FINAL_EMSDM_EMMEAN_SP_275494.parquet"
"6457","FINAL_EMSDM_EMMEAN_SP_275495.parquet"
"6458","FINAL_EMSDM_EMMEAN_SP_275496.parquet"
"6459","FINAL_EMSDM_EMMEAN_SP_275497.parquet"
"6460","FINAL_EMSDM_EMMEAN_SP_275498.parquet"
"6461","FINAL_EMSDM_EMMEAN_SP_275499.parquet"
"6462","FINAL_EMSDM_EMMEAN_SP_275500.parquet"
"6463","FINAL_EMSDM_EMMEAN_SP_275501.parquet"
"6464","FINAL_EMSDM_EMMEAN_SP_275502.parquet"
"6465","FINAL_EMSDM_EMMEAN_SP_275503.parquet"
"6466","FINAL_EMSDM_EMMEAN_SP_275504.parquet"
"6467","FINAL_EMSDM_EMMEAN_SP_275505.parquet"
"6468","FINAL_EMSDM_EMMEAN_SP_275506.parquet"
"6469","FINAL_EMSDM_EMMEAN_SP_275507.parquet"
"6470","FINAL_EMSDM_EMMEAN_SP_275508.parquet"
"6471","FINAL_EMSDM_EMMEAN_SP_275509.parquet"
"6472","FINAL_EMSDM_EMMEAN_SP_275510.parquet"
"6473","FINAL_EMSDM_EMMEAN_SP_275511.parquet"
"6474","FINAL_EMSDM_EMMEAN_SP_275512.parquet"
"6475","FINAL_EMSDM_EMMEAN_SP_275513.parquet"
"6476","FINAL_EMSDM_EMMEAN_SP_275514.parquet"
"6477","FINAL_EMSDM_EMMEAN_SP_275515.parquet"
"6478","FINAL_EMSDM_EMMEAN_SP_275516.parquet"
"6479","FINAL_EMSDM_EMMEAN_SP_275517.parquet"
"6480","FINAL_EMSDM_EMMEAN_SP_275518.parquet"
"6481","FINAL_EMSDM_EMMEAN_SP_275519.parquet"
"6482","FINAL_EMSDM_EMMEAN_SP_275520.parquet"
"6483","FINAL_EMSDM_EMMEAN_SP_275521.parquet"
"6484","FINAL_EMSDM_EMMEAN_SP_275522.parquet"
"6485","FINAL_EMSDM_EMMEAN_SP_275523.parquet"
"6486","FINAL_EMSDM_EMMEAN_SP_275524.parquet"
"6487","FINAL_EMSDM_EMMEAN_SP_275525.parquet"
"6488","FINAL_EMSDM_EMMEAN_SP_275526.parquet"
"6489","FINAL_EMSDM_EMMEAN_SP_275527.parquet"
"6490","FINAL_EMSDM_EMMEAN_SP_275528.parquet"
"6491","FINAL_EMSDM_EMMEAN_SP_275529.parquet"
"6492","FINAL_EMSDM_EMMEAN_SP_275530.parquet"
"6493","FINAL_EMSDM_EMMEAN_SP_275531.parquet"
"6494","FINAL_EMSDM_EMMEAN_SP_275532.parquet"
"6495","FINAL_EMSDM_EMMEAN_SP_275533.parquet"
"6496","FINAL_EMSDM_EMMEAN_SP_275534.parquet"
"6497","FINAL_EMSDM_EMMEAN_SP_275535.parquet"
"6498","FINAL_EMSDM_EMMEAN_SP_275536.parquet"
"6499","FINAL_EMSDM_EMMEAN_SP_275537.parquet"
"6500","FINAL_EMSDM_EMMEAN_SP_275538.parquet"
"6501","FINAL_EMSDM_EMMEAN_SP_275539.parquet"
"6502","FINAL_EMSDM_EMMEAN_SP_275540.parquet"
"6503","FINAL_EMSDM_EMMEAN_SP_275541.parquet"
"6504","FINAL_EMSDM_EMMEAN_SP_275542.parquet"
"6505","FINAL_EMSDM_EMMEAN_SP_275544.parquet"
"6506","FINAL_EMSDM_EMMEAN_SP_275548.parquet"
"6507","FINAL_EMSDM_EMMEAN_SP_275549.parquet"
"6508","FINAL_EMSDM_EMMEAN_SP_275550.parquet"
"6509","FINAL_EMSDM_EMMEAN_SP_275552.parquet"
"6510","FINAL_EMSDM_EMMEAN_SP_275553.parquet"
"6511","FINAL_EMSDM_EMMEAN_SP_275554.parquet"
"6512","FINAL_EMSDM_EMMEAN_SP_275555.parquet"
"6513","FINAL_EMSDM_EMMEAN_SP_275556.parquet"
"6514","FINAL_EMSDM_EMMEAN_SP_275558.parquet"
"6515","FINAL_EMSDM_EMMEAN_SP_275559.parquet"
"6516","FINAL_EMSDM_EMMEAN_SP_275560.parquet"
"6517","FINAL_EMSDM_EMMEAN_SP_275561.parquet"
"6518","FINAL_EMSDM_EMMEAN_SP_275563.parquet"
"6519","FINAL_EMSDM_EMMEAN_SP_275565.parquet"
"6520","FINAL_EMSDM_EMMEAN_SP_275569.parquet"
"6521","FINAL_EMSDM_EMMEAN_SP_275587.parquet"
"6522","FINAL_EMSDM_EMMEAN_SP_275588.parquet"
"6523","FINAL_EMSDM_EMMEAN_SP_275589.parquet"
"6524","FINAL_EMSDM_EMMEAN_SP_275614.parquet"
"6525","FINAL_EMSDM_EMMEAN_SP_275616.parquet"
"6526","FINAL_EMSDM_EMMEAN_SP_275617.parquet"
"6527","FINAL_EMSDM_EMMEAN_SP_275618.parquet"
"6528","FINAL_EMSDM_EMMEAN_SP_275619.parquet"
"6529","FINAL_EMSDM_EMMEAN_SP_275621.parquet"
"6530","FINAL_EMSDM_EMMEAN_SP_275622.parquet"
"6531","FINAL_EMSDM_EMMEAN_SP_275623.parquet"
"6532","FINAL_EMSDM_EMMEAN_SP_275624.parquet"
"6533","FINAL_EMSDM_EMMEAN_SP_275625.parquet"
"6534","FINAL_EMSDM_EMMEAN_SP_275626.parquet"
"6535","FINAL_EMSDM_EMMEAN_SP_275627.parquet"
"6536","FINAL_EMSDM_EMMEAN_SP_275628.parquet"
"6537","FINAL_EMSDM_EMMEAN_SP_275633.parquet"
"6538","FINAL_EMSDM_EMMEAN_SP_275636.parquet"
"6539","FINAL_EMSDM_EMMEAN_SP_275645.parquet"
"6540","FINAL_EMSDM_EMMEAN_SP_275647.parquet"
"6541","FINAL_EMSDM_EMMEAN_SP_275648.parquet"
"6542","FINAL_EMSDM_EMMEAN_SP_275650.parquet"
"6543","FINAL_EMSDM_EMMEAN_SP_275651.parquet"
"6544","FINAL_EMSDM_EMMEAN_SP_275652.parquet"
"6545","FINAL_EMSDM_EMMEAN_SP_275653.parquet"
"6546","FINAL_EMSDM_EMMEAN_SP_275655.parquet"
"6547","FINAL_EMSDM_EMMEAN_SP_275657.parquet"
"6548","FINAL_EMSDM_EMMEAN_SP_275658.parquet"
"6549","FINAL_EMSDM_EMMEAN_SP_275661.parquet"
"6550","FINAL_EMSDM_EMMEAN_SP_275662.parquet"
"6551","FINAL_EMSDM_EMMEAN_SP_275663.parquet"
"6552","FINAL_EMSDM_EMMEAN_SP_275671.parquet"
"6553","FINAL_EMSDM_EMMEAN_SP_275675.parquet"
"6554","FINAL_EMSDM_EMMEAN_SP_275676.parquet"
"6555","FINAL_EMSDM_EMMEAN_SP_275677.parquet"
"6556","FINAL_EMSDM_EMMEAN_SP_275678.parquet"
"6557","FINAL_EMSDM_EMMEAN_SP_275679.parquet"
"6558","FINAL_EMSDM_EMMEAN_SP_275683.parquet"
"6559","FINAL_EMSDM_EMMEAN_SP_275684.parquet"
"6560","FINAL_EMSDM_EMMEAN_SP_275685.parquet"
"6561","FINAL_EMSDM_EMMEAN_SP_275686.parquet"
"6562","FINAL_EMSDM_EMMEAN_SP_275687.parquet"
"6563","FINAL_EMSDM_EMMEAN_SP_275688.parquet"
"6564","FINAL_EMSDM_EMMEAN_SP_275689.parquet"
"6565","FINAL_EMSDM_EMMEAN_SP_275690.parquet"
"6566","FINAL_EMSDM_EMMEAN_SP_275691.parquet"
"6567","FINAL_EMSDM_EMMEAN_SP_275692.parquet"
"6568","FINAL_EMSDM_EMMEAN_SP_275693.parquet"
"6569","FINAL_EMSDM_EMMEAN_SP_275695.parquet"
"6570","FINAL_EMSDM_EMMEAN_SP_275696.parquet"
"6571","FINAL_EMSDM_EMMEAN_SP_275697.parquet"
"6572","FINAL_EMSDM_EMMEAN_SP_275698.parquet"
"6573","FINAL_EMSDM_EMMEAN_SP_275699.parquet"
"6574","FINAL_EMSDM_EMMEAN_SP_275700.parquet"
"6575","FINAL_EMSDM_EMMEAN_SP_275702.parquet"
"6576","FINAL_EMSDM_EMMEAN_SP_275703.parquet"
"6577","FINAL_EMSDM_EMMEAN_SP_275704.parquet"
"6578","FINAL_EMSDM_EMMEAN_SP_275706.parquet"
"6579","FINAL_EMSDM_EMMEAN_SP_275708.parquet"
"6580","FINAL_EMSDM_EMMEAN_SP_275709.parquet"
"6581","FINAL_EMSDM_EMMEAN_SP_275713.parquet"
"6582","FINAL_EMSDM_EMMEAN_SP_275715.parquet"
"6583","FINAL_EMSDM_EMMEAN_SP_275717.parquet"
"6584","FINAL_EMSDM_EMMEAN_SP_275719.parquet"
"6585","FINAL_EMSDM_EMMEAN_SP_275720.parquet"
"6586","FINAL_EMSDM_EMMEAN_SP_275721.parquet"
"6587","FINAL_EMSDM_EMMEAN_SP_275722.parquet"
"6588","FINAL_EMSDM_EMMEAN_SP_275723.parquet"
"6589","FINAL_EMSDM_EMMEAN_SP_275724.parquet"
"6590","FINAL_EMSDM_EMMEAN_SP_275726.parquet"
"6591","FINAL_EMSDM_EMMEAN_SP_275727.parquet"
"6592","FINAL_EMSDM_EMMEAN_SP_275728.parquet"
"6593","FINAL_EMSDM_EMMEAN_SP_275729.parquet"
"6594","FINAL_EMSDM_EMMEAN_SP_275730.parquet"
"6595","FINAL_EMSDM_EMMEAN_SP_275731.parquet"
"6596","FINAL_EMSDM_EMMEAN_SP_275733.parquet"
"6597","FINAL_EMSDM_EMMEAN_SP_275734.parquet"
"6598","FINAL_EMSDM_EMMEAN_SP_275736.parquet"
"6599","FINAL_EMSDM_EMMEAN_SP_275738.parquet"
"6600","FINAL_EMSDM_EMMEAN_SP_275739.parquet"
"6601","FINAL_EMSDM_EMMEAN_SP_275741.parquet"
"6602","FINAL_EMSDM_EMMEAN_SP_275742.parquet"
"6603","FINAL_EMSDM_EMMEAN_SP_275745.parquet"
"6604","FINAL_EMSDM_EMMEAN_SP_275747.parquet"
"6605","FINAL_EMSDM_EMMEAN_SP_275748.parquet"
"6606","FINAL_EMSDM_EMMEAN_SP_275749.parquet"
"6607","FINAL_EMSDM_EMMEAN_SP_275750.parquet"
"6608","FINAL_EMSDM_EMMEAN_SP_275752.parquet"
"6609","FINAL_EMSDM_EMMEAN_SP_275754.parquet"
"6610","FINAL_EMSDM_EMMEAN_SP_275755.parquet"
"6611","FINAL_EMSDM_EMMEAN_SP_275756.parquet"
"6612","FINAL_EMSDM_EMMEAN_SP_275757.parquet"
"6613","FINAL_EMSDM_EMMEAN_SP_275758.parquet"
"6614","FINAL_EMSDM_EMMEAN_SP_275759.parquet"
"6615","FINAL_EMSDM_EMMEAN_SP_275760.parquet"
"6616","FINAL_EMSDM_EMMEAN_SP_275761.parquet"
"6617","FINAL_EMSDM_EMMEAN_SP_275762.parquet"
"6618","FINAL_EMSDM_EMMEAN_SP_275763.parquet"
"6619","FINAL_EMSDM_EMMEAN_SP_275764.parquet"
"6620","FINAL_EMSDM_EMMEAN_SP_275766.parquet"
"6621","FINAL_EMSDM_EMMEAN_SP_275767.parquet"
"6622","FINAL_EMSDM_EMMEAN_SP_275768.parquet"
"6623","FINAL_EMSDM_EMMEAN_SP_275769.parquet"
"6624","FINAL_EMSDM_EMMEAN_SP_275770.parquet"
"6625","FINAL_EMSDM_EMMEAN_SP_275771.parquet"
"6626","FINAL_EMSDM_EMMEAN_SP_275772.parquet"
"6627","FINAL_EMSDM_EMMEAN_SP_275773.parquet"
"6628","FINAL_EMSDM_EMMEAN_SP_275774.parquet"
"6629","FINAL_EMSDM_EMMEAN_SP_275775.parquet"
"6630","FINAL_EMSDM_EMMEAN_SP_275776.parquet"
"6631","FINAL_EMSDM_EMMEAN_SP_275777.parquet"
"6632","FINAL_EMSDM_EMMEAN_SP_275778.parquet"
"6633","FINAL_EMSDM_EMMEAN_SP_275779.parquet"
"6634","FINAL_EMSDM_EMMEAN_SP_275780.parquet"
"6635","FINAL_EMSDM_EMMEAN_SP_275781.parquet"
"6636","FINAL_EMSDM_EMMEAN_SP_275782.parquet"
"6637","FINAL_EMSDM_EMMEAN_SP_275783.parquet"
"6638","FINAL_EMSDM_EMMEAN_SP_275784.parquet"
"6639","FINAL_EMSDM_EMMEAN_SP_275785.parquet"
"6640","FINAL_EMSDM_EMMEAN_SP_275786.parquet"
"6641","FINAL_EMSDM_EMMEAN_SP_275787.parquet"
"6642","FINAL_EMSDM_EMMEAN_SP_275788.parquet"
"6643","FINAL_EMSDM_EMMEAN_SP_275789.parquet"
"6644","FINAL_EMSDM_EMMEAN_SP_275790.parquet"
"6645","FINAL_EMSDM_EMMEAN_SP_275791.parquet"
"6646","FINAL_EMSDM_EMMEAN_SP_275793.parquet"
"6647","FINAL_EMSDM_EMMEAN_SP_275795.parquet"
"6648","FINAL_EMSDM_EMMEAN_SP_275796.parquet"
"6649","FINAL_EMSDM_EMMEAN_SP_275797.parquet"
"6650","FINAL_EMSDM_EMMEAN_SP_275798.parquet"
"6651","FINAL_EMSDM_EMMEAN_SP_275799.parquet"
"6652","FINAL_EMSDM_EMMEAN_SP_275800.parquet"
"6653","FINAL_EMSDM_EMMEAN_SP_275801.parquet"
"6654","FINAL_EMSDM_EMMEAN_SP_275802.parquet"
"6655","FINAL_EMSDM_EMMEAN_SP_275803.parquet"
"6656","FINAL_EMSDM_EMMEAN_SP_275804.parquet"
"6657","FINAL_EMSDM_EMMEAN_SP_275806.parquet"
"6658","FINAL_EMSDM_EMMEAN_SP_275807.parquet"
"6659","FINAL_EMSDM_EMMEAN_SP_275808.parquet"
"6660","FINAL_EMSDM_EMMEAN_SP_275809.parquet"
"6661","FINAL_EMSDM_EMMEAN_SP_275811.parquet"
"6662","FINAL_EMSDM_EMMEAN_SP_275812.parquet"
"6663","FINAL_EMSDM_EMMEAN_SP_275814.parquet"
"6664","FINAL_EMSDM_EMMEAN_SP_275815.parquet"
"6665","FINAL_EMSDM_EMMEAN_SP_275817.parquet"
"6666","FINAL_EMSDM_EMMEAN_SP_275818.parquet"
"6667","FINAL_EMSDM_EMMEAN_SP_275820.parquet"
"6668","FINAL_EMSDM_EMMEAN_SP_275821.parquet"
"6669","FINAL_EMSDM_EMMEAN_SP_275822.parquet"
"6670","FINAL_EMSDM_EMMEAN_SP_275823.parquet"
"6671","FINAL_EMSDM_EMMEAN_SP_275824.parquet"
"6672","FINAL_EMSDM_EMMEAN_SP_275825.parquet"
"6673","FINAL_EMSDM_EMMEAN_SP_275826.parquet"
"6674","FINAL_EMSDM_EMMEAN_SP_275827.parquet"
"6675","FINAL_EMSDM_EMMEAN_SP_275828.parquet"
"6676","FINAL_EMSDM_EMMEAN_SP_275829.parquet"
"6677","FINAL_EMSDM_EMMEAN_SP_275830.parquet"
"6678","FINAL_EMSDM_EMMEAN_SP_275831.parquet"
"6679","FINAL_EMSDM_EMMEAN_SP_275832.parquet"
"6680","FINAL_EMSDM_EMMEAN_SP_275833.parquet"
"6681","FINAL_EMSDM_EMMEAN_SP_275834.parquet"
"6682","FINAL_EMSDM_EMMEAN_SP_275835.parquet"
"6683","FINAL_EMSDM_EMMEAN_SP_275839.parquet"
"6684","FINAL_EMSDM_EMMEAN_SP_275840.parquet"
"6685","FINAL_EMSDM_EMMEAN_SP_275841.parquet"
"6686","FINAL_EMSDM_EMMEAN_SP_275842.parquet"
"6687","FINAL_EMSDM_EMMEAN_SP_275843.parquet"
"6688","FINAL_EMSDM_EMMEAN_SP_275844.parquet"
"6689","FINAL_EMSDM_EMMEAN_SP_275845.parquet"
"6690","FINAL_EMSDM_EMMEAN_SP_275846.parquet"
"6691","FINAL_EMSDM_EMMEAN_SP_275847.parquet"
"6692","FINAL_EMSDM_EMMEAN_SP_275848.parquet"
"6693","FINAL_EMSDM_EMMEAN_SP_275849.parquet"
"6694","FINAL_EMSDM_EMMEAN_SP_275850.parquet"
"6695","FINAL_EMSDM_EMMEAN_SP_275851.parquet"
"6696","FINAL_EMSDM_EMMEAN_SP_275852.parquet"
"6697","FINAL_EMSDM_EMMEAN_SP_275854.parquet"
"6698","FINAL_EMSDM_EMMEAN_SP_275855.parquet"
"6699","FINAL_EMSDM_EMMEAN_SP_275856.parquet"
"6700","FINAL_EMSDM_EMMEAN_SP_275857.parquet"
"6701","FINAL_EMSDM_EMMEAN_SP_275858.parquet"
"6702","FINAL_EMSDM_EMMEAN_SP_275872.parquet"
"6703","FINAL_EMSDM_EMMEAN_SP_275874.parquet"
"6704","FINAL_EMSDM_EMMEAN_SP_275888.parquet"
"6705","FINAL_EMSDM_EMMEAN_SP_275892.parquet"
"6706","FINAL_EMSDM_EMMEAN_SP_275895.parquet"
"6707","FINAL_EMSDM_EMMEAN_SP_275896.parquet"
"6708","FINAL_EMSDM_EMMEAN_SP_275897.parquet"
"6709","FINAL_EMSDM_EMMEAN_SP_275899.parquet"
"6710","FINAL_EMSDM_EMMEAN_SP_275903.parquet"
"6711","FINAL_EMSDM_EMMEAN_SP_275905.parquet"
"6712","FINAL_EMSDM_EMMEAN_SP_275906.parquet"
"6713","FINAL_EMSDM_EMMEAN_SP_275907.parquet"
"6714","FINAL_EMSDM_EMMEAN_SP_275908.parquet"
"6715","FINAL_EMSDM_EMMEAN_SP_275909.parquet"
"6716","FINAL_EMSDM_EMMEAN_SP_275910.parquet"
"6717","FINAL_EMSDM_EMMEAN_SP_275911.parquet"
"6718","FINAL_EMSDM_EMMEAN_SP_275912.parquet"
"6719","FINAL_EMSDM_EMMEAN_SP_275915.parquet"
"6720","FINAL_EMSDM_EMMEAN_SP_275916.parquet"
"6721","FINAL_EMSDM_EMMEAN_SP_275917.parquet"
"6722","FINAL_EMSDM_EMMEAN_SP_275918.parquet"
"6723","FINAL_EMSDM_EMMEAN_SP_275919.parquet"
"6724","FINAL_EMSDM_EMMEAN_SP_275920.parquet"
"6725","FINAL_EMSDM_EMMEAN_SP_275921.parquet"
"6726","FINAL_EMSDM_EMMEAN_SP_275922.parquet"
"6727","FINAL_EMSDM_EMMEAN_SP_275924.parquet"
"6728","FINAL_EMSDM_EMMEAN_SP_275925.parquet"
"6729","FINAL_EMSDM_EMMEAN_SP_275928.parquet"
"6730","FINAL_EMSDM_EMMEAN_SP_275929.parquet"
"6731","FINAL_EMSDM_EMMEAN_SP_275930.parquet"
"6732","FINAL_EMSDM_EMMEAN_SP_275931.parquet"
"6733","FINAL_EMSDM_EMMEAN_SP_275933.parquet"
"6734","FINAL_EMSDM_EMMEAN_SP_275937.parquet"
"6735","FINAL_EMSDM_EMMEAN_SP_275942.parquet"
"6736","FINAL_EMSDM_EMMEAN_SP_275950.parquet"
"6737","FINAL_EMSDM_EMMEAN_SP_275951.parquet"
"6738","FINAL_EMSDM_EMMEAN_SP_275952.parquet"
"6739","FINAL_EMSDM_EMMEAN_SP_275953.parquet"
"6740","FINAL_EMSDM_EMMEAN_SP_275954.parquet"
"6741","FINAL_EMSDM_EMMEAN_SP_275956.parquet"
"6742","FINAL_EMSDM_EMMEAN_SP_275957.parquet"
"6743","FINAL_EMSDM_EMMEAN_SP_275958.parquet"
"6744","FINAL_EMSDM_EMMEAN_SP_275960.parquet"
"6745","FINAL_EMSDM_EMMEAN_SP_275961.parquet"
"6746","FINAL_EMSDM_EMMEAN_SP_275962.parquet"
"6747","FINAL_EMSDM_EMMEAN_SP_275963.parquet"
"6748","FINAL_EMSDM_EMMEAN_SP_275964.parquet"
"6749","FINAL_EMSDM_EMMEAN_SP_275965.parquet"
"6750","FINAL_EMSDM_EMMEAN_SP_275966.parquet"
"6751","FINAL_EMSDM_EMMEAN_SP_275967.parquet"
"6752","FINAL_EMSDM_EMMEAN_SP_275968.parquet"
"6753","FINAL_EMSDM_EMMEAN_SP_275969.parquet"
"6754","FINAL_EMSDM_EMMEAN_SP_275970.parquet"
"6755","FINAL_EMSDM_EMMEAN_SP_275971.parquet"
"6756","FINAL_EMSDM_EMMEAN_SP_275972.parquet"
"6757","FINAL_EMSDM_EMMEAN_SP_275973.parquet"
"6758","FINAL_EMSDM_EMMEAN_SP_275974.parquet"
"6759","FINAL_EMSDM_EMMEAN_SP_275976.parquet"
"6760","FINAL_EMSDM_EMMEAN_SP_275978.parquet"
"6761","FINAL_EMSDM_EMMEAN_SP_275987.parquet"
"6762","FINAL_EMSDM_EMMEAN_SP_275989.parquet"
"6763","FINAL_EMSDM_EMMEAN_SP_275995.parquet"
"6764","FINAL_EMSDM_EMMEAN_SP_275996.parquet"
"6765","FINAL_EMSDM_EMMEAN_SP_275997.parquet"
"6766","FINAL_EMSDM_EMMEAN_SP_275998.parquet"
"6767","FINAL_EMSDM_EMMEAN_SP_275999.parquet"
"6768","FINAL_EMSDM_EMMEAN_SP_276000.parquet"
"6769","FINAL_EMSDM_EMMEAN_SP_276001.parquet"
"6770","FINAL_EMSDM_EMMEAN_SP_276002.parquet"
"6771","FINAL_EMSDM_EMMEAN_SP_276003.parquet"
"6772","FINAL_EMSDM_EMMEAN_SP_276004.parquet"
"6773","FINAL_EMSDM_EMMEAN_SP_276005.parquet"
"6774","FINAL_EMSDM_EMMEAN_SP_276006.parquet"
"6775","FINAL_EMSDM_EMMEAN_SP_276007.parquet"
"6776","FINAL_EMSDM_EMMEAN_SP_276008.parquet"
"6777","FINAL_EMSDM_EMMEAN_SP_276009.parquet"
"6778","FINAL_EMSDM_EMMEAN_SP_276010.parquet"
"6779","FINAL_EMSDM_EMMEAN_SP_276011.parquet"
"6780","FINAL_EMSDM_EMMEAN_SP_276012.parquet"
"6781","FINAL_EMSDM_EMMEAN_SP_276013.parquet"
"6782","FINAL_EMSDM_EMMEAN_SP_276015.parquet"
"6783","FINAL_EMSDM_EMMEAN_SP_276016.parquet"
"6784","FINAL_EMSDM_EMMEAN_SP_276017.parquet"
"6785","FINAL_EMSDM_EMMEAN_SP_276024.parquet"
"6786","FINAL_EMSDM_EMMEAN_SP_276025.parquet"
"6787","FINAL_EMSDM_EMMEAN_SP_276026.parquet"
"6788","FINAL_EMSDM_EMMEAN_SP_276027.parquet"
"6789","FINAL_EMSDM_EMMEAN_SP_276028.parquet"
"6790","FINAL_EMSDM_EMMEAN_SP_276032.parquet"
"6791","FINAL_EMSDM_EMMEAN_SP_276033.parquet"
"6792","FINAL_EMSDM_EMMEAN_SP_276034.parquet"
"6793","FINAL_EMSDM_EMMEAN_SP_276036.parquet"
"6794","FINAL_EMSDM_EMMEAN_SP_276037.parquet"
"6795","FINAL_EMSDM_EMMEAN_SP_276038.parquet"
"6796","FINAL_EMSDM_EMMEAN_SP_276039.parquet"
"6797","FINAL_EMSDM_EMMEAN_SP_276040.parquet"
"6798","FINAL_EMSDM_EMMEAN_SP_276041.parquet"
"6799","FINAL_EMSDM_EMMEAN_SP_276042.parquet"
"6800","FINAL_EMSDM_EMMEAN_SP_276043.parquet"
"6801","FINAL_EMSDM_EMMEAN_SP_276044.parquet"
"6802","FINAL_EMSDM_EMMEAN_SP_276045.parquet"
"6803","FINAL_EMSDM_EMMEAN_SP_276046.parquet"
"6804","FINAL_EMSDM_EMMEAN_SP_276047.parquet"
"6805","FINAL_EMSDM_EMMEAN_SP_276049.parquet"
"6806","FINAL_EMSDM_EMMEAN_SP_276050.parquet"
"6807","FINAL_EMSDM_EMMEAN_SP_276051.parquet"
"6808","FINAL_EMSDM_EMMEAN_SP_276052.parquet"
"6809","FINAL_EMSDM_EMMEAN_SP_276053.parquet"
"6810","FINAL_EMSDM_EMMEAN_SP_276054.parquet"
"6811","FINAL_EMSDM_EMMEAN_SP_276055.parquet"
"6812","FINAL_EMSDM_EMMEAN_SP_276056.parquet"
"6813","FINAL_EMSDM_EMMEAN_SP_276057.parquet"
"6814","FINAL_EMSDM_EMMEAN_SP_276058.parquet"
"6815","FINAL_EMSDM_EMMEAN_SP_276060.parquet"
"6816","FINAL_EMSDM_EMMEAN_SP_276061.parquet"
"6817","FINAL_EMSDM_EMMEAN_SP_276062.parquet"
"6818","FINAL_EMSDM_EMMEAN_SP_276063.parquet"
"6819","FINAL_EMSDM_EMMEAN_SP_276064.parquet"
"6820","FINAL_EMSDM_EMMEAN_SP_276065.parquet"
"6821","FINAL_EMSDM_EMMEAN_SP_276066.parquet"
"6822","FINAL_EMSDM_EMMEAN_SP_276067.parquet"
"6823","FINAL_EMSDM_EMMEAN_SP_276068.parquet"
"6824","FINAL_EMSDM_EMMEAN_SP_276070.parquet"
"6825","FINAL_EMSDM_EMMEAN_SP_276071.parquet"
"6826","FINAL_EMSDM_EMMEAN_SP_276072.parquet"
"6827","FINAL_EMSDM_EMMEAN_SP_276074.parquet"
"6828","FINAL_EMSDM_EMMEAN_SP_276075.parquet"
"6829","FINAL_EMSDM_EMMEAN_SP_276076.parquet"
"6830","FINAL_EMSDM_EMMEAN_SP_276077.parquet"
"6831","FINAL_EMSDM_EMMEAN_SP_276078.parquet"
"6832","FINAL_EMSDM_EMMEAN_SP_276079.parquet"
"6833","FINAL_EMSDM_EMMEAN_SP_276080.parquet"
"6834","FINAL_EMSDM_EMMEAN_SP_276081.parquet"
"6835","FINAL_EMSDM_EMMEAN_SP_276082.parquet"
"6836","FINAL_EMSDM_EMMEAN_SP_276083.parquet"
"6837","FINAL_EMSDM_EMMEAN_SP_276084.parquet"
"6838","FINAL_EMSDM_EMMEAN_SP_276085.parquet"
"6839","FINAL_EMSDM_EMMEAN_SP_276086.parquet"
"6840","FINAL_EMSDM_EMMEAN_SP_276087.parquet"
"6841","FINAL_EMSDM_EMMEAN_SP_276088.parquet"
"6842","FINAL_EMSDM_EMMEAN_SP_276089.parquet"
"6843","FINAL_EMSDM_EMMEAN_SP_276090.parquet"
"6844","FINAL_EMSDM_EMMEAN_SP_276091.parquet"
"6845","FINAL_EMSDM_EMMEAN_SP_276092.parquet"
"6846","FINAL_EMSDM_EMMEAN_SP_276094.parquet"
"6847","FINAL_EMSDM_EMMEAN_SP_276095.parquet"
"6848","FINAL_EMSDM_EMMEAN_SP_276097.parquet"
"6849","FINAL_EMSDM_EMMEAN_SP_276098.parquet"
"6850","FINAL_EMSDM_EMMEAN_SP_276099.parquet"
"6851","FINAL_EMSDM_EMMEAN_SP_276100.parquet"
"6852","FINAL_EMSDM_EMMEAN_SP_276101.parquet"
"6853","FINAL_EMSDM_EMMEAN_SP_276102.parquet"
"6854","FINAL_EMSDM_EMMEAN_SP_276103.parquet"
"6855","FINAL_EMSDM_EMMEAN_SP_276104.parquet"
"6856","FINAL_EMSDM_EMMEAN_SP_276105.parquet"
"6857","FINAL_EMSDM_EMMEAN_SP_276111.parquet"
"6858","FINAL_EMSDM_EMMEAN_SP_276112.parquet"
"6859","FINAL_EMSDM_EMMEAN_SP_276113.parquet"
"6860","FINAL_EMSDM_EMMEAN_SP_276114.parquet"
"6861","FINAL_EMSDM_EMMEAN_SP_276115.parquet"
"6862","FINAL_EMSDM_EMMEAN_SP_276116.parquet"
"6863","FINAL_EMSDM_EMMEAN_SP_276117.parquet"
"6864","FINAL_EMSDM_EMMEAN_SP_276118.parquet"
"6865","FINAL_EMSDM_EMMEAN_SP_276119.parquet"
"6866","FINAL_EMSDM_EMMEAN_SP_276121.parquet"
"6867","FINAL_EMSDM_EMMEAN_SP_276122.parquet"
"6868","FINAL_EMSDM_EMMEAN_SP_276123.parquet"
"6869","FINAL_EMSDM_EMMEAN_SP_276124.parquet"
"6870","FINAL_EMSDM_EMMEAN_SP_276125.parquet"
"6871","FINAL_EMSDM_EMMEAN_SP_276126.parquet"
"6872","FINAL_EMSDM_EMMEAN_SP_276127.parquet"
"6873","FINAL_EMSDM_EMMEAN_SP_276128.parquet"
"6874","FINAL_EMSDM_EMMEAN_SP_276129.parquet"
"6875","FINAL_EMSDM_EMMEAN_SP_276130.parquet"
"6876","FINAL_EMSDM_EMMEAN_SP_276131.parquet"
"6877","FINAL_EMSDM_EMMEAN_SP_276145.parquet"
"6878","FINAL_EMSDM_EMMEAN_SP_276146.parquet"
"6879","FINAL_EMSDM_EMMEAN_SP_276147.parquet"
"6880","FINAL_EMSDM_EMMEAN_SP_276148.parquet"
"6881","FINAL_EMSDM_EMMEAN_SP_276149.parquet"
"6882","FINAL_EMSDM_EMMEAN_SP_276150.parquet"
"6883","FINAL_EMSDM_EMMEAN_SP_276151.parquet"
"6884","FINAL_EMSDM_EMMEAN_SP_276152.parquet"
"6885","FINAL_EMSDM_EMMEAN_SP_276153.parquet"
"6886","FINAL_EMSDM_EMMEAN_SP_276154.parquet"
"6887","FINAL_EMSDM_EMMEAN_SP_276155.parquet"
"6888","FINAL_EMSDM_EMMEAN_SP_276156.parquet"
"6889","FINAL_EMSDM_EMMEAN_SP_276157.parquet"
"6890","FINAL_EMSDM_EMMEAN_SP_276158.parquet"
"6891","FINAL_EMSDM_EMMEAN_SP_276159.parquet"
"6892","FINAL_EMSDM_EMMEAN_SP_276160.parquet"
"6893","FINAL_EMSDM_EMMEAN_SP_276161.parquet"
"6894","FINAL_EMSDM_EMMEAN_SP_276162.parquet"
"6895","FINAL_EMSDM_EMMEAN_SP_276163.parquet"
"6896","FINAL_EMSDM_EMMEAN_SP_276164.parquet"
"6897","FINAL_EMSDM_EMMEAN_SP_276165.parquet"
"6898","FINAL_EMSDM_EMMEAN_SP_276166.parquet"
"6899","FINAL_EMSDM_EMMEAN_SP_276167.parquet"
"6900","FINAL_EMSDM_EMMEAN_SP_276168.parquet"
"6901","FINAL_EMSDM_EMMEAN_SP_276169.parquet"
"6902","FINAL_EMSDM_EMMEAN_SP_276170.parquet"
"6903","FINAL_EMSDM_EMMEAN_SP_276171.parquet"
"6904","FINAL_EMSDM_EMMEAN_SP_276172.parquet"
"6905","FINAL_EMSDM_EMMEAN_SP_276173.parquet"
"6906","FINAL_EMSDM_EMMEAN_SP_276174.parquet"
"6907","FINAL_EMSDM_EMMEAN_SP_276176.parquet"
"6908","FINAL_EMSDM_EMMEAN_SP_276178.parquet"
"6909","FINAL_EMSDM_EMMEAN_SP_276179.parquet"
"6910","FINAL_EMSDM_EMMEAN_SP_276180.parquet"
"6911","FINAL_EMSDM_EMMEAN_SP_276181.parquet"
"6912","FINAL_EMSDM_EMMEAN_SP_276183.parquet"
"6913","FINAL_EMSDM_EMMEAN_SP_276184.parquet"
"6914","FINAL_EMSDM_EMMEAN_SP_276185.parquet"
"6915","FINAL_EMSDM_EMMEAN_SP_276186.parquet"
"6916","FINAL_EMSDM_EMMEAN_SP_276187.parquet"
"6917","FINAL_EMSDM_EMMEAN_SP_276188.parquet"
"6918","FINAL_EMSDM_EMMEAN_SP_276189.parquet"
"6919","FINAL_EMSDM_EMMEAN_SP_276190.parquet"
"6920","FINAL_EMSDM_EMMEAN_SP_276194.parquet"
"6921","FINAL_EMSDM_EMMEAN_SP_276199.parquet"
"6922","FINAL_EMSDM_EMMEAN_SP_276200.parquet"
"6923","FINAL_EMSDM_EMMEAN_SP_276202.parquet"
"6924","FINAL_EMSDM_EMMEAN_SP_276204.parquet"
"6925","FINAL_EMSDM_EMMEAN_SP_276205.parquet"
"6926","FINAL_EMSDM_EMMEAN_SP_276207.parquet"
"6927","FINAL_EMSDM_EMMEAN_SP_276213.parquet"
"6928","FINAL_EMSDM_EMMEAN_SP_276214.parquet"
"6929","FINAL_EMSDM_EMMEAN_SP_276215.parquet"
"6930","FINAL_EMSDM_EMMEAN_SP_276216.parquet"
"6931","FINAL_EMSDM_EMMEAN_SP_276217.parquet"
"6932","FINAL_EMSDM_EMMEAN_SP_276218.parquet"
"6933","FINAL_EMSDM_EMMEAN_SP_276219.parquet"
"6934","FINAL_EMSDM_EMMEAN_SP_276226.parquet"
"6935","FINAL_EMSDM_EMMEAN_SP_276231.parquet"
"6936","FINAL_EMSDM_EMMEAN_SP_276235.parquet"
"6937","FINAL_EMSDM_EMMEAN_SP_276236.parquet"
"6938","FINAL_EMSDM_EMMEAN_SP_276243.parquet"
"6939","FINAL_EMSDM_EMMEAN_SP_276244.parquet"
"6940","FINAL_EMSDM_EMMEAN_SP_276245.parquet"
"6941","FINAL_EMSDM_EMMEAN_SP_276247.parquet"
"6942","FINAL_EMSDM_EMMEAN_SP_276248.parquet"
"6943","FINAL_EMSDM_EMMEAN_SP_276249.parquet"
"6944","FINAL_EMSDM_EMMEAN_SP_276250.parquet"
"6945","FINAL_EMSDM_EMMEAN_SP_276253.parquet"
"6946","FINAL_EMSDM_EMMEAN_SP_276255.parquet"
"6947","FINAL_EMSDM_EMMEAN_SP_276256.parquet"
"6948","FINAL_EMSDM_EMMEAN_SP_276261.parquet"
"6949","FINAL_EMSDM_EMMEAN_SP_276262.parquet"
"6950","FINAL_EMSDM_EMMEAN_SP_276263.parquet"
"6951","FINAL_EMSDM_EMMEAN_SP_276267.parquet"
"6952","FINAL_EMSDM_EMMEAN_SP_276269.parquet"
"6953","FINAL_EMSDM_EMMEAN_SP_276271.parquet"
"6954","FINAL_EMSDM_EMMEAN_SP_276272.parquet"
"6955","FINAL_EMSDM_EMMEAN_SP_276274.parquet"
"6956","FINAL_EMSDM_EMMEAN_SP_276275.parquet"
"6957","FINAL_EMSDM_EMMEAN_SP_276276.parquet"
"6958","FINAL_EMSDM_EMMEAN_SP_276277.parquet"
"6959","FINAL_EMSDM_EMMEAN_SP_276278.parquet"
"6960","FINAL_EMSDM_EMMEAN_SP_276279.parquet"
"6961","FINAL_EMSDM_EMMEAN_SP_276280.parquet"
"6962","FINAL_EMSDM_EMMEAN_SP_276281.parquet"
"6963","FINAL_EMSDM_EMMEAN_SP_276282.parquet"
"6964","FINAL_EMSDM_EMMEAN_SP_276283.parquet"
"6965","FINAL_EMSDM_EMMEAN_SP_276284.parquet"
"6966","FINAL_EMSDM_EMMEAN_SP_276286.parquet"
"6967","FINAL_EMSDM_EMMEAN_SP_276287.parquet"
"6968","FINAL_EMSDM_EMMEAN_SP_276288.parquet"
"6969","FINAL_EMSDM_EMMEAN_SP_276289.parquet"
"6970","FINAL_EMSDM_EMMEAN_SP_276290.parquet"
"6971","FINAL_EMSDM_EMMEAN_SP_276291.parquet"
"6972","FINAL_EMSDM_EMMEAN_SP_276292.parquet"
"6973","FINAL_EMSDM_EMMEAN_SP_276307.parquet"
"6974","FINAL_EMSDM_EMMEAN_SP_276308.parquet"
"6975","FINAL_EMSDM_EMMEAN_SP_276309.parquet"
"6976","FINAL_EMSDM_EMMEAN_SP_276310.parquet"
"6977","FINAL_EMSDM_EMMEAN_SP_276311.parquet"
"6978","FINAL_EMSDM_EMMEAN_SP_276312.parquet"
"6979","FINAL_EMSDM_EMMEAN_SP_276313.parquet"
"6980","FINAL_EMSDM_EMMEAN_SP_276314.parquet"
"6981","FINAL_EMSDM_EMMEAN_SP_276315.parquet"
"6982","FINAL_EMSDM_EMMEAN_SP_276316.parquet"
"6983","FINAL_EMSDM_EMMEAN_SP_276317.parquet"
"6984","FINAL_EMSDM_EMMEAN_SP_276318.parquet"
"6985","FINAL_EMSDM_EMMEAN_SP_276319.parquet"
"6986","FINAL_EMSDM_EMMEAN_SP_276320.parquet"
"6987","FINAL_EMSDM_EMMEAN_SP_276322.parquet"
"6988","FINAL_EMSDM_EMMEAN_SP_276323.parquet"
"6989","FINAL_EMSDM_EMMEAN_SP_276324.parquet"
"6990","FINAL_EMSDM_EMMEAN_SP_276325.parquet"
"6991","FINAL_EMSDM_EMMEAN_SP_276326.parquet"
"6992","FINAL_EMSDM_EMMEAN_SP_276327.parquet"
"6993","FINAL_EMSDM_EMMEAN_SP_276328.parquet"
"6994","FINAL_EMSDM_EMMEAN_SP_276329.parquet"
"6995","FINAL_EMSDM_EMMEAN_SP_276330.parquet"
"6996","FINAL_EMSDM_EMMEAN_SP_276331.parquet"
"6997","FINAL_EMSDM_EMMEAN_SP_276332.parquet"
"6998","FINAL_EMSDM_EMMEAN_SP_276333.parquet"
"6999","FINAL_EMSDM_EMMEAN_SP_276334.parquet"
"7000","FINAL_EMSDM_EMMEAN_SP_276338.parquet"
"7001","FINAL_EMSDM_EMMEAN_SP_276339.parquet"
"7002","FINAL_EMSDM_EMMEAN_SP_276342.parquet"
"7003","FINAL_EMSDM_EMMEAN_SP_276352.parquet"
"7004","FINAL_EMSDM_EMMEAN_SP_276353.parquet"
"7005","FINAL_EMSDM_EMMEAN_SP_276354.parquet"
"7006","FINAL_EMSDM_EMMEAN_SP_276355.parquet"
"7007","FINAL_EMSDM_EMMEAN_SP_276357.parquet"
"7008","FINAL_EMSDM_EMMEAN_SP_276358.parquet"
"7009","FINAL_EMSDM_EMMEAN_SP_276359.parquet"
"7010","FINAL_EMSDM_EMMEAN_SP_276360.parquet"
"7011","FINAL_EMSDM_EMMEAN_SP_276361.parquet"
"7012","FINAL_EMSDM_EMMEAN_SP_276362.parquet"
"7013","FINAL_EMSDM_EMMEAN_SP_276363.parquet"
"7014","FINAL_EMSDM_EMMEAN_SP_276364.parquet"
"7015","FINAL_EMSDM_EMMEAN_SP_276365.parquet"
"7016","FINAL_EMSDM_EMMEAN_SP_276366.parquet"
"7017","FINAL_EMSDM_EMMEAN_SP_276367.parquet"
"7018","FINAL_EMSDM_EMMEAN_SP_276368.parquet"
"7019","FINAL_EMSDM_EMMEAN_SP_276369.parquet"
"7020","FINAL_EMSDM_EMMEAN_SP_276370.parquet"
"7021","FINAL_EMSDM_EMMEAN_SP_276371.parquet"
"7022","FINAL_EMSDM_EMMEAN_SP_276372.parquet"
"7023","FINAL_EMSDM_EMMEAN_SP_276373.parquet"
"7024","FINAL_EMSDM_EMMEAN_SP_276374.parquet"
"7025","FINAL_EMSDM_EMMEAN_SP_276375.parquet"
"7026","FINAL_EMSDM_EMMEAN_SP_276376.parquet"
"7027","FINAL_EMSDM_EMMEAN_SP_276377.parquet"
"7028","FINAL_EMSDM_EMMEAN_SP_276378.parquet"
"7029","FINAL_EMSDM_EMMEAN_SP_276379.parquet"
"7030","FINAL_EMSDM_EMMEAN_SP_276380.parquet"
"7031","FINAL_EMSDM_EMMEAN_SP_276381.parquet"
"7032","FINAL_EMSDM_EMMEAN_SP_276382.parquet"
"7033","FINAL_EMSDM_EMMEAN_SP_276383.parquet"
"7034","FINAL_EMSDM_EMMEAN_SP_276384.parquet"
"7035","FINAL_EMSDM_EMMEAN_SP_276385.parquet"
"7036","FINAL_EMSDM_EMMEAN_SP_276386.parquet"
"7037","FINAL_EMSDM_EMMEAN_SP_276387.parquet"
"7038","FINAL_EMSDM_EMMEAN_SP_276388.parquet"
"7039","FINAL_EMSDM_EMMEAN_SP_276393.parquet"
"7040","FINAL_EMSDM_EMMEAN_SP_276394.parquet"
"7041","FINAL_EMSDM_EMMEAN_SP_276396.parquet"
"7042","FINAL_EMSDM_EMMEAN_SP_276397.parquet"
"7043","FINAL_EMSDM_EMMEAN_SP_276398.parquet"
"7044","FINAL_EMSDM_EMMEAN_SP_276399.parquet"
"7045","FINAL_EMSDM_EMMEAN_SP_276400.parquet"
"7046","FINAL_EMSDM_EMMEAN_SP_276401.parquet"
"7047","FINAL_EMSDM_EMMEAN_SP_276402.parquet"
"7048","FINAL_EMSDM_EMMEAN_SP_276403.parquet"
"7049","FINAL_EMSDM_EMMEAN_SP_276404.parquet"
"7050","FINAL_EMSDM_EMMEAN_SP_276405.parquet"
"7051","FINAL_EMSDM_EMMEAN_SP_276406.parquet"
"7052","FINAL_EMSDM_EMMEAN_SP_276407.parquet"
"7053","FINAL_EMSDM_EMMEAN_SP_276408.parquet"
"7054","FINAL_EMSDM_EMMEAN_SP_276411.parquet"
"7055","FINAL_EMSDM_EMMEAN_SP_276412.parquet"
"7056","FINAL_EMSDM_EMMEAN_SP_276414.parquet"
"7057","FINAL_EMSDM_EMMEAN_SP_276415.parquet"
"7058","FINAL_EMSDM_EMMEAN_SP_276416.parquet"
"7059","FINAL_EMSDM_EMMEAN_SP_276417.parquet"
"7060","FINAL_EMSDM_EMMEAN_SP_276418.parquet"
"7061","FINAL_EMSDM_EMMEAN_SP_276419.parquet"
"7062","FINAL_EMSDM_EMMEAN_SP_276420.parquet"
"7063","FINAL_EMSDM_EMMEAN_SP_276421.parquet"
"7064","FINAL_EMSDM_EMMEAN_SP_276422.parquet"
"7065","FINAL_EMSDM_EMMEAN_SP_276423.parquet"
"7066","FINAL_EMSDM_EMMEAN_SP_276425.parquet"
"7067","FINAL_EMSDM_EMMEAN_SP_276426.parquet"
"7068","FINAL_EMSDM_EMMEAN_SP_276429.parquet"
"7069","FINAL_EMSDM_EMMEAN_SP_276430.parquet"
"7070","FINAL_EMSDM_EMMEAN_SP_276431.parquet"
"7071","FINAL_EMSDM_EMMEAN_SP_276432.parquet"
"7072","FINAL_EMSDM_EMMEAN_SP_276433.parquet"
"7073","FINAL_EMSDM_EMMEAN_SP_276434.parquet"
"7074","FINAL_EMSDM_EMMEAN_SP_276435.parquet"
"7075","FINAL_EMSDM_EMMEAN_SP_276436.parquet"
"7076","FINAL_EMSDM_EMMEAN_SP_276439.parquet"
"7077","FINAL_EMSDM_EMMEAN_SP_276442.parquet"
"7078","FINAL_EMSDM_EMMEAN_SP_276444.parquet"
"7079","FINAL_EMSDM_EMMEAN_SP_276446.parquet"
"7080","FINAL_EMSDM_EMMEAN_SP_276448.parquet"
"7081","FINAL_EMSDM_EMMEAN_SP_276450.parquet"
"7082","FINAL_EMSDM_EMMEAN_SP_276458.parquet"
"7083","FINAL_EMSDM_EMMEAN_SP_276459.parquet"
"7084","FINAL_EMSDM_EMMEAN_SP_276462.parquet"
"7085","FINAL_EMSDM_EMMEAN_SP_276463.parquet"
"7086","FINAL_EMSDM_EMMEAN_SP_276465.parquet"
"7087","FINAL_EMSDM_EMMEAN_SP_276469.parquet"
"7088","FINAL_EMSDM_EMMEAN_SP_276470.parquet"
"7089","FINAL_EMSDM_EMMEAN_SP_276471.parquet"
"7090","FINAL_EMSDM_EMMEAN_SP_276473.parquet"
"7091","FINAL_EMSDM_EMMEAN_SP_276476.parquet"
"7092","FINAL_EMSDM_EMMEAN_SP_276479.parquet"
"7093","FINAL_EMSDM_EMMEAN_SP_276480.parquet"
"7094","FINAL_EMSDM_EMMEAN_SP_276485.parquet"
"7095","FINAL_EMSDM_EMMEAN_SP_276488.parquet"
"7096","FINAL_EMSDM_EMMEAN_SP_276489.parquet"
"7097","FINAL_EMSDM_EMMEAN_SP_276491.parquet"
"7098","FINAL_EMSDM_EMMEAN_SP_276492.parquet"
"7099","FINAL_EMSDM_EMMEAN_SP_276505.parquet"
"7100","FINAL_EMSDM_EMMEAN_SP_276513.parquet"
"7101","FINAL_EMSDM_EMMEAN_SP_276514.parquet"
"7102","FINAL_EMSDM_EMMEAN_SP_276518.parquet"
"7103","FINAL_EMSDM_EMMEAN_SP_276519.parquet"
"7104","FINAL_EMSDM_EMMEAN_SP_276520.parquet"
"7105","FINAL_EMSDM_EMMEAN_SP_276523.parquet"
"7106","FINAL_EMSDM_EMMEAN_SP_276524.parquet"
"7107","FINAL_EMSDM_EMMEAN_SP_276525.parquet"
"7108","FINAL_EMSDM_EMMEAN_SP_276526.parquet"
"7109","FINAL_EMSDM_EMMEAN_SP_276527.parquet"
"7110","FINAL_EMSDM_EMMEAN_SP_276528.parquet"
"7111","FINAL_EMSDM_EMMEAN_SP_276529.parquet"
"7112","FINAL_EMSDM_EMMEAN_SP_276530.parquet"
"7113","FINAL_EMSDM_EMMEAN_SP_276531.parquet"
"7114","FINAL_EMSDM_EMMEAN_SP_276532.parquet"
"7115","FINAL_EMSDM_EMMEAN_SP_276533.parquet"
"7116","FINAL_EMSDM_EMMEAN_SP_276534.parquet"
"7117","FINAL_EMSDM_EMMEAN_SP_276535.parquet"
"7118","FINAL_EMSDM_EMMEAN_SP_276538.parquet"
"7119","FINAL_EMSDM_EMMEAN_SP_276539.parquet"
"7120","FINAL_EMSDM_EMMEAN_SP_276540.parquet"
"7121","FINAL_EMSDM_EMMEAN_SP_276541.parquet"
"7122","FINAL_EMSDM_EMMEAN_SP_276543.parquet"
"7123","FINAL_EMSDM_EMMEAN_SP_276544.parquet"
"7124","FINAL_EMSDM_EMMEAN_SP_276546.parquet"
"7125","FINAL_EMSDM_EMMEAN_SP_276548.parquet"
"7126","FINAL_EMSDM_EMMEAN_SP_276549.parquet"
"7127","FINAL_EMSDM_EMMEAN_SP_276552.parquet"
"7128","FINAL_EMSDM_EMMEAN_SP_276554.parquet"
"7129","FINAL_EMSDM_EMMEAN_SP_276555.parquet"
"7130","FINAL_EMSDM_EMMEAN_SP_276560.parquet"
"7131","FINAL_EMSDM_EMMEAN_SP_276561.parquet"
"7132","FINAL_EMSDM_EMMEAN_SP_276563.parquet"
"7133","FINAL_EMSDM_EMMEAN_SP_276564.parquet"
"7134","FINAL_EMSDM_EMMEAN_SP_276578.parquet"
"7135","FINAL_EMSDM_EMMEAN_SP_276579.parquet"
"7136","FINAL_EMSDM_EMMEAN_SP_276587.parquet"
"7137","FINAL_EMSDM_EMMEAN_SP_276594.parquet"
"7138","FINAL_EMSDM_EMMEAN_SP_276596.parquet"
"7139","FINAL_EMSDM_EMMEAN_SP_276598.parquet"
"7140","FINAL_EMSDM_EMMEAN_SP_276599.parquet"
"7141","FINAL_EMSDM_EMMEAN_SP_276602.parquet"
"7142","FINAL_EMSDM_EMMEAN_SP_276603.parquet"
"7143","FINAL_EMSDM_EMMEAN_SP_276604.parquet"
"7144","FINAL_EMSDM_EMMEAN_SP_276608.parquet"
"7145","FINAL_EMSDM_EMMEAN_SP_276609.parquet"
"7146","FINAL_EMSDM_EMMEAN_SP_276611.parquet"
"7147","FINAL_EMSDM_EMMEAN_SP_276612.parquet"
"7148","FINAL_EMSDM_EMMEAN_SP_276615.parquet"
"7149","FINAL_EMSDM_EMMEAN_SP_276617.parquet"
"7150","FINAL_EMSDM_EMMEAN_SP_276621.parquet"
"7151","FINAL_EMSDM_EMMEAN_SP_276622.parquet"
"7152","FINAL_EMSDM_EMMEAN_SP_276624.parquet"
"7153","FINAL_EMSDM_EMMEAN_SP_276628.parquet"
"7154","FINAL_EMSDM_EMMEAN_SP_276632.parquet"
"7155","FINAL_EMSDM_EMMEAN_SP_276633.parquet"
"7156","FINAL_EMSDM_EMMEAN_SP_276634.parquet"
"7157","FINAL_EMSDM_EMMEAN_SP_276635.parquet"
"7158","FINAL_EMSDM_EMMEAN_SP_276638.parquet"
"7159","FINAL_EMSDM_EMMEAN_SP_276642.parquet"
"7160","FINAL_EMSDM_EMMEAN_SP_276643.parquet"
"7161","FINAL_EMSDM_EMMEAN_SP_276645.parquet"
"7162","FINAL_EMSDM_EMMEAN_SP_276646.parquet"
"7163","FINAL_EMSDM_EMMEAN_SP_276649.parquet"
"7164","FINAL_EMSDM_EMMEAN_SP_276650.parquet"
"7165","FINAL_EMSDM_EMMEAN_SP_276651.parquet"
"7166","FINAL_EMSDM_EMMEAN_SP_276658.parquet"
"7167","FINAL_EMSDM_EMMEAN_SP_276659.parquet"
"7168","FINAL_EMSDM_EMMEAN_SP_276662.parquet"
"7169","FINAL_EMSDM_EMMEAN_SP_276665.parquet"
"7170","FINAL_EMSDM_EMMEAN_SP_276666.parquet"
"7171","FINAL_EMSDM_EMMEAN_SP_276668.parquet"
"7172","FINAL_EMSDM_EMMEAN_SP_276669.parquet"
"7173","FINAL_EMSDM_EMMEAN_SP_276671.parquet"
"7174","FINAL_EMSDM_EMMEAN_SP_276673.parquet"
"7175","FINAL_EMSDM_EMMEAN_SP_276677.parquet"
"7176","FINAL_EMSDM_EMMEAN_SP_276678.parquet"
"7177","FINAL_EMSDM_EMMEAN_SP_276679.parquet"
"7178","FINAL_EMSDM_EMMEAN_SP_276680.parquet"
"7179","FINAL_EMSDM_EMMEAN_SP_276688.parquet"
"7180","FINAL_EMSDM_EMMEAN_SP_276690.parquet"
"7181","FINAL_EMSDM_EMMEAN_SP_276694.parquet"
"7182","FINAL_EMSDM_EMMEAN_SP_276695.parquet"
"7183","FINAL_EMSDM_EMMEAN_SP_276696.parquet"
"7184","FINAL_EMSDM_EMMEAN_SP_276697.parquet"
"7185","FINAL_EMSDM_EMMEAN_SP_276698.parquet"
"7186","FINAL_EMSDM_EMMEAN_SP_276699.parquet"
"7187","FINAL_EMSDM_EMMEAN_SP_276700.parquet"
"7188","FINAL_EMSDM_EMMEAN_SP_276701.parquet"
"7189","FINAL_EMSDM_EMMEAN_SP_276703.parquet"
"7190","FINAL_EMSDM_EMMEAN_SP_276704.parquet"
"7191","FINAL_EMSDM_EMMEAN_SP_276706.parquet"
"7192","FINAL_EMSDM_EMMEAN_SP_276707.parquet"
"7193","FINAL_EMSDM_EMMEAN_SP_276708.parquet"
"7194","FINAL_EMSDM_EMMEAN_SP_276709.parquet"
"7195","FINAL_EMSDM_EMMEAN_SP_276710.parquet"
"7196","FINAL_EMSDM_EMMEAN_SP_276711.parquet"
"7197","FINAL_EMSDM_EMMEAN_SP_276712.parquet"
"7198","FINAL_EMSDM_EMMEAN_SP_276714.parquet"
"7199","FINAL_EMSDM_EMMEAN_SP_276716.parquet"
"7200","FINAL_EMSDM_EMMEAN_SP_276717.parquet"
"7201","FINAL_EMSDM_EMMEAN_SP_276718.parquet"
"7202","FINAL_EMSDM_EMMEAN_SP_276719.parquet"
"7203","FINAL_EMSDM_EMMEAN_SP_276720.parquet"
"7204","FINAL_EMSDM_EMMEAN_SP_276721.parquet"
"7205","FINAL_EMSDM_EMMEAN_SP_276722.parquet"
"7206","FINAL_EMSDM_EMMEAN_SP_276723.parquet"
"7207","FINAL_EMSDM_EMMEAN_SP_276724.parquet"
"7208","FINAL_EMSDM_EMMEAN_SP_276725.parquet"
"7209","FINAL_EMSDM_EMMEAN_SP_276726.parquet"
"7210","FINAL_EMSDM_EMMEAN_SP_276727.parquet"
"7211","FINAL_EMSDM_EMMEAN_SP_276728.parquet"
"7212","FINAL_EMSDM_EMMEAN_SP_276729.parquet"
"7213","FINAL_EMSDM_EMMEAN_SP_276730.parquet"
"7214","FINAL_EMSDM_EMMEAN_SP_276731.parquet"
"7215","FINAL_EMSDM_EMMEAN_SP_276732.parquet"
"7216","FINAL_EMSDM_EMMEAN_SP_276734.parquet"
"7217","FINAL_EMSDM_EMMEAN_SP_276735.parquet"
"7218","FINAL_EMSDM_EMMEAN_SP_276738.parquet"
"7219","FINAL_EMSDM_EMMEAN_SP_276739.parquet"
"7220","FINAL_EMSDM_EMMEAN_SP_276741.parquet"
"7221","FINAL_EMSDM_EMMEAN_SP_276742.parquet"
"7222","FINAL_EMSDM_EMMEAN_SP_276743.parquet"
"7223","FINAL_EMSDM_EMMEAN_SP_276744.parquet"
"7224","FINAL_EMSDM_EMMEAN_SP_276745.parquet"
"7225","FINAL_EMSDM_EMMEAN_SP_276746.parquet"
"7226","FINAL_EMSDM_EMMEAN_SP_276747.parquet"
"7227","FINAL_EMSDM_EMMEAN_SP_276748.parquet"
"7228","FINAL_EMSDM_EMMEAN_SP_276749.parquet"
"7229","FINAL_EMSDM_EMMEAN_SP_276750.parquet"
"7230","FINAL_EMSDM_EMMEAN_SP_276758.parquet"
"7231","FINAL_EMSDM_EMMEAN_SP_276759.parquet"
"7232","FINAL_EMSDM_EMMEAN_SP_276762.parquet"
"7233","FINAL_EMSDM_EMMEAN_SP_276763.parquet"
"7234","FINAL_EMSDM_EMMEAN_SP_276765.parquet"
"7235","FINAL_EMSDM_EMMEAN_SP_276766.parquet"
"7236","FINAL_EMSDM_EMMEAN_SP_276769.parquet"
"7237","FINAL_EMSDM_EMMEAN_SP_276772.parquet"
"7238","FINAL_EMSDM_EMMEAN_SP_276773.parquet"
"7239","FINAL_EMSDM_EMMEAN_SP_276774.parquet"
"7240","FINAL_EMSDM_EMMEAN_SP_276775.parquet"
"7241","FINAL_EMSDM_EMMEAN_SP_276778.parquet"
"7242","FINAL_EMSDM_EMMEAN_SP_276779.parquet"
"7243","FINAL_EMSDM_EMMEAN_SP_276781.parquet"
"7244","FINAL_EMSDM_EMMEAN_SP_276782.parquet"
"7245","FINAL_EMSDM_EMMEAN_SP_276783.parquet"
"7246","FINAL_EMSDM_EMMEAN_SP_276784.parquet"
"7247","FINAL_EMSDM_EMMEAN_SP_276785.parquet"
"7248","FINAL_EMSDM_EMMEAN_SP_276786.parquet"
"7249","FINAL_EMSDM_EMMEAN_SP_276787.parquet"
"7250","FINAL_EMSDM_EMMEAN_SP_276788.parquet"
"7251","FINAL_EMSDM_EMMEAN_SP_276789.parquet"
"7252","FINAL_EMSDM_EMMEAN_SP_276790.parquet"
"7253","FINAL_EMSDM_EMMEAN_SP_276791.parquet"
"7254","FINAL_EMSDM_EMMEAN_SP_276792.parquet"
"7255","FINAL_EMSDM_EMMEAN_SP_276793.parquet"
"7256","FINAL_EMSDM_EMMEAN_SP_276794.parquet"
"7257","FINAL_EMSDM_EMMEAN_SP_276795.parquet"
"7258","FINAL_EMSDM_EMMEAN_SP_276796.parquet"
"7259","FINAL_EMSDM_EMMEAN_SP_276797.parquet"
"7260","FINAL_EMSDM_EMMEAN_SP_276798.parquet"
"7261","FINAL_EMSDM_EMMEAN_SP_276799.parquet"
"7262","FINAL_EMSDM_EMMEAN_SP_276800.parquet"
"7263","FINAL_EMSDM_EMMEAN_SP_276812.parquet"
"7264","FINAL_EMSDM_EMMEAN_SP_276819.parquet"
"7265","FINAL_EMSDM_EMMEAN_SP_276823.parquet"
"7266","FINAL_EMSDM_EMMEAN_SP_276824.parquet"
"7267","FINAL_EMSDM_EMMEAN_SP_276826.parquet"
"7268","FINAL_EMSDM_EMMEAN_SP_276827.parquet"
"7269","FINAL_EMSDM_EMMEAN_SP_276828.parquet"
"7270","FINAL_EMSDM_EMMEAN_SP_276830.parquet"
"7271","FINAL_EMSDM_EMMEAN_SP_276831.parquet"
"7272","FINAL_EMSDM_EMMEAN_SP_276832.parquet"
"7273","FINAL_EMSDM_EMMEAN_SP_276839.parquet"
"7274","FINAL_EMSDM_EMMEAN_SP_276840.parquet"
"7275","FINAL_EMSDM_EMMEAN_SP_276843.parquet"
"7276","FINAL_EMSDM_EMMEAN_SP_276844.parquet"
"7277","FINAL_EMSDM_EMMEAN_SP_276845.parquet"
"7278","FINAL_EMSDM_EMMEAN_SP_276846.parquet"
"7279","FINAL_EMSDM_EMMEAN_SP_276847.parquet"
"7280","FINAL_EMSDM_EMMEAN_SP_276850.parquet"
"7281","FINAL_EMSDM_EMMEAN_SP_276851.parquet"
"7282","FINAL_EMSDM_EMMEAN_SP_276852.parquet"
"7283","FINAL_EMSDM_EMMEAN_SP_276853.parquet"
"7284","FINAL_EMSDM_EMMEAN_SP_276856.parquet"
"7285","FINAL_EMSDM_EMMEAN_SP_276862.parquet"
"7286","FINAL_EMSDM_EMMEAN_SP_276864.parquet"
"7287","FINAL_EMSDM_EMMEAN_SP_276865.parquet"
"7288","FINAL_EMSDM_EMMEAN_SP_276866.parquet"
"7289","FINAL_EMSDM_EMMEAN_SP_276867.parquet"
"7290","FINAL_EMSDM_EMMEAN_SP_276868.parquet"
"7291","FINAL_EMSDM_EMMEAN_SP_276869.parquet"
"7292","FINAL_EMSDM_EMMEAN_SP_276870.parquet"
"7293","FINAL_EMSDM_EMMEAN_SP_276871.parquet"
"7294","FINAL_EMSDM_EMMEAN_SP_276872.parquet"
"7295","FINAL_EMSDM_EMMEAN_SP_276873.parquet"
"7296","FINAL_EMSDM_EMMEAN_SP_276874.parquet"
"7297","FINAL_EMSDM_EMMEAN_SP_276875.parquet"
"7298","FINAL_EMSDM_EMMEAN_SP_276876.parquet"
"7299","FINAL_EMSDM_EMMEAN_SP_276877.parquet"
"7300","FINAL_EMSDM_EMMEAN_SP_276878.parquet"
"7301","FINAL_EMSDM_EMMEAN_SP_276879.parquet"
"7302","FINAL_EMSDM_EMMEAN_SP_276880.parquet"
"7303","FINAL_EMSDM_EMMEAN_SP_276881.parquet"
"7304","FINAL_EMSDM_EMMEAN_SP_276882.parquet"
"7305","FINAL_EMSDM_EMMEAN_SP_276883.parquet"
"7306","FINAL_EMSDM_EMMEAN_SP_276884.parquet"
"7307","FINAL_EMSDM_EMMEAN_SP_276885.parquet"
"7308","FINAL_EMSDM_EMMEAN_SP_276886.parquet"
"7309","FINAL_EMSDM_EMMEAN_SP_276891.parquet"
"7310","FINAL_EMSDM_EMMEAN_SP_276892.parquet"
"7311","FINAL_EMSDM_EMMEAN_SP_276893.parquet"
"7312","FINAL_EMSDM_EMMEAN_SP_276896.parquet"
"7313","FINAL_EMSDM_EMMEAN_SP_276899.parquet"
"7314","FINAL_EMSDM_EMMEAN_SP_276900.parquet"
"7315","FINAL_EMSDM_EMMEAN_SP_276902.parquet"
"7316","FINAL_EMSDM_EMMEAN_SP_276906.parquet"
"7317","FINAL_EMSDM_EMMEAN_SP_276907.parquet"
"7318","FINAL_EMSDM_EMMEAN_SP_276908.parquet"
"7319","FINAL_EMSDM_EMMEAN_SP_276909.parquet"
"7320","FINAL_EMSDM_EMMEAN_SP_276910.parquet"
"7321","FINAL_EMSDM_EMMEAN_SP_276918.parquet"
"7322","FINAL_EMSDM_EMMEAN_SP_276919.parquet"
"7323","FINAL_EMSDM_EMMEAN_SP_276920.parquet"
"7324","FINAL_EMSDM_EMMEAN_SP_276928.parquet"
"7325","FINAL_EMSDM_EMMEAN_SP_276931.parquet"
"7326","FINAL_EMSDM_EMMEAN_SP_276932.parquet"
"7327","FINAL_EMSDM_EMMEAN_SP_276933.parquet"
"7328","FINAL_EMSDM_EMMEAN_SP_276951.parquet"
"7329","FINAL_EMSDM_EMMEAN_SP_276952.parquet"
"7330","FINAL_EMSDM_EMMEAN_SP_276954.parquet"
"7331","FINAL_EMSDM_EMMEAN_SP_276957.parquet"
"7332","FINAL_EMSDM_EMMEAN_SP_276963.parquet"
"7333","FINAL_EMSDM_EMMEAN_SP_276969.parquet"
"7334","FINAL_EMSDM_EMMEAN_SP_276970.parquet"
"7335","FINAL_EMSDM_EMMEAN_SP_276987.parquet"
"7336","FINAL_EMSDM_EMMEAN_SP_276989.parquet"
"7337","FINAL_EMSDM_EMMEAN_SP_277004.parquet"
"7338","FINAL_EMSDM_EMMEAN_SP_277005.parquet"
"7339","FINAL_EMSDM_EMMEAN_SP_277016.parquet"
"7340","FINAL_EMSDM_EMMEAN_SP_277018.parquet"
"7341","FINAL_EMSDM_EMMEAN_SP_277027.parquet"
"7342","FINAL_EMSDM_EMMEAN_SP_277029.parquet"
"7343","FINAL_EMSDM_EMMEAN_SP_277030.parquet"
"7344","FINAL_EMSDM_EMMEAN_SP_277032.parquet"
"7345","FINAL_EMSDM_EMMEAN_SP_277033.parquet"
"7346","FINAL_EMSDM_EMMEAN_SP_277035.parquet"
"7347","FINAL_EMSDM_EMMEAN_SP_277037.parquet"
"7348","FINAL_EMSDM_EMMEAN_SP_277038.parquet"
"7349","FINAL_EMSDM_EMMEAN_SP_277041.parquet"
"7350","FINAL_EMSDM_EMMEAN_SP_277068.parquet"
"7351","FINAL_EMSDM_EMMEAN_SP_277072.parquet"
"7352","FINAL_EMSDM_EMMEAN_SP_277073.parquet"
"7353","FINAL_EMSDM_EMMEAN_SP_277075.parquet"
"7354","FINAL_EMSDM_EMMEAN_SP_277076.parquet"
"7355","FINAL_EMSDM_EMMEAN_SP_277077.parquet"
"7356","FINAL_EMSDM_EMMEAN_SP_277078.parquet"
"7357","FINAL_EMSDM_EMMEAN_SP_277079.parquet"
"7358","FINAL_EMSDM_EMMEAN_SP_277080.parquet"
"7359","FINAL_EMSDM_EMMEAN_SP_277081.parquet"
"7360","FINAL_EMSDM_EMMEAN_SP_277082.parquet"
"7361","FINAL_EMSDM_EMMEAN_SP_277083.parquet"
"7362","FINAL_EMSDM_EMMEAN_SP_277084.parquet"
"7363","FINAL_EMSDM_EMMEAN_SP_277085.parquet"
"7364","FINAL_EMSDM_EMMEAN_SP_277086.parquet"
"7365","FINAL_EMSDM_EMMEAN_SP_277087.parquet"
"7366","FINAL_EMSDM_EMMEAN_SP_277088.parquet"
"7367","FINAL_EMSDM_EMMEAN_SP_277090.parquet"
"7368","FINAL_EMSDM_EMMEAN_SP_277092.parquet"
"7369","FINAL_EMSDM_EMMEAN_SP_277093.parquet"
"7370","FINAL_EMSDM_EMMEAN_SP_277094.parquet"
"7371","FINAL_EMSDM_EMMEAN_SP_277095.parquet"
"7372","FINAL_EMSDM_EMMEAN_SP_277097.parquet"
"7373","FINAL_EMSDM_EMMEAN_SP_277099.parquet"
"7374","FINAL_EMSDM_EMMEAN_SP_277100.parquet"
"7375","FINAL_EMSDM_EMMEAN_SP_277102.parquet"
"7376","FINAL_EMSDM_EMMEAN_SP_277103.parquet"
"7377","FINAL_EMSDM_EMMEAN_SP_277104.parquet"
"7378","FINAL_EMSDM_EMMEAN_SP_277105.parquet"
"7379","FINAL_EMSDM_EMMEAN_SP_277106.parquet"
"7380","FINAL_EMSDM_EMMEAN_SP_277107.parquet"
"7381","FINAL_EMSDM_EMMEAN_SP_277108.parquet"
"7382","FINAL_EMSDM_EMMEAN_SP_277109.parquet"
"7383","FINAL_EMSDM_EMMEAN_SP_277110.parquet"
"7384","FINAL_EMSDM_EMMEAN_SP_277111.parquet"
"7385","FINAL_EMSDM_EMMEAN_SP_277112.parquet"
"7386","FINAL_EMSDM_EMMEAN_SP_277114.parquet"
"7387","FINAL_EMSDM_EMMEAN_SP_277115.parquet"
"7388","FINAL_EMSDM_EMMEAN_SP_277116.parquet"
"7389","FINAL_EMSDM_EMMEAN_SP_277118.parquet"
"7390","FINAL_EMSDM_EMMEAN_SP_277120.parquet"
"7391","FINAL_EMSDM_EMMEAN_SP_277122.parquet"
"7392","FINAL_EMSDM_EMMEAN_SP_277123.parquet"
"7393","FINAL_EMSDM_EMMEAN_SP_277125.parquet"
"7394","FINAL_EMSDM_EMMEAN_SP_277127.parquet"
"7395","FINAL_EMSDM_EMMEAN_SP_277130.parquet"
"7396","FINAL_EMSDM_EMMEAN_SP_277132.parquet"
"7397","FINAL_EMSDM_EMMEAN_SP_277137.parquet"
"7398","FINAL_EMSDM_EMMEAN_SP_277138.parquet"
"7399","FINAL_EMSDM_EMMEAN_SP_277142.parquet"
"7400","FINAL_EMSDM_EMMEAN_SP_277144.parquet"
"7401","FINAL_EMSDM_EMMEAN_SP_277145.parquet"
"7402","FINAL_EMSDM_EMMEAN_SP_277151.parquet"
"7403","FINAL_EMSDM_EMMEAN_SP_277152.parquet"
"7404","FINAL_EMSDM_EMMEAN_SP_277155.parquet"
"7405","FINAL_EMSDM_EMMEAN_SP_277158.parquet"
"7406","FINAL_EMSDM_EMMEAN_SP_277159.parquet"
"7407","FINAL_EMSDM_EMMEAN_SP_277160.parquet"
"7408","FINAL_EMSDM_EMMEAN_SP_277161.parquet"
"7409","FINAL_EMSDM_EMMEAN_SP_277162.parquet"
"7410","FINAL_EMSDM_EMMEAN_SP_277164.parquet"
"7411","FINAL_EMSDM_EMMEAN_SP_277167.parquet"
"7412","FINAL_EMSDM_EMMEAN_SP_277171.parquet"
"7413","FINAL_EMSDM_EMMEAN_SP_277172.parquet"
"7414","FINAL_EMSDM_EMMEAN_SP_277174.parquet"
"7415","FINAL_EMSDM_EMMEAN_SP_277175.parquet"
"7416","FINAL_EMSDM_EMMEAN_SP_277176.parquet"
"7417","FINAL_EMSDM_EMMEAN_SP_277177.parquet"
"7418","FINAL_EMSDM_EMMEAN_SP_277180.parquet"
"7419","FINAL_EMSDM_EMMEAN_SP_277181.parquet"
"7420","FINAL_EMSDM_EMMEAN_SP_277182.parquet"
"7421","FINAL_EMSDM_EMMEAN_SP_277183.parquet"
"7422","FINAL_EMSDM_EMMEAN_SP_277184.parquet"
"7423","FINAL_EMSDM_EMMEAN_SP_277188.parquet"
"7424","FINAL_EMSDM_EMMEAN_SP_277189.parquet"
"7425","FINAL_EMSDM_EMMEAN_SP_277190.parquet"
"7426","FINAL_EMSDM_EMMEAN_SP_277191.parquet"
"7427","FINAL_EMSDM_EMMEAN_SP_277192.parquet"
"7428","FINAL_EMSDM_EMMEAN_SP_277193.parquet"
"7429","FINAL_EMSDM_EMMEAN_SP_277194.parquet"
"7430","FINAL_EMSDM_EMMEAN_SP_277201.parquet"
"7431","FINAL_EMSDM_EMMEAN_SP_277204.parquet"
"7432","FINAL_EMSDM_EMMEAN_SP_277205.parquet"
"7433","FINAL_EMSDM_EMMEAN_SP_277206.parquet"
"7434","FINAL_EMSDM_EMMEAN_SP_277207.parquet"
"7435","FINAL_EMSDM_EMMEAN_SP_277208.parquet"
"7436","FINAL_EMSDM_EMMEAN_SP_277209.parquet"
"7437","FINAL_EMSDM_EMMEAN_SP_277210.parquet"
"7438","FINAL_EMSDM_EMMEAN_SP_277211.parquet"
"7439","FINAL_EMSDM_EMMEAN_SP_277213.parquet"
"7440","FINAL_EMSDM_EMMEAN_SP_277214.parquet"
"7441","FINAL_EMSDM_EMMEAN_SP_277220.parquet"
"7442","FINAL_EMSDM_EMMEAN_SP_277223.parquet"
"7443","FINAL_EMSDM_EMMEAN_SP_277235.parquet"
"7444","FINAL_EMSDM_EMMEAN_SP_277236.parquet"
"7445","FINAL_EMSDM_EMMEAN_SP_277237.parquet"
"7446","FINAL_EMSDM_EMMEAN_SP_277238.parquet"
"7447","FINAL_EMSDM_EMMEAN_SP_277240.parquet"
"7448","FINAL_EMSDM_EMMEAN_SP_277241.parquet"
"7449","FINAL_EMSDM_EMMEAN_SP_277242.parquet"
"7450","FINAL_EMSDM_EMMEAN_SP_277243.parquet"
"7451","FINAL_EMSDM_EMMEAN_SP_277244.parquet"
"7452","FINAL_EMSDM_EMMEAN_SP_277245.parquet"
"7453","FINAL_EMSDM_EMMEAN_SP_277246.parquet"
"7454","FINAL_EMSDM_EMMEAN_SP_277247.parquet"
"7455","FINAL_EMSDM_EMMEAN_SP_277248.parquet"
"7456","FINAL_EMSDM_EMMEAN_SP_277249.parquet"
"7457","FINAL_EMSDM_EMMEAN_SP_277250.parquet"
"7458","FINAL_EMSDM_EMMEAN_SP_277251.parquet"
"7459","FINAL_EMSDM_EMMEAN_SP_277254.parquet"
"7460","FINAL_EMSDM_EMMEAN_SP_277255.parquet"
"7461","FINAL_EMSDM_EMMEAN_SP_277256.parquet"
"7462","FINAL_EMSDM_EMMEAN_SP_277257.parquet"
"7463","FINAL_EMSDM_EMMEAN_SP_277259.parquet"
"7464","FINAL_EMSDM_EMMEAN_SP_277261.parquet"
"7465","FINAL_EMSDM_EMMEAN_SP_277262.parquet"
"7466","FINAL_EMSDM_EMMEAN_SP_277266.parquet"
"7467","FINAL_EMSDM_EMMEAN_SP_277268.parquet"
"7468","FINAL_EMSDM_EMMEAN_SP_277269.parquet"
"7469","FINAL_EMSDM_EMMEAN_SP_277270.parquet"
"7470","FINAL_EMSDM_EMMEAN_SP_277271.parquet"
"7471","FINAL_EMSDM_EMMEAN_SP_277272.parquet"
"7472","FINAL_EMSDM_EMMEAN_SP_277273.parquet"
"7473","FINAL_EMSDM_EMMEAN_SP_277274.parquet"
"7474","FINAL_EMSDM_EMMEAN_SP_277275.parquet"
"7475","FINAL_EMSDM_EMMEAN_SP_277276.parquet"
"7476","FINAL_EMSDM_EMMEAN_SP_277277.parquet"
"7477","FINAL_EMSDM_EMMEAN_SP_277278.parquet"
"7478","FINAL_EMSDM_EMMEAN_SP_277279.parquet"
"7479","FINAL_EMSDM_EMMEAN_SP_277280.parquet"
"7480","FINAL_EMSDM_EMMEAN_SP_277281.parquet"
"7481","FINAL_EMSDM_EMMEAN_SP_277282.parquet"
"7482","FINAL_EMSDM_EMMEAN_SP_277283.parquet"
"7483","FINAL_EMSDM_EMMEAN_SP_277285.parquet"
"7484","FINAL_EMSDM_EMMEAN_SP_277287.parquet"
"7485","FINAL_EMSDM_EMMEAN_SP_277288.parquet"
"7486","FINAL_EMSDM_EMMEAN_SP_277289.parquet"
"7487","FINAL_EMSDM_EMMEAN_SP_277290.parquet"
"7488","FINAL_EMSDM_EMMEAN_SP_277291.parquet"
"7489","FINAL_EMSDM_EMMEAN_SP_277292.parquet"
"7490","FINAL_EMSDM_EMMEAN_SP_277293.parquet"
"7491","FINAL_EMSDM_EMMEAN_SP_277294.parquet"
"7492","FINAL_EMSDM_EMMEAN_SP_277295.parquet"
"7493","FINAL_EMSDM_EMMEAN_SP_277296.parquet"
"7494","FINAL_EMSDM_EMMEAN_SP_277297.parquet"
"7495","FINAL_EMSDM_EMMEAN_SP_277298.parquet"
"7496","FINAL_EMSDM_EMMEAN_SP_277299.parquet"
"7497","FINAL_EMSDM_EMMEAN_SP_277300.parquet"
"7498","FINAL_EMSDM_EMMEAN_SP_277302.parquet"
"7499","FINAL_EMSDM_EMMEAN_SP_277303.parquet"
"7500","FINAL_EMSDM_EMMEAN_SP_277304.parquet"
"7501","FINAL_EMSDM_EMMEAN_SP_277305.parquet"
"7502","FINAL_EMSDM_EMMEAN_SP_277307.parquet"
"7503","FINAL_EMSDM_EMMEAN_SP_277308.parquet"
"7504","FINAL_EMSDM_EMMEAN_SP_277309.parquet"
"7505","FINAL_EMSDM_EMMEAN_SP_277310.parquet"
"7506","FINAL_EMSDM_EMMEAN_SP_277311.parquet"
"7507","FINAL_EMSDM_EMMEAN_SP_277312.parquet"
"7508","FINAL_EMSDM_EMMEAN_SP_277313.parquet"
"7509","FINAL_EMSDM_EMMEAN_SP_277314.parquet"
"7510","FINAL_EMSDM_EMMEAN_SP_277315.parquet"
"7511","FINAL_EMSDM_EMMEAN_SP_277316.parquet"
"7512","FINAL_EMSDM_EMMEAN_SP_277317.parquet"
"7513","FINAL_EMSDM_EMMEAN_SP_277318.parquet"
"7514","FINAL_EMSDM_EMMEAN_SP_277319.parquet"
"7515","FINAL_EMSDM_EMMEAN_SP_277320.parquet"
"7516","FINAL_EMSDM_EMMEAN_SP_277321.parquet"
"7517","FINAL_EMSDM_EMMEAN_SP_277322.parquet"
"7518","FINAL_EMSDM_EMMEAN_SP_277323.parquet"
"7519","FINAL_EMSDM_EMMEAN_SP_277325.parquet"
"7520","FINAL_EMSDM_EMMEAN_SP_277327.parquet"
"7521","FINAL_EMSDM_EMMEAN_SP_277328.parquet"
"7522","FINAL_EMSDM_EMMEAN_SP_277329.parquet"
"7523","FINAL_EMSDM_EMMEAN_SP_277330.parquet"
"7524","FINAL_EMSDM_EMMEAN_SP_277331.parquet"
"7525","FINAL_EMSDM_EMMEAN_SP_277332.parquet"
"7526","FINAL_EMSDM_EMMEAN_SP_277333.parquet"
"7527","FINAL_EMSDM_EMMEAN_SP_277334.parquet"
"7528","FINAL_EMSDM_EMMEAN_SP_277335.parquet"
"7529","FINAL_EMSDM_EMMEAN_SP_277336.parquet"
"7530","FINAL_EMSDM_EMMEAN_SP_277337.parquet"
"7531","FINAL_EMSDM_EMMEAN_SP_277338.parquet"
"7532","FINAL_EMSDM_EMMEAN_SP_277340.parquet"
"7533","FINAL_EMSDM_EMMEAN_SP_277341.parquet"
"7534","FINAL_EMSDM_EMMEAN_SP_277342.parquet"
"7535","FINAL_EMSDM_EMMEAN_SP_277343.parquet"
"7536","FINAL_EMSDM_EMMEAN_SP_277344.parquet"
"7537","FINAL_EMSDM_EMMEAN_SP_277345.parquet"
"7538","FINAL_EMSDM_EMMEAN_SP_277346.parquet"
"7539","FINAL_EMSDM_EMMEAN_SP_277348.parquet"
"7540","FINAL_EMSDM_EMMEAN_SP_277355.parquet"
"7541","FINAL_EMSDM_EMMEAN_SP_277356.parquet"
"7542","FINAL_EMSDM_EMMEAN_SP_277378.parquet"
"7543","FINAL_EMSDM_EMMEAN_SP_277381.parquet"
"7544","FINAL_EMSDM_EMMEAN_SP_277384.parquet"
"7545","FINAL_EMSDM_EMMEAN_SP_277386.parquet"
"7546","FINAL_EMSDM_EMMEAN_SP_277388.parquet"
"7547","FINAL_EMSDM_EMMEAN_SP_277390.parquet"
"7548","FINAL_EMSDM_EMMEAN_SP_277392.parquet"
"7549","FINAL_EMSDM_EMMEAN_SP_277394.parquet"
"7550","FINAL_EMSDM_EMMEAN_SP_277395.parquet"
"7551","FINAL_EMSDM_EMMEAN_SP_277396.parquet"
"7552","FINAL_EMSDM_EMMEAN_SP_277397.parquet"
"7553","FINAL_EMSDM_EMMEAN_SP_277400.parquet"
"7554","FINAL_EMSDM_EMMEAN_SP_277401.parquet"
"7555","FINAL_EMSDM_EMMEAN_SP_277403.parquet"
"7556","FINAL_EMSDM_EMMEAN_SP_277405.parquet"
"7557","FINAL_EMSDM_EMMEAN_SP_277406.parquet"
"7558","FINAL_EMSDM_EMMEAN_SP_277407.parquet"
"7559","FINAL_EMSDM_EMMEAN_SP_277409.parquet"
"7560","FINAL_EMSDM_EMMEAN_SP_277410.parquet"
"7561","FINAL_EMSDM_EMMEAN_SP_277411.parquet"
"7562","FINAL_EMSDM_EMMEAN_SP_277412.parquet"
"7563","FINAL_EMSDM_EMMEAN_SP_277413.parquet"
"7564","FINAL_EMSDM_EMMEAN_SP_277415.parquet"
"7565","FINAL_EMSDM_EMMEAN_SP_277416.parquet"
"7566","FINAL_EMSDM_EMMEAN_SP_277425.parquet"
"7567","FINAL_EMSDM_EMMEAN_SP_277427.parquet"
"7568","FINAL_EMSDM_EMMEAN_SP_277441.parquet"
"7569","FINAL_EMSDM_EMMEAN_SP_277448.parquet"
"7570","FINAL_EMSDM_EMMEAN_SP_277450.parquet"
"7571","FINAL_EMSDM_EMMEAN_SP_277451.parquet"
"7572","FINAL_EMSDM_EMMEAN_SP_277454.parquet"
"7573","FINAL_EMSDM_EMMEAN_SP_277458.parquet"
"7574","FINAL_EMSDM_EMMEAN_SP_277460.parquet"
"7575","FINAL_EMSDM_EMMEAN_SP_277463.parquet"
"7576","FINAL_EMSDM_EMMEAN_SP_277465.parquet"
"7577","FINAL_EMSDM_EMMEAN_SP_277468.parquet"
"7578","FINAL_EMSDM_EMMEAN_SP_277470.parquet"
"7579","FINAL_EMSDM_EMMEAN_SP_277471.parquet"
"7580","FINAL_EMSDM_EMMEAN_SP_277472.parquet"
"7581","FINAL_EMSDM_EMMEAN_SP_277473.parquet"
"7582","FINAL_EMSDM_EMMEAN_SP_277475.parquet"
"7583","FINAL_EMSDM_EMMEAN_SP_277477.parquet"
"7584","FINAL_EMSDM_EMMEAN_SP_277478.parquet"
"7585","FINAL_EMSDM_EMMEAN_SP_277480.parquet"
"7586","FINAL_EMSDM_EMMEAN_SP_277483.parquet"
"7587","FINAL_EMSDM_EMMEAN_SP_277492.parquet"
"7588","FINAL_EMSDM_EMMEAN_SP_277493.parquet"
"7589","FINAL_EMSDM_EMMEAN_SP_277495.parquet"
"7590","FINAL_EMSDM_EMMEAN_SP_277496.parquet"
"7591","FINAL_EMSDM_EMMEAN_SP_277497.parquet"
"7592","FINAL_EMSDM_EMMEAN_SP_277498.parquet"
"7593","FINAL_EMSDM_EMMEAN_SP_277499.parquet"
"7594","FINAL_EMSDM_EMMEAN_SP_277502.parquet"
"7595","FINAL_EMSDM_EMMEAN_SP_277503.parquet"
"7596","FINAL_EMSDM_EMMEAN_SP_277504.parquet"
"7597","FINAL_EMSDM_EMMEAN_SP_277505.parquet"
"7598","FINAL_EMSDM_EMMEAN_SP_277506.parquet"
"7599","FINAL_EMSDM_EMMEAN_SP_277507.parquet"
"7600","FINAL_EMSDM_EMMEAN_SP_277508.parquet"
"7601","FINAL_EMSDM_EMMEAN_SP_277509.parquet"
"7602","FINAL_EMSDM_EMMEAN_SP_277510.parquet"
"7603","FINAL_EMSDM_EMMEAN_SP_277511.parquet"
"7604","FINAL_EMSDM_EMMEAN_SP_277513.parquet"
"7605","FINAL_EMSDM_EMMEAN_SP_277514.parquet"
"7606","FINAL_EMSDM_EMMEAN_SP_277519.parquet"
"7607","FINAL_EMSDM_EMMEAN_SP_277520.parquet"
"7608","FINAL_EMSDM_EMMEAN_SP_277521.parquet"
"7609","FINAL_EMSDM_EMMEAN_SP_277522.parquet"
"7610","FINAL_EMSDM_EMMEAN_SP_277526.parquet"
"7611","FINAL_EMSDM_EMMEAN_SP_277527.parquet"
"7612","FINAL_EMSDM_EMMEAN_SP_277528.parquet"
"7613","FINAL_EMSDM_EMMEAN_SP_277533.parquet"
"7614","FINAL_EMSDM_EMMEAN_SP_277535.parquet"
"7615","FINAL_EMSDM_EMMEAN_SP_277537.parquet"
"7616","FINAL_EMSDM_EMMEAN_SP_277538.parquet"
"7617","FINAL_EMSDM_EMMEAN_SP_277539.parquet"
"7618","FINAL_EMSDM_EMMEAN_SP_277540.parquet"
"7619","FINAL_EMSDM_EMMEAN_SP_277541.parquet"
"7620","FINAL_EMSDM_EMMEAN_SP_277543.parquet"
"7621","FINAL_EMSDM_EMMEAN_SP_277544.parquet"
"7622","FINAL_EMSDM_EMMEAN_SP_277549.parquet"
"7623","FINAL_EMSDM_EMMEAN_SP_277551.parquet"
"7624","FINAL_EMSDM_EMMEAN_SP_277552.parquet"
"7625","FINAL_EMSDM_EMMEAN_SP_277555.parquet"
"7626","FINAL_EMSDM_EMMEAN_SP_277556.parquet"
"7627","FINAL_EMSDM_EMMEAN_SP_277557.parquet"
"7628","FINAL_EMSDM_EMMEAN_SP_277558.parquet"
"7629","FINAL_EMSDM_EMMEAN_SP_277559.parquet"
"7630","FINAL_EMSDM_EMMEAN_SP_277560.parquet"
"7631","FINAL_EMSDM_EMMEAN_SP_277561.parquet"
"7632","FINAL_EMSDM_EMMEAN_SP_277562.parquet"
"7633","FINAL_EMSDM_EMMEAN_SP_277563.parquet"
"7634","FINAL_EMSDM_EMMEAN_SP_277564.parquet"
"7635","FINAL_EMSDM_EMMEAN_SP_277565.parquet"
"7636","FINAL_EMSDM_EMMEAN_SP_277566.parquet"
"7637","FINAL_EMSDM_EMMEAN_SP_277569.parquet"
"7638","FINAL_EMSDM_EMMEAN_SP_277570.parquet"
"7639","FINAL_EMSDM_EMMEAN_SP_277571.parquet"
"7640","FINAL_EMSDM_EMMEAN_SP_277572.parquet"
"7641","FINAL_EMSDM_EMMEAN_SP_277573.parquet"
"7642","FINAL_EMSDM_EMMEAN_SP_277575.parquet"
"7643","FINAL_EMSDM_EMMEAN_SP_277576.parquet"
"7644","FINAL_EMSDM_EMMEAN_SP_277577.parquet"
"7645","FINAL_EMSDM_EMMEAN_SP_277578.parquet"
"7646","FINAL_EMSDM_EMMEAN_SP_277579.parquet"
"7647","FINAL_EMSDM_EMMEAN_SP_277580.parquet"
"7648","FINAL_EMSDM_EMMEAN_SP_277581.parquet"
"7649","FINAL_EMSDM_EMMEAN_SP_277584.parquet"
"7650","FINAL_EMSDM_EMMEAN_SP_277586.parquet"
"7651","FINAL_EMSDM_EMMEAN_SP_277588.parquet"
"7652","FINAL_EMSDM_EMMEAN_SP_277589.parquet"
"7653","FINAL_EMSDM_EMMEAN_SP_277590.parquet"
"7654","FINAL_EMSDM_EMMEAN_SP_277592.parquet"
"7655","FINAL_EMSDM_EMMEAN_SP_277593.parquet"
"7656","FINAL_EMSDM_EMMEAN_SP_277595.parquet"
"7657","FINAL_EMSDM_EMMEAN_SP_277597.parquet"
"7658","FINAL_EMSDM_EMMEAN_SP_277598.parquet"
"7659","FINAL_EMSDM_EMMEAN_SP_277599.parquet"
"7660","FINAL_EMSDM_EMMEAN_SP_277601.parquet"
"7661","FINAL_EMSDM_EMMEAN_SP_277604.parquet"
"7662","FINAL_EMSDM_EMMEAN_SP_277608.parquet"
"7663","FINAL_EMSDM_EMMEAN_SP_277609.parquet"
"7664","FINAL_EMSDM_EMMEAN_SP_277610.parquet"
"7665","FINAL_EMSDM_EMMEAN_SP_277611.parquet"
"7666","FINAL_EMSDM_EMMEAN_SP_277612.parquet"
"7667","FINAL_EMSDM_EMMEAN_SP_277613.parquet"
"7668","FINAL_EMSDM_EMMEAN_SP_277614.parquet"
"7669","FINAL_EMSDM_EMMEAN_SP_277615.parquet"
"7670","FINAL_EMSDM_EMMEAN_SP_277616.parquet"
"7671","FINAL_EMSDM_EMMEAN_SP_277617.parquet"
"7672","FINAL_EMSDM_EMMEAN_SP_277620.parquet"
"7673","FINAL_EMSDM_EMMEAN_SP_277624.parquet"
"7674","FINAL_EMSDM_EMMEAN_SP_277629.parquet"
"7675","FINAL_EMSDM_EMMEAN_SP_277630.parquet"
"7676","FINAL_EMSDM_EMMEAN_SP_277631.parquet"
"7677","FINAL_EMSDM_EMMEAN_SP_277636.parquet"
"7678","FINAL_EMSDM_EMMEAN_SP_277638.parquet"
"7679","FINAL_EMSDM_EMMEAN_SP_277641.parquet"
"7680","FINAL_EMSDM_EMMEAN_SP_277646.parquet"
"7681","FINAL_EMSDM_EMMEAN_SP_277647.parquet"
"7682","FINAL_EMSDM_EMMEAN_SP_277648.parquet"
"7683","FINAL_EMSDM_EMMEAN_SP_277649.parquet"
"7684","FINAL_EMSDM_EMMEAN_SP_277650.parquet"
"7685","FINAL_EMSDM_EMMEAN_SP_277651.parquet"
"7686","FINAL_EMSDM_EMMEAN_SP_277652.parquet"
"7687","FINAL_EMSDM_EMMEAN_SP_277653.parquet"
"7688","FINAL_EMSDM_EMMEAN_SP_277654.parquet"
"7689","FINAL_EMSDM_EMMEAN_SP_277655.parquet"
"7690","FINAL_EMSDM_EMMEAN_SP_277656.parquet"
"7691","FINAL_EMSDM_EMMEAN_SP_277657.parquet"
"7692","FINAL_EMSDM_EMMEAN_SP_277658.parquet"
"7693","FINAL_EMSDM_EMMEAN_SP_277659.parquet"
"7694","FINAL_EMSDM_EMMEAN_SP_277660.parquet"
"7695","FINAL_EMSDM_EMMEAN_SP_277661.parquet"
"7696","FINAL_EMSDM_EMMEAN_SP_277662.parquet"
"7697","FINAL_EMSDM_EMMEAN_SP_277663.parquet"
"7698","FINAL_EMSDM_EMMEAN_SP_277664.parquet"
"7699","FINAL_EMSDM_EMMEAN_SP_277665.parquet"
"7700","FINAL_EMSDM_EMMEAN_SP_277666.parquet"
"7701","FINAL_EMSDM_EMMEAN_SP_277667.parquet"
"7702","FINAL_EMSDM_EMMEAN_SP_277668.parquet"
"7703","FINAL_EMSDM_EMMEAN_SP_277669.parquet"
"7704","FINAL_EMSDM_EMMEAN_SP_277670.parquet"
"7705","FINAL_EMSDM_EMMEAN_SP_277671.parquet"
"7706","FINAL_EMSDM_EMMEAN_SP_277672.parquet"
"7707","FINAL_EMSDM_EMMEAN_SP_277673.parquet"
"7708","FINAL_EMSDM_EMMEAN_SP_277674.parquet"
"7709","FINAL_EMSDM_EMMEAN_SP_277675.parquet"
"7710","FINAL_EMSDM_EMMEAN_SP_277676.parquet"
"7711","FINAL_EMSDM_EMMEAN_SP_277677.parquet"
"7712","FINAL_EMSDM_EMMEAN_SP_277678.parquet"
"7713","FINAL_EMSDM_EMMEAN_SP_277679.parquet"
"7714","FINAL_EMSDM_EMMEAN_SP_277680.parquet"
"7715","FINAL_EMSDM_EMMEAN_SP_277681.parquet"
"7716","FINAL_EMSDM_EMMEAN_SP_277682.parquet"
"7717","FINAL_EMSDM_EMMEAN_SP_277683.parquet"
"7718","FINAL_EMSDM_EMMEAN_SP_277684.parquet"
"7719","FINAL_EMSDM_EMMEAN_SP_277685.parquet"
"7720","FINAL_EMSDM_EMMEAN_SP_277686.parquet"
"7721","FINAL_EMSDM_EMMEAN_SP_277687.parquet"
"7722","FINAL_EMSDM_EMMEAN_SP_277688.parquet"
"7723","FINAL_EMSDM_EMMEAN_SP_277689.parquet"
"7724","FINAL_EMSDM_EMMEAN_SP_277690.parquet"
"7725","FINAL_EMSDM_EMMEAN_SP_277691.parquet"
"7726","FINAL_EMSDM_EMMEAN_SP_277692.parquet"
"7727","FINAL_EMSDM_EMMEAN_SP_277693.parquet"
"7728","FINAL_EMSDM_EMMEAN_SP_277695.parquet"
"7729","FINAL_EMSDM_EMMEAN_SP_277698.parquet"
"7730","FINAL_EMSDM_EMMEAN_SP_277700.parquet"
"7731","FINAL_EMSDM_EMMEAN_SP_277702.parquet"
"7732","FINAL_EMSDM_EMMEAN_SP_277703.parquet"
"7733","FINAL_EMSDM_EMMEAN_SP_277708.parquet"
"7734","FINAL_EMSDM_EMMEAN_SP_277714.parquet"
"7735","FINAL_EMSDM_EMMEAN_SP_277715.parquet"
"7736","FINAL_EMSDM_EMMEAN_SP_277718.parquet"
"7737","FINAL_EMSDM_EMMEAN_SP_277719.parquet"
"7738","FINAL_EMSDM_EMMEAN_SP_277720.parquet"
"7739","FINAL_EMSDM_EMMEAN_SP_277722.parquet"
"7740","FINAL_EMSDM_EMMEAN_SP_277723.parquet"
"7741","FINAL_EMSDM_EMMEAN_SP_277724.parquet"
"7742","FINAL_EMSDM_EMMEAN_SP_277728.parquet"
"7743","FINAL_EMSDM_EMMEAN_SP_277730.parquet"
"7744","FINAL_EMSDM_EMMEAN_SP_277733.parquet"
"7745","FINAL_EMSDM_EMMEAN_SP_277735.parquet"
"7746","FINAL_EMSDM_EMMEAN_SP_277738.parquet"
"7747","FINAL_EMSDM_EMMEAN_SP_277739.parquet"
"7748","FINAL_EMSDM_EMMEAN_SP_277740.parquet"
"7749","FINAL_EMSDM_EMMEAN_SP_277742.parquet"
"7750","FINAL_EMSDM_EMMEAN_SP_277745.parquet"
"7751","FINAL_EMSDM_EMMEAN_SP_277748.parquet"
"7752","FINAL_EMSDM_EMMEAN_SP_277749.parquet"
"7753","FINAL_EMSDM_EMMEAN_SP_277750.parquet"
"7754","FINAL_EMSDM_EMMEAN_SP_277751.parquet"
"7755","FINAL_EMSDM_EMMEAN_SP_277752.parquet"
"7756","FINAL_EMSDM_EMMEAN_SP_277753.parquet"
"7757","FINAL_EMSDM_EMMEAN_SP_277754.parquet"
"7758","FINAL_EMSDM_EMMEAN_SP_277755.parquet"
"7759","FINAL_EMSDM_EMMEAN_SP_277756.parquet"
"7760","FINAL_EMSDM_EMMEAN_SP_277765.parquet"
"7761","FINAL_EMSDM_EMMEAN_SP_277766.parquet"
"7762","FINAL_EMSDM_EMMEAN_SP_277768.parquet"
"7763","FINAL_EMSDM_EMMEAN_SP_277781.parquet"
"7764","FINAL_EMSDM_EMMEAN_SP_277783.parquet"
"7765","FINAL_EMSDM_EMMEAN_SP_277785.parquet"
"7766","FINAL_EMSDM_EMMEAN_SP_277790.parquet"
"7767","FINAL_EMSDM_EMMEAN_SP_277793.parquet"
"7768","FINAL_EMSDM_EMMEAN_SP_277805.parquet"
"7769","FINAL_EMSDM_EMMEAN_SP_277810.parquet"
"7770","FINAL_EMSDM_EMMEAN_SP_277812.parquet"
"7771","FINAL_EMSDM_EMMEAN_SP_277813.parquet"
"7772","FINAL_EMSDM_EMMEAN_SP_277814.parquet"
"7773","FINAL_EMSDM_EMMEAN_SP_277815.parquet"
"7774","FINAL_EMSDM_EMMEAN_SP_277817.parquet"
"7775","FINAL_EMSDM_EMMEAN_SP_277818.parquet"
"7776","FINAL_EMSDM_EMMEAN_SP_277820.parquet"
"7777","FINAL_EMSDM_EMMEAN_SP_277823.parquet"
"7778","FINAL_EMSDM_EMMEAN_SP_277825.parquet"
"7779","FINAL_EMSDM_EMMEAN_SP_277826.parquet"
"7780","FINAL_EMSDM_EMMEAN_SP_277827.parquet"
"7781","FINAL_EMSDM_EMMEAN_SP_277828.parquet"
"7782","FINAL_EMSDM_EMMEAN_SP_277829.parquet"
"7783","FINAL_EMSDM_EMMEAN_SP_277830.parquet"
"7784","FINAL_EMSDM_EMMEAN_SP_277832.parquet"
"7785","FINAL_EMSDM_EMMEAN_SP_277833.parquet"
"7786","FINAL_EMSDM_EMMEAN_SP_277835.parquet"
"7787","FINAL_EMSDM_EMMEAN_SP_277836.parquet"
"7788","FINAL_EMSDM_EMMEAN_SP_277837.parquet"
"7789","FINAL_EMSDM_EMMEAN_SP_277838.parquet"
"7790","FINAL_EMSDM_EMMEAN_SP_277839.parquet"
"7791","FINAL_EMSDM_EMMEAN_SP_277840.parquet"
"7792","FINAL_EMSDM_EMMEAN_SP_277841.parquet"
"7793","FINAL_EMSDM_EMMEAN_SP_277842.parquet"
"7794","FINAL_EMSDM_EMMEAN_SP_277843.parquet"
"7795","FINAL_EMSDM_EMMEAN_SP_277844.parquet"
"7796","FINAL_EMSDM_EMMEAN_SP_277845.parquet"
"7797","FINAL_EMSDM_EMMEAN_SP_277846.parquet"
"7798","FINAL_EMSDM_EMMEAN_SP_277847.parquet"
"7799","FINAL_EMSDM_EMMEAN_SP_277848.parquet"
"7800","FINAL_EMSDM_EMMEAN_SP_277849.parquet"
"7801","FINAL_EMSDM_EMMEAN_SP_277850.parquet"
"7802","FINAL_EMSDM_EMMEAN_SP_277851.parquet"
"7803","FINAL_EMSDM_EMMEAN_SP_277852.parquet"
"7804","FINAL_EMSDM_EMMEAN_SP_277853.parquet"
"7805","FINAL_EMSDM_EMMEAN_SP_277854.parquet"
"7806","FINAL_EMSDM_EMMEAN_SP_277855.parquet"
"7807","FINAL_EMSDM_EMMEAN_SP_277856.parquet"
"7808","FINAL_EMSDM_EMMEAN_SP_277857.parquet"
"7809","FINAL_EMSDM_EMMEAN_SP_277858.parquet"
"7810","FINAL_EMSDM_EMMEAN_SP_277859.parquet"
"7811","FINAL_EMSDM_EMMEAN_SP_277860.parquet"
"7812","FINAL_EMSDM_EMMEAN_SP_277861.parquet"
"7813","FINAL_EMSDM_EMMEAN_SP_277862.parquet"
"7814","FINAL_EMSDM_EMMEAN_SP_277863.parquet"
"7815","FINAL_EMSDM_EMMEAN_SP_277864.parquet"
"7816","FINAL_EMSDM_EMMEAN_SP_277865.parquet"
"7817","FINAL_EMSDM_EMMEAN_SP_277866.parquet"
"7818","FINAL_EMSDM_EMMEAN_SP_277867.parquet"
"7819","FINAL_EMSDM_EMMEAN_SP_277868.parquet"
"7820","FINAL_EMSDM_EMMEAN_SP_277869.parquet"
"7821","FINAL_EMSDM_EMMEAN_SP_277870.parquet"
"7822","FINAL_EMSDM_EMMEAN_SP_277871.parquet"
"7823","FINAL_EMSDM_EMMEAN_SP_277872.parquet"
"7824","FINAL_EMSDM_EMMEAN_SP_277873.parquet"
"7825","FINAL_EMSDM_EMMEAN_SP_277874.parquet"
"7826","FINAL_EMSDM_EMMEAN_SP_277875.parquet"
"7827","FINAL_EMSDM_EMMEAN_SP_277876.parquet"
"7828","FINAL_EMSDM_EMMEAN_SP_277877.parquet"
"7829","FINAL_EMSDM_EMMEAN_SP_277878.parquet"
"7830","FINAL_EMSDM_EMMEAN_SP_277879.parquet"
"7831","FINAL_EMSDM_EMMEAN_SP_277880.parquet"
"7832","FINAL_EMSDM_EMMEAN_SP_277881.parquet"
"7833","FINAL_EMSDM_EMMEAN_SP_277882.parquet"
"7834","FINAL_EMSDM_EMMEAN_SP_277883.parquet"
"7835","FINAL_EMSDM_EMMEAN_SP_277884.parquet"
"7836","FINAL_EMSDM_EMMEAN_SP_277886.parquet"
"7837","FINAL_EMSDM_EMMEAN_SP_277890.parquet"
"7838","FINAL_EMSDM_EMMEAN_SP_277891.parquet"
"7839","FINAL_EMSDM_EMMEAN_SP_277892.parquet"
"7840","FINAL_EMSDM_EMMEAN_SP_277893.parquet"
"7841","FINAL_EMSDM_EMMEAN_SP_277895.parquet"
"7842","FINAL_EMSDM_EMMEAN_SP_277898.parquet"
"7843","FINAL_EMSDM_EMMEAN_SP_277900.parquet"
"7844","FINAL_EMSDM_EMMEAN_SP_277902.parquet"
"7845","FINAL_EMSDM_EMMEAN_SP_277911.parquet"
"7846","FINAL_EMSDM_EMMEAN_SP_277921.parquet"
"7847","FINAL_EMSDM_EMMEAN_SP_277922.parquet"
"7848","FINAL_EMSDM_EMMEAN_SP_277923.parquet"
"7849","FINAL_EMSDM_EMMEAN_SP_277924.parquet"
"7850","FINAL_EMSDM_EMMEAN_SP_277926.parquet"
"7851","FINAL_EMSDM_EMMEAN_SP_277927.parquet"
"7852","FINAL_EMSDM_EMMEAN_SP_277932.parquet"
"7853","FINAL_EMSDM_EMMEAN_SP_277933.parquet"
"7854","FINAL_EMSDM_EMMEAN_SP_277935.parquet"
"7855","FINAL_EMSDM_EMMEAN_SP_277936.parquet"
"7856","FINAL_EMSDM_EMMEAN_SP_277937.parquet"
"7857","FINAL_EMSDM_EMMEAN_SP_277947.parquet"
"7858","FINAL_EMSDM_EMMEAN_SP_277948.parquet"
"7859","FINAL_EMSDM_EMMEAN_SP_277949.parquet"
"7860","FINAL_EMSDM_EMMEAN_SP_277950.parquet"
"7861","FINAL_EMSDM_EMMEAN_SP_277951.parquet"
"7862","FINAL_EMSDM_EMMEAN_SP_277953.parquet"
"7863","FINAL_EMSDM_EMMEAN_SP_277954.parquet"
"7864","FINAL_EMSDM_EMMEAN_SP_277955.parquet"
"7865","FINAL_EMSDM_EMMEAN_SP_277956.parquet"
"7866","FINAL_EMSDM_EMMEAN_SP_277957.parquet"
"7867","FINAL_EMSDM_EMMEAN_SP_277960.parquet"
"7868","FINAL_EMSDM_EMMEAN_SP_277970.parquet"
"7869","FINAL_EMSDM_EMMEAN_SP_277971.parquet"
"7870","FINAL_EMSDM_EMMEAN_SP_277973.parquet"
"7871","FINAL_EMSDM_EMMEAN_SP_277974.parquet"
"7872","FINAL_EMSDM_EMMEAN_SP_277975.parquet"
"7873","FINAL_EMSDM_EMMEAN_SP_277977.parquet"
"7874","FINAL_EMSDM_EMMEAN_SP_277986.parquet"
"7875","FINAL_EMSDM_EMMEAN_SP_277987.parquet"
"7876","FINAL_EMSDM_EMMEAN_SP_277988.parquet"
"7877","FINAL_EMSDM_EMMEAN_SP_277989.parquet"
"7878","FINAL_EMSDM_EMMEAN_SP_277990.parquet"
"7879","FINAL_EMSDM_EMMEAN_SP_277991.parquet"
"7880","FINAL_EMSDM_EMMEAN_SP_277992.parquet"
"7881","FINAL_EMSDM_EMMEAN_SP_277994.parquet"
"7882","FINAL_EMSDM_EMMEAN_SP_277995.parquet"
"7883","FINAL_EMSDM_EMMEAN_SP_277996.parquet"
"7884","FINAL_EMSDM_EMMEAN_SP_277997.parquet"
"7885","FINAL_EMSDM_EMMEAN_SP_277998.parquet"
"7886","FINAL_EMSDM_EMMEAN_SP_277999.parquet"
"7887","FINAL_EMSDM_EMMEAN_SP_278000.parquet"
"7888","FINAL_EMSDM_EMMEAN_SP_278002.parquet"
"7889","FINAL_EMSDM_EMMEAN_SP_278003.parquet"
"7890","FINAL_EMSDM_EMMEAN_SP_278004.parquet"
"7891","FINAL_EMSDM_EMMEAN_SP_278005.parquet"
"7892","FINAL_EMSDM_EMMEAN_SP_278006.parquet"
"7893","FINAL_EMSDM_EMMEAN_SP_278007.parquet"
"7894","FINAL_EMSDM_EMMEAN_SP_278008.parquet"
"7895","FINAL_EMSDM_EMMEAN_SP_278009.parquet"
"7896","FINAL_EMSDM_EMMEAN_SP_278010.parquet"
"7897","FINAL_EMSDM_EMMEAN_SP_278012.parquet"
"7898","FINAL_EMSDM_EMMEAN_SP_278013.parquet"
"7899","FINAL_EMSDM_EMMEAN_SP_278014.parquet"
"7900","FINAL_EMSDM_EMMEAN_SP_278015.parquet"
"7901","FINAL_EMSDM_EMMEAN_SP_278016.parquet"
"7902","FINAL_EMSDM_EMMEAN_SP_278017.parquet"
"7903","FINAL_EMSDM_EMMEAN_SP_278018.parquet"
"7904","FINAL_EMSDM_EMMEAN_SP_278020.parquet"
"7905","FINAL_EMSDM_EMMEAN_SP_278021.parquet"
"7906","FINAL_EMSDM_EMMEAN_SP_278022.parquet"
"7907","FINAL_EMSDM_EMMEAN_SP_278023.parquet"
"7908","FINAL_EMSDM_EMMEAN_SP_278024.parquet"
"7909","FINAL_EMSDM_EMMEAN_SP_278026.parquet"
"7910","FINAL_EMSDM_EMMEAN_SP_278027.parquet"
"7911","FINAL_EMSDM_EMMEAN_SP_278032.parquet"
"7912","FINAL_EMSDM_EMMEAN_SP_278034.parquet"
"7913","FINAL_EMSDM_EMMEAN_SP_278035.parquet"
"7914","FINAL_EMSDM_EMMEAN_SP_278037.parquet"
"7915","FINAL_EMSDM_EMMEAN_SP_278039.parquet"
"7916","FINAL_EMSDM_EMMEAN_SP_278046.parquet"
"7917","FINAL_EMSDM_EMMEAN_SP_278047.parquet"
"7918","FINAL_EMSDM_EMMEAN_SP_278052.parquet"
"7919","FINAL_EMSDM_EMMEAN_SP_278053.parquet"
"7920","FINAL_EMSDM_EMMEAN_SP_278054.parquet"
"7921","FINAL_EMSDM_EMMEAN_SP_278055.parquet"
"7922","FINAL_EMSDM_EMMEAN_SP_278057.parquet"
"7923","FINAL_EMSDM_EMMEAN_SP_278058.parquet"
"7924","FINAL_EMSDM_EMMEAN_SP_278059.parquet"
"7925","FINAL_EMSDM_EMMEAN_SP_278060.parquet"
"7926","FINAL_EMSDM_EMMEAN_SP_278061.parquet"
"7927","FINAL_EMSDM_EMMEAN_SP_278062.parquet"
"7928","FINAL_EMSDM_EMMEAN_SP_278063.parquet"
"7929","FINAL_EMSDM_EMMEAN_SP_278064.parquet"
"7930","FINAL_EMSDM_EMMEAN_SP_278065.parquet"
"7931","FINAL_EMSDM_EMMEAN_SP_278066.parquet"
"7932","FINAL_EMSDM_EMMEAN_SP_278069.parquet"
"7933","FINAL_EMSDM_EMMEAN_SP_278071.parquet"
"7934","FINAL_EMSDM_EMMEAN_SP_278072.parquet"
"7935","FINAL_EMSDM_EMMEAN_SP_278073.parquet"
"7936","FINAL_EMSDM_EMMEAN_SP_278075.parquet"
"7937","FINAL_EMSDM_EMMEAN_SP_278076.parquet"
"7938","FINAL_EMSDM_EMMEAN_SP_278077.parquet"
"7939","FINAL_EMSDM_EMMEAN_SP_278078.parquet"
"7940","FINAL_EMSDM_EMMEAN_SP_278080.parquet"
"7941","FINAL_EMSDM_EMMEAN_SP_278081.parquet"
"7942","FINAL_EMSDM_EMMEAN_SP_278083.parquet"
"7943","FINAL_EMSDM_EMMEAN_SP_278084.parquet"
"7944","FINAL_EMSDM_EMMEAN_SP_278085.parquet"
"7945","FINAL_EMSDM_EMMEAN_SP_278086.parquet"
"7946","FINAL_EMSDM_EMMEAN_SP_278087.parquet"
"7947","FINAL_EMSDM_EMMEAN_SP_278088.parquet"
"7948","FINAL_EMSDM_EMMEAN_SP_278091.parquet"
"7949","FINAL_EMSDM_EMMEAN_SP_278093.parquet"
"7950","FINAL_EMSDM_EMMEAN_SP_278094.parquet"
"7951","FINAL_EMSDM_EMMEAN_SP_278095.parquet"
"7952","FINAL_EMSDM_EMMEAN_SP_278099.parquet"
"7953","FINAL_EMSDM_EMMEAN_SP_278102.parquet"
"7954","FINAL_EMSDM_EMMEAN_SP_278103.parquet"
"7955","FINAL_EMSDM_EMMEAN_SP_278104.parquet"
"7956","FINAL_EMSDM_EMMEAN_SP_278105.parquet"
"7957","FINAL_EMSDM_EMMEAN_SP_278106.parquet"
"7958","FINAL_EMSDM_EMMEAN_SP_278107.parquet"
"7959","FINAL_EMSDM_EMMEAN_SP_278108.parquet"
"7960","FINAL_EMSDM_EMMEAN_SP_278109.parquet"
"7961","FINAL_EMSDM_EMMEAN_SP_278110.parquet"
"7962","FINAL_EMSDM_EMMEAN_SP_278111.parquet"
"7963","FINAL_EMSDM_EMMEAN_SP_278116.parquet"
"7964","FINAL_EMSDM_EMMEAN_SP_278118.parquet"
"7965","FINAL_EMSDM_EMMEAN_SP_278119.parquet"
"7966","FINAL_EMSDM_EMMEAN_SP_278120.parquet"
"7967","FINAL_EMSDM_EMMEAN_SP_278121.parquet"
"7968","FINAL_EMSDM_EMMEAN_SP_278122.parquet"
"7969","FINAL_EMSDM_EMMEAN_SP_278123.parquet"
"7970","FINAL_EMSDM_EMMEAN_SP_278124.parquet"
"7971","FINAL_EMSDM_EMMEAN_SP_278125.parquet"
"7972","FINAL_EMSDM_EMMEAN_SP_278126.parquet"
"7973","FINAL_EMSDM_EMMEAN_SP_278127.parquet"
"7974","FINAL_EMSDM_EMMEAN_SP_278128.parquet"
"7975","FINAL_EMSDM_EMMEAN_SP_278129.parquet"
"7976","FINAL_EMSDM_EMMEAN_SP_278130.parquet"
"7977","FINAL_EMSDM_EMMEAN_SP_278131.parquet"
"7978","FINAL_EMSDM_EMMEAN_SP_278132.parquet"
"7979","FINAL_EMSDM_EMMEAN_SP_278133.parquet"
"7980","FINAL_EMSDM_EMMEAN_SP_278134.parquet"
"7981","FINAL_EMSDM_EMMEAN_SP_278135.parquet"
"7982","FINAL_EMSDM_EMMEAN_SP_278136.parquet"
"7983","FINAL_EMSDM_EMMEAN_SP_278137.parquet"
"7984","FINAL_EMSDM_EMMEAN_SP_278138.parquet"
"7985","FINAL_EMSDM_EMMEAN_SP_278139.parquet"
"7986","FINAL_EMSDM_EMMEAN_SP_278140.parquet"
"7987","FINAL_EMSDM_EMMEAN_SP_278141.parquet"
"7988","FINAL_EMSDM_EMMEAN_SP_278142.parquet"
"7989","FINAL_EMSDM_EMMEAN_SP_278143.parquet"
"7990","FINAL_EMSDM_EMMEAN_SP_278144.parquet"
"7991","FINAL_EMSDM_EMMEAN_SP_278147.parquet"
"7992","FINAL_EMSDM_EMMEAN_SP_278148.parquet"
"7993","FINAL_EMSDM_EMMEAN_SP_278149.parquet"
"7994","FINAL_EMSDM_EMMEAN_SP_278150.parquet"
"7995","FINAL_EMSDM_EMMEAN_SP_278151.parquet"
"7996","FINAL_EMSDM_EMMEAN_SP_278152.parquet"
"7997","FINAL_EMSDM_EMMEAN_SP_278153.parquet"
"7998","FINAL_EMSDM_EMMEAN_SP_278166.parquet"
"7999","FINAL_EMSDM_EMMEAN_SP_278171.parquet"
"8000","FINAL_EMSDM_EMMEAN_SP_278176.parquet"
"8001","FINAL_EMSDM_EMMEAN_SP_278179.parquet"
"8002","FINAL_EMSDM_EMMEAN_SP_278181.parquet"
"8003","FINAL_EMSDM_EMMEAN_SP_278188.parquet"
"8004","FINAL_EMSDM_EMMEAN_SP_278195.parquet"
"8005","FINAL_EMSDM_EMMEAN_SP_278208.parquet"
"8006","FINAL_EMSDM_EMMEAN_SP_278210.parquet"
"8007","FINAL_EMSDM_EMMEAN_SP_278212.parquet"
"8008","FINAL_EMSDM_EMMEAN_SP_278213.parquet"
"8009","FINAL_EMSDM_EMMEAN_SP_278214.parquet"
"8010","FINAL_EMSDM_EMMEAN_SP_278215.parquet"
"8011","FINAL_EMSDM_EMMEAN_SP_278216.parquet"
"8012","FINAL_EMSDM_EMMEAN_SP_278217.parquet"
"8013","FINAL_EMSDM_EMMEAN_SP_278218.parquet"
"8014","FINAL_EMSDM_EMMEAN_SP_278219.parquet"
"8015","FINAL_EMSDM_EMMEAN_SP_278223.parquet"
"8016","FINAL_EMSDM_EMMEAN_SP_278234.parquet"
"8017","FINAL_EMSDM_EMMEAN_SP_278235.parquet"
"8018","FINAL_EMSDM_EMMEAN_SP_278236.parquet"
"8019","FINAL_EMSDM_EMMEAN_SP_278237.parquet"
"8020","FINAL_EMSDM_EMMEAN_SP_278239.parquet"
"8021","FINAL_EMSDM_EMMEAN_SP_278241.parquet"
"8022","FINAL_EMSDM_EMMEAN_SP_278243.parquet"
"8023","FINAL_EMSDM_EMMEAN_SP_278252.parquet"
"8024","FINAL_EMSDM_EMMEAN_SP_278254.parquet"
"8025","FINAL_EMSDM_EMMEAN_SP_278257.parquet"
"8026","FINAL_EMSDM_EMMEAN_SP_278258.parquet"
"8027","FINAL_EMSDM_EMMEAN_SP_278259.parquet"
"8028","FINAL_EMSDM_EMMEAN_SP_278262.parquet"
"8029","FINAL_EMSDM_EMMEAN_SP_278263.parquet"
"8030","FINAL_EMSDM_EMMEAN_SP_278264.parquet"
"8031","FINAL_EMSDM_EMMEAN_SP_278265.parquet"
"8032","FINAL_EMSDM_EMMEAN_SP_278266.parquet"
"8033","FINAL_EMSDM_EMMEAN_SP_278267.parquet"
"8034","FINAL_EMSDM_EMMEAN_SP_278268.parquet"
"8035","FINAL_EMSDM_EMMEAN_SP_278269.parquet"
"8036","FINAL_EMSDM_EMMEAN_SP_278270.parquet"
"8037","FINAL_EMSDM_EMMEAN_SP_278271.parquet"
"8038","FINAL_EMSDM_EMMEAN_SP_278272.parquet"
"8039","FINAL_EMSDM_EMMEAN_SP_278273.parquet"
"8040","FINAL_EMSDM_EMMEAN_SP_278274.parquet"
"8041","FINAL_EMSDM_EMMEAN_SP_278275.parquet"
"8042","FINAL_EMSDM_EMMEAN_SP_278276.parquet"
"8043","FINAL_EMSDM_EMMEAN_SP_278277.parquet"
"8044","FINAL_EMSDM_EMMEAN_SP_278278.parquet"
"8045","FINAL_EMSDM_EMMEAN_SP_278279.parquet"
"8046","FINAL_EMSDM_EMMEAN_SP_278280.parquet"
"8047","FINAL_EMSDM_EMMEAN_SP_278281.parquet"
"8048","FINAL_EMSDM_EMMEAN_SP_278282.parquet"
"8049","FINAL_EMSDM_EMMEAN_SP_278283.parquet"
"8050","FINAL_EMSDM_EMMEAN_SP_278284.parquet"
"8051","FINAL_EMSDM_EMMEAN_SP_278285.parquet"
"8052","FINAL_EMSDM_EMMEAN_SP_278286.parquet"
"8053","FINAL_EMSDM_EMMEAN_SP_278287.parquet"
"8054","FINAL_EMSDM_EMMEAN_SP_278288.parquet"
"8055","FINAL_EMSDM_EMMEAN_SP_278289.parquet"
"8056","FINAL_EMSDM_EMMEAN_SP_278293.parquet"
"8057","FINAL_EMSDM_EMMEAN_SP_278300.parquet"
"8058","FINAL_EMSDM_EMMEAN_SP_278301.parquet"
"8059","FINAL_EMSDM_EMMEAN_SP_278305.parquet"
"8060","FINAL_EMSDM_EMMEAN_SP_278306.parquet"
"8061","FINAL_EMSDM_EMMEAN_SP_278308.parquet"
"8062","FINAL_EMSDM_EMMEAN_SP_278317.parquet"
"8063","FINAL_EMSDM_EMMEAN_SP_278318.parquet"
"8064","FINAL_EMSDM_EMMEAN_SP_278319.parquet"
"8065","FINAL_EMSDM_EMMEAN_SP_278320.parquet"
"8066","FINAL_EMSDM_EMMEAN_SP_278323.parquet"
"8067","FINAL_EMSDM_EMMEAN_SP_278326.parquet"
"8068","FINAL_EMSDM_EMMEAN_SP_278330.parquet"
"8069","FINAL_EMSDM_EMMEAN_SP_278334.parquet"
"8070","FINAL_EMSDM_EMMEAN_SP_278335.parquet"
"8071","FINAL_EMSDM_EMMEAN_SP_278337.parquet"
"8072","FINAL_EMSDM_EMMEAN_SP_278338.parquet"
"8073","FINAL_EMSDM_EMMEAN_SP_278349.parquet"
"8074","FINAL_EMSDM_EMMEAN_SP_278350.parquet"
"8075","FINAL_EMSDM_EMMEAN_SP_278352.parquet"
"8076","FINAL_EMSDM_EMMEAN_SP_278353.parquet"
"8077","FINAL_EMSDM_EMMEAN_SP_278357.parquet"
"8078","FINAL_EMSDM_EMMEAN_SP_278362.parquet"
"8079","FINAL_EMSDM_EMMEAN_SP_278363.parquet"
"8080","FINAL_EMSDM_EMMEAN_SP_278364.parquet"
"8081","FINAL_EMSDM_EMMEAN_SP_278368.parquet"
"8082","FINAL_EMSDM_EMMEAN_SP_278369.parquet"
"8083","FINAL_EMSDM_EMMEAN_SP_278370.parquet"
"8084","FINAL_EMSDM_EMMEAN_SP_278371.parquet"
"8085","FINAL_EMSDM_EMMEAN_SP_278372.parquet"
"8086","FINAL_EMSDM_EMMEAN_SP_278373.parquet"
"8087","FINAL_EMSDM_EMMEAN_SP_278374.parquet"
"8088","FINAL_EMSDM_EMMEAN_SP_278375.parquet"
"8089","FINAL_EMSDM_EMMEAN_SP_278376.parquet"
"8090","FINAL_EMSDM_EMMEAN_SP_278377.parquet"
"8091","FINAL_EMSDM_EMMEAN_SP_278378.parquet"
"8092","FINAL_EMSDM_EMMEAN_SP_278379.parquet"
"8093","FINAL_EMSDM_EMMEAN_SP_278380.parquet"
"8094","FINAL_EMSDM_EMMEAN_SP_278381.parquet"
"8095","FINAL_EMSDM_EMMEAN_SP_278382.parquet"
"8096","FINAL_EMSDM_EMMEAN_SP_278383.parquet"
"8097","FINAL_EMSDM_EMMEAN_SP_278384.parquet"
"8098","FINAL_EMSDM_EMMEAN_SP_278386.parquet"
"8099","FINAL_EMSDM_EMMEAN_SP_278387.parquet"
"8100","FINAL_EMSDM_EMMEAN_SP_278389.parquet"
"8101","FINAL_EMSDM_EMMEAN_SP_278390.parquet"
"8102","FINAL_EMSDM_EMMEAN_SP_278392.parquet"
"8103","FINAL_EMSDM_EMMEAN_SP_278393.parquet"
"8104","FINAL_EMSDM_EMMEAN_SP_278394.parquet"
"8105","FINAL_EMSDM_EMMEAN_SP_278395.parquet"
"8106","FINAL_EMSDM_EMMEAN_SP_278396.parquet"
"8107","FINAL_EMSDM_EMMEAN_SP_278397.parquet"
"8108","FINAL_EMSDM_EMMEAN_SP_278398.parquet"
"8109","FINAL_EMSDM_EMMEAN_SP_278399.parquet"
"8110","FINAL_EMSDM_EMMEAN_SP_278400.parquet"
"8111","FINAL_EMSDM_EMMEAN_SP_278402.parquet"
"8112","FINAL_EMSDM_EMMEAN_SP_278403.parquet"
"8113","FINAL_EMSDM_EMMEAN_SP_278404.parquet"
"8114","FINAL_EMSDM_EMMEAN_SP_278405.parquet"
"8115","FINAL_EMSDM_EMMEAN_SP_278407.parquet"
"8116","FINAL_EMSDM_EMMEAN_SP_278412.parquet"
"8117","FINAL_EMSDM_EMMEAN_SP_278413.parquet"
"8118","FINAL_EMSDM_EMMEAN_SP_278414.parquet"
"8119","FINAL_EMSDM_EMMEAN_SP_278415.parquet"
"8120","FINAL_EMSDM_EMMEAN_SP_278417.parquet"
"8121","FINAL_EMSDM_EMMEAN_SP_278418.parquet"
"8122","FINAL_EMSDM_EMMEAN_SP_278419.parquet"
"8123","FINAL_EMSDM_EMMEAN_SP_278420.parquet"
"8124","FINAL_EMSDM_EMMEAN_SP_278421.parquet"
"8125","FINAL_EMSDM_EMMEAN_SP_278422.parquet"
"8126","FINAL_EMSDM_EMMEAN_SP_278423.parquet"
"8127","FINAL_EMSDM_EMMEAN_SP_278424.parquet"
"8128","FINAL_EMSDM_EMMEAN_SP_278425.parquet"
"8129","FINAL_EMSDM_EMMEAN_SP_278427.parquet"
"8130","FINAL_EMSDM_EMMEAN_SP_278428.parquet"
"8131","FINAL_EMSDM_EMMEAN_SP_278429.parquet"
"8132","FINAL_EMSDM_EMMEAN_SP_278430.parquet"
"8133","FINAL_EMSDM_EMMEAN_SP_278431.parquet"
"8134","FINAL_EMSDM_EMMEAN_SP_278432.parquet"
"8135","FINAL_EMSDM_EMMEAN_SP_278433.parquet"
"8136","FINAL_EMSDM_EMMEAN_SP_278434.parquet"
"8137","FINAL_EMSDM_EMMEAN_SP_278436.parquet"
"8138","FINAL_EMSDM_EMMEAN_SP_278438.parquet"
"8139","FINAL_EMSDM_EMMEAN_SP_278439.parquet"
"8140","FINAL_EMSDM_EMMEAN_SP_278440.parquet"
"8141","FINAL_EMSDM_EMMEAN_SP_278442.parquet"
"8142","FINAL_EMSDM_EMMEAN_SP_278443.parquet"
"8143","FINAL_EMSDM_EMMEAN_SP_278445.parquet"
"8144","FINAL_EMSDM_EMMEAN_SP_278446.parquet"
"8145","FINAL_EMSDM_EMMEAN_SP_278447.parquet"
"8146","FINAL_EMSDM_EMMEAN_SP_278448.parquet"
"8147","FINAL_EMSDM_EMMEAN_SP_278450.parquet"
"8148","FINAL_EMSDM_EMMEAN_SP_278451.parquet"
"8149","FINAL_EMSDM_EMMEAN_SP_278453.parquet"
"8150","FINAL_EMSDM_EMMEAN_SP_278455.parquet"
"8151","FINAL_EMSDM_EMMEAN_SP_278456.parquet"
"8152","FINAL_EMSDM_EMMEAN_SP_278457.parquet"
"8153","FINAL_EMSDM_EMMEAN_SP_278458.parquet"
"8154","FINAL_EMSDM_EMMEAN_SP_278459.parquet"
"8155","FINAL_EMSDM_EMMEAN_SP_278462.parquet"
"8156","FINAL_EMSDM_EMMEAN_SP_278463.parquet"
"8157","FINAL_EMSDM_EMMEAN_SP_278464.parquet"
"8158","FINAL_EMSDM_EMMEAN_SP_278465.parquet"
"8159","FINAL_EMSDM_EMMEAN_SP_278466.parquet"
"8160","FINAL_EMSDM_EMMEAN_SP_278467.parquet"
"8161","FINAL_EMSDM_EMMEAN_SP_278468.parquet"
"8162","FINAL_EMSDM_EMMEAN_SP_278469.parquet"
"8163","FINAL_EMSDM_EMMEAN_SP_278474.parquet"
"8164","FINAL_EMSDM_EMMEAN_SP_278475.parquet"
"8165","FINAL_EMSDM_EMMEAN_SP_278476.parquet"
"8166","FINAL_EMSDM_EMMEAN_SP_278478.parquet"
"8167","FINAL_EMSDM_EMMEAN_SP_278479.parquet"
"8168","FINAL_EMSDM_EMMEAN_SP_278484.parquet"
"8169","FINAL_EMSDM_EMMEAN_SP_278485.parquet"
"8170","FINAL_EMSDM_EMMEAN_SP_278486.parquet"
"8171","FINAL_EMSDM_EMMEAN_SP_278487.parquet"
"8172","FINAL_EMSDM_EMMEAN_SP_278488.parquet"
"8173","FINAL_EMSDM_EMMEAN_SP_278490.parquet"
"8174","FINAL_EMSDM_EMMEAN_SP_278491.parquet"
"8175","FINAL_EMSDM_EMMEAN_SP_278493.parquet"
"8176","FINAL_EMSDM_EMMEAN_SP_278494.parquet"
"8177","FINAL_EMSDM_EMMEAN_SP_278497.parquet"
"8178","FINAL_EMSDM_EMMEAN_SP_278499.parquet"
"8179","FINAL_EMSDM_EMMEAN_SP_278501.parquet"
"8180","FINAL_EMSDM_EMMEAN_SP_278502.parquet"
"8181","FINAL_EMSDM_EMMEAN_SP_278503.parquet"
"8182","FINAL_EMSDM_EMMEAN_SP_278504.parquet"
"8183","FINAL_EMSDM_EMMEAN_SP_278505.parquet"
"8184","FINAL_EMSDM_EMMEAN_SP_278506.parquet"
"8185","FINAL_EMSDM_EMMEAN_SP_278508.parquet"
"8186","FINAL_EMSDM_EMMEAN_SP_278510.parquet"
"8187","FINAL_EMSDM_EMMEAN_SP_278514.parquet"
"8188","FINAL_EMSDM_EMMEAN_SP_278516.parquet"
"8189","FINAL_EMSDM_EMMEAN_SP_278518.parquet"
"8190","FINAL_EMSDM_EMMEAN_SP_278520.parquet"
"8191","FINAL_EMSDM_EMMEAN_SP_278523.parquet"
"8192","FINAL_EMSDM_EMMEAN_SP_278525.parquet"
"8193","FINAL_EMSDM_EMMEAN_SP_278527.parquet"
"8194","FINAL_EMSDM_EMMEAN_SP_278529.parquet"
"8195","FINAL_EMSDM_EMMEAN_SP_278530.parquet"
"8196","FINAL_EMSDM_EMMEAN_SP_278531.parquet"
"8197","FINAL_EMSDM_EMMEAN_SP_278532.parquet"
"8198","FINAL_EMSDM_EMMEAN_SP_278533.parquet"
"8199","FINAL_EMSDM_EMMEAN_SP_278534.parquet"
"8200","FINAL_EMSDM_EMMEAN_SP_278535.parquet"
"8201","FINAL_EMSDM_EMMEAN_SP_278536.parquet"
"8202","FINAL_EMSDM_EMMEAN_SP_278537.parquet"
"8203","FINAL_EMSDM_EMMEAN_SP_278538.parquet"
"8204","FINAL_EMSDM_EMMEAN_SP_278539.parquet"
"8205","FINAL_EMSDM_EMMEAN_SP_278540.parquet"
"8206","FINAL_EMSDM_EMMEAN_SP_278541.parquet"
"8207","FINAL_EMSDM_EMMEAN_SP_278542.parquet"
"8208","FINAL_EMSDM_EMMEAN_SP_278543.parquet"
"8209","FINAL_EMSDM_EMMEAN_SP_278549.parquet"
"8210","FINAL_EMSDM_EMMEAN_SP_278552.parquet"
"8211","FINAL_EMSDM_EMMEAN_SP_278557.parquet"
"8212","FINAL_EMSDM_EMMEAN_SP_278558.parquet"
"8213","FINAL_EMSDM_EMMEAN_SP_278559.parquet"
"8214","FINAL_EMSDM_EMMEAN_SP_278560.parquet"
"8215","FINAL_EMSDM_EMMEAN_SP_278561.parquet"
"8216","FINAL_EMSDM_EMMEAN_SP_278562.parquet"
"8217","FINAL_EMSDM_EMMEAN_SP_278563.parquet"
"8218","FINAL_EMSDM_EMMEAN_SP_278564.parquet"
"8219","FINAL_EMSDM_EMMEAN_SP_278565.parquet"
"8220","FINAL_EMSDM_EMMEAN_SP_278566.parquet"
"8221","FINAL_EMSDM_EMMEAN_SP_278567.parquet"
"8222","FINAL_EMSDM_EMMEAN_SP_278568.parquet"
"8223","FINAL_EMSDM_EMMEAN_SP_278569.parquet"
"8224","FINAL_EMSDM_EMMEAN_SP_278570.parquet"
"8225","FINAL_EMSDM_EMMEAN_SP_278576.parquet"
"8226","FINAL_EMSDM_EMMEAN_SP_278577.parquet"
"8227","FINAL_EMSDM_EMMEAN_SP_278579.parquet"
"8228","FINAL_EMSDM_EMMEAN_SP_278580.parquet"
"8229","FINAL_EMSDM_EMMEAN_SP_278581.parquet"
"8230","FINAL_EMSDM_EMMEAN_SP_278582.parquet"
"8231","FINAL_EMSDM_EMMEAN_SP_278583.parquet"
"8232","FINAL_EMSDM_EMMEAN_SP_278585.parquet"
"8233","FINAL_EMSDM_EMMEAN_SP_278586.parquet"
"8234","FINAL_EMSDM_EMMEAN_SP_278587.parquet"
"8235","FINAL_EMSDM_EMMEAN_SP_278588.parquet"
"8236","FINAL_EMSDM_EMMEAN_SP_278593.parquet"
"8237","FINAL_EMSDM_EMMEAN_SP_278595.parquet"
"8238","FINAL_EMSDM_EMMEAN_SP_278596.parquet"
"8239","FINAL_EMSDM_EMMEAN_SP_278597.parquet"
"8240","FINAL_EMSDM_EMMEAN_SP_278598.parquet"
"8241","FINAL_EMSDM_EMMEAN_SP_278600.parquet"
"8242","FINAL_EMSDM_EMMEAN_SP_278601.parquet"
"8243","FINAL_EMSDM_EMMEAN_SP_278603.parquet"
"8244","FINAL_EMSDM_EMMEAN_SP_278604.parquet"
"8245","FINAL_EMSDM_EMMEAN_SP_278608.parquet"
"8246","FINAL_EMSDM_EMMEAN_SP_278609.parquet"
"8247","FINAL_EMSDM_EMMEAN_SP_278610.parquet"
"8248","FINAL_EMSDM_EMMEAN_SP_278611.parquet"
"8249","FINAL_EMSDM_EMMEAN_SP_278613.parquet"
"8250","FINAL_EMSDM_EMMEAN_SP_278626.parquet"
"8251","FINAL_EMSDM_EMMEAN_SP_278631.parquet"
"8252","FINAL_EMSDM_EMMEAN_SP_278632.parquet"
"8253","FINAL_EMSDM_EMMEAN_SP_278633.parquet"
"8254","FINAL_EMSDM_EMMEAN_SP_278634.parquet"
"8255","FINAL_EMSDM_EMMEAN_SP_278635.parquet"
"8256","FINAL_EMSDM_EMMEAN_SP_278636.parquet"
"8257","FINAL_EMSDM_EMMEAN_SP_278638.parquet"
"8258","FINAL_EMSDM_EMMEAN_SP_278639.parquet"
"8259","FINAL_EMSDM_EMMEAN_SP_278649.parquet"
"8260","FINAL_EMSDM_EMMEAN_SP_278650.parquet"
"8261","FINAL_EMSDM_EMMEAN_SP_278651.parquet"
"8262","FINAL_EMSDM_EMMEAN_SP_278653.parquet"
"8263","FINAL_EMSDM_EMMEAN_SP_278655.parquet"
"8264","FINAL_EMSDM_EMMEAN_SP_278657.parquet"
"8265","FINAL_EMSDM_EMMEAN_SP_278659.parquet"
"8266","FINAL_EMSDM_EMMEAN_SP_278660.parquet"
"8267","FINAL_EMSDM_EMMEAN_SP_278661.parquet"
"8268","FINAL_EMSDM_EMMEAN_SP_278662.parquet"
"8269","FINAL_EMSDM_EMMEAN_SP_278665.parquet"
"8270","FINAL_EMSDM_EMMEAN_SP_278667.parquet"
"8271","FINAL_EMSDM_EMMEAN_SP_278668.parquet"
"8272","FINAL_EMSDM_EMMEAN_SP_278670.parquet"
"8273","FINAL_EMSDM_EMMEAN_SP_278671.parquet"
"8274","FINAL_EMSDM_EMMEAN_SP_278672.parquet"
"8275","FINAL_EMSDM_EMMEAN_SP_278673.parquet"
"8276","FINAL_EMSDM_EMMEAN_SP_278675.parquet"
"8277","FINAL_EMSDM_EMMEAN_SP_278676.parquet"
"8278","FINAL_EMSDM_EMMEAN_SP_278677.parquet"
"8279","FINAL_EMSDM_EMMEAN_SP_278678.parquet"
"8280","FINAL_EMSDM_EMMEAN_SP_278679.parquet"
"8281","FINAL_EMSDM_EMMEAN_SP_278680.parquet"
"8282","FINAL_EMSDM_EMMEAN_SP_278681.parquet"
"8283","FINAL_EMSDM_EMMEAN_SP_278682.parquet"
"8284","FINAL_EMSDM_EMMEAN_SP_278683.parquet"
"8285","FINAL_EMSDM_EMMEAN_SP_278684.parquet"
"8286","FINAL_EMSDM_EMMEAN_SP_278685.parquet"
"8287","FINAL_EMSDM_EMMEAN_SP_278686.parquet"
"8288","FINAL_EMSDM_EMMEAN_SP_278687.parquet"
"8289","FINAL_EMSDM_EMMEAN_SP_278688.parquet"
"8290","FINAL_EMSDM_EMMEAN_SP_278689.parquet"
"8291","FINAL_EMSDM_EMMEAN_SP_278690.parquet"
"8292","FINAL_EMSDM_EMMEAN_SP_278691.parquet"
"8293","FINAL_EMSDM_EMMEAN_SP_278694.parquet"
"8294","FINAL_EMSDM_EMMEAN_SP_278697.parquet"
"8295","FINAL_EMSDM_EMMEAN_SP_278702.parquet"
"8296","FINAL_EMSDM_EMMEAN_SP_278707.parquet"
"8297","FINAL_EMSDM_EMMEAN_SP_278712.parquet"
"8298","FINAL_EMSDM_EMMEAN_SP_278713.parquet"
"8299","FINAL_EMSDM_EMMEAN_SP_278718.parquet"
"8300","FINAL_EMSDM_EMMEAN_SP_278720.parquet"
"8301","FINAL_EMSDM_EMMEAN_SP_278721.parquet"
"8302","FINAL_EMSDM_EMMEAN_SP_278723.parquet"
"8303","FINAL_EMSDM_EMMEAN_SP_278730.parquet"
"8304","FINAL_EMSDM_EMMEAN_SP_278731.parquet"
"8305","FINAL_EMSDM_EMMEAN_SP_278736.parquet"
"8306","FINAL_EMSDM_EMMEAN_SP_278737.parquet"
"8307","FINAL_EMSDM_EMMEAN_SP_278738.parquet"
"8308","FINAL_EMSDM_EMMEAN_SP_278739.parquet"
"8309","FINAL_EMSDM_EMMEAN_SP_278740.parquet"
"8310","FINAL_EMSDM_EMMEAN_SP_278741.parquet"
"8311","FINAL_EMSDM_EMMEAN_SP_278742.parquet"
"8312","FINAL_EMSDM_EMMEAN_SP_278743.parquet"
"8313","FINAL_EMSDM_EMMEAN_SP_278744.parquet"
"8314","FINAL_EMSDM_EMMEAN_SP_278746.parquet"
"8315","FINAL_EMSDM_EMMEAN_SP_278747.parquet"
"8316","FINAL_EMSDM_EMMEAN_SP_278754.parquet"
"8317","FINAL_EMSDM_EMMEAN_SP_278755.parquet"
"8318","FINAL_EMSDM_EMMEAN_SP_278756.parquet"
"8319","FINAL_EMSDM_EMMEAN_SP_278757.parquet"
"8320","FINAL_EMSDM_EMMEAN_SP_278758.parquet"
"8321","FINAL_EMSDM_EMMEAN_SP_278762.parquet"
"8322","FINAL_EMSDM_EMMEAN_SP_278766.parquet"
"8323","FINAL_EMSDM_EMMEAN_SP_278767.parquet"
"8324","FINAL_EMSDM_EMMEAN_SP_278768.parquet"
"8325","FINAL_EMSDM_EMMEAN_SP_278769.parquet"
"8326","FINAL_EMSDM_EMMEAN_SP_278771.parquet"
"8327","FINAL_EMSDM_EMMEAN_SP_278773.parquet"
"8328","FINAL_EMSDM_EMMEAN_SP_278774.parquet"
"8329","FINAL_EMSDM_EMMEAN_SP_278782.parquet"
"8330","FINAL_EMSDM_EMMEAN_SP_278785.parquet"
"8331","FINAL_EMSDM_EMMEAN_SP_278791.parquet"
"8332","FINAL_EMSDM_EMMEAN_SP_278793.parquet"
"8333","FINAL_EMSDM_EMMEAN_SP_278794.parquet"
"8334","FINAL_EMSDM_EMMEAN_SP_278795.parquet"
"8335","FINAL_EMSDM_EMMEAN_SP_278796.parquet"
"8336","FINAL_EMSDM_EMMEAN_SP_278797.parquet"
"8337","FINAL_EMSDM_EMMEAN_SP_278798.parquet"
"8338","FINAL_EMSDM_EMMEAN_SP_278799.parquet"
"8339","FINAL_EMSDM_EMMEAN_SP_278800.parquet"
"8340","FINAL_EMSDM_EMMEAN_SP_278807.parquet"
"8341","FINAL_EMSDM_EMMEAN_SP_278813.parquet"
"8342","FINAL_EMSDM_EMMEAN_SP_278814.parquet"
"8343","FINAL_EMSDM_EMMEAN_SP_278815.parquet"
"8344","FINAL_EMSDM_EMMEAN_SP_278816.parquet"
"8345","FINAL_EMSDM_EMMEAN_SP_278821.parquet"
"8346","FINAL_EMSDM_EMMEAN_SP_278822.parquet"
"8347","FINAL_EMSDM_EMMEAN_SP_278823.parquet"
"8348","FINAL_EMSDM_EMMEAN_SP_278824.parquet"
"8349","FINAL_EMSDM_EMMEAN_SP_278825.parquet"
"8350","FINAL_EMSDM_EMMEAN_SP_278826.parquet"
"8351","FINAL_EMSDM_EMMEAN_SP_278827.parquet"
"8352","FINAL_EMSDM_EMMEAN_SP_278828.parquet"
"8353","FINAL_EMSDM_EMMEAN_SP_278829.parquet"
"8354","FINAL_EMSDM_EMMEAN_SP_278830.parquet"
"8355","FINAL_EMSDM_EMMEAN_SP_278831.parquet"
"8356","FINAL_EMSDM_EMMEAN_SP_278832.parquet"
"8357","FINAL_EMSDM_EMMEAN_SP_278833.parquet"
"8358","FINAL_EMSDM_EMMEAN_SP_278834.parquet"
"8359","FINAL_EMSDM_EMMEAN_SP_278835.parquet"
"8360","FINAL_EMSDM_EMMEAN_SP_278836.parquet"
"8361","FINAL_EMSDM_EMMEAN_SP_278837.parquet"
"8362","FINAL_EMSDM_EMMEAN_SP_278838.parquet"
"8363","FINAL_EMSDM_EMMEAN_SP_278840.parquet"
"8364","FINAL_EMSDM_EMMEAN_SP_278842.parquet"
"8365","FINAL_EMSDM_EMMEAN_SP_278844.parquet"
"8366","FINAL_EMSDM_EMMEAN_SP_278845.parquet"
"8367","FINAL_EMSDM_EMMEAN_SP_278847.parquet"
"8368","FINAL_EMSDM_EMMEAN_SP_278848.parquet"
"8369","FINAL_EMSDM_EMMEAN_SP_278849.parquet"
"8370","FINAL_EMSDM_EMMEAN_SP_278850.parquet"
"8371","FINAL_EMSDM_EMMEAN_SP_278851.parquet"
"8372","FINAL_EMSDM_EMMEAN_SP_278853.parquet"
"8373","FINAL_EMSDM_EMMEAN_SP_278858.parquet"
"8374","FINAL_EMSDM_EMMEAN_SP_278860.parquet"
"8375","FINAL_EMSDM_EMMEAN_SP_278861.parquet"
"8376","FINAL_EMSDM_EMMEAN_SP_278862.parquet"
"8377","FINAL_EMSDM_EMMEAN_SP_278863.parquet"
"8378","FINAL_EMSDM_EMMEAN_SP_278865.parquet"
"8379","FINAL_EMSDM_EMMEAN_SP_278866.parquet"
"8380","FINAL_EMSDM_EMMEAN_SP_278868.parquet"
"8381","FINAL_EMSDM_EMMEAN_SP_278869.parquet"
"8382","FINAL_EMSDM_EMMEAN_SP_278870.parquet"
"8383","FINAL_EMSDM_EMMEAN_SP_278871.parquet"
"8384","FINAL_EMSDM_EMMEAN_SP_278872.parquet"
"8385","FINAL_EMSDM_EMMEAN_SP_278875.parquet"
"8386","FINAL_EMSDM_EMMEAN_SP_278877.parquet"
"8387","FINAL_EMSDM_EMMEAN_SP_278878.parquet"
"8388","FINAL_EMSDM_EMMEAN_SP_278879.parquet"
"8389","FINAL_EMSDM_EMMEAN_SP_278881.parquet"
"8390","FINAL_EMSDM_EMMEAN_SP_278883.parquet"
"8391","FINAL_EMSDM_EMMEAN_SP_278886.parquet"
"8392","FINAL_EMSDM_EMMEAN_SP_278889.parquet"
"8393","FINAL_EMSDM_EMMEAN_SP_278890.parquet"
"8394","FINAL_EMSDM_EMMEAN_SP_278891.parquet"
"8395","FINAL_EMSDM_EMMEAN_SP_278892.parquet"
"8396","FINAL_EMSDM_EMMEAN_SP_278895.parquet"
"8397","FINAL_EMSDM_EMMEAN_SP_278897.parquet"
"8398","FINAL_EMSDM_EMMEAN_SP_278899.parquet"
"8399","FINAL_EMSDM_EMMEAN_SP_278901.parquet"
"8400","FINAL_EMSDM_EMMEAN_SP_278905.parquet"
"8401","FINAL_EMSDM_EMMEAN_SP_278909.parquet"
"8402","FINAL_EMSDM_EMMEAN_SP_278911.parquet"
"8403","FINAL_EMSDM_EMMEAN_SP_278912.parquet"
"8404","FINAL_EMSDM_EMMEAN_SP_278913.parquet"
"8405","FINAL_EMSDM_EMMEAN_SP_278914.parquet"
"8406","FINAL_EMSDM_EMMEAN_SP_278916.parquet"
"8407","FINAL_EMSDM_EMMEAN_SP_278917.parquet"
"8408","FINAL_EMSDM_EMMEAN_SP_278918.parquet"
"8409","FINAL_EMSDM_EMMEAN_SP_278922.parquet"
"8410","FINAL_EMSDM_EMMEAN_SP_278923.parquet"
"8411","FINAL_EMSDM_EMMEAN_SP_278924.parquet"
"8412","FINAL_EMSDM_EMMEAN_SP_278926.parquet"
"8413","FINAL_EMSDM_EMMEAN_SP_278927.parquet"
"8414","FINAL_EMSDM_EMMEAN_SP_278928.parquet"
"8415","FINAL_EMSDM_EMMEAN_SP_278929.parquet"
"8416","FINAL_EMSDM_EMMEAN_SP_278930.parquet"
"8417","FINAL_EMSDM_EMMEAN_SP_278931.parquet"
"8418","FINAL_EMSDM_EMMEAN_SP_278932.parquet"
"8419","FINAL_EMSDM_EMMEAN_SP_278933.parquet"
"8420","FINAL_EMSDM_EMMEAN_SP_278934.parquet"
"8421","FINAL_EMSDM_EMMEAN_SP_278935.parquet"
"8422","FINAL_EMSDM_EMMEAN_SP_278936.parquet"
"8423","FINAL_EMSDM_EMMEAN_SP_278937.parquet"
"8424","FINAL_EMSDM_EMMEAN_SP_278938.parquet"
"8425","FINAL_EMSDM_EMMEAN_SP_278939.parquet"
"8426","FINAL_EMSDM_EMMEAN_SP_278941.parquet"
"8427","FINAL_EMSDM_EMMEAN_SP_278942.parquet"
"8428","FINAL_EMSDM_EMMEAN_SP_278943.parquet"
"8429","FINAL_EMSDM_EMMEAN_SP_278944.parquet"
"8430","FINAL_EMSDM_EMMEAN_SP_278945.parquet"
"8431","FINAL_EMSDM_EMMEAN_SP_278946.parquet"
"8432","FINAL_EMSDM_EMMEAN_SP_278947.parquet"
"8433","FINAL_EMSDM_EMMEAN_SP_278948.parquet"
"8434","FINAL_EMSDM_EMMEAN_SP_278949.parquet"
"8435","FINAL_EMSDM_EMMEAN_SP_278951.parquet"
"8436","FINAL_EMSDM_EMMEAN_SP_278952.parquet"
"8437","FINAL_EMSDM_EMMEAN_SP_278954.parquet"
"8438","FINAL_EMSDM_EMMEAN_SP_278956.parquet"
"8439","FINAL_EMSDM_EMMEAN_SP_278957.parquet"
"8440","FINAL_EMSDM_EMMEAN_SP_278959.parquet"
"8441","FINAL_EMSDM_EMMEAN_SP_278965.parquet"
"8442","FINAL_EMSDM_EMMEAN_SP_278966.parquet"
"8443","FINAL_EMSDM_EMMEAN_SP_278967.parquet"
"8444","FINAL_EMSDM_EMMEAN_SP_278968.parquet"
"8445","FINAL_EMSDM_EMMEAN_SP_278972.parquet"
"8446","FINAL_EMSDM_EMMEAN_SP_278978.parquet"
"8447","FINAL_EMSDM_EMMEAN_SP_278980.parquet"
"8448","FINAL_EMSDM_EMMEAN_SP_278982.parquet"
"8449","FINAL_EMSDM_EMMEAN_SP_278985.parquet"
"8450","FINAL_EMSDM_EMMEAN_SP_278988.parquet"
"8451","FINAL_EMSDM_EMMEAN_SP_278989.parquet"
"8452","FINAL_EMSDM_EMMEAN_SP_278992.parquet"
"8453","FINAL_EMSDM_EMMEAN_SP_278994.parquet"
"8454","FINAL_EMSDM_EMMEAN_SP_278995.parquet"
"8455","FINAL_EMSDM_EMMEAN_SP_278996.parquet"
"8456","FINAL_EMSDM_EMMEAN_SP_279004.parquet"
"8457","FINAL_EMSDM_EMMEAN_SP_279005.parquet"
"8458","FINAL_EMSDM_EMMEAN_SP_279006.parquet"
"8459","FINAL_EMSDM_EMMEAN_SP_279010.parquet"
"8460","FINAL_EMSDM_EMMEAN_SP_279011.parquet"
"8461","FINAL_EMSDM_EMMEAN_SP_279018.parquet"
"8462","FINAL_EMSDM_EMMEAN_SP_279031.parquet"
"8463","FINAL_EMSDM_EMMEAN_SP_279032.parquet"
"8464","FINAL_EMSDM_EMMEAN_SP_279033.parquet"
"8465","FINAL_EMSDM_EMMEAN_SP_279034.parquet"
"8466","FINAL_EMSDM_EMMEAN_SP_279035.parquet"
"8467","FINAL_EMSDM_EMMEAN_SP_279036.parquet"
"8468","FINAL_EMSDM_EMMEAN_SP_279037.parquet"
"8469","FINAL_EMSDM_EMMEAN_SP_279038.parquet"
"8470","FINAL_EMSDM_EMMEAN_SP_279039.parquet"
"8471","FINAL_EMSDM_EMMEAN_SP_279040.parquet"
"8472","FINAL_EMSDM_EMMEAN_SP_279041.parquet"
"8473","FINAL_EMSDM_EMMEAN_SP_279042.parquet"
"8474","FINAL_EMSDM_EMMEAN_SP_279046.parquet"
"8475","FINAL_EMSDM_EMMEAN_SP_279053.parquet"
"8476","FINAL_EMSDM_EMMEAN_SP_279055.parquet"
"8477","FINAL_EMSDM_EMMEAN_SP_279056.parquet"
"8478","FINAL_EMSDM_EMMEAN_SP_279057.parquet"
"8479","FINAL_EMSDM_EMMEAN_SP_279058.parquet"
"8480","FINAL_EMSDM_EMMEAN_SP_279059.parquet"
"8481","FINAL_EMSDM_EMMEAN_SP_279060.parquet"
"8482","FINAL_EMSDM_EMMEAN_SP_279061.parquet"
"8483","FINAL_EMSDM_EMMEAN_SP_279062.parquet"
"8484","FINAL_EMSDM_EMMEAN_SP_279063.parquet"
"8485","FINAL_EMSDM_EMMEAN_SP_279064.parquet"
"8486","FINAL_EMSDM_EMMEAN_SP_279065.parquet"
"8487","FINAL_EMSDM_EMMEAN_SP_279069.parquet"
"8488","FINAL_EMSDM_EMMEAN_SP_279070.parquet"
"8489","FINAL_EMSDM_EMMEAN_SP_279071.parquet"
"8490","FINAL_EMSDM_EMMEAN_SP_279072.parquet"
"8491","FINAL_EMSDM_EMMEAN_SP_279074.parquet"
"8492","FINAL_EMSDM_EMMEAN_SP_279075.parquet"
"8493","FINAL_EMSDM_EMMEAN_SP_279078.parquet"
"8494","FINAL_EMSDM_EMMEAN_SP_279082.parquet"
"8495","FINAL_EMSDM_EMMEAN_SP_279083.parquet"
"8496","FINAL_EMSDM_EMMEAN_SP_279084.parquet"
"8497","FINAL_EMSDM_EMMEAN_SP_279085.parquet"
"8498","FINAL_EMSDM_EMMEAN_SP_279086.parquet"
"8499","FINAL_EMSDM_EMMEAN_SP_279087.parquet"
"8500","FINAL_EMSDM_EMMEAN_SP_279088.parquet"
"8501","FINAL_EMSDM_EMMEAN_SP_279092.parquet"
"8502","FINAL_EMSDM_EMMEAN_SP_279093.parquet"
"8503","FINAL_EMSDM_EMMEAN_SP_279094.parquet"
"8504","FINAL_EMSDM_EMMEAN_SP_279095.parquet"
"8505","FINAL_EMSDM_EMMEAN_SP_279096.parquet"
"8506","FINAL_EMSDM_EMMEAN_SP_279097.parquet"
"8507","FINAL_EMSDM_EMMEAN_SP_279098.parquet"
"8508","FINAL_EMSDM_EMMEAN_SP_279099.parquet"
"8509","FINAL_EMSDM_EMMEAN_SP_279103.parquet"
"8510","FINAL_EMSDM_EMMEAN_SP_279104.parquet"
"8511","FINAL_EMSDM_EMMEAN_SP_279109.parquet"
"8512","FINAL_EMSDM_EMMEAN_SP_279112.parquet"
"8513","FINAL_EMSDM_EMMEAN_SP_279113.parquet"
"8514","FINAL_EMSDM_EMMEAN_SP_279114.parquet"
"8515","FINAL_EMSDM_EMMEAN_SP_279115.parquet"
"8516","FINAL_EMSDM_EMMEAN_SP_279116.parquet"
"8517","FINAL_EMSDM_EMMEAN_SP_279119.parquet"
"8518","FINAL_EMSDM_EMMEAN_SP_279123.parquet"
"8519","FINAL_EMSDM_EMMEAN_SP_279124.parquet"
"8520","FINAL_EMSDM_EMMEAN_SP_279125.parquet"
"8521","FINAL_EMSDM_EMMEAN_SP_279126.parquet"
"8522","FINAL_EMSDM_EMMEAN_SP_279127.parquet"
"8523","FINAL_EMSDM_EMMEAN_SP_279128.parquet"
"8524","FINAL_EMSDM_EMMEAN_SP_279129.parquet"
"8525","FINAL_EMSDM_EMMEAN_SP_279132.parquet"
"8526","FINAL_EMSDM_EMMEAN_SP_279133.parquet"
"8527","FINAL_EMSDM_EMMEAN_SP_279134.parquet"
"8528","FINAL_EMSDM_EMMEAN_SP_279135.parquet"
"8529","FINAL_EMSDM_EMMEAN_SP_279136.parquet"
"8530","FINAL_EMSDM_EMMEAN_SP_279137.parquet"
"8531","FINAL_EMSDM_EMMEAN_SP_279138.parquet"
"8532","FINAL_EMSDM_EMMEAN_SP_279139.parquet"
"8533","FINAL_EMSDM_EMMEAN_SP_279140.parquet"
"8534","FINAL_EMSDM_EMMEAN_SP_279141.parquet"
"8535","FINAL_EMSDM_EMMEAN_SP_279142.parquet"
"8536","FINAL_EMSDM_EMMEAN_SP_279143.parquet"
"8537","FINAL_EMSDM_EMMEAN_SP_279144.parquet"
"8538","FINAL_EMSDM_EMMEAN_SP_279145.parquet"
"8539","FINAL_EMSDM_EMMEAN_SP_279146.parquet"
"8540","FINAL_EMSDM_EMMEAN_SP_279147.parquet"
"8541","FINAL_EMSDM_EMMEAN_SP_279148.parquet"
"8542","FINAL_EMSDM_EMMEAN_SP_279149.parquet"
"8543","FINAL_EMSDM_EMMEAN_SP_279150.parquet"
"8544","FINAL_EMSDM_EMMEAN_SP_279151.parquet"
"8545","FINAL_EMSDM_EMMEAN_SP_279152.parquet"
"8546","FINAL_EMSDM_EMMEAN_SP_279153.parquet"
"8547","FINAL_EMSDM_EMMEAN_SP_279154.parquet"
"8548","FINAL_EMSDM_EMMEAN_SP_279155.parquet"
"8549","FINAL_EMSDM_EMMEAN_SP_279156.parquet"
"8550","FINAL_EMSDM_EMMEAN_SP_279157.parquet"
"8551","FINAL_EMSDM_EMMEAN_SP_279160.parquet"
"8552","FINAL_EMSDM_EMMEAN_SP_279161.parquet"
"8553","FINAL_EMSDM_EMMEAN_SP_279164.parquet"
"8554","FINAL_EMSDM_EMMEAN_SP_279167.parquet"
"8555","FINAL_EMSDM_EMMEAN_SP_279168.parquet"
"8556","FINAL_EMSDM_EMMEAN_SP_279169.parquet"
"8557","FINAL_EMSDM_EMMEAN_SP_279170.parquet"
"8558","FINAL_EMSDM_EMMEAN_SP_279171.parquet"
"8559","FINAL_EMSDM_EMMEAN_SP_279172.parquet"
"8560","FINAL_EMSDM_EMMEAN_SP_279173.parquet"
"8561","FINAL_EMSDM_EMMEAN_SP_279174.parquet"
"8562","FINAL_EMSDM_EMMEAN_SP_279177.parquet"
"8563","FINAL_EMSDM_EMMEAN_SP_279178.parquet"
"8564","FINAL_EMSDM_EMMEAN_SP_279180.parquet"
"8565","FINAL_EMSDM_EMMEAN_SP_279182.parquet"
"8566","FINAL_EMSDM_EMMEAN_SP_279183.parquet"
"8567","FINAL_EMSDM_EMMEAN_SP_279185.parquet"
"8568","FINAL_EMSDM_EMMEAN_SP_279188.parquet"
"8569","FINAL_EMSDM_EMMEAN_SP_279206.parquet"
"8570","FINAL_EMSDM_EMMEAN_SP_279207.parquet"
"8571","FINAL_EMSDM_EMMEAN_SP_279208.parquet"
"8572","FINAL_EMSDM_EMMEAN_SP_279209.parquet"
"8573","FINAL_EMSDM_EMMEAN_SP_279210.parquet"
"8574","FINAL_EMSDM_EMMEAN_SP_279211.parquet"
"8575","FINAL_EMSDM_EMMEAN_SP_279212.parquet"
"8576","FINAL_EMSDM_EMMEAN_SP_279218.parquet"
"8577","FINAL_EMSDM_EMMEAN_SP_279221.parquet"
"8578","FINAL_EMSDM_EMMEAN_SP_279222.parquet"
"8579","FINAL_EMSDM_EMMEAN_SP_279223.parquet"
"8580","FINAL_EMSDM_EMMEAN_SP_279224.parquet"
"8581","FINAL_EMSDM_EMMEAN_SP_279225.parquet"
"8582","FINAL_EMSDM_EMMEAN_SP_279227.parquet"
"8583","FINAL_EMSDM_EMMEAN_SP_279229.parquet"
"8584","FINAL_EMSDM_EMMEAN_SP_279230.parquet"
"8585","FINAL_EMSDM_EMMEAN_SP_279231.parquet"
"8586","FINAL_EMSDM_EMMEAN_SP_279232.parquet"
"8587","FINAL_EMSDM_EMMEAN_SP_279233.parquet"
"8588","FINAL_EMSDM_EMMEAN_SP_279234.parquet"
"8589","FINAL_EMSDM_EMMEAN_SP_279235.parquet"
"8590","FINAL_EMSDM_EMMEAN_SP_279237.parquet"
"8591","FINAL_EMSDM_EMMEAN_SP_279238.parquet"
"8592","FINAL_EMSDM_EMMEAN_SP_279239.parquet"
"8593","FINAL_EMSDM_EMMEAN_SP_279240.parquet"
"8594","FINAL_EMSDM_EMMEAN_SP_279241.parquet"
"8595","FINAL_EMSDM_EMMEAN_SP_279242.parquet"
"8596","FINAL_EMSDM_EMMEAN_SP_279243.parquet"
"8597","FINAL_EMSDM_EMMEAN_SP_279244.parquet"
"8598","FINAL_EMSDM_EMMEAN_SP_279245.parquet"
"8599","FINAL_EMSDM_EMMEAN_SP_279246.parquet"
"8600","FINAL_EMSDM_EMMEAN_SP_279247.parquet"
"8601","FINAL_EMSDM_EMMEAN_SP_279248.parquet"
"8602","FINAL_EMSDM_EMMEAN_SP_279249.parquet"
"8603","FINAL_EMSDM_EMMEAN_SP_279250.parquet"
"8604","FINAL_EMSDM_EMMEAN_SP_279252.parquet"
"8605","FINAL_EMSDM_EMMEAN_SP_279253.parquet"
"8606","FINAL_EMSDM_EMMEAN_SP_279256.parquet"
"8607","FINAL_EMSDM_EMMEAN_SP_279261.parquet"
"8608","FINAL_EMSDM_EMMEAN_SP_279264.parquet"
"8609","FINAL_EMSDM_EMMEAN_SP_279265.parquet"
"8610","FINAL_EMSDM_EMMEAN_SP_279269.parquet"
"8611","FINAL_EMSDM_EMMEAN_SP_279272.parquet"
"8612","FINAL_EMSDM_EMMEAN_SP_279276.parquet"
"8613","FINAL_EMSDM_EMMEAN_SP_279277.parquet"
"8614","FINAL_EMSDM_EMMEAN_SP_279291.parquet"
"8615","FINAL_EMSDM_EMMEAN_SP_279293.parquet"
"8616","FINAL_EMSDM_EMMEAN_SP_279295.parquet"
"8617","FINAL_EMSDM_EMMEAN_SP_279297.parquet"
"8618","FINAL_EMSDM_EMMEAN_SP_279298.parquet"
"8619","FINAL_EMSDM_EMMEAN_SP_279302.parquet"
"8620","FINAL_EMSDM_EMMEAN_SP_279303.parquet"
"8621","FINAL_EMSDM_EMMEAN_SP_279304.parquet"
"8622","FINAL_EMSDM_EMMEAN_SP_279305.parquet"
"8623","FINAL_EMSDM_EMMEAN_SP_279306.parquet"
"8624","FINAL_EMSDM_EMMEAN_SP_279307.parquet"
"8625","FINAL_EMSDM_EMMEAN_SP_279308.parquet"
"8626","FINAL_EMSDM_EMMEAN_SP_279309.parquet"
"8627","FINAL_EMSDM_EMMEAN_SP_279310.parquet"
"8628","FINAL_EMSDM_EMMEAN_SP_279311.parquet"
"8629","FINAL_EMSDM_EMMEAN_SP_279312.parquet"
"8630","FINAL_EMSDM_EMMEAN_SP_279313.parquet"
"8631","FINAL_EMSDM_EMMEAN_SP_279314.parquet"
"8632","FINAL_EMSDM_EMMEAN_SP_279315.parquet"
"8633","FINAL_EMSDM_EMMEAN_SP_279316.parquet"
"8634","FINAL_EMSDM_EMMEAN_SP_279317.parquet"
"8635","FINAL_EMSDM_EMMEAN_SP_279318.parquet"
"8636","FINAL_EMSDM_EMMEAN_SP_279319.parquet"
"8637","FINAL_EMSDM_EMMEAN_SP_279320.parquet"
"8638","FINAL_EMSDM_EMMEAN_SP_279321.parquet"
"8639","FINAL_EMSDM_EMMEAN_SP_279322.parquet"
"8640","FINAL_EMSDM_EMMEAN_SP_279323.parquet"
"8641","FINAL_EMSDM_EMMEAN_SP_279324.parquet"
"8642","FINAL_EMSDM_EMMEAN_SP_279326.parquet"
"8643","FINAL_EMSDM_EMMEAN_SP_279328.parquet"
"8644","FINAL_EMSDM_EMMEAN_SP_279330.parquet"
"8645","FINAL_EMSDM_EMMEAN_SP_279331.parquet"
"8646","FINAL_EMSDM_EMMEAN_SP_279332.parquet"
"8647","FINAL_EMSDM_EMMEAN_SP_279333.parquet"
"8648","FINAL_EMSDM_EMMEAN_SP_279335.parquet"
"8649","FINAL_EMSDM_EMMEAN_SP_279336.parquet"
"8650","FINAL_EMSDM_EMMEAN_SP_279339.parquet"
"8651","FINAL_EMSDM_EMMEAN_SP_279346.parquet"
"8652","FINAL_EMSDM_EMMEAN_SP_279352.parquet"
"8653","FINAL_EMSDM_EMMEAN_SP_279353.parquet"
"8654","FINAL_EMSDM_EMMEAN_SP_279411.parquet"
"8655","FINAL_EMSDM_EMMEAN_SP_279417.parquet"
"8656","FINAL_EMSDM_EMMEAN_SP_279443.parquet"
"8657","FINAL_EMSDM_EMMEAN_SP_279444.parquet"
"8658","FINAL_EMSDM_EMMEAN_SP_279445.parquet"
"8659","FINAL_EMSDM_EMMEAN_SP_279446.parquet"
"8660","FINAL_EMSDM_EMMEAN_SP_279447.parquet"
"8661","FINAL_EMSDM_EMMEAN_SP_279448.parquet"
"8662","FINAL_EMSDM_EMMEAN_SP_279449.parquet"
"8663","FINAL_EMSDM_EMMEAN_SP_279450.parquet"
"8664","FINAL_EMSDM_EMMEAN_SP_279451.parquet"
"8665","FINAL_EMSDM_EMMEAN_SP_279452.parquet"
"8666","FINAL_EMSDM_EMMEAN_SP_279453.parquet"
"8667","FINAL_EMSDM_EMMEAN_SP_279454.parquet"
"8668","FINAL_EMSDM_EMMEAN_SP_279455.parquet"
"8669","FINAL_EMSDM_EMMEAN_SP_279456.parquet"
"8670","FINAL_EMSDM_EMMEAN_SP_279457.parquet"
"8671","FINAL_EMSDM_EMMEAN_SP_279458.parquet"
"8672","FINAL_EMSDM_EMMEAN_SP_279459.parquet"
"8673","FINAL_EMSDM_EMMEAN_SP_279460.parquet"
"8674","FINAL_EMSDM_EMMEAN_SP_279461.parquet"
"8675","FINAL_EMSDM_EMMEAN_SP_279462.parquet"
"8676","FINAL_EMSDM_EMMEAN_SP_279463.parquet"
"8677","FINAL_EMSDM_EMMEAN_SP_279464.parquet"
"8678","FINAL_EMSDM_EMMEAN_SP_279469.parquet"
"8679","FINAL_EMSDM_EMMEAN_SP_279475.parquet"
"8680","FINAL_EMSDM_EMMEAN_SP_279476.parquet"
"8681","FINAL_EMSDM_EMMEAN_SP_279481.parquet"
"8682","FINAL_EMSDM_EMMEAN_SP_279482.parquet"
"8683","FINAL_EMSDM_EMMEAN_SP_279488.parquet"
"8684","FINAL_EMSDM_EMMEAN_SP_279489.parquet"
"8685","FINAL_EMSDM_EMMEAN_SP_279490.parquet"
"8686","FINAL_EMSDM_EMMEAN_SP_279491.parquet"
"8687","FINAL_EMSDM_EMMEAN_SP_279492.parquet"
"8688","FINAL_EMSDM_EMMEAN_SP_279493.parquet"
"8689","FINAL_EMSDM_EMMEAN_SP_279494.parquet"
"8690","FINAL_EMSDM_EMMEAN_SP_279495.parquet"
"8691","FINAL_EMSDM_EMMEAN_SP_279496.parquet"
"8692","FINAL_EMSDM_EMMEAN_SP_279497.parquet"
"8693","FINAL_EMSDM_EMMEAN_SP_279498.parquet"
"8694","FINAL_EMSDM_EMMEAN_SP_279502.parquet"
"8695","FINAL_EMSDM_EMMEAN_SP_279504.parquet"
"8696","FINAL_EMSDM_EMMEAN_SP_279505.parquet"
"8697","FINAL_EMSDM_EMMEAN_SP_279507.parquet"
"8698","FINAL_EMSDM_EMMEAN_SP_279523.parquet"
"8699","FINAL_EMSDM_EMMEAN_SP_279529.parquet"
"8700","FINAL_EMSDM_EMMEAN_SP_279530.parquet"
"8701","FINAL_EMSDM_EMMEAN_SP_279535.parquet"
"8702","FINAL_EMSDM_EMMEAN_SP_279538.parquet"
"8703","FINAL_EMSDM_EMMEAN_SP_279540.parquet"
"8704","FINAL_EMSDM_EMMEAN_SP_279545.parquet"
"8705","FINAL_EMSDM_EMMEAN_SP_279546.parquet"
"8706","FINAL_EMSDM_EMMEAN_SP_279554.parquet"
"8707","FINAL_EMSDM_EMMEAN_SP_279560.parquet"
"8708","FINAL_EMSDM_EMMEAN_SP_279562.parquet"
"8709","FINAL_EMSDM_EMMEAN_SP_279567.parquet"
"8710","FINAL_EMSDM_EMMEAN_SP_279568.parquet"
"8711","FINAL_EMSDM_EMMEAN_SP_279569.parquet"
"8712","FINAL_EMSDM_EMMEAN_SP_279573.parquet"
"8713","FINAL_EMSDM_EMMEAN_SP_279574.parquet"
"8714","FINAL_EMSDM_EMMEAN_SP_279575.parquet"
"8715","FINAL_EMSDM_EMMEAN_SP_279576.parquet"
"8716","FINAL_EMSDM_EMMEAN_SP_279579.parquet"
"8717","FINAL_EMSDM_EMMEAN_SP_279580.parquet"
"8718","FINAL_EMSDM_EMMEAN_SP_279581.parquet"
"8719","FINAL_EMSDM_EMMEAN_SP_279582.parquet"
"8720","FINAL_EMSDM_EMMEAN_SP_279583.parquet"
"8721","FINAL_EMSDM_EMMEAN_SP_279584.parquet"
"8722","FINAL_EMSDM_EMMEAN_SP_279586.parquet"
"8723","FINAL_EMSDM_EMMEAN_SP_279587.parquet"
"8724","FINAL_EMSDM_EMMEAN_SP_279588.parquet"
"8725","FINAL_EMSDM_EMMEAN_SP_279589.parquet"
"8726","FINAL_EMSDM_EMMEAN_SP_279590.parquet"
"8727","FINAL_EMSDM_EMMEAN_SP_279595.parquet"
"8728","FINAL_EMSDM_EMMEAN_SP_279601.parquet"
"8729","FINAL_EMSDM_EMMEAN_SP_279602.parquet"
"8730","FINAL_EMSDM_EMMEAN_SP_279603.parquet"
"8731","FINAL_EMSDM_EMMEAN_SP_279604.parquet"
"8732","FINAL_EMSDM_EMMEAN_SP_279605.parquet"
"8733","FINAL_EMSDM_EMMEAN_SP_279607.parquet"
"8734","FINAL_EMSDM_EMMEAN_SP_279608.parquet"
"8735","FINAL_EMSDM_EMMEAN_SP_279610.parquet"
"8736","FINAL_EMSDM_EMMEAN_SP_279611.parquet"
"8737","FINAL_EMSDM_EMMEAN_SP_279612.parquet"
"8738","FINAL_EMSDM_EMMEAN_SP_279613.parquet"
"8739","FINAL_EMSDM_EMMEAN_SP_279616.parquet"
"8740","FINAL_EMSDM_EMMEAN_SP_279617.parquet"
"8741","FINAL_EMSDM_EMMEAN_SP_279619.parquet"
"8742","FINAL_EMSDM_EMMEAN_SP_279622.parquet"
"8743","FINAL_EMSDM_EMMEAN_SP_279623.parquet"
"8744","FINAL_EMSDM_EMMEAN_SP_279624.parquet"
"8745","FINAL_EMSDM_EMMEAN_SP_279626.parquet"
"8746","FINAL_EMSDM_EMMEAN_SP_279627.parquet"
"8747","FINAL_EMSDM_EMMEAN_SP_279628.parquet"
"8748","FINAL_EMSDM_EMMEAN_SP_279629.parquet"
"8749","FINAL_EMSDM_EMMEAN_SP_279640.parquet"
"8750","FINAL_EMSDM_EMMEAN_SP_279642.parquet"
"8751","FINAL_EMSDM_EMMEAN_SP_279644.parquet"
"8752","FINAL_EMSDM_EMMEAN_SP_279645.parquet"
"8753","FINAL_EMSDM_EMMEAN_SP_279647.parquet"
"8754","FINAL_EMSDM_EMMEAN_SP_279662.parquet"
"8755","FINAL_EMSDM_EMMEAN_SP_279668.parquet"
"8756","FINAL_EMSDM_EMMEAN_SP_279669.parquet"
"8757","FINAL_EMSDM_EMMEAN_SP_279670.parquet"
"8758","FINAL_EMSDM_EMMEAN_SP_279671.parquet"
"8759","FINAL_EMSDM_EMMEAN_SP_279673.parquet"
"8760","FINAL_EMSDM_EMMEAN_SP_279674.parquet"
"8761","FINAL_EMSDM_EMMEAN_SP_279675.parquet"
"8762","FINAL_EMSDM_EMMEAN_SP_279676.parquet"
"8763","FINAL_EMSDM_EMMEAN_SP_279677.parquet"
"8764","FINAL_EMSDM_EMMEAN_SP_279682.parquet"
"8765","FINAL_EMSDM_EMMEAN_SP_279684.parquet"
"8766","FINAL_EMSDM_EMMEAN_SP_279687.parquet"
"8767","FINAL_EMSDM_EMMEAN_SP_279690.parquet"
"8768","FINAL_EMSDM_EMMEAN_SP_279704.parquet"
"8769","FINAL_EMSDM_EMMEAN_SP_279705.parquet"
"8770","FINAL_EMSDM_EMMEAN_SP_279707.parquet"
"8771","FINAL_EMSDM_EMMEAN_SP_279708.parquet"
"8772","FINAL_EMSDM_EMMEAN_SP_279709.parquet"
"8773","FINAL_EMSDM_EMMEAN_SP_279710.parquet"
"8774","FINAL_EMSDM_EMMEAN_SP_279711.parquet"
"8775","FINAL_EMSDM_EMMEAN_SP_279712.parquet"
"8776","FINAL_EMSDM_EMMEAN_SP_279713.parquet"
"8777","FINAL_EMSDM_EMMEAN_SP_279714.parquet"
"8778","FINAL_EMSDM_EMMEAN_SP_279715.parquet"
"8779","FINAL_EMSDM_EMMEAN_SP_279716.parquet"
"8780","FINAL_EMSDM_EMMEAN_SP_279717.parquet"
"8781","FINAL_EMSDM_EMMEAN_SP_279718.parquet"
"8782","FINAL_EMSDM_EMMEAN_SP_279719.parquet"
"8783","FINAL_EMSDM_EMMEAN_SP_279720.parquet"
"8784","FINAL_EMSDM_EMMEAN_SP_279721.parquet"
"8785","FINAL_EMSDM_EMMEAN_SP_279722.parquet"
"8786","FINAL_EMSDM_EMMEAN_SP_279723.parquet"
"8787","FINAL_EMSDM_EMMEAN_SP_279724.parquet"
"8788","FINAL_EMSDM_EMMEAN_SP_279726.parquet"
"8789","FINAL_EMSDM_EMMEAN_SP_279727.parquet"
"8790","FINAL_EMSDM_EMMEAN_SP_279728.parquet"
"8791","FINAL_EMSDM_EMMEAN_SP_279730.parquet"
"8792","FINAL_EMSDM_EMMEAN_SP_279731.parquet"
"8793","FINAL_EMSDM_EMMEAN_SP_279732.parquet"
"8794","FINAL_EMSDM_EMMEAN_SP_279733.parquet"
"8795","FINAL_EMSDM_EMMEAN_SP_279734.parquet"
"8796","FINAL_EMSDM_EMMEAN_SP_279736.parquet"
"8797","FINAL_EMSDM_EMMEAN_SP_279738.parquet"
"8798","FINAL_EMSDM_EMMEAN_SP_279739.parquet"
"8799","FINAL_EMSDM_EMMEAN_SP_279741.parquet"
"8800","FINAL_EMSDM_EMMEAN_SP_279742.parquet"
"8801","FINAL_EMSDM_EMMEAN_SP_279743.parquet"
"8802","FINAL_EMSDM_EMMEAN_SP_279744.parquet"
"8803","FINAL_EMSDM_EMMEAN_SP_279745.parquet"
"8804","FINAL_EMSDM_EMMEAN_SP_279751.parquet"
"8805","FINAL_EMSDM_EMMEAN_SP_279752.parquet"
"8806","FINAL_EMSDM_EMMEAN_SP_279753.parquet"
"8807","FINAL_EMSDM_EMMEAN_SP_279755.parquet"
"8808","FINAL_EMSDM_EMMEAN_SP_279757.parquet"
"8809","FINAL_EMSDM_EMMEAN_SP_279761.parquet"
"8810","FINAL_EMSDM_EMMEAN_SP_279762.parquet"
"8811","FINAL_EMSDM_EMMEAN_SP_279765.parquet"
"8812","FINAL_EMSDM_EMMEAN_SP_279772.parquet"
"8813","FINAL_EMSDM_EMMEAN_SP_279773.parquet"
"8814","FINAL_EMSDM_EMMEAN_SP_279774.parquet"
"8815","FINAL_EMSDM_EMMEAN_SP_279779.parquet"
"8816","FINAL_EMSDM_EMMEAN_SP_279780.parquet"
"8817","FINAL_EMSDM_EMMEAN_SP_279781.parquet"
"8818","FINAL_EMSDM_EMMEAN_SP_279782.parquet"
"8819","FINAL_EMSDM_EMMEAN_SP_279783.parquet"
"8820","FINAL_EMSDM_EMMEAN_SP_279784.parquet"
"8821","FINAL_EMSDM_EMMEAN_SP_279785.parquet"
"8822","FINAL_EMSDM_EMMEAN_SP_279786.parquet"
"8823","FINAL_EMSDM_EMMEAN_SP_279787.parquet"
"8824","FINAL_EMSDM_EMMEAN_SP_279788.parquet"
"8825","FINAL_EMSDM_EMMEAN_SP_279789.parquet"
"8826","FINAL_EMSDM_EMMEAN_SP_279790.parquet"
"8827","FINAL_EMSDM_EMMEAN_SP_279791.parquet"
"8828","FINAL_EMSDM_EMMEAN_SP_279792.parquet"
"8829","FINAL_EMSDM_EMMEAN_SP_279797.parquet"
"8830","FINAL_EMSDM_EMMEAN_SP_279800.parquet"
"8831","FINAL_EMSDM_EMMEAN_SP_279803.parquet"
"8832","FINAL_EMSDM_EMMEAN_SP_279810.parquet"
"8833","FINAL_EMSDM_EMMEAN_SP_279812.parquet"
"8834","FINAL_EMSDM_EMMEAN_SP_279813.parquet"
"8835","FINAL_EMSDM_EMMEAN_SP_279816.parquet"
"8836","FINAL_EMSDM_EMMEAN_SP_279817.parquet"
"8837","FINAL_EMSDM_EMMEAN_SP_279818.parquet"
"8838","FINAL_EMSDM_EMMEAN_SP_279820.parquet"
"8839","FINAL_EMSDM_EMMEAN_SP_279823.parquet"
"8840","FINAL_EMSDM_EMMEAN_SP_279825.parquet"
"8841","FINAL_EMSDM_EMMEAN_SP_279828.parquet"
"8842","FINAL_EMSDM_EMMEAN_SP_279829.parquet"
"8843","FINAL_EMSDM_EMMEAN_SP_279830.parquet"
"8844","FINAL_EMSDM_EMMEAN_SP_279834.parquet"
"8845","FINAL_EMSDM_EMMEAN_SP_279835.parquet"
"8846","FINAL_EMSDM_EMMEAN_SP_279839.parquet"
"8847","FINAL_EMSDM_EMMEAN_SP_279840.parquet"
"8848","FINAL_EMSDM_EMMEAN_SP_279841.parquet"
"8849","FINAL_EMSDM_EMMEAN_SP_279842.parquet"
"8850","FINAL_EMSDM_EMMEAN_SP_279845.parquet"
"8851","FINAL_EMSDM_EMMEAN_SP_279846.parquet"
"8852","FINAL_EMSDM_EMMEAN_SP_279847.parquet"
"8853","FINAL_EMSDM_EMMEAN_SP_279848.parquet"
"8854","FINAL_EMSDM_EMMEAN_SP_279849.parquet"
"8855","FINAL_EMSDM_EMMEAN_SP_279851.parquet"
"8856","FINAL_EMSDM_EMMEAN_SP_279852.parquet"
"8857","FINAL_EMSDM_EMMEAN_SP_279854.parquet"
"8858","FINAL_EMSDM_EMMEAN_SP_279856.parquet"
"8859","FINAL_EMSDM_EMMEAN_SP_279857.parquet"
"8860","FINAL_EMSDM_EMMEAN_SP_279858.parquet"
"8861","FINAL_EMSDM_EMMEAN_SP_279861.parquet"
"8862","FINAL_EMSDM_EMMEAN_SP_279862.parquet"
"8863","FINAL_EMSDM_EMMEAN_SP_279864.parquet"
"8864","FINAL_EMSDM_EMMEAN_SP_279865.parquet"
"8865","FINAL_EMSDM_EMMEAN_SP_279866.parquet"
"8866","FINAL_EMSDM_EMMEAN_SP_279867.parquet"
"8867","FINAL_EMSDM_EMMEAN_SP_279868.parquet"
"8868","FINAL_EMSDM_EMMEAN_SP_279872.parquet"
"8869","FINAL_EMSDM_EMMEAN_SP_279873.parquet"
"8870","FINAL_EMSDM_EMMEAN_SP_279875.parquet"
"8871","FINAL_EMSDM_EMMEAN_SP_279880.parquet"
"8872","FINAL_EMSDM_EMMEAN_SP_279881.parquet"
"8873","FINAL_EMSDM_EMMEAN_SP_279883.parquet"
"8874","FINAL_EMSDM_EMMEAN_SP_279887.parquet"
"8875","FINAL_EMSDM_EMMEAN_SP_279888.parquet"
"8876","FINAL_EMSDM_EMMEAN_SP_279890.parquet"
"8877","FINAL_EMSDM_EMMEAN_SP_279899.parquet"
"8878","FINAL_EMSDM_EMMEAN_SP_279900.parquet"
"8879","FINAL_EMSDM_EMMEAN_SP_279901.parquet"
"8880","FINAL_EMSDM_EMMEAN_SP_279902.parquet"
"8881","FINAL_EMSDM_EMMEAN_SP_279903.parquet"
"8882","FINAL_EMSDM_EMMEAN_SP_279904.parquet"
"8883","FINAL_EMSDM_EMMEAN_SP_279907.parquet"
"8884","FINAL_EMSDM_EMMEAN_SP_279908.parquet"
"8885","FINAL_EMSDM_EMMEAN_SP_279909.parquet"
"8886","FINAL_EMSDM_EMMEAN_SP_279910.parquet"
"8887","FINAL_EMSDM_EMMEAN_SP_279914.parquet"
"8888","FINAL_EMSDM_EMMEAN_SP_279915.parquet"
"8889","FINAL_EMSDM_EMMEAN_SP_279919.parquet"
"8890","FINAL_EMSDM_EMMEAN_SP_279921.parquet"
"8891","FINAL_EMSDM_EMMEAN_SP_279924.parquet"
"8892","FINAL_EMSDM_EMMEAN_SP_279926.parquet"
"8893","FINAL_EMSDM_EMMEAN_SP_279927.parquet"
"8894","FINAL_EMSDM_EMMEAN_SP_279928.parquet"
"8895","FINAL_EMSDM_EMMEAN_SP_279929.parquet"
"8896","FINAL_EMSDM_EMMEAN_SP_279932.parquet"
"8897","FINAL_EMSDM_EMMEAN_SP_279935.parquet"
"8898","FINAL_EMSDM_EMMEAN_SP_279936.parquet"
"8899","FINAL_EMSDM_EMMEAN_SP_279938.parquet"
"8900","FINAL_EMSDM_EMMEAN_SP_279939.parquet"
"8901","FINAL_EMSDM_EMMEAN_SP_279940.parquet"
"8902","FINAL_EMSDM_EMMEAN_SP_279941.parquet"
"8903","FINAL_EMSDM_EMMEAN_SP_279944.parquet"
"8904","FINAL_EMSDM_EMMEAN_SP_279950.parquet"
"8905","FINAL_EMSDM_EMMEAN_SP_279951.parquet"
"8906","FINAL_EMSDM_EMMEAN_SP_279952.parquet"
"8907","FINAL_EMSDM_EMMEAN_SP_279953.parquet"
"8908","FINAL_EMSDM_EMMEAN_SP_279954.parquet"
"8909","FINAL_EMSDM_EMMEAN_SP_279959.parquet"
"8910","FINAL_EMSDM_EMMEAN_SP_279960.parquet"
"8911","FINAL_EMSDM_EMMEAN_SP_279965.parquet"
"8912","FINAL_EMSDM_EMMEAN_SP_279967.parquet"
"8913","FINAL_EMSDM_EMMEAN_SP_279968.parquet"
"8914","FINAL_EMSDM_EMMEAN_SP_279972.parquet"
"8915","FINAL_EMSDM_EMMEAN_SP_279982.parquet"
"8916","FINAL_EMSDM_EMMEAN_SP_279987.parquet"
"8917","FINAL_EMSDM_EMMEAN_SP_279991.parquet"
"8918","FINAL_EMSDM_EMMEAN_SP_279992.parquet"
"8919","FINAL_EMSDM_EMMEAN_SP_279993.parquet"
"8920","FINAL_EMSDM_EMMEAN_SP_279994.parquet"
"8921","FINAL_EMSDM_EMMEAN_SP_279995.parquet"
"8922","FINAL_EMSDM_EMMEAN_SP_279996.parquet"
"8923","FINAL_EMSDM_EMMEAN_SP_279997.parquet"
"8924","FINAL_EMSDM_EMMEAN_SP_280000.parquet"
"8925","FINAL_EMSDM_EMMEAN_SP_280006.parquet"
"8926","FINAL_EMSDM_EMMEAN_SP_280010.parquet"
"8927","FINAL_EMSDM_EMMEAN_SP_280019.parquet"
"8928","FINAL_EMSDM_EMMEAN_SP_280022.parquet"
"8929","FINAL_EMSDM_EMMEAN_SP_280023.parquet"
"8930","FINAL_EMSDM_EMMEAN_SP_280026.parquet"
"8931","FINAL_EMSDM_EMMEAN_SP_280027.parquet"
"8932","FINAL_EMSDM_EMMEAN_SP_280028.parquet"
"8933","FINAL_EMSDM_EMMEAN_SP_280030.parquet"
"8934","FINAL_EMSDM_EMMEAN_SP_280031.parquet"
"8935","FINAL_EMSDM_EMMEAN_SP_280033.parquet"
"8936","FINAL_EMSDM_EMMEAN_SP_280035.parquet"
"8937","FINAL_EMSDM_EMMEAN_SP_280037.parquet"
"8938","FINAL_EMSDM_EMMEAN_SP_280040.parquet"
"8939","FINAL_EMSDM_EMMEAN_SP_280041.parquet"
"8940","FINAL_EMSDM_EMMEAN_SP_280042.parquet"
"8941","FINAL_EMSDM_EMMEAN_SP_280054.parquet"
"8942","FINAL_EMSDM_EMMEAN_SP_280056.parquet"
"8943","FINAL_EMSDM_EMMEAN_SP_280059.parquet"
"8944","FINAL_EMSDM_EMMEAN_SP_280060.parquet"
"8945","FINAL_EMSDM_EMMEAN_SP_280061.parquet"
"8946","FINAL_EMSDM_EMMEAN_SP_280062.parquet"
"8947","FINAL_EMSDM_EMMEAN_SP_280063.parquet"
"8948","FINAL_EMSDM_EMMEAN_SP_280064.parquet"
"8949","FINAL_EMSDM_EMMEAN_SP_280065.parquet"
"8950","FINAL_EMSDM_EMMEAN_SP_280066.parquet"
"8951","FINAL_EMSDM_EMMEAN_SP_280067.parquet"
"8952","FINAL_EMSDM_EMMEAN_SP_280069.parquet"
"8953","FINAL_EMSDM_EMMEAN_SP_280070.parquet"
"8954","FINAL_EMSDM_EMMEAN_SP_280071.parquet"
"8955","FINAL_EMSDM_EMMEAN_SP_280077.parquet"
"8956","FINAL_EMSDM_EMMEAN_SP_280078.parquet"
"8957","FINAL_EMSDM_EMMEAN_SP_280079.parquet"
"8958","FINAL_EMSDM_EMMEAN_SP_280082.parquet"
"8959","FINAL_EMSDM_EMMEAN_SP_280084.parquet"
"8960","FINAL_EMSDM_EMMEAN_SP_280085.parquet"
"8961","FINAL_EMSDM_EMMEAN_SP_280091.parquet"
"8962","FINAL_EMSDM_EMMEAN_SP_280092.parquet"
"8963","FINAL_EMSDM_EMMEAN_SP_280095.parquet"
"8964","FINAL_EMSDM_EMMEAN_SP_280101.parquet"
"8965","FINAL_EMSDM_EMMEAN_SP_280103.parquet"
"8966","FINAL_EMSDM_EMMEAN_SP_280104.parquet"
"8967","FINAL_EMSDM_EMMEAN_SP_280105.parquet"
"8968","FINAL_EMSDM_EMMEAN_SP_280106.parquet"
"8969","FINAL_EMSDM_EMMEAN_SP_280107.parquet"
"8970","FINAL_EMSDM_EMMEAN_SP_280108.parquet"
"8971","FINAL_EMSDM_EMMEAN_SP_280109.parquet"
"8972","FINAL_EMSDM_EMMEAN_SP_280110.parquet"
"8973","FINAL_EMSDM_EMMEAN_SP_280111.parquet"
"8974","FINAL_EMSDM_EMMEAN_SP_280112.parquet"
"8975","FINAL_EMSDM_EMMEAN_SP_280113.parquet"
"8976","FINAL_EMSDM_EMMEAN_SP_280114.parquet"
"8977","FINAL_EMSDM_EMMEAN_SP_280115.parquet"
"8978","FINAL_EMSDM_EMMEAN_SP_280116.parquet"
"8979","FINAL_EMSDM_EMMEAN_SP_280117.parquet"
"8980","FINAL_EMSDM_EMMEAN_SP_280118.parquet"
"8981","FINAL_EMSDM_EMMEAN_SP_280119.parquet"
"8982","FINAL_EMSDM_EMMEAN_SP_280120.parquet"
"8983","FINAL_EMSDM_EMMEAN_SP_280121.parquet"
"8984","FINAL_EMSDM_EMMEAN_SP_280122.parquet"
"8985","FINAL_EMSDM_EMMEAN_SP_280123.parquet"
"8986","FINAL_EMSDM_EMMEAN_SP_280124.parquet"
"8987","FINAL_EMSDM_EMMEAN_SP_280125.parquet"
"8988","FINAL_EMSDM_EMMEAN_SP_280133.parquet"
"8989","FINAL_EMSDM_EMMEAN_SP_280136.parquet"
"8990","FINAL_EMSDM_EMMEAN_SP_280137.parquet"
"8991","FINAL_EMSDM_EMMEAN_SP_280141.parquet"
"8992","FINAL_EMSDM_EMMEAN_SP_280142.parquet"
"8993","FINAL_EMSDM_EMMEAN_SP_280144.parquet"
"8994","FINAL_EMSDM_EMMEAN_SP_280146.parquet"
"8995","FINAL_EMSDM_EMMEAN_SP_280147.parquet"
"8996","FINAL_EMSDM_EMMEAN_SP_280148.parquet"
"8997","FINAL_EMSDM_EMMEAN_SP_280152.parquet"
"8998","FINAL_EMSDM_EMMEAN_SP_280154.parquet"
"8999","FINAL_EMSDM_EMMEAN_SP_280164.parquet"
"9000","FINAL_EMSDM_EMMEAN_SP_280173.parquet"
"9001","FINAL_EMSDM_EMMEAN_SP_280174.parquet"
"9002","FINAL_EMSDM_EMMEAN_SP_280179.parquet"
"9003","FINAL_EMSDM_EMMEAN_SP_280187.parquet"
"9004","FINAL_EMSDM_EMMEAN_SP_280190.parquet"
"9005","FINAL_EMSDM_EMMEAN_SP_280193.parquet"
"9006","FINAL_EMSDM_EMMEAN_SP_280194.parquet"
"9007","FINAL_EMSDM_EMMEAN_SP_280195.parquet"
"9008","FINAL_EMSDM_EMMEAN_SP_280196.parquet"
"9009","FINAL_EMSDM_EMMEAN_SP_280197.parquet"
"9010","FINAL_EMSDM_EMMEAN_SP_280198.parquet"
"9011","FINAL_EMSDM_EMMEAN_SP_280199.parquet"
"9012","FINAL_EMSDM_EMMEAN_SP_280200.parquet"
"9013","FINAL_EMSDM_EMMEAN_SP_280208.parquet"
"9014","FINAL_EMSDM_EMMEAN_SP_280209.parquet"
"9015","FINAL_EMSDM_EMMEAN_SP_280211.parquet"
"9016","FINAL_EMSDM_EMMEAN_SP_280212.parquet"
"9017","FINAL_EMSDM_EMMEAN_SP_280213.parquet"
"9018","FINAL_EMSDM_EMMEAN_SP_280215.parquet"
"9019","FINAL_EMSDM_EMMEAN_SP_280216.parquet"
"9020","FINAL_EMSDM_EMMEAN_SP_280217.parquet"
"9021","FINAL_EMSDM_EMMEAN_SP_280221.parquet"
"9022","FINAL_EMSDM_EMMEAN_SP_280223.parquet"
"9023","FINAL_EMSDM_EMMEAN_SP_280227.parquet"
"9024","FINAL_EMSDM_EMMEAN_SP_280233.parquet"
"9025","FINAL_EMSDM_EMMEAN_SP_280239.parquet"
"9026","FINAL_EMSDM_EMMEAN_SP_280249.parquet"
"9027","FINAL_EMSDM_EMMEAN_SP_280261.parquet"
"9028","FINAL_EMSDM_EMMEAN_SP_280281.parquet"
"9029","FINAL_EMSDM_EMMEAN_SP_280299.parquet"
"9030","FINAL_EMSDM_EMMEAN_SP_280319.parquet"
"9031","FINAL_EMSDM_EMMEAN_SP_280323.parquet"
"9032","FINAL_EMSDM_EMMEAN_SP_280354.parquet"
"9033","FINAL_EMSDM_EMMEAN_SP_280361.parquet"
"9034","FINAL_EMSDM_EMMEAN_SP_280362.parquet"
"9035","FINAL_EMSDM_EMMEAN_SP_280364.parquet"
"9036","FINAL_EMSDM_EMMEAN_SP_280367.parquet"
"9037","FINAL_EMSDM_EMMEAN_SP_280370.parquet"
"9038","FINAL_EMSDM_EMMEAN_SP_280371.parquet"
"9039","FINAL_EMSDM_EMMEAN_SP_280372.parquet"
"9040","FINAL_EMSDM_EMMEAN_SP_280373.parquet"
"9041","FINAL_EMSDM_EMMEAN_SP_280374.parquet"
"9042","FINAL_EMSDM_EMMEAN_SP_280379.parquet"
"9043","FINAL_EMSDM_EMMEAN_SP_280381.parquet"
"9044","FINAL_EMSDM_EMMEAN_SP_280382.parquet"
"9045","FINAL_EMSDM_EMMEAN_SP_280384.parquet"
"9046","FINAL_EMSDM_EMMEAN_SP_280385.parquet"
"9047","FINAL_EMSDM_EMMEAN_SP_280386.parquet"
"9048","FINAL_EMSDM_EMMEAN_SP_280387.parquet"
"9049","FINAL_EMSDM_EMMEAN_SP_280388.parquet"
"9050","FINAL_EMSDM_EMMEAN_SP_280389.parquet"
"9051","FINAL_EMSDM_EMMEAN_SP_280390.parquet"
"9052","FINAL_EMSDM_EMMEAN_SP_280391.parquet"
"9053","FINAL_EMSDM_EMMEAN_SP_280392.parquet"
"9054","FINAL_EMSDM_EMMEAN_SP_280393.parquet"
"9055","FINAL_EMSDM_EMMEAN_SP_280394.parquet"
"9056","FINAL_EMSDM_EMMEAN_SP_280395.parquet"
"9057","FINAL_EMSDM_EMMEAN_SP_280396.parquet"
"9058","FINAL_EMSDM_EMMEAN_SP_280397.parquet"
"9059","FINAL_EMSDM_EMMEAN_SP_280398.parquet"
"9060","FINAL_EMSDM_EMMEAN_SP_280402.parquet"
"9061","FINAL_EMSDM_EMMEAN_SP_280403.parquet"
"9062","FINAL_EMSDM_EMMEAN_SP_280421.parquet"
"9063","FINAL_EMSDM_EMMEAN_SP_280435.parquet"
"9064","FINAL_EMSDM_EMMEAN_SP_280437.parquet"
"9065","FINAL_EMSDM_EMMEAN_SP_280444.parquet"
"9066","FINAL_EMSDM_EMMEAN_SP_280446.parquet"
"9067","FINAL_EMSDM_EMMEAN_SP_280447.parquet"
"9068","FINAL_EMSDM_EMMEAN_SP_280448.parquet"
"9069","FINAL_EMSDM_EMMEAN_SP_280456.parquet"
"9070","FINAL_EMSDM_EMMEAN_SP_280457.parquet"
"9071","FINAL_EMSDM_EMMEAN_SP_280459.parquet"
"9072","FINAL_EMSDM_EMMEAN_SP_280461.parquet"
"9073","FINAL_EMSDM_EMMEAN_SP_280462.parquet"
"9074","FINAL_EMSDM_EMMEAN_SP_280463.parquet"
"9075","FINAL_EMSDM_EMMEAN_SP_280467.parquet"
"9076","FINAL_EMSDM_EMMEAN_SP_280470.parquet"
"9077","FINAL_EMSDM_EMMEAN_SP_280471.parquet"
"9078","FINAL_EMSDM_EMMEAN_SP_280472.parquet"
"9079","FINAL_EMSDM_EMMEAN_SP_280474.parquet"
"9080","FINAL_EMSDM_EMMEAN_SP_280475.parquet"
"9081","FINAL_EMSDM_EMMEAN_SP_280479.parquet"
"9082","FINAL_EMSDM_EMMEAN_SP_280480.parquet"
"9083","FINAL_EMSDM_EMMEAN_SP_280483.parquet"
"9084","FINAL_EMSDM_EMMEAN_SP_280485.parquet"
"9085","FINAL_EMSDM_EMMEAN_SP_280495.parquet"
"9086","FINAL_EMSDM_EMMEAN_SP_280496.parquet"
"9087","FINAL_EMSDM_EMMEAN_SP_280497.parquet"
"9088","FINAL_EMSDM_EMMEAN_SP_280499.parquet"
"9089","FINAL_EMSDM_EMMEAN_SP_280509.parquet"
"9090","FINAL_EMSDM_EMMEAN_SP_280516.parquet"
"9091","FINAL_EMSDM_EMMEAN_SP_280517.parquet"
"9092","FINAL_EMSDM_EMMEAN_SP_280518.parquet"
"9093","FINAL_EMSDM_EMMEAN_SP_280520.parquet"
"9094","FINAL_EMSDM_EMMEAN_SP_280523.parquet"
"9095","FINAL_EMSDM_EMMEAN_SP_280528.parquet"
"9096","FINAL_EMSDM_EMMEAN_SP_280530.parquet"
"9097","FINAL_EMSDM_EMMEAN_SP_280534.parquet"
"9098","FINAL_EMSDM_EMMEAN_SP_280544.parquet"
"9099","FINAL_EMSDM_EMMEAN_SP_280546.parquet"
"9100","FINAL_EMSDM_EMMEAN_SP_280549.parquet"
"9101","FINAL_EMSDM_EMMEAN_SP_280550.parquet"
"9102","FINAL_EMSDM_EMMEAN_SP_280551.parquet"
"9103","FINAL_EMSDM_EMMEAN_SP_280553.parquet"
"9104","FINAL_EMSDM_EMMEAN_SP_280554.parquet"
"9105","FINAL_EMSDM_EMMEAN_SP_280559.parquet"
"9106","FINAL_EMSDM_EMMEAN_SP_280560.parquet"
"9107","FINAL_EMSDM_EMMEAN_SP_280561.parquet"
"9108","FINAL_EMSDM_EMMEAN_SP_280562.parquet"
"9109","FINAL_EMSDM_EMMEAN_SP_280563.parquet"
"9110","FINAL_EMSDM_EMMEAN_SP_280564.parquet"
"9111","FINAL_EMSDM_EMMEAN_SP_280565.parquet"
"9112","FINAL_EMSDM_EMMEAN_SP_280568.parquet"
"9113","FINAL_EMSDM_EMMEAN_SP_280575.parquet"
"9114","FINAL_EMSDM_EMMEAN_SP_280576.parquet"
"9115","FINAL_EMSDM_EMMEAN_SP_280577.parquet"
"9116","FINAL_EMSDM_EMMEAN_SP_280578.parquet"
"9117","FINAL_EMSDM_EMMEAN_SP_280592.parquet"
"9118","FINAL_EMSDM_EMMEAN_SP_280593.parquet"
"9119","FINAL_EMSDM_EMMEAN_SP_280594.parquet"
"9120","FINAL_EMSDM_EMMEAN_SP_280595.parquet"
"9121","FINAL_EMSDM_EMMEAN_SP_280598.parquet"
"9122","FINAL_EMSDM_EMMEAN_SP_280601.parquet"
"9123","FINAL_EMSDM_EMMEAN_SP_280602.parquet"
"9124","FINAL_EMSDM_EMMEAN_SP_280604.parquet"
"9125","FINAL_EMSDM_EMMEAN_SP_280605.parquet"
"9126","FINAL_EMSDM_EMMEAN_SP_280606.parquet"
"9127","FINAL_EMSDM_EMMEAN_SP_280611.parquet"
"9128","FINAL_EMSDM_EMMEAN_SP_280612.parquet"
"9129","FINAL_EMSDM_EMMEAN_SP_280616.parquet"
"9130","FINAL_EMSDM_EMMEAN_SP_280619.parquet"
"9131","FINAL_EMSDM_EMMEAN_SP_280620.parquet"
"9132","FINAL_EMSDM_EMMEAN_SP_280621.parquet"
"9133","FINAL_EMSDM_EMMEAN_SP_280625.parquet"
"9134","FINAL_EMSDM_EMMEAN_SP_280633.parquet"
"9135","FINAL_EMSDM_EMMEAN_SP_280640.parquet"
"9136","FINAL_EMSDM_EMMEAN_SP_280642.parquet"
"9137","FINAL_EMSDM_EMMEAN_SP_280643.parquet"
"9138","FINAL_EMSDM_EMMEAN_SP_280644.parquet"
"9139","FINAL_EMSDM_EMMEAN_SP_280645.parquet"
"9140","FINAL_EMSDM_EMMEAN_SP_280646.parquet"
"9141","FINAL_EMSDM_EMMEAN_SP_280647.parquet"
"9142","FINAL_EMSDM_EMMEAN_SP_280648.parquet"
"9143","FINAL_EMSDM_EMMEAN_SP_280649.parquet"
"9144","FINAL_EMSDM_EMMEAN_SP_280650.parquet"
"9145","FINAL_EMSDM_EMMEAN_SP_280651.parquet"
"9146","FINAL_EMSDM_EMMEAN_SP_280652.parquet"
"9147","FINAL_EMSDM_EMMEAN_SP_280653.parquet"
"9148","FINAL_EMSDM_EMMEAN_SP_280654.parquet"
"9149","FINAL_EMSDM_EMMEAN_SP_280655.parquet"
"9150","FINAL_EMSDM_EMMEAN_SP_280656.parquet"
"9151","FINAL_EMSDM_EMMEAN_SP_280657.parquet"
"9152","FINAL_EMSDM_EMMEAN_SP_280658.parquet"
"9153","FINAL_EMSDM_EMMEAN_SP_280659.parquet"
"9154","FINAL_EMSDM_EMMEAN_SP_280661.parquet"
"9155","FINAL_EMSDM_EMMEAN_SP_280662.parquet"
"9156","FINAL_EMSDM_EMMEAN_SP_280663.parquet"
"9157","FINAL_EMSDM_EMMEAN_SP_280664.parquet"
"9158","FINAL_EMSDM_EMMEAN_SP_280665.parquet"
"9159","FINAL_EMSDM_EMMEAN_SP_280666.parquet"
"9160","FINAL_EMSDM_EMMEAN_SP_280668.parquet"
"9161","FINAL_EMSDM_EMMEAN_SP_280669.parquet"
"9162","FINAL_EMSDM_EMMEAN_SP_280672.parquet"
"9163","FINAL_EMSDM_EMMEAN_SP_280677.parquet"
"9164","FINAL_EMSDM_EMMEAN_SP_280678.parquet"
"9165","FINAL_EMSDM_EMMEAN_SP_280679.parquet"
"9166","FINAL_EMSDM_EMMEAN_SP_280680.parquet"
"9167","FINAL_EMSDM_EMMEAN_SP_280681.parquet"
"9168","FINAL_EMSDM_EMMEAN_SP_280683.parquet"
"9169","FINAL_EMSDM_EMMEAN_SP_280684.parquet"
"9170","FINAL_EMSDM_EMMEAN_SP_280685.parquet"
"9171","FINAL_EMSDM_EMMEAN_SP_280689.parquet"
"9172","FINAL_EMSDM_EMMEAN_SP_280690.parquet"
"9173","FINAL_EMSDM_EMMEAN_SP_280691.parquet"
"9174","FINAL_EMSDM_EMMEAN_SP_280692.parquet"
"9175","FINAL_EMSDM_EMMEAN_SP_280695.parquet"
"9176","FINAL_EMSDM_EMMEAN_SP_280696.parquet"
"9177","FINAL_EMSDM_EMMEAN_SP_280699.parquet"
"9178","FINAL_EMSDM_EMMEAN_SP_280703.parquet"
"9179","FINAL_EMSDM_EMMEAN_SP_280708.parquet"
"9180","FINAL_EMSDM_EMMEAN_SP_280709.parquet"
"9181","FINAL_EMSDM_EMMEAN_SP_280710.parquet"
"9182","FINAL_EMSDM_EMMEAN_SP_280713.parquet"
"9183","FINAL_EMSDM_EMMEAN_SP_280714.parquet"
"9184","FINAL_EMSDM_EMMEAN_SP_280720.parquet"
"9185","FINAL_EMSDM_EMMEAN_SP_280721.parquet"
"9186","FINAL_EMSDM_EMMEAN_SP_280725.parquet"
"9187","FINAL_EMSDM_EMMEAN_SP_280726.parquet"
"9188","FINAL_EMSDM_EMMEAN_SP_280729.parquet"
"9189","FINAL_EMSDM_EMMEAN_SP_280730.parquet"
"9190","FINAL_EMSDM_EMMEAN_SP_280731.parquet"
"9191","FINAL_EMSDM_EMMEAN_SP_280732.parquet"
"9192","FINAL_EMSDM_EMMEAN_SP_280733.parquet"
"9193","FINAL_EMSDM_EMMEAN_SP_280738.parquet"
"9194","FINAL_EMSDM_EMMEAN_SP_280739.parquet"
"9195","FINAL_EMSDM_EMMEAN_SP_280740.parquet"
"9196","FINAL_EMSDM_EMMEAN_SP_280741.parquet"
"9197","FINAL_EMSDM_EMMEAN_SP_280743.parquet"
"9198","FINAL_EMSDM_EMMEAN_SP_280750.parquet"
"9199","FINAL_EMSDM_EMMEAN_SP_280757.parquet"
"9200","FINAL_EMSDM_EMMEAN_SP_280764.parquet"
"9201","FINAL_EMSDM_EMMEAN_SP_280765.parquet"
"9202","FINAL_EMSDM_EMMEAN_SP_280766.parquet"
"9203","FINAL_EMSDM_EMMEAN_SP_280768.parquet"
"9204","FINAL_EMSDM_EMMEAN_SP_280773.parquet"
"9205","FINAL_EMSDM_EMMEAN_SP_280775.parquet"
"9206","FINAL_EMSDM_EMMEAN_SP_280777.parquet"
"9207","FINAL_EMSDM_EMMEAN_SP_280778.parquet"
"9208","FINAL_EMSDM_EMMEAN_SP_280779.parquet"
"9209","FINAL_EMSDM_EMMEAN_SP_280790.parquet"
"9210","FINAL_EMSDM_EMMEAN_SP_280791.parquet"
"9211","FINAL_EMSDM_EMMEAN_SP_280792.parquet"
"9212","FINAL_EMSDM_EMMEAN_SP_280795.parquet"
"9213","FINAL_EMSDM_EMMEAN_SP_280796.parquet"
"9214","FINAL_EMSDM_EMMEAN_SP_280797.parquet"
"9215","FINAL_EMSDM_EMMEAN_SP_280799.parquet"
"9216","FINAL_EMSDM_EMMEAN_SP_280802.parquet"
"9217","FINAL_EMSDM_EMMEAN_SP_280805.parquet"
"9218","FINAL_EMSDM_EMMEAN_SP_280811.parquet"
"9219","FINAL_EMSDM_EMMEAN_SP_280820.parquet"
"9220","FINAL_EMSDM_EMMEAN_SP_280821.parquet"
"9221","FINAL_EMSDM_EMMEAN_SP_280822.parquet"
"9222","FINAL_EMSDM_EMMEAN_SP_280823.parquet"
"9223","FINAL_EMSDM_EMMEAN_SP_280824.parquet"
"9224","FINAL_EMSDM_EMMEAN_SP_280826.parquet"
"9225","FINAL_EMSDM_EMMEAN_SP_280828.parquet"
"9226","FINAL_EMSDM_EMMEAN_SP_280830.parquet"
"9227","FINAL_EMSDM_EMMEAN_SP_280833.parquet"
"9228","FINAL_EMSDM_EMMEAN_SP_280835.parquet"
"9229","FINAL_EMSDM_EMMEAN_SP_280836.parquet"
"9230","FINAL_EMSDM_EMMEAN_SP_280841.parquet"
"9231","FINAL_EMSDM_EMMEAN_SP_280842.parquet"
"9232","FINAL_EMSDM_EMMEAN_SP_280843.parquet"
"9233","FINAL_EMSDM_EMMEAN_SP_280844.parquet"
"9234","FINAL_EMSDM_EMMEAN_SP_280845.parquet"
"9235","FINAL_EMSDM_EMMEAN_SP_280846.parquet"
"9236","FINAL_EMSDM_EMMEAN_SP_280847.parquet"
"9237","FINAL_EMSDM_EMMEAN_SP_280848.parquet"
"9238","FINAL_EMSDM_EMMEAN_SP_280849.parquet"
"9239","FINAL_EMSDM_EMMEAN_SP_280850.parquet"
"9240","FINAL_EMSDM_EMMEAN_SP_280851.parquet"
"9241","FINAL_EMSDM_EMMEAN_SP_280853.parquet"
"9242","FINAL_EMSDM_EMMEAN_SP_280854.parquet"
"9243","FINAL_EMSDM_EMMEAN_SP_280855.parquet"
"9244","FINAL_EMSDM_EMMEAN_SP_280861.parquet"
"9245","FINAL_EMSDM_EMMEAN_SP_280865.parquet"
"9246","FINAL_EMSDM_EMMEAN_SP_280867.parquet"
"9247","FINAL_EMSDM_EMMEAN_SP_280871.parquet"
"9248","FINAL_EMSDM_EMMEAN_SP_280873.parquet"
"9249","FINAL_EMSDM_EMMEAN_SP_280874.parquet"
"9250","FINAL_EMSDM_EMMEAN_SP_280875.parquet"
"9251","FINAL_EMSDM_EMMEAN_SP_280876.parquet"
"9252","FINAL_EMSDM_EMMEAN_SP_280887.parquet"
"9253","FINAL_EMSDM_EMMEAN_SP_280892.parquet"
"9254","FINAL_EMSDM_EMMEAN_SP_280893.parquet"
"9255","FINAL_EMSDM_EMMEAN_SP_280896.parquet"
"9256","FINAL_EMSDM_EMMEAN_SP_280903.parquet"
"9257","FINAL_EMSDM_EMMEAN_SP_280912.parquet"
"9258","FINAL_EMSDM_EMMEAN_SP_280916.parquet"
"9259","FINAL_EMSDM_EMMEAN_SP_280923.parquet"
"9260","FINAL_EMSDM_EMMEAN_SP_280924.parquet"
"9261","FINAL_EMSDM_EMMEAN_SP_280926.parquet"
"9262","FINAL_EMSDM_EMMEAN_SP_280930.parquet"
"9263","FINAL_EMSDM_EMMEAN_SP_280931.parquet"
"9264","FINAL_EMSDM_EMMEAN_SP_280932.parquet"
"9265","FINAL_EMSDM_EMMEAN_SP_280933.parquet"
"9266","FINAL_EMSDM_EMMEAN_SP_280934.parquet"
"9267","FINAL_EMSDM_EMMEAN_SP_280935.parquet"
"9268","FINAL_EMSDM_EMMEAN_SP_280936.parquet"
"9269","FINAL_EMSDM_EMMEAN_SP_280942.parquet"
"9270","FINAL_EMSDM_EMMEAN_SP_280944.parquet"
"9271","FINAL_EMSDM_EMMEAN_SP_280949.parquet"
"9272","FINAL_EMSDM_EMMEAN_SP_280950.parquet"
"9273","FINAL_EMSDM_EMMEAN_SP_280951.parquet"
"9274","FINAL_EMSDM_EMMEAN_SP_280952.parquet"
"9275","FINAL_EMSDM_EMMEAN_SP_280973.parquet"
"9276","FINAL_EMSDM_EMMEAN_SP_280974.parquet"
"9277","FINAL_EMSDM_EMMEAN_SP_280975.parquet"
"9278","FINAL_EMSDM_EMMEAN_SP_280976.parquet"
"9279","FINAL_EMSDM_EMMEAN_SP_280979.parquet"
"9280","FINAL_EMSDM_EMMEAN_SP_280980.parquet"
"9281","FINAL_EMSDM_EMMEAN_SP_280981.parquet"
"9282","FINAL_EMSDM_EMMEAN_SP_280982.parquet"
"9283","FINAL_EMSDM_EMMEAN_SP_280985.parquet"
"9284","FINAL_EMSDM_EMMEAN_SP_280987.parquet"
"9285","FINAL_EMSDM_EMMEAN_SP_280997.parquet"
"9286","FINAL_EMSDM_EMMEAN_SP_280998.parquet"
"9287","FINAL_EMSDM_EMMEAN_SP_281005.parquet"
"9288","FINAL_EMSDM_EMMEAN_SP_281008.parquet"
"9289","FINAL_EMSDM_EMMEAN_SP_281009.parquet"
"9290","FINAL_EMSDM_EMMEAN_SP_281023.parquet"
"9291","FINAL_EMSDM_EMMEAN_SP_281024.parquet"
"9292","FINAL_EMSDM_EMMEAN_SP_281028.parquet"
"9293","FINAL_EMSDM_EMMEAN_SP_281035.parquet"
"9294","FINAL_EMSDM_EMMEAN_SP_281036.parquet"
"9295","FINAL_EMSDM_EMMEAN_SP_281037.parquet"
"9296","FINAL_EMSDM_EMMEAN_SP_281038.parquet"
"9297","FINAL_EMSDM_EMMEAN_SP_281039.parquet"
"9298","FINAL_EMSDM_EMMEAN_SP_281040.parquet"
"9299","FINAL_EMSDM_EMMEAN_SP_281041.parquet"
"9300","FINAL_EMSDM_EMMEAN_SP_281042.parquet"
"9301","FINAL_EMSDM_EMMEAN_SP_281043.parquet"
"9302","FINAL_EMSDM_EMMEAN_SP_281046.parquet"
"9303","FINAL_EMSDM_EMMEAN_SP_281051.parquet"
"9304","FINAL_EMSDM_EMMEAN_SP_281053.parquet"
"9305","FINAL_EMSDM_EMMEAN_SP_281054.parquet"
"9306","FINAL_EMSDM_EMMEAN_SP_281055.parquet"
"9307","FINAL_EMSDM_EMMEAN_SP_281056.parquet"
"9308","FINAL_EMSDM_EMMEAN_SP_281057.parquet"
"9309","FINAL_EMSDM_EMMEAN_SP_281059.parquet"
"9310","FINAL_EMSDM_EMMEAN_SP_281060.parquet"
"9311","FINAL_EMSDM_EMMEAN_SP_281061.parquet"
"9312","FINAL_EMSDM_EMMEAN_SP_281063.parquet"
"9313","FINAL_EMSDM_EMMEAN_SP_281064.parquet"
"9314","FINAL_EMSDM_EMMEAN_SP_281065.parquet"
"9315","FINAL_EMSDM_EMMEAN_SP_281066.parquet"
"9316","FINAL_EMSDM_EMMEAN_SP_281067.parquet"
"9317","FINAL_EMSDM_EMMEAN_SP_281068.parquet"
"9318","FINAL_EMSDM_EMMEAN_SP_281069.parquet"
"9319","FINAL_EMSDM_EMMEAN_SP_281075.parquet"
"9320","FINAL_EMSDM_EMMEAN_SP_281078.parquet"
"9321","FINAL_EMSDM_EMMEAN_SP_281079.parquet"
"9322","FINAL_EMSDM_EMMEAN_SP_281080.parquet"
"9323","FINAL_EMSDM_EMMEAN_SP_281084.parquet"
"9324","FINAL_EMSDM_EMMEAN_SP_281085.parquet"
"9325","FINAL_EMSDM_EMMEAN_SP_281086.parquet"
"9326","FINAL_EMSDM_EMMEAN_SP_281087.parquet"
"9327","FINAL_EMSDM_EMMEAN_SP_281095.parquet"
"9328","FINAL_EMSDM_EMMEAN_SP_281096.parquet"
"9329","FINAL_EMSDM_EMMEAN_SP_281100.parquet"
"9330","FINAL_EMSDM_EMMEAN_SP_281109.parquet"
"9331","FINAL_EMSDM_EMMEAN_SP_281112.parquet"
"9332","FINAL_EMSDM_EMMEAN_SP_281113.parquet"
"9333","FINAL_EMSDM_EMMEAN_SP_281114.parquet"
"9334","FINAL_EMSDM_EMMEAN_SP_281115.parquet"
"9335","FINAL_EMSDM_EMMEAN_SP_281116.parquet"
"9336","FINAL_EMSDM_EMMEAN_SP_281117.parquet"
"9337","FINAL_EMSDM_EMMEAN_SP_281118.parquet"
"9338","FINAL_EMSDM_EMMEAN_SP_281119.parquet"
"9339","FINAL_EMSDM_EMMEAN_SP_281120.parquet"
"9340","FINAL_EMSDM_EMMEAN_SP_281121.parquet"
"9341","FINAL_EMSDM_EMMEAN_SP_281122.parquet"
"9342","FINAL_EMSDM_EMMEAN_SP_281126.parquet"
"9343","FINAL_EMSDM_EMMEAN_SP_281127.parquet"
"9344","FINAL_EMSDM_EMMEAN_SP_281130.parquet"
"9345","FINAL_EMSDM_EMMEAN_SP_281136.parquet"
"9346","FINAL_EMSDM_EMMEAN_SP_281144.parquet"
"9347","FINAL_EMSDM_EMMEAN_SP_281154.parquet"
"9348","FINAL_EMSDM_EMMEAN_SP_281157.parquet"
"9349","FINAL_EMSDM_EMMEAN_SP_281158.parquet"
"9350","FINAL_EMSDM_EMMEAN_SP_281159.parquet"
"9351","FINAL_EMSDM_EMMEAN_SP_281160.parquet"
"9352","FINAL_EMSDM_EMMEAN_SP_281161.parquet"
"9353","FINAL_EMSDM_EMMEAN_SP_281162.parquet"
"9354","FINAL_EMSDM_EMMEAN_SP_281163.parquet"
"9355","FINAL_EMSDM_EMMEAN_SP_281164.parquet"
"9356","FINAL_EMSDM_EMMEAN_SP_281165.parquet"
"9357","FINAL_EMSDM_EMMEAN_SP_281166.parquet"
"9358","FINAL_EMSDM_EMMEAN_SP_281167.parquet"
"9359","FINAL_EMSDM_EMMEAN_SP_281168.parquet"
"9360","FINAL_EMSDM_EMMEAN_SP_281169.parquet"
"9361","FINAL_EMSDM_EMMEAN_SP_281170.parquet"
"9362","FINAL_EMSDM_EMMEAN_SP_281171.parquet"
"9363","FINAL_EMSDM_EMMEAN_SP_281174.parquet"
"9364","FINAL_EMSDM_EMMEAN_SP_281179.parquet"
"9365","FINAL_EMSDM_EMMEAN_SP_281181.parquet"
"9366","FINAL_EMSDM_EMMEAN_SP_281183.parquet"
"9367","FINAL_EMSDM_EMMEAN_SP_281184.parquet"
"9368","FINAL_EMSDM_EMMEAN_SP_281186.parquet"
"9369","FINAL_EMSDM_EMMEAN_SP_281187.parquet"
"9370","FINAL_EMSDM_EMMEAN_SP_281188.parquet"
"9371","FINAL_EMSDM_EMMEAN_SP_281189.parquet"
"9372","FINAL_EMSDM_EMMEAN_SP_281191.parquet"
"9373","FINAL_EMSDM_EMMEAN_SP_281192.parquet"
"9374","FINAL_EMSDM_EMMEAN_SP_281193.parquet"
"9375","FINAL_EMSDM_EMMEAN_SP_281196.parquet"
"9376","FINAL_EMSDM_EMMEAN_SP_281198.parquet"
"9377","FINAL_EMSDM_EMMEAN_SP_281199.parquet"
"9378","FINAL_EMSDM_EMMEAN_SP_281200.parquet"
"9379","FINAL_EMSDM_EMMEAN_SP_281201.parquet"
"9380","FINAL_EMSDM_EMMEAN_SP_281202.parquet"
"9381","FINAL_EMSDM_EMMEAN_SP_281207.parquet"
"9382","FINAL_EMSDM_EMMEAN_SP_281211.parquet"
"9383","FINAL_EMSDM_EMMEAN_SP_281213.parquet"
"9384","FINAL_EMSDM_EMMEAN_SP_281216.parquet"
"9385","FINAL_EMSDM_EMMEAN_SP_281217.parquet"
"9386","FINAL_EMSDM_EMMEAN_SP_281218.parquet"
"9387","FINAL_EMSDM_EMMEAN_SP_281219.parquet"
"9388","FINAL_EMSDM_EMMEAN_SP_281220.parquet"
"9389","FINAL_EMSDM_EMMEAN_SP_281223.parquet"
"9390","FINAL_EMSDM_EMMEAN_SP_281225.parquet"
"9391","FINAL_EMSDM_EMMEAN_SP_281226.parquet"
"9392","FINAL_EMSDM_EMMEAN_SP_281234.parquet"
"9393","FINAL_EMSDM_EMMEAN_SP_281242.parquet"
"9394","FINAL_EMSDM_EMMEAN_SP_281243.parquet"
"9395","FINAL_EMSDM_EMMEAN_SP_281249.parquet"
"9396","FINAL_EMSDM_EMMEAN_SP_281251.parquet"
"9397","FINAL_EMSDM_EMMEAN_SP_281256.parquet"
"9398","FINAL_EMSDM_EMMEAN_SP_281258.parquet"
"9399","FINAL_EMSDM_EMMEAN_SP_281260.parquet"
"9400","FINAL_EMSDM_EMMEAN_SP_281261.parquet"
"9401","FINAL_EMSDM_EMMEAN_SP_281262.parquet"
"9402","FINAL_EMSDM_EMMEAN_SP_281263.parquet"
"9403","FINAL_EMSDM_EMMEAN_SP_281265.parquet"
"9404","FINAL_EMSDM_EMMEAN_SP_281266.parquet"
"9405","FINAL_EMSDM_EMMEAN_SP_281269.parquet"
"9406","FINAL_EMSDM_EMMEAN_SP_281270.parquet"
"9407","FINAL_EMSDM_EMMEAN_SP_281271.parquet"
"9408","FINAL_EMSDM_EMMEAN_SP_281272.parquet"
"9409","FINAL_EMSDM_EMMEAN_SP_281273.parquet"
"9410","FINAL_EMSDM_EMMEAN_SP_281275.parquet"
"9411","FINAL_EMSDM_EMMEAN_SP_281288.parquet"
"9412","FINAL_EMSDM_EMMEAN_SP_281289.parquet"
"9413","FINAL_EMSDM_EMMEAN_SP_281290.parquet"
"9414","FINAL_EMSDM_EMMEAN_SP_281292.parquet"
"9415","FINAL_EMSDM_EMMEAN_SP_281294.parquet"
"9416","FINAL_EMSDM_EMMEAN_SP_281295.parquet"
"9417","FINAL_EMSDM_EMMEAN_SP_281299.parquet"
"9418","FINAL_EMSDM_EMMEAN_SP_281303.parquet"
"9419","FINAL_EMSDM_EMMEAN_SP_281305.parquet"
"9420","FINAL_EMSDM_EMMEAN_SP_281306.parquet"
"9421","FINAL_EMSDM_EMMEAN_SP_281307.parquet"
"9422","FINAL_EMSDM_EMMEAN_SP_281311.parquet"
"9423","FINAL_EMSDM_EMMEAN_SP_281316.parquet"
"9424","FINAL_EMSDM_EMMEAN_SP_281317.parquet"
"9425","FINAL_EMSDM_EMMEAN_SP_281318.parquet"
"9426","FINAL_EMSDM_EMMEAN_SP_281319.parquet"
"9427","FINAL_EMSDM_EMMEAN_SP_281320.parquet"
"9428","FINAL_EMSDM_EMMEAN_SP_281321.parquet"
"9429","FINAL_EMSDM_EMMEAN_SP_281322.parquet"
"9430","FINAL_EMSDM_EMMEAN_SP_281324.parquet"
"9431","FINAL_EMSDM_EMMEAN_SP_281325.parquet"
"9432","FINAL_EMSDM_EMMEAN_SP_281326.parquet"
"9433","FINAL_EMSDM_EMMEAN_SP_281336.parquet"
"9434","FINAL_EMSDM_EMMEAN_SP_281343.parquet"
"9435","FINAL_EMSDM_EMMEAN_SP_281345.parquet"
"9436","FINAL_EMSDM_EMMEAN_SP_281346.parquet"
"9437","FINAL_EMSDM_EMMEAN_SP_281347.parquet"
"9438","FINAL_EMSDM_EMMEAN_SP_281348.parquet"
"9439","FINAL_EMSDM_EMMEAN_SP_281349.parquet"
"9440","FINAL_EMSDM_EMMEAN_SP_281350.parquet"
"9441","FINAL_EMSDM_EMMEAN_SP_281351.parquet"
"9442","FINAL_EMSDM_EMMEAN_SP_281352.parquet"
"9443","FINAL_EMSDM_EMMEAN_SP_281353.parquet"
"9444","FINAL_EMSDM_EMMEAN_SP_281359.parquet"
"9445","FINAL_EMSDM_EMMEAN_SP_281361.parquet"
"9446","FINAL_EMSDM_EMMEAN_SP_281366.parquet"
"9447","FINAL_EMSDM_EMMEAN_SP_281367.parquet"
"9448","FINAL_EMSDM_EMMEAN_SP_281368.parquet"
"9449","FINAL_EMSDM_EMMEAN_SP_281369.parquet"
"9450","FINAL_EMSDM_EMMEAN_SP_281375.parquet"
"9451","FINAL_EMSDM_EMMEAN_SP_281376.parquet"
"9452","FINAL_EMSDM_EMMEAN_SP_281377.parquet"
"9453","FINAL_EMSDM_EMMEAN_SP_281378.parquet"
"9454","FINAL_EMSDM_EMMEAN_SP_281379.parquet"
"9455","FINAL_EMSDM_EMMEAN_SP_281380.parquet"
"9456","FINAL_EMSDM_EMMEAN_SP_281382.parquet"
"9457","FINAL_EMSDM_EMMEAN_SP_281383.parquet"
"9458","FINAL_EMSDM_EMMEAN_SP_281384.parquet"
"9459","FINAL_EMSDM_EMMEAN_SP_281386.parquet"
"9460","FINAL_EMSDM_EMMEAN_SP_281387.parquet"
"9461","FINAL_EMSDM_EMMEAN_SP_281388.parquet"
"9462","FINAL_EMSDM_EMMEAN_SP_281389.parquet"
"9463","FINAL_EMSDM_EMMEAN_SP_281393.parquet"
"9464","FINAL_EMSDM_EMMEAN_SP_281396.parquet"
"9465","FINAL_EMSDM_EMMEAN_SP_281398.parquet"
"9466","FINAL_EMSDM_EMMEAN_SP_281399.parquet"
"9467","FINAL_EMSDM_EMMEAN_SP_281403.parquet"
"9468","FINAL_EMSDM_EMMEAN_SP_281406.parquet"
"9469","FINAL_EMSDM_EMMEAN_SP_281408.parquet"
"9470","FINAL_EMSDM_EMMEAN_SP_281410.parquet"
"9471","FINAL_EMSDM_EMMEAN_SP_281428.parquet"
"9472","FINAL_EMSDM_EMMEAN_SP_281435.parquet"
"9473","FINAL_EMSDM_EMMEAN_SP_281441.parquet"
"9474","FINAL_EMSDM_EMMEAN_SP_281443.parquet"
"9475","FINAL_EMSDM_EMMEAN_SP_281444.parquet"
"9476","FINAL_EMSDM_EMMEAN_SP_281446.parquet"
"9477","FINAL_EMSDM_EMMEAN_SP_281447.parquet"
"9478","FINAL_EMSDM_EMMEAN_SP_281452.parquet"
"9479","FINAL_EMSDM_EMMEAN_SP_281456.parquet"
"9480","FINAL_EMSDM_EMMEAN_SP_281457.parquet"
"9481","FINAL_EMSDM_EMMEAN_SP_281458.parquet"
"9482","FINAL_EMSDM_EMMEAN_SP_281459.parquet"
"9483","FINAL_EMSDM_EMMEAN_SP_281460.parquet"
"9484","FINAL_EMSDM_EMMEAN_SP_281465.parquet"
"9485","FINAL_EMSDM_EMMEAN_SP_281467.parquet"
"9486","FINAL_EMSDM_EMMEAN_SP_281468.parquet"
"9487","FINAL_EMSDM_EMMEAN_SP_281469.parquet"
"9488","FINAL_EMSDM_EMMEAN_SP_281471.parquet"
"9489","FINAL_EMSDM_EMMEAN_SP_281472.parquet"
"9490","FINAL_EMSDM_EMMEAN_SP_281475.parquet"
"9491","FINAL_EMSDM_EMMEAN_SP_281476.parquet"
"9492","FINAL_EMSDM_EMMEAN_SP_281477.parquet"
"9493","FINAL_EMSDM_EMMEAN_SP_281478.parquet"
"9494","FINAL_EMSDM_EMMEAN_SP_281484.parquet"
"9495","FINAL_EMSDM_EMMEAN_SP_281486.parquet"
"9496","FINAL_EMSDM_EMMEAN_SP_281490.parquet"
"9497","FINAL_EMSDM_EMMEAN_SP_281491.parquet"
"9498","FINAL_EMSDM_EMMEAN_SP_281492.parquet"
"9499","FINAL_EMSDM_EMMEAN_SP_281493.parquet"
"9500","FINAL_EMSDM_EMMEAN_SP_281494.parquet"
"9501","FINAL_EMSDM_EMMEAN_SP_281495.parquet"
"9502","FINAL_EMSDM_EMMEAN_SP_281496.parquet"
"9503","FINAL_EMSDM_EMMEAN_SP_281497.parquet"
"9504","FINAL_EMSDM_EMMEAN_SP_281498.parquet"
"9505","FINAL_EMSDM_EMMEAN_SP_281499.parquet"
"9506","FINAL_EMSDM_EMMEAN_SP_281500.parquet"
"9507","FINAL_EMSDM_EMMEAN_SP_281501.parquet"
"9508","FINAL_EMSDM_EMMEAN_SP_281502.parquet"
"9509","FINAL_EMSDM_EMMEAN_SP_281503.parquet"
"9510","FINAL_EMSDM_EMMEAN_SP_281504.parquet"
"9511","FINAL_EMSDM_EMMEAN_SP_281505.parquet"
"9512","FINAL_EMSDM_EMMEAN_SP_281506.parquet"
"9513","FINAL_EMSDM_EMMEAN_SP_281507.parquet"
"9514","FINAL_EMSDM_EMMEAN_SP_281515.parquet"
"9515","FINAL_EMSDM_EMMEAN_SP_281516.parquet"
"9516","FINAL_EMSDM_EMMEAN_SP_281517.parquet"
"9517","FINAL_EMSDM_EMMEAN_SP_281518.parquet"
"9518","FINAL_EMSDM_EMMEAN_SP_281520.parquet"
"9519","FINAL_EMSDM_EMMEAN_SP_281522.parquet"
"9520","FINAL_EMSDM_EMMEAN_SP_281523.parquet"
"9521","FINAL_EMSDM_EMMEAN_SP_281524.parquet"
"9522","FINAL_EMSDM_EMMEAN_SP_281538.parquet"
"9523","FINAL_EMSDM_EMMEAN_SP_281541.parquet"
"9524","FINAL_EMSDM_EMMEAN_SP_281542.parquet"
"9525","FINAL_EMSDM_EMMEAN_SP_281546.parquet"
"9526","FINAL_EMSDM_EMMEAN_SP_281558.parquet"
"9527","FINAL_EMSDM_EMMEAN_SP_281559.parquet"
"9528","FINAL_EMSDM_EMMEAN_SP_281560.parquet"
"9529","FINAL_EMSDM_EMMEAN_SP_281570.parquet"
"9530","FINAL_EMSDM_EMMEAN_SP_281571.parquet"
"9531","FINAL_EMSDM_EMMEAN_SP_281572.parquet"
"9532","FINAL_EMSDM_EMMEAN_SP_281574.parquet"
"9533","FINAL_EMSDM_EMMEAN_SP_281576.parquet"
"9534","FINAL_EMSDM_EMMEAN_SP_281578.parquet"
"9535","FINAL_EMSDM_EMMEAN_SP_281581.parquet"
"9536","FINAL_EMSDM_EMMEAN_SP_281582.parquet"
"9537","FINAL_EMSDM_EMMEAN_SP_281583.parquet"
"9538","FINAL_EMSDM_EMMEAN_SP_281584.parquet"
"9539","FINAL_EMSDM_EMMEAN_SP_281585.parquet"
"9540","FINAL_EMSDM_EMMEAN_SP_281588.parquet"
"9541","FINAL_EMSDM_EMMEAN_SP_281597.parquet"
"9542","FINAL_EMSDM_EMMEAN_SP_281601.parquet"
"9543","FINAL_EMSDM_EMMEAN_SP_281606.parquet"
"9544","FINAL_EMSDM_EMMEAN_SP_281607.parquet"
"9545","FINAL_EMSDM_EMMEAN_SP_281608.parquet"
"9546","FINAL_EMSDM_EMMEAN_SP_281609.parquet"
"9547","FINAL_EMSDM_EMMEAN_SP_281610.parquet"
"9548","FINAL_EMSDM_EMMEAN_SP_281611.parquet"
"9549","FINAL_EMSDM_EMMEAN_SP_281612.parquet"
"9550","FINAL_EMSDM_EMMEAN_SP_281622.parquet"
"9551","FINAL_EMSDM_EMMEAN_SP_281623.parquet"
"9552","FINAL_EMSDM_EMMEAN_SP_281624.parquet"
"9553","FINAL_EMSDM_EMMEAN_SP_281625.parquet"
"9554","FINAL_EMSDM_EMMEAN_SP_281626.parquet"
"9555","FINAL_EMSDM_EMMEAN_SP_281627.parquet"
"9556","FINAL_EMSDM_EMMEAN_SP_281628.parquet"
"9557","FINAL_EMSDM_EMMEAN_SP_281629.parquet"
"9558","FINAL_EMSDM_EMMEAN_SP_281636.parquet"
"9559","FINAL_EMSDM_EMMEAN_SP_281637.parquet"
"9560","FINAL_EMSDM_EMMEAN_SP_281638.parquet"
"9561","FINAL_EMSDM_EMMEAN_SP_281639.parquet"
"9562","FINAL_EMSDM_EMMEAN_SP_281640.parquet"
"9563","FINAL_EMSDM_EMMEAN_SP_281643.parquet"
"9564","FINAL_EMSDM_EMMEAN_SP_281644.parquet"
"9565","FINAL_EMSDM_EMMEAN_SP_281645.parquet"
"9566","FINAL_EMSDM_EMMEAN_SP_281648.parquet"
"9567","FINAL_EMSDM_EMMEAN_SP_281649.parquet"
"9568","FINAL_EMSDM_EMMEAN_SP_281664.parquet"
"9569","FINAL_EMSDM_EMMEAN_SP_281668.parquet"
"9570","FINAL_EMSDM_EMMEAN_SP_281669.parquet"
"9571","FINAL_EMSDM_EMMEAN_SP_281670.parquet"
"9572","FINAL_EMSDM_EMMEAN_SP_281671.parquet"
"9573","FINAL_EMSDM_EMMEAN_SP_281673.parquet"
"9574","FINAL_EMSDM_EMMEAN_SP_281678.parquet"
"9575","FINAL_EMSDM_EMMEAN_SP_281679.parquet"
"9576","FINAL_EMSDM_EMMEAN_SP_281680.parquet"
"9577","FINAL_EMSDM_EMMEAN_SP_281681.parquet"
"9578","FINAL_EMSDM_EMMEAN_SP_281682.parquet"
"9579","FINAL_EMSDM_EMMEAN_SP_281683.parquet"
"9580","FINAL_EMSDM_EMMEAN_SP_281684.parquet"
"9581","FINAL_EMSDM_EMMEAN_SP_281685.parquet"
"9582","FINAL_EMSDM_EMMEAN_SP_281686.parquet"
"9583","FINAL_EMSDM_EMMEAN_SP_281687.parquet"
"9584","FINAL_EMSDM_EMMEAN_SP_281694.parquet"
"9585","FINAL_EMSDM_EMMEAN_SP_281695.parquet"
"9586","FINAL_EMSDM_EMMEAN_SP_281696.parquet"
"9587","FINAL_EMSDM_EMMEAN_SP_281697.parquet"
"9588","FINAL_EMSDM_EMMEAN_SP_281705.parquet"
"9589","FINAL_EMSDM_EMMEAN_SP_281732.parquet"
"9590","FINAL_EMSDM_EMMEAN_SP_281734.parquet"
"9591","FINAL_EMSDM_EMMEAN_SP_281735.parquet"
"9592","FINAL_EMSDM_EMMEAN_SP_281736.parquet"
"9593","FINAL_EMSDM_EMMEAN_SP_281737.parquet"
"9594","FINAL_EMSDM_EMMEAN_SP_281738.parquet"
"9595","FINAL_EMSDM_EMMEAN_SP_281739.parquet"
"9596","FINAL_EMSDM_EMMEAN_SP_281740.parquet"
"9597","FINAL_EMSDM_EMMEAN_SP_281741.parquet"
"9598","FINAL_EMSDM_EMMEAN_SP_281742.parquet"
"9599","FINAL_EMSDM_EMMEAN_SP_281745.parquet"
"9600","FINAL_EMSDM_EMMEAN_SP_281746.parquet"
"9601","FINAL_EMSDM_EMMEAN_SP_281747.parquet"
"9602","FINAL_EMSDM_EMMEAN_SP_281748.parquet"
"9603","FINAL_EMSDM_EMMEAN_SP_281749.parquet"
"9604","FINAL_EMSDM_EMMEAN_SP_281750.parquet"
"9605","FINAL_EMSDM_EMMEAN_SP_281751.parquet"
"9606","FINAL_EMSDM_EMMEAN_SP_281752.parquet"
"9607","FINAL_EMSDM_EMMEAN_SP_281753.parquet"
"9608","FINAL_EMSDM_EMMEAN_SP_281754.parquet"
"9609","FINAL_EMSDM_EMMEAN_SP_281755.parquet"
"9610","FINAL_EMSDM_EMMEAN_SP_281756.parquet"
"9611","FINAL_EMSDM_EMMEAN_SP_281766.parquet"
"9612","FINAL_EMSDM_EMMEAN_SP_281774.parquet"
"9613","FINAL_EMSDM_EMMEAN_SP_281777.parquet"
"9614","FINAL_EMSDM_EMMEAN_SP_281778.parquet"
"9615","FINAL_EMSDM_EMMEAN_SP_281779.parquet"
"9616","FINAL_EMSDM_EMMEAN_SP_281780.parquet"
"9617","FINAL_EMSDM_EMMEAN_SP_281781.parquet"
"9618","FINAL_EMSDM_EMMEAN_SP_281786.parquet"
"9619","FINAL_EMSDM_EMMEAN_SP_281787.parquet"
"9620","FINAL_EMSDM_EMMEAN_SP_281788.parquet"
"9621","FINAL_EMSDM_EMMEAN_SP_281789.parquet"
"9622","FINAL_EMSDM_EMMEAN_SP_281790.parquet"
"9623","FINAL_EMSDM_EMMEAN_SP_281791.parquet"
"9624","FINAL_EMSDM_EMMEAN_SP_281792.parquet"
"9625","FINAL_EMSDM_EMMEAN_SP_281797.parquet"
"9626","FINAL_EMSDM_EMMEAN_SP_281798.parquet"
"9627","FINAL_EMSDM_EMMEAN_SP_281813.parquet"
"9628","FINAL_EMSDM_EMMEAN_SP_281815.parquet"
"9629","FINAL_EMSDM_EMMEAN_SP_281817.parquet"
"9630","FINAL_EMSDM_EMMEAN_SP_281820.parquet"
"9631","FINAL_EMSDM_EMMEAN_SP_281826.parquet"
"9632","FINAL_EMSDM_EMMEAN_SP_281830.parquet"
"9633","FINAL_EMSDM_EMMEAN_SP_281832.parquet"
"9634","FINAL_EMSDM_EMMEAN_SP_281833.parquet"
"9635","FINAL_EMSDM_EMMEAN_SP_281834.parquet"
"9636","FINAL_EMSDM_EMMEAN_SP_281837.parquet"
"9637","FINAL_EMSDM_EMMEAN_SP_281838.parquet"
"9638","FINAL_EMSDM_EMMEAN_SP_281839.parquet"
"9639","FINAL_EMSDM_EMMEAN_SP_281840.parquet"
"9640","FINAL_EMSDM_EMMEAN_SP_281841.parquet"
"9641","FINAL_EMSDM_EMMEAN_SP_281844.parquet"
"9642","FINAL_EMSDM_EMMEAN_SP_281846.parquet"
"9643","FINAL_EMSDM_EMMEAN_SP_281847.parquet"
"9644","FINAL_EMSDM_EMMEAN_SP_281852.parquet"
"9645","FINAL_EMSDM_EMMEAN_SP_281853.parquet"
"9646","FINAL_EMSDM_EMMEAN_SP_281857.parquet"
"9647","FINAL_EMSDM_EMMEAN_SP_281859.parquet"
"9648","FINAL_EMSDM_EMMEAN_SP_281862.parquet"
"9649","FINAL_EMSDM_EMMEAN_SP_281868.parquet"
"9650","FINAL_EMSDM_EMMEAN_SP_281876.parquet"
"9651","FINAL_EMSDM_EMMEAN_SP_281877.parquet"
"9652","FINAL_EMSDM_EMMEAN_SP_281878.parquet"
"9653","FINAL_EMSDM_EMMEAN_SP_281879.parquet"
"9654","FINAL_EMSDM_EMMEAN_SP_281880.parquet"
"9655","FINAL_EMSDM_EMMEAN_SP_281885.parquet"
"9656","FINAL_EMSDM_EMMEAN_SP_281888.parquet"
"9657","FINAL_EMSDM_EMMEAN_SP_281889.parquet"
"9658","FINAL_EMSDM_EMMEAN_SP_281890.parquet"
"9659","FINAL_EMSDM_EMMEAN_SP_281891.parquet"
"9660","FINAL_EMSDM_EMMEAN_SP_281892.parquet"
"9661","FINAL_EMSDM_EMMEAN_SP_281893.parquet"
"9662","FINAL_EMSDM_EMMEAN_SP_281894.parquet"
"9663","FINAL_EMSDM_EMMEAN_SP_281895.parquet"
"9664","FINAL_EMSDM_EMMEAN_SP_281896.parquet"
"9665","FINAL_EMSDM_EMMEAN_SP_281902.parquet"
"9666","FINAL_EMSDM_EMMEAN_SP_281903.parquet"
"9667","FINAL_EMSDM_EMMEAN_SP_281905.parquet"
"9668","FINAL_EMSDM_EMMEAN_SP_281906.parquet"
"9669","FINAL_EMSDM_EMMEAN_SP_281907.parquet"
"9670","FINAL_EMSDM_EMMEAN_SP_281908.parquet"
"9671","FINAL_EMSDM_EMMEAN_SP_281915.parquet"
"9672","FINAL_EMSDM_EMMEAN_SP_281919.parquet"
"9673","FINAL_EMSDM_EMMEAN_SP_281920.parquet"
"9674","FINAL_EMSDM_EMMEAN_SP_281921.parquet"
"9675","FINAL_EMSDM_EMMEAN_SP_281922.parquet"
"9676","FINAL_EMSDM_EMMEAN_SP_281923.parquet"
"9677","FINAL_EMSDM_EMMEAN_SP_281924.parquet"
"9678","FINAL_EMSDM_EMMEAN_SP_281925.parquet"
"9679","FINAL_EMSDM_EMMEAN_SP_281926.parquet"
"9680","FINAL_EMSDM_EMMEAN_SP_281927.parquet"
"9681","FINAL_EMSDM_EMMEAN_SP_281929.parquet"
"9682","FINAL_EMSDM_EMMEAN_SP_281930.parquet"
"9683","FINAL_EMSDM_EMMEAN_SP_281931.parquet"
"9684","FINAL_EMSDM_EMMEAN_SP_281932.parquet"
"9685","FINAL_EMSDM_EMMEAN_SP_281933.parquet"
"9686","FINAL_EMSDM_EMMEAN_SP_281948.parquet"
"9687","FINAL_EMSDM_EMMEAN_SP_281949.parquet"
"9688","FINAL_EMSDM_EMMEAN_SP_281950.parquet"
"9689","FINAL_EMSDM_EMMEAN_SP_281953.parquet"
"9690","FINAL_EMSDM_EMMEAN_SP_281962.parquet"
"9691","FINAL_EMSDM_EMMEAN_SP_281970.parquet"
"9692","FINAL_EMSDM_EMMEAN_SP_281986.parquet"
"9693","FINAL_EMSDM_EMMEAN_SP_281987.parquet"
"9694","FINAL_EMSDM_EMMEAN_SP_281991.parquet"
"9695","FINAL_EMSDM_EMMEAN_SP_281992.parquet"
"9696","FINAL_EMSDM_EMMEAN_SP_281994.parquet"
"9697","FINAL_EMSDM_EMMEAN_SP_281995.parquet"
"9698","FINAL_EMSDM_EMMEAN_SP_281996.parquet"
"9699","FINAL_EMSDM_EMMEAN_SP_281997.parquet"
"9700","FINAL_EMSDM_EMMEAN_SP_281998.parquet"
"9701","FINAL_EMSDM_EMMEAN_SP_281999.parquet"
"9702","FINAL_EMSDM_EMMEAN_SP_282000.parquet"
"9703","FINAL_EMSDM_EMMEAN_SP_282001.parquet"
"9704","FINAL_EMSDM_EMMEAN_SP_282002.parquet"
"9705","FINAL_EMSDM_EMMEAN_SP_282003.parquet"
"9706","FINAL_EMSDM_EMMEAN_SP_282004.parquet"
"9707","FINAL_EMSDM_EMMEAN_SP_282005.parquet"
"9708","FINAL_EMSDM_EMMEAN_SP_282006.parquet"
"9709","FINAL_EMSDM_EMMEAN_SP_282007.parquet"
"9710","FINAL_EMSDM_EMMEAN_SP_282011.parquet"
"9711","FINAL_EMSDM_EMMEAN_SP_282012.parquet"
"9712","FINAL_EMSDM_EMMEAN_SP_282015.parquet"
"9713","FINAL_EMSDM_EMMEAN_SP_282016.parquet"
"9714","FINAL_EMSDM_EMMEAN_SP_282017.parquet"
"9715","FINAL_EMSDM_EMMEAN_SP_282018.parquet"
"9716","FINAL_EMSDM_EMMEAN_SP_282019.parquet"
"9717","FINAL_EMSDM_EMMEAN_SP_282020.parquet"
"9718","FINAL_EMSDM_EMMEAN_SP_282021.parquet"
"9719","FINAL_EMSDM_EMMEAN_SP_282022.parquet"
"9720","FINAL_EMSDM_EMMEAN_SP_282023.parquet"
"9721","FINAL_EMSDM_EMMEAN_SP_282024.parquet"
"9722","FINAL_EMSDM_EMMEAN_SP_282025.parquet"
"9723","FINAL_EMSDM_EMMEAN_SP_282026.parquet"
"9724","FINAL_EMSDM_EMMEAN_SP_282027.parquet"
"9725","FINAL_EMSDM_EMMEAN_SP_282028.parquet"
"9726","FINAL_EMSDM_EMMEAN_SP_282029.parquet"
"9727","FINAL_EMSDM_EMMEAN_SP_282030.parquet"
"9728","FINAL_EMSDM_EMMEAN_SP_282031.parquet"
"9729","FINAL_EMSDM_EMMEAN_SP_282032.parquet"
"9730","FINAL_EMSDM_EMMEAN_SP_282033.parquet"
"9731","FINAL_EMSDM_EMMEAN_SP_282034.parquet"
"9732","FINAL_EMSDM_EMMEAN_SP_282035.parquet"
"9733","FINAL_EMSDM_EMMEAN_SP_282036.parquet"
"9734","FINAL_EMSDM_EMMEAN_SP_282037.parquet"
"9735","FINAL_EMSDM_EMMEAN_SP_282040.parquet"
"9736","FINAL_EMSDM_EMMEAN_SP_282046.parquet"
"9737","FINAL_EMSDM_EMMEAN_SP_282048.parquet"
"9738","FINAL_EMSDM_EMMEAN_SP_282049.parquet"
"9739","FINAL_EMSDM_EMMEAN_SP_282051.parquet"
"9740","FINAL_EMSDM_EMMEAN_SP_282052.parquet"
"9741","FINAL_EMSDM_EMMEAN_SP_282054.parquet"
"9742","FINAL_EMSDM_EMMEAN_SP_282055.parquet"
"9743","FINAL_EMSDM_EMMEAN_SP_282056.parquet"
"9744","FINAL_EMSDM_EMMEAN_SP_282057.parquet"
"9745","FINAL_EMSDM_EMMEAN_SP_282058.parquet"
"9746","FINAL_EMSDM_EMMEAN_SP_282059.parquet"
"9747","FINAL_EMSDM_EMMEAN_SP_282061.parquet"
"9748","FINAL_EMSDM_EMMEAN_SP_282062.parquet"
"9749","FINAL_EMSDM_EMMEAN_SP_282063.parquet"
"9750","FINAL_EMSDM_EMMEAN_SP_282064.parquet"
"9751","FINAL_EMSDM_EMMEAN_SP_282065.parquet"
"9752","FINAL_EMSDM_EMMEAN_SP_282066.parquet"
"9753","FINAL_EMSDM_EMMEAN_SP_282067.parquet"
"9754","FINAL_EMSDM_EMMEAN_SP_282068.parquet"
"9755","FINAL_EMSDM_EMMEAN_SP_282069.parquet"
"9756","FINAL_EMSDM_EMMEAN_SP_282081.parquet"
"9757","FINAL_EMSDM_EMMEAN_SP_282082.parquet"
"9758","FINAL_EMSDM_EMMEAN_SP_282084.parquet"
"9759","FINAL_EMSDM_EMMEAN_SP_282087.parquet"
"9760","FINAL_EMSDM_EMMEAN_SP_282088.parquet"
"9761","FINAL_EMSDM_EMMEAN_SP_282097.parquet"
"9762","FINAL_EMSDM_EMMEAN_SP_282101.parquet"
"9763","FINAL_EMSDM_EMMEAN_SP_282103.parquet"
"9764","FINAL_EMSDM_EMMEAN_SP_282104.parquet"
"9765","FINAL_EMSDM_EMMEAN_SP_282108.parquet"
"9766","FINAL_EMSDM_EMMEAN_SP_282109.parquet"
"9767","FINAL_EMSDM_EMMEAN_SP_282110.parquet"
"9768","FINAL_EMSDM_EMMEAN_SP_282111.parquet"
"9769","FINAL_EMSDM_EMMEAN_SP_282122.parquet"
"9770","FINAL_EMSDM_EMMEAN_SP_282126.parquet"
"9771","FINAL_EMSDM_EMMEAN_SP_282134.parquet"
"9772","FINAL_EMSDM_EMMEAN_SP_282139.parquet"
"9773","FINAL_EMSDM_EMMEAN_SP_282140.parquet"
"9774","FINAL_EMSDM_EMMEAN_SP_282141.parquet"
"9775","FINAL_EMSDM_EMMEAN_SP_282142.parquet"
"9776","FINAL_EMSDM_EMMEAN_SP_282143.parquet"
"9777","FINAL_EMSDM_EMMEAN_SP_282144.parquet"
"9778","FINAL_EMSDM_EMMEAN_SP_282153.parquet"
"9779","FINAL_EMSDM_EMMEAN_SP_282155.parquet"
"9780","FINAL_EMSDM_EMMEAN_SP_282156.parquet"
"9781","FINAL_EMSDM_EMMEAN_SP_282158.parquet"
"9782","FINAL_EMSDM_EMMEAN_SP_282161.parquet"
"9783","FINAL_EMSDM_EMMEAN_SP_282163.parquet"
"9784","FINAL_EMSDM_EMMEAN_SP_282164.parquet"
"9785","FINAL_EMSDM_EMMEAN_SP_282165.parquet"
"9786","FINAL_EMSDM_EMMEAN_SP_282166.parquet"
"9787","FINAL_EMSDM_EMMEAN_SP_282169.parquet"
"9788","FINAL_EMSDM_EMMEAN_SP_282178.parquet"
"9789","FINAL_EMSDM_EMMEAN_SP_282179.parquet"
"9790","FINAL_EMSDM_EMMEAN_SP_282180.parquet"
"9791","FINAL_EMSDM_EMMEAN_SP_282181.parquet"
"9792","FINAL_EMSDM_EMMEAN_SP_282186.parquet"
"9793","FINAL_EMSDM_EMMEAN_SP_282187.parquet"
"9794","FINAL_EMSDM_EMMEAN_SP_282188.parquet"
"9795","FINAL_EMSDM_EMMEAN_SP_282190.parquet"
"9796","FINAL_EMSDM_EMMEAN_SP_282196.parquet"
"9797","FINAL_EMSDM_EMMEAN_SP_282197.parquet"
"9798","FINAL_EMSDM_EMMEAN_SP_282198.parquet"
"9799","FINAL_EMSDM_EMMEAN_SP_282199.parquet"
"9800","FINAL_EMSDM_EMMEAN_SP_282201.parquet"
"9801","FINAL_EMSDM_EMMEAN_SP_282202.parquet"
"9802","FINAL_EMSDM_EMMEAN_SP_282203.parquet"
"9803","FINAL_EMSDM_EMMEAN_SP_282204.parquet"
"9804","FINAL_EMSDM_EMMEAN_SP_282205.parquet"
"9805","FINAL_EMSDM_EMMEAN_SP_282206.parquet"
"9806","FINAL_EMSDM_EMMEAN_SP_282207.parquet"
"9807","FINAL_EMSDM_EMMEAN_SP_282208.parquet"
"9808","FINAL_EMSDM_EMMEAN_SP_282209.parquet"
"9809","FINAL_EMSDM_EMMEAN_SP_282210.parquet"
"9810","FINAL_EMSDM_EMMEAN_SP_282211.parquet"
"9811","FINAL_EMSDM_EMMEAN_SP_282212.parquet"
"9812","FINAL_EMSDM_EMMEAN_SP_282213.parquet"
"9813","FINAL_EMSDM_EMMEAN_SP_282214.parquet"
"9814","FINAL_EMSDM_EMMEAN_SP_282219.parquet"
"9815","FINAL_EMSDM_EMMEAN_SP_282224.parquet"
"9816","FINAL_EMSDM_EMMEAN_SP_282225.parquet"
"9817","FINAL_EMSDM_EMMEAN_SP_282226.parquet"
"9818","FINAL_EMSDM_EMMEAN_SP_282227.parquet"
"9819","FINAL_EMSDM_EMMEAN_SP_282228.parquet"
"9820","FINAL_EMSDM_EMMEAN_SP_282237.parquet"
"9821","FINAL_EMSDM_EMMEAN_SP_282242.parquet"
"9822","FINAL_EMSDM_EMMEAN_SP_282243.parquet"
"9823","FINAL_EMSDM_EMMEAN_SP_282248.parquet"
"9824","FINAL_EMSDM_EMMEAN_SP_282249.parquet"
"9825","FINAL_EMSDM_EMMEAN_SP_282250.parquet"
"9826","FINAL_EMSDM_EMMEAN_SP_282251.parquet"
"9827","FINAL_EMSDM_EMMEAN_SP_282252.parquet"
"9828","FINAL_EMSDM_EMMEAN_SP_282254.parquet"
"9829","FINAL_EMSDM_EMMEAN_SP_282257.parquet"
"9830","FINAL_EMSDM_EMMEAN_SP_282258.parquet"
"9831","FINAL_EMSDM_EMMEAN_SP_282259.parquet"
"9832","FINAL_EMSDM_EMMEAN_SP_282266.parquet"
"9833","FINAL_EMSDM_EMMEAN_SP_282271.parquet"
"9834","FINAL_EMSDM_EMMEAN_SP_282272.parquet"
"9835","FINAL_EMSDM_EMMEAN_SP_282273.parquet"
"9836","FINAL_EMSDM_EMMEAN_SP_282274.parquet"
"9837","FINAL_EMSDM_EMMEAN_SP_282275.parquet"
"9838","FINAL_EMSDM_EMMEAN_SP_282276.parquet"
"9839","FINAL_EMSDM_EMMEAN_SP_282279.parquet"
"9840","FINAL_EMSDM_EMMEAN_SP_282280.parquet"
"9841","FINAL_EMSDM_EMMEAN_SP_282285.parquet"
"9842","FINAL_EMSDM_EMMEAN_SP_282290.parquet"
"9843","FINAL_EMSDM_EMMEAN_SP_282291.parquet"
"9844","FINAL_EMSDM_EMMEAN_SP_282292.parquet"
"9845","FINAL_EMSDM_EMMEAN_SP_282293.parquet"
"9846","FINAL_EMSDM_EMMEAN_SP_282294.parquet"
"9847","FINAL_EMSDM_EMMEAN_SP_282295.parquet"
"9848","FINAL_EMSDM_EMMEAN_SP_282297.parquet"
"9849","FINAL_EMSDM_EMMEAN_SP_282303.parquet"
"9850","FINAL_EMSDM_EMMEAN_SP_282314.parquet"
"9851","FINAL_EMSDM_EMMEAN_SP_282315.parquet"
"9852","FINAL_EMSDM_EMMEAN_SP_282317.parquet"
"9853","FINAL_EMSDM_EMMEAN_SP_282318.parquet"
"9854","FINAL_EMSDM_EMMEAN_SP_282320.parquet"
"9855","FINAL_EMSDM_EMMEAN_SP_282327.parquet"
"9856","FINAL_EMSDM_EMMEAN_SP_282328.parquet"
"9857","FINAL_EMSDM_EMMEAN_SP_282329.parquet"
"9858","FINAL_EMSDM_EMMEAN_SP_282330.parquet"
"9859","FINAL_EMSDM_EMMEAN_SP_282331.parquet"
"9860","FINAL_EMSDM_EMMEAN_SP_282332.parquet"
"9861","FINAL_EMSDM_EMMEAN_SP_282333.parquet"
"9862","FINAL_EMSDM_EMMEAN_SP_282334.parquet"
"9863","FINAL_EMSDM_EMMEAN_SP_282335.parquet"
"9864","FINAL_EMSDM_EMMEAN_SP_282336.parquet"
"9865","FINAL_EMSDM_EMMEAN_SP_282337.parquet"
"9866","FINAL_EMSDM_EMMEAN_SP_282338.parquet"
"9867","FINAL_EMSDM_EMMEAN_SP_282339.parquet"
"9868","FINAL_EMSDM_EMMEAN_SP_282340.parquet"
"9869","FINAL_EMSDM_EMMEAN_SP_282341.parquet"
"9870","FINAL_EMSDM_EMMEAN_SP_282344.parquet"
"9871","FINAL_EMSDM_EMMEAN_SP_282345.parquet"
"9872","FINAL_EMSDM_EMMEAN_SP_282346.parquet"
"9873","FINAL_EMSDM_EMMEAN_SP_282347.parquet"
"9874","FINAL_EMSDM_EMMEAN_SP_282348.parquet"
"9875","FINAL_EMSDM_EMMEAN_SP_282349.parquet"
"9876","FINAL_EMSDM_EMMEAN_SP_282350.parquet"
"9877","FINAL_EMSDM_EMMEAN_SP_282352.parquet"
"9878","FINAL_EMSDM_EMMEAN_SP_282353.parquet"
"9879","FINAL_EMSDM_EMMEAN_SP_282354.parquet"
"9880","FINAL_EMSDM_EMMEAN_SP_282355.parquet"
"9881","FINAL_EMSDM_EMMEAN_SP_282361.parquet"
"9882","FINAL_EMSDM_EMMEAN_SP_282362.parquet"
"9883","FINAL_EMSDM_EMMEAN_SP_282363.parquet"
"9884","FINAL_EMSDM_EMMEAN_SP_282365.parquet"
"9885","FINAL_EMSDM_EMMEAN_SP_282366.parquet"
"9886","FINAL_EMSDM_EMMEAN_SP_282368.parquet"
"9887","FINAL_EMSDM_EMMEAN_SP_282369.parquet"
"9888","FINAL_EMSDM_EMMEAN_SP_282377.parquet"
"9889","FINAL_EMSDM_EMMEAN_SP_282378.parquet"
"9890","FINAL_EMSDM_EMMEAN_SP_282379.parquet"
"9891","FINAL_EMSDM_EMMEAN_SP_282382.parquet"
"9892","FINAL_EMSDM_EMMEAN_SP_282384.parquet"
"9893","FINAL_EMSDM_EMMEAN_SP_282387.parquet"
"9894","FINAL_EMSDM_EMMEAN_SP_282388.parquet"
"9895","FINAL_EMSDM_EMMEAN_SP_282389.parquet"
"9896","FINAL_EMSDM_EMMEAN_SP_282390.parquet"
"9897","FINAL_EMSDM_EMMEAN_SP_282392.parquet"
"9898","FINAL_EMSDM_EMMEAN_SP_282393.parquet"
"9899","FINAL_EMSDM_EMMEAN_SP_282396.parquet"
"9900","FINAL_EMSDM_EMMEAN_SP_282406.parquet"
"9901","FINAL_EMSDM_EMMEAN_SP_282408.parquet"
"9902","FINAL_EMSDM_EMMEAN_SP_282409.parquet"
"9903","FINAL_EMSDM_EMMEAN_SP_282410.parquet"
"9904","FINAL_EMSDM_EMMEAN_SP_282417.parquet"
"9905","FINAL_EMSDM_EMMEAN_SP_282432.parquet"
"9906","FINAL_EMSDM_EMMEAN_SP_282433.parquet"
"9907","FINAL_EMSDM_EMMEAN_SP_282434.parquet"
"9908","FINAL_EMSDM_EMMEAN_SP_282435.parquet"
"9909","FINAL_EMSDM_EMMEAN_SP_282436.parquet"
"9910","FINAL_EMSDM_EMMEAN_SP_282438.parquet"
"9911","FINAL_EMSDM_EMMEAN_SP_282439.parquet"
"9912","FINAL_EMSDM_EMMEAN_SP_282440.parquet"
"9913","FINAL_EMSDM_EMMEAN_SP_282441.parquet"
"9914","FINAL_EMSDM_EMMEAN_SP_282442.parquet"
"9915","FINAL_EMSDM_EMMEAN_SP_282443.parquet"
"9916","FINAL_EMSDM_EMMEAN_SP_282452.parquet"
"9917","FINAL_EMSDM_EMMEAN_SP_282453.parquet"
"9918","FINAL_EMSDM_EMMEAN_SP_282454.parquet"
"9919","FINAL_EMSDM_EMMEAN_SP_282455.parquet"
"9920","FINAL_EMSDM_EMMEAN_SP_282456.parquet"
"9921","FINAL_EMSDM_EMMEAN_SP_282460.parquet"
"9922","FINAL_EMSDM_EMMEAN_SP_282462.parquet"
"9923","FINAL_EMSDM_EMMEAN_SP_282471.parquet"
"9924","FINAL_EMSDM_EMMEAN_SP_282475.parquet"
"9925","FINAL_EMSDM_EMMEAN_SP_282479.parquet"
"9926","FINAL_EMSDM_EMMEAN_SP_282488.parquet"
"9927","FINAL_EMSDM_EMMEAN_SP_282497.parquet"
"9928","FINAL_EMSDM_EMMEAN_SP_282499.parquet"
"9929","FINAL_EMSDM_EMMEAN_SP_282501.parquet"
"9930","FINAL_EMSDM_EMMEAN_SP_282503.parquet"
"9931","FINAL_EMSDM_EMMEAN_SP_282505.parquet"
"9932","FINAL_EMSDM_EMMEAN_SP_282506.parquet"
"9933","FINAL_EMSDM_EMMEAN_SP_282507.parquet"
"9934","FINAL_EMSDM_EMMEAN_SP_282513.parquet"
"9935","FINAL_EMSDM_EMMEAN_SP_282524.parquet"
"9936","FINAL_EMSDM_EMMEAN_SP_282525.parquet"
"9937","FINAL_EMSDM_EMMEAN_SP_282526.parquet"
"9938","FINAL_EMSDM_EMMEAN_SP_282527.parquet"
"9939","FINAL_EMSDM_EMMEAN_SP_282532.parquet"
"9940","FINAL_EMSDM_EMMEAN_SP_282533.parquet"
"9941","FINAL_EMSDM_EMMEAN_SP_282534.parquet"
"9942","FINAL_EMSDM_EMMEAN_SP_282535.parquet"
"9943","FINAL_EMSDM_EMMEAN_SP_282538.parquet"
"9944","FINAL_EMSDM_EMMEAN_SP_282545.parquet"
"9945","FINAL_EMSDM_EMMEAN_SP_282546.parquet"
"9946","FINAL_EMSDM_EMMEAN_SP_282547.parquet"
"9947","FINAL_EMSDM_EMMEAN_SP_282548.parquet"
"9948","FINAL_EMSDM_EMMEAN_SP_282557.parquet"
"9949","FINAL_EMSDM_EMMEAN_SP_282558.parquet"
"9950","FINAL_EMSDM_EMMEAN_SP_282573.parquet"
"9951","FINAL_EMSDM_EMMEAN_SP_282574.parquet"
"9952","FINAL_EMSDM_EMMEAN_SP_282578.parquet"
"9953","FINAL_EMSDM_EMMEAN_SP_282580.parquet"
"9954","FINAL_EMSDM_EMMEAN_SP_282588.parquet"
"9955","FINAL_EMSDM_EMMEAN_SP_282590.parquet"
"9956","FINAL_EMSDM_EMMEAN_SP_282592.parquet"
"9957","FINAL_EMSDM_EMMEAN_SP_282594.parquet"
"9958","FINAL_EMSDM_EMMEAN_SP_282598.parquet"
"9959","FINAL_EMSDM_EMMEAN_SP_282601.parquet"
"9960","FINAL_EMSDM_EMMEAN_SP_282602.parquet"
"9961","FINAL_EMSDM_EMMEAN_SP_282608.parquet"
"9962","FINAL_EMSDM_EMMEAN_SP_282611.parquet"
"9963","FINAL_EMSDM_EMMEAN_SP_282616.parquet"
"9964","FINAL_EMSDM_EMMEAN_SP_282617.parquet"
"9965","FINAL_EMSDM_EMMEAN_SP_282619.parquet"
"9966","FINAL_EMSDM_EMMEAN_SP_282620.parquet"
"9967","FINAL_EMSDM_EMMEAN_SP_282628.parquet"
"9968","FINAL_EMSDM_EMMEAN_SP_282632.parquet"
"9969","FINAL_EMSDM_EMMEAN_SP_282633.parquet"
"9970","FINAL_EMSDM_EMMEAN_SP_282634.parquet"
"9971","FINAL_EMSDM_EMMEAN_SP_282635.parquet"
"9972","FINAL_EMSDM_EMMEAN_SP_282647.parquet"
"9973","FINAL_EMSDM_EMMEAN_SP_282648.parquet"
"9974","FINAL_EMSDM_EMMEAN_SP_282654.parquet"
"9975","FINAL_EMSDM_EMMEAN_SP_282662.parquet"
"9976","FINAL_EMSDM_EMMEAN_SP_282666.parquet"
"9977","FINAL_EMSDM_EMMEAN_SP_282667.parquet"
"9978","FINAL_EMSDM_EMMEAN_SP_282671.parquet"
"9979","FINAL_EMSDM_EMMEAN_SP_282673.parquet"
"9980","FINAL_EMSDM_EMMEAN_SP_282674.parquet"
"9981","FINAL_EMSDM_EMMEAN_SP_282675.parquet"
"9982","FINAL_EMSDM_EMMEAN_SP_282676.parquet"
"9983","FINAL_EMSDM_EMMEAN_SP_282679.parquet"
"9984","FINAL_EMSDM_EMMEAN_SP_282684.parquet"
"9985","FINAL_EMSDM_EMMEAN_SP_282685.parquet"
"9986","FINAL_EMSDM_EMMEAN_SP_282686.parquet"
"9987","FINAL_EMSDM_EMMEAN_SP_282687.parquet"
"9988","FINAL_EMSDM_EMMEAN_SP_282688.parquet"
"9989","FINAL_EMSDM_EMMEAN_SP_282691.parquet"
"9990","FINAL_EMSDM_EMMEAN_SP_282697.parquet"
"9991","FINAL_EMSDM_EMMEAN_SP_282706.parquet"
"9992","FINAL_EMSDM_EMMEAN_SP_282707.parquet"
"9993","FINAL_EMSDM_EMMEAN_SP_282709.parquet"
"9994","FINAL_EMSDM_EMMEAN_SP_282710.parquet"
"9995","FINAL_EMSDM_EMMEAN_SP_282711.parquet"
"9996","FINAL_EMSDM_EMMEAN_SP_282712.parquet"
"9997","FINAL_EMSDM_EMMEAN_SP_282714.parquet"
"9998","FINAL_EMSDM_EMMEAN_SP_282717.parquet"
"9999","FINAL_EMSDM_EMMEAN_SP_282718.parquet"
"10000","FINAL_EMSDM_EMMEAN_SP_282719.parquet"
"10001","FINAL_EMSDM_EMMEAN_SP_282721.parquet"
"10002","FINAL_EMSDM_EMMEAN_SP_282722.parquet"
"10003","FINAL_EMSDM_EMMEAN_SP_282724.parquet"
"10004","FINAL_EMSDM_EMMEAN_SP_282725.parquet"
"10005","FINAL_EMSDM_EMMEAN_SP_282734.parquet"
"10006","FINAL_EMSDM_EMMEAN_SP_282745.parquet"
"10007","FINAL_EMSDM_EMMEAN_SP_282750.parquet"
"10008","FINAL_EMSDM_EMMEAN_SP_282752.parquet"
"10009","FINAL_EMSDM_EMMEAN_SP_282756.parquet"
"10010","FINAL_EMSDM_EMMEAN_SP_282760.parquet"
"10011","FINAL_EMSDM_EMMEAN_SP_282761.parquet"
"10012","FINAL_EMSDM_EMMEAN_SP_282762.parquet"
"10013","FINAL_EMSDM_EMMEAN_SP_282763.parquet"
"10014","FINAL_EMSDM_EMMEAN_SP_282764.parquet"
"10015","FINAL_EMSDM_EMMEAN_SP_282765.parquet"
"10016","FINAL_EMSDM_EMMEAN_SP_282766.parquet"
"10017","FINAL_EMSDM_EMMEAN_SP_282768.parquet"
"10018","FINAL_EMSDM_EMMEAN_SP_282769.parquet"
"10019","FINAL_EMSDM_EMMEAN_SP_282790.parquet"
"10020","FINAL_EMSDM_EMMEAN_SP_282792.parquet"
"10021","FINAL_EMSDM_EMMEAN_SP_282795.parquet"
"10022","FINAL_EMSDM_EMMEAN_SP_282803.parquet"
"10023","FINAL_EMSDM_EMMEAN_SP_282804.parquet"
"10024","FINAL_EMSDM_EMMEAN_SP_282805.parquet"
"10025","FINAL_EMSDM_EMMEAN_SP_282806.parquet"
"10026","FINAL_EMSDM_EMMEAN_SP_282807.parquet"
"10027","FINAL_EMSDM_EMMEAN_SP_282808.parquet"
"10028","FINAL_EMSDM_EMMEAN_SP_282810.parquet"
"10029","FINAL_EMSDM_EMMEAN_SP_282811.parquet"
"10030","FINAL_EMSDM_EMMEAN_SP_282812.parquet"
"10031","FINAL_EMSDM_EMMEAN_SP_282814.parquet"
"10032","FINAL_EMSDM_EMMEAN_SP_282815.parquet"
"10033","FINAL_EMSDM_EMMEAN_SP_282817.parquet"
"10034","FINAL_EMSDM_EMMEAN_SP_282821.parquet"
"10035","FINAL_EMSDM_EMMEAN_SP_282822.parquet"
"10036","FINAL_EMSDM_EMMEAN_SP_282823.parquet"
"10037","FINAL_EMSDM_EMMEAN_SP_282825.parquet"
"10038","FINAL_EMSDM_EMMEAN_SP_282829.parquet"
"10039","FINAL_EMSDM_EMMEAN_SP_282830.parquet"
"10040","FINAL_EMSDM_EMMEAN_SP_282833.parquet"
"10041","FINAL_EMSDM_EMMEAN_SP_282834.parquet"
"10042","FINAL_EMSDM_EMMEAN_SP_282835.parquet"
"10043","FINAL_EMSDM_EMMEAN_SP_282840.parquet"
"10044","FINAL_EMSDM_EMMEAN_SP_282844.parquet"
"10045","FINAL_EMSDM_EMMEAN_SP_282848.parquet"
"10046","FINAL_EMSDM_EMMEAN_SP_282849.parquet"
"10047","FINAL_EMSDM_EMMEAN_SP_282850.parquet"
"10048","FINAL_EMSDM_EMMEAN_SP_282851.parquet"
"10049","FINAL_EMSDM_EMMEAN_SP_282869.parquet"
"10050","FINAL_EMSDM_EMMEAN_SP_282870.parquet"
"10051","FINAL_EMSDM_EMMEAN_SP_282871.parquet"
"10052","FINAL_EMSDM_EMMEAN_SP_282872.parquet"
"10053","FINAL_EMSDM_EMMEAN_SP_282873.parquet"
"10054","FINAL_EMSDM_EMMEAN_SP_282874.parquet"
"10055","FINAL_EMSDM_EMMEAN_SP_282877.parquet"
"10056","FINAL_EMSDM_EMMEAN_SP_282881.parquet"
"10057","FINAL_EMSDM_EMMEAN_SP_282882.parquet"
"10058","FINAL_EMSDM_EMMEAN_SP_282890.parquet"
"10059","FINAL_EMSDM_EMMEAN_SP_282891.parquet"
"10060","FINAL_EMSDM_EMMEAN_SP_282892.parquet"
"10061","FINAL_EMSDM_EMMEAN_SP_282893.parquet"
"10062","FINAL_EMSDM_EMMEAN_SP_282894.parquet"
"10063","FINAL_EMSDM_EMMEAN_SP_282895.parquet"
"10064","FINAL_EMSDM_EMMEAN_SP_282897.parquet"
"10065","FINAL_EMSDM_EMMEAN_SP_282907.parquet"
"10066","FINAL_EMSDM_EMMEAN_SP_282909.parquet"
"10067","FINAL_EMSDM_EMMEAN_SP_282910.parquet"
"10068","FINAL_EMSDM_EMMEAN_SP_282911.parquet"
"10069","FINAL_EMSDM_EMMEAN_SP_282912.parquet"
"10070","FINAL_EMSDM_EMMEAN_SP_282913.parquet"
"10071","FINAL_EMSDM_EMMEAN_SP_282914.parquet"
"10072","FINAL_EMSDM_EMMEAN_SP_282915.parquet"
"10073","FINAL_EMSDM_EMMEAN_SP_282916.parquet"
"10074","FINAL_EMSDM_EMMEAN_SP_282917.parquet"
"10075","FINAL_EMSDM_EMMEAN_SP_282919.parquet"
"10076","FINAL_EMSDM_EMMEAN_SP_282921.parquet"
"10077","FINAL_EMSDM_EMMEAN_SP_282922.parquet"
"10078","FINAL_EMSDM_EMMEAN_SP_282924.parquet"
"10079","FINAL_EMSDM_EMMEAN_SP_282926.parquet"
"10080","FINAL_EMSDM_EMMEAN_SP_282927.parquet"
"10081","FINAL_EMSDM_EMMEAN_SP_282928.parquet"
"10082","FINAL_EMSDM_EMMEAN_SP_282929.parquet"
"10083","FINAL_EMSDM_EMMEAN_SP_282930.parquet"
"10084","FINAL_EMSDM_EMMEAN_SP_282933.parquet"
"10085","FINAL_EMSDM_EMMEAN_SP_282938.parquet"
"10086","FINAL_EMSDM_EMMEAN_SP_282940.parquet"
"10087","FINAL_EMSDM_EMMEAN_SP_282942.parquet"
"10088","FINAL_EMSDM_EMMEAN_SP_282943.parquet"
"10089","FINAL_EMSDM_EMMEAN_SP_282944.parquet"
"10090","FINAL_EMSDM_EMMEAN_SP_282945.parquet"
"10091","FINAL_EMSDM_EMMEAN_SP_282950.parquet"
"10092","FINAL_EMSDM_EMMEAN_SP_282954.parquet"
"10093","FINAL_EMSDM_EMMEAN_SP_282957.parquet"
"10094","FINAL_EMSDM_EMMEAN_SP_282959.parquet"
"10095","FINAL_EMSDM_EMMEAN_SP_282966.parquet"
"10096","FINAL_EMSDM_EMMEAN_SP_282973.parquet"
"10097","FINAL_EMSDM_EMMEAN_SP_282976.parquet"
"10098","FINAL_EMSDM_EMMEAN_SP_282987.parquet"
"10099","FINAL_EMSDM_EMMEAN_SP_282993.parquet"
"10100","FINAL_EMSDM_EMMEAN_SP_282994.parquet"
"10101","FINAL_EMSDM_EMMEAN_SP_282997.parquet"
"10102","FINAL_EMSDM_EMMEAN_SP_282998.parquet"
"10103","FINAL_EMSDM_EMMEAN_SP_283000.parquet"
"10104","FINAL_EMSDM_EMMEAN_SP_283002.parquet"
"10105","FINAL_EMSDM_EMMEAN_SP_283004.parquet"
"10106","FINAL_EMSDM_EMMEAN_SP_283008.parquet"
"10107","FINAL_EMSDM_EMMEAN_SP_283013.parquet"
"10108","FINAL_EMSDM_EMMEAN_SP_283014.parquet"
"10109","FINAL_EMSDM_EMMEAN_SP_283015.parquet"
"10110","FINAL_EMSDM_EMMEAN_SP_283016.parquet"
"10111","FINAL_EMSDM_EMMEAN_SP_283017.parquet"
"10112","FINAL_EMSDM_EMMEAN_SP_283018.parquet"
"10113","FINAL_EMSDM_EMMEAN_SP_283019.parquet"
"10114","FINAL_EMSDM_EMMEAN_SP_283026.parquet"
"10115","FINAL_EMSDM_EMMEAN_SP_283027.parquet"
"10116","FINAL_EMSDM_EMMEAN_SP_283029.parquet"
"10117","FINAL_EMSDM_EMMEAN_SP_283031.parquet"
"10118","FINAL_EMSDM_EMMEAN_SP_283032.parquet"
"10119","FINAL_EMSDM_EMMEAN_SP_283033.parquet"
"10120","FINAL_EMSDM_EMMEAN_SP_283034.parquet"
"10121","FINAL_EMSDM_EMMEAN_SP_283037.parquet"
"10122","FINAL_EMSDM_EMMEAN_SP_283038.parquet"
"10123","FINAL_EMSDM_EMMEAN_SP_283045.parquet"
"10124","FINAL_EMSDM_EMMEAN_SP_283048.parquet"
"10125","FINAL_EMSDM_EMMEAN_SP_283049.parquet"
"10126","FINAL_EMSDM_EMMEAN_SP_283050.parquet"
"10127","FINAL_EMSDM_EMMEAN_SP_283051.parquet"
"10128","FINAL_EMSDM_EMMEAN_SP_283052.parquet"
"10129","FINAL_EMSDM_EMMEAN_SP_283053.parquet"
"10130","FINAL_EMSDM_EMMEAN_SP_283054.parquet"
"10131","FINAL_EMSDM_EMMEAN_SP_283056.parquet"
"10132","FINAL_EMSDM_EMMEAN_SP_283059.parquet"
"10133","FINAL_EMSDM_EMMEAN_SP_283060.parquet"
"10134","FINAL_EMSDM_EMMEAN_SP_283061.parquet"
"10135","FINAL_EMSDM_EMMEAN_SP_283062.parquet"
"10136","FINAL_EMSDM_EMMEAN_SP_283063.parquet"
"10137","FINAL_EMSDM_EMMEAN_SP_283064.parquet"
"10138","FINAL_EMSDM_EMMEAN_SP_283074.parquet"
"10139","FINAL_EMSDM_EMMEAN_SP_283075.parquet"
"10140","FINAL_EMSDM_EMMEAN_SP_283076.parquet"
"10141","FINAL_EMSDM_EMMEAN_SP_283079.parquet"
"10142","FINAL_EMSDM_EMMEAN_SP_283080.parquet"
"10143","FINAL_EMSDM_EMMEAN_SP_283081.parquet"
"10144","FINAL_EMSDM_EMMEAN_SP_283084.parquet"
"10145","FINAL_EMSDM_EMMEAN_SP_283085.parquet"
"10146","FINAL_EMSDM_EMMEAN_SP_283086.parquet"
"10147","FINAL_EMSDM_EMMEAN_SP_283087.parquet"
"10148","FINAL_EMSDM_EMMEAN_SP_283089.parquet"
"10149","FINAL_EMSDM_EMMEAN_SP_283090.parquet"
"10150","FINAL_EMSDM_EMMEAN_SP_283091.parquet"
"10151","FINAL_EMSDM_EMMEAN_SP_283093.parquet"
"10152","FINAL_EMSDM_EMMEAN_SP_283094.parquet"
"10153","FINAL_EMSDM_EMMEAN_SP_283095.parquet"
"10154","FINAL_EMSDM_EMMEAN_SP_283096.parquet"
"10155","FINAL_EMSDM_EMMEAN_SP_283097.parquet"
"10156","FINAL_EMSDM_EMMEAN_SP_283098.parquet"
"10157","FINAL_EMSDM_EMMEAN_SP_283099.parquet"
"10158","FINAL_EMSDM_EMMEAN_SP_283100.parquet"
"10159","FINAL_EMSDM_EMMEAN_SP_283103.parquet"
"10160","FINAL_EMSDM_EMMEAN_SP_283104.parquet"
"10161","FINAL_EMSDM_EMMEAN_SP_283105.parquet"
"10162","FINAL_EMSDM_EMMEAN_SP_283106.parquet"
"10163","FINAL_EMSDM_EMMEAN_SP_283107.parquet"
"10164","FINAL_EMSDM_EMMEAN_SP_283108.parquet"
"10165","FINAL_EMSDM_EMMEAN_SP_283109.parquet"
"10166","FINAL_EMSDM_EMMEAN_SP_283110.parquet"
"10167","FINAL_EMSDM_EMMEAN_SP_283111.parquet"
"10168","FINAL_EMSDM_EMMEAN_SP_283112.parquet"
"10169","FINAL_EMSDM_EMMEAN_SP_283113.parquet"
"10170","FINAL_EMSDM_EMMEAN_SP_283115.parquet"
"10171","FINAL_EMSDM_EMMEAN_SP_283116.parquet"
"10172","FINAL_EMSDM_EMMEAN_SP_283117.parquet"
"10173","FINAL_EMSDM_EMMEAN_SP_283118.parquet"
"10174","FINAL_EMSDM_EMMEAN_SP_283119.parquet"
"10175","FINAL_EMSDM_EMMEAN_SP_283121.parquet"
"10176","FINAL_EMSDM_EMMEAN_SP_283122.parquet"
"10177","FINAL_EMSDM_EMMEAN_SP_283124.parquet"
"10178","FINAL_EMSDM_EMMEAN_SP_283125.parquet"
"10179","FINAL_EMSDM_EMMEAN_SP_283127.parquet"
"10180","FINAL_EMSDM_EMMEAN_SP_283128.parquet"
"10181","FINAL_EMSDM_EMMEAN_SP_283129.parquet"
"10182","FINAL_EMSDM_EMMEAN_SP_283130.parquet"
"10183","FINAL_EMSDM_EMMEAN_SP_283134.parquet"
"10184","FINAL_EMSDM_EMMEAN_SP_283135.parquet"
"10185","FINAL_EMSDM_EMMEAN_SP_283141.parquet"
"10186","FINAL_EMSDM_EMMEAN_SP_283142.parquet"
"10187","FINAL_EMSDM_EMMEAN_SP_283157.parquet"
"10188","FINAL_EMSDM_EMMEAN_SP_283159.parquet"
"10189","FINAL_EMSDM_EMMEAN_SP_283164.parquet"
"10190","FINAL_EMSDM_EMMEAN_SP_283165.parquet"
"10191","FINAL_EMSDM_EMMEAN_SP_283166.parquet"
"10192","FINAL_EMSDM_EMMEAN_SP_283175.parquet"
"10193","FINAL_EMSDM_EMMEAN_SP_283176.parquet"
"10194","FINAL_EMSDM_EMMEAN_SP_283177.parquet"
"10195","FINAL_EMSDM_EMMEAN_SP_283182.parquet"
"10196","FINAL_EMSDM_EMMEAN_SP_283185.parquet"
"10197","FINAL_EMSDM_EMMEAN_SP_283186.parquet"
"10198","FINAL_EMSDM_EMMEAN_SP_283188.parquet"
"10199","FINAL_EMSDM_EMMEAN_SP_283189.parquet"
"10200","FINAL_EMSDM_EMMEAN_SP_283190.parquet"
"10201","FINAL_EMSDM_EMMEAN_SP_283191.parquet"
"10202","FINAL_EMSDM_EMMEAN_SP_283192.parquet"
"10203","FINAL_EMSDM_EMMEAN_SP_283193.parquet"
"10204","FINAL_EMSDM_EMMEAN_SP_283195.parquet"
"10205","FINAL_EMSDM_EMMEAN_SP_283199.parquet"
"10206","FINAL_EMSDM_EMMEAN_SP_283200.parquet"
"10207","FINAL_EMSDM_EMMEAN_SP_283202.parquet"
"10208","FINAL_EMSDM_EMMEAN_SP_283203.parquet"
"10209","FINAL_EMSDM_EMMEAN_SP_283204.parquet"
"10210","FINAL_EMSDM_EMMEAN_SP_283206.parquet"
"10211","FINAL_EMSDM_EMMEAN_SP_283210.parquet"
"10212","FINAL_EMSDM_EMMEAN_SP_283212.parquet"
"10213","FINAL_EMSDM_EMMEAN_SP_283213.parquet"
"10214","FINAL_EMSDM_EMMEAN_SP_283214.parquet"
"10215","FINAL_EMSDM_EMMEAN_SP_283226.parquet"
"10216","FINAL_EMSDM_EMMEAN_SP_283227.parquet"
"10217","FINAL_EMSDM_EMMEAN_SP_283229.parquet"
"10218","FINAL_EMSDM_EMMEAN_SP_283230.parquet"
"10219","FINAL_EMSDM_EMMEAN_SP_286778.parquet"
"10220","FINAL_EMSDM_EMMEAN_SP_287097.parquet"
"10221","FINAL_EMSDM_EMMEAN_SP_287099.parquet"
"10222","FINAL_EMSDM_EMMEAN_SP_287100.parquet"
"10223","FINAL_EMSDM_EMMEAN_SP_287101.parquet"
"10224","FINAL_EMSDM_EMMEAN_SP_287102.parquet"
"10225","FINAL_EMSDM_EMMEAN_SP_287104.parquet"
"10226","FINAL_EMSDM_EMMEAN_SP_287106.parquet"
"10227","FINAL_EMSDM_EMMEAN_SP_287107.parquet"
"10228","FINAL_EMSDM_EMMEAN_SP_287108.parquet"
"10229","FINAL_EMSDM_EMMEAN_SP_287112.parquet"
"10230","FINAL_EMSDM_EMMEAN_SP_287419.parquet"
"10231","FINAL_EMSDM_EMMEAN_SP_287420.parquet"
"10232","FINAL_EMSDM_EMMEAN_SP_287421.parquet"
"10233","FINAL_EMSDM_EMMEAN_SP_287422.parquet"
"10234","FINAL_EMSDM_EMMEAN_SP_287423.parquet"
"10235","FINAL_EMSDM_EMMEAN_SP_287424.parquet"
"10236","FINAL_EMSDM_EMMEAN_SP_287425.parquet"
"10237","FINAL_EMSDM_EMMEAN_SP_287690.parquet"
"10238","FINAL_EMSDM_EMMEAN_SP_287691.parquet"
"10239","FINAL_EMSDM_EMMEAN_SP_287692.parquet"
"10240","FINAL_EMSDM_EMMEAN_SP_287693.parquet"
"10241","FINAL_EMSDM_EMMEAN_SP_287694.parquet"
"10242","FINAL_EMSDM_EMMEAN_SP_287695.parquet"
"10243","FINAL_EMSDM_EMMEAN_SP_287696.parquet"
"10244","FINAL_EMSDM_EMMEAN_SP_287697.parquet"
"10245","FINAL_EMSDM_EMMEAN_SP_287698.parquet"
"10246","FINAL_EMSDM_EMMEAN_SP_287699.parquet"
"10247","FINAL_EMSDM_EMMEAN_SP_287700.parquet"
"10248","FINAL_EMSDM_EMMEAN_SP_287701.parquet"
"10249","FINAL_EMSDM_EMMEAN_SP_287702.parquet"
"10250","FINAL_EMSDM_EMMEAN_SP_287704.parquet"
"10251","FINAL_EMSDM_EMMEAN_SP_287705.parquet"
"10252","FINAL_EMSDM_EMMEAN_SP_287706.parquet"
"10253","FINAL_EMSDM_EMMEAN_SP_287707.parquet"
"10254","FINAL_EMSDM_EMMEAN_SP_287708.parquet"
"10255","FINAL_EMSDM_EMMEAN_SP_287709.parquet"
"10256","FINAL_EMSDM_EMMEAN_SP_287710.parquet"
"10257","FINAL_EMSDM_EMMEAN_SP_287712.parquet"
"10258","FINAL_EMSDM_EMMEAN_SP_287713.parquet"
"10259","FINAL_EMSDM_EMMEAN_SP_287714.parquet"
"10260","FINAL_EMSDM_EMMEAN_SP_287715.parquet"
"10261","FINAL_EMSDM_EMMEAN_SP_287716.parquet"
"10262","FINAL_EMSDM_EMMEAN_SP_287717.parquet"
"10263","FINAL_EMSDM_EMMEAN_SP_287718.parquet"
"10264","FINAL_EMSDM_EMMEAN_SP_287719.parquet"
"10265","FINAL_EMSDM_EMMEAN_SP_287720.parquet"
"10266","FINAL_EMSDM_EMMEAN_SP_287721.parquet"
"10267","FINAL_EMSDM_EMMEAN_SP_287722.parquet"
"10268","FINAL_EMSDM_EMMEAN_SP_287724.parquet"
"10269","FINAL_EMSDM_EMMEAN_SP_287725.parquet"
"10270","FINAL_EMSDM_EMMEAN_SP_287726.parquet"
"10271","FINAL_EMSDM_EMMEAN_SP_287727.parquet"
"10272","FINAL_EMSDM_EMMEAN_SP_287729.parquet"
"10273","FINAL_EMSDM_EMMEAN_SP_287731.parquet"
"10274","FINAL_EMSDM_EMMEAN_SP_287733.parquet"
"10275","FINAL_EMSDM_EMMEAN_SP_287735.parquet"
"10276","FINAL_EMSDM_EMMEAN_SP_287736.parquet"
"10277","FINAL_EMSDM_EMMEAN_SP_287737.parquet"
"10278","FINAL_EMSDM_EMMEAN_SP_287738.parquet"
"10279","FINAL_EMSDM_EMMEAN_SP_287774.parquet"
"10280","FINAL_EMSDM_EMMEAN_SP_287777.parquet"
"10281","FINAL_EMSDM_EMMEAN_SP_287782.parquet"
"10282","FINAL_EMSDM_EMMEAN_SP_287784.parquet"
"10283","FINAL_EMSDM_EMMEAN_SP_287785.parquet"
"10284","FINAL_EMSDM_EMMEAN_SP_287821.parquet"
"10285","FINAL_EMSDM_EMMEAN_SP_287822.parquet"
"10286","FINAL_EMSDM_EMMEAN_SP_287843.parquet"
"10287","FINAL_EMSDM_EMMEAN_SP_287844.parquet"
"10288","FINAL_EMSDM_EMMEAN_SP_287845.parquet"
"10289","FINAL_EMSDM_EMMEAN_SP_287848.parquet"
"10290","FINAL_EMSDM_EMMEAN_SP_287850.parquet"
"10291","FINAL_EMSDM_EMMEAN_SP_287852.parquet"
"10292","FINAL_EMSDM_EMMEAN_SP_287853.parquet"
"10293","FINAL_EMSDM_EMMEAN_SP_287854.parquet"
"10294","FINAL_EMSDM_EMMEAN_SP_287855.parquet"
"10295","FINAL_EMSDM_EMMEAN_SP_287911.parquet"
"10296","FINAL_EMSDM_EMMEAN_SP_287912.parquet"
"10297","FINAL_EMSDM_EMMEAN_SP_287913.parquet"
"10298","FINAL_EMSDM_EMMEAN_SP_287914.parquet"
"10299","FINAL_EMSDM_EMMEAN_SP_287915.parquet"
"10300","FINAL_EMSDM_EMMEAN_SP_287916.parquet"
"10301","FINAL_EMSDM_EMMEAN_SP_287917.parquet"
"10302","FINAL_EMSDM_EMMEAN_SP_287937.parquet"
"10303","FINAL_EMSDM_EMMEAN_SP_287940.parquet"
"10304","FINAL_EMSDM_EMMEAN_SP_287941.parquet"
"10305","FINAL_EMSDM_EMMEAN_SP_287942.parquet"
"10306","FINAL_EMSDM_EMMEAN_SP_287943.parquet"
"10307","FINAL_EMSDM_EMMEAN_SP_287946.parquet"
"10308","FINAL_EMSDM_EMMEAN_SP_287947.parquet"
"10309","FINAL_EMSDM_EMMEAN_SP_287948.parquet"
"10310","FINAL_EMSDM_EMMEAN_SP_287961.parquet"
"10311","FINAL_EMSDM_EMMEAN_SP_287962.parquet"
"10312","FINAL_EMSDM_EMMEAN_SP_287971.parquet"
"10313","FINAL_EMSDM_EMMEAN_SP_287973.parquet"
"10314","FINAL_EMSDM_EMMEAN_SP_287976.parquet"
"10315","FINAL_EMSDM_EMMEAN_SP_287977.parquet"
"10316","FINAL_EMSDM_EMMEAN_SP_287995.parquet"
"10317","FINAL_EMSDM_EMMEAN_SP_287996.parquet"
"10318","FINAL_EMSDM_EMMEAN_SP_287997.parquet"
"10319","FINAL_EMSDM_EMMEAN_SP_288026.parquet"
"10320","FINAL_EMSDM_EMMEAN_SP_288027.parquet"
"10321","FINAL_EMSDM_EMMEAN_SP_288028.parquet"
"10322","FINAL_EMSDM_EMMEAN_SP_288029.parquet"
"10323","FINAL_EMSDM_EMMEAN_SP_288066.parquet"
"10324","FINAL_EMSDM_EMMEAN_SP_288071.parquet"
"10325","FINAL_EMSDM_EMMEAN_SP_288103.parquet"
"10326","FINAL_EMSDM_EMMEAN_SP_288104.parquet"
"10327","FINAL_EMSDM_EMMEAN_SP_288113.parquet"
"10328","FINAL_EMSDM_EMMEAN_SP_288115.parquet"
"10329","FINAL_EMSDM_EMMEAN_SP_288116.parquet"
"10330","FINAL_EMSDM_EMMEAN_SP_288117.parquet"
"10331","FINAL_EMSDM_EMMEAN_SP_288182.parquet"
"10332","FINAL_EMSDM_EMMEAN_SP_288183.parquet"
"10333","FINAL_EMSDM_EMMEAN_SP_288184.parquet"
"10334","FINAL_EMSDM_EMMEAN_SP_288185.parquet"
"10335","FINAL_EMSDM_EMMEAN_SP_288187.parquet"
"10336","FINAL_EMSDM_EMMEAN_SP_288188.parquet"
"10337","FINAL_EMSDM_EMMEAN_SP_288189.parquet"
"10338","FINAL_EMSDM_EMMEAN_SP_288190.parquet"
"10339","FINAL_EMSDM_EMMEAN_SP_288191.parquet"
"10340","FINAL_EMSDM_EMMEAN_SP_288195.parquet"
"10341","FINAL_EMSDM_EMMEAN_SP_288196.parquet"
"10342","FINAL_EMSDM_EMMEAN_SP_288197.parquet"
"10343","FINAL_EMSDM_EMMEAN_SP_288198.parquet"
"10344","FINAL_EMSDM_EMMEAN_SP_288199.parquet"
"10345","FINAL_EMSDM_EMMEAN_SP_288200.parquet"
"10346","FINAL_EMSDM_EMMEAN_SP_288202.parquet"
"10347","FINAL_EMSDM_EMMEAN_SP_288203.parquet"
"10348","FINAL_EMSDM_EMMEAN_SP_288204.parquet"
"10349","FINAL_EMSDM_EMMEAN_SP_288205.parquet"
"10350","FINAL_EMSDM_EMMEAN_SP_288206.parquet"
"10351","FINAL_EMSDM_EMMEAN_SP_288207.parquet"
"10352","FINAL_EMSDM_EMMEAN_SP_288208.parquet"
"10353","FINAL_EMSDM_EMMEAN_SP_288210.parquet"
"10354","FINAL_EMSDM_EMMEAN_SP_288212.parquet"
"10355","FINAL_EMSDM_EMMEAN_SP_288213.parquet"
"10356","FINAL_EMSDM_EMMEAN_SP_288214.parquet"
"10357","FINAL_EMSDM_EMMEAN_SP_288215.parquet"
"10358","FINAL_EMSDM_EMMEAN_SP_288216.parquet"
"10359","FINAL_EMSDM_EMMEAN_SP_288217.parquet"
"10360","FINAL_EMSDM_EMMEAN_SP_288218.parquet"
"10361","FINAL_EMSDM_EMMEAN_SP_288219.parquet"
"10362","FINAL_EMSDM_EMMEAN_SP_288225.parquet"
"10363","FINAL_EMSDM_EMMEAN_SP_288227.parquet"
"10364","FINAL_EMSDM_EMMEAN_SP_288232.parquet"
"10365","FINAL_EMSDM_EMMEAN_SP_288233.parquet"
"10366","FINAL_EMSDM_EMMEAN_SP_288236.parquet"
"10367","FINAL_EMSDM_EMMEAN_SP_288237.parquet"
"10368","FINAL_EMSDM_EMMEAN_SP_288238.parquet"
"10369","FINAL_EMSDM_EMMEAN_SP_288239.parquet"
"10370","FINAL_EMSDM_EMMEAN_SP_288240.parquet"
"10371","FINAL_EMSDM_EMMEAN_SP_288241.parquet"
"10372","FINAL_EMSDM_EMMEAN_SP_288243.parquet"
"10373","FINAL_EMSDM_EMMEAN_SP_288244.parquet"
"10374","FINAL_EMSDM_EMMEAN_SP_288247.parquet"
"10375","FINAL_EMSDM_EMMEAN_SP_288248.parquet"
"10376","FINAL_EMSDM_EMMEAN_SP_288249.parquet"
"10377","FINAL_EMSDM_EMMEAN_SP_288250.parquet"
"10378","FINAL_EMSDM_EMMEAN_SP_288251.parquet"
"10379","FINAL_EMSDM_EMMEAN_SP_288253.parquet"
"10380","FINAL_EMSDM_EMMEAN_SP_288254.parquet"
"10381","FINAL_EMSDM_EMMEAN_SP_288257.parquet"
"10382","FINAL_EMSDM_EMMEAN_SP_288259.parquet"
"10383","FINAL_EMSDM_EMMEAN_SP_288260.parquet"
"10384","FINAL_EMSDM_EMMEAN_SP_288261.parquet"
"10385","FINAL_EMSDM_EMMEAN_SP_288262.parquet"
"10386","FINAL_EMSDM_EMMEAN_SP_288263.parquet"
"10387","FINAL_EMSDM_EMMEAN_SP_288264.parquet"
"10388","FINAL_EMSDM_EMMEAN_SP_288266.parquet"
"10389","FINAL_EMSDM_EMMEAN_SP_288267.parquet"
"10390","FINAL_EMSDM_EMMEAN_SP_288268.parquet"
"10391","FINAL_EMSDM_EMMEAN_SP_288269.parquet"
"10392","FINAL_EMSDM_EMMEAN_SP_288270.parquet"
"10393","FINAL_EMSDM_EMMEAN_SP_288271.parquet"
"10394","FINAL_EMSDM_EMMEAN_SP_288272.parquet"
"10395","FINAL_EMSDM_EMMEAN_SP_288273.parquet"
"10396","FINAL_EMSDM_EMMEAN_SP_288274.parquet"
"10397","FINAL_EMSDM_EMMEAN_SP_288275.parquet"
"10398","FINAL_EMSDM_EMMEAN_SP_288276.parquet"
"10399","FINAL_EMSDM_EMMEAN_SP_288277.parquet"
"10400","FINAL_EMSDM_EMMEAN_SP_288278.parquet"
"10401","FINAL_EMSDM_EMMEAN_SP_288280.parquet"
"10402","FINAL_EMSDM_EMMEAN_SP_288340.parquet"
"10403","FINAL_EMSDM_EMMEAN_SP_288341.parquet"
"10404","FINAL_EMSDM_EMMEAN_SP_288342.parquet"
"10405","FINAL_EMSDM_EMMEAN_SP_288343.parquet"
"10406","FINAL_EMSDM_EMMEAN_SP_288344.parquet"
"10407","FINAL_EMSDM_EMMEAN_SP_288346.parquet"
"10408","FINAL_EMSDM_EMMEAN_SP_288347.parquet"
"10409","FINAL_EMSDM_EMMEAN_SP_288348.parquet"
"10410","FINAL_EMSDM_EMMEAN_SP_288350.parquet"
"10411","FINAL_EMSDM_EMMEAN_SP_288351.parquet"
"10412","FINAL_EMSDM_EMMEAN_SP_288352.parquet"
"10413","FINAL_EMSDM_EMMEAN_SP_288393.parquet"
"10414","FINAL_EMSDM_EMMEAN_SP_288394.parquet"
"10415","FINAL_EMSDM_EMMEAN_SP_288403.parquet"
"10416","FINAL_EMSDM_EMMEAN_SP_288404.parquet"
"10417","FINAL_EMSDM_EMMEAN_SP_288405.parquet"
"10418","FINAL_EMSDM_EMMEAN_SP_288407.parquet"
"10419","FINAL_EMSDM_EMMEAN_SP_288717.parquet"
"10420","FINAL_EMSDM_EMMEAN_SP_288718.parquet"
"10421","FINAL_EMSDM_EMMEAN_SP_288719.parquet"
"10422","FINAL_EMSDM_EMMEAN_SP_288720.parquet"
"10423","FINAL_EMSDM_EMMEAN_SP_288721.parquet"
"10424","FINAL_EMSDM_EMMEAN_SP_288823.parquet"
"10425","FINAL_EMSDM_EMMEAN_SP_288855.parquet"
"10426","FINAL_EMSDM_EMMEAN_SP_288862.parquet"
"10427","FINAL_EMSDM_EMMEAN_SP_288865.parquet"
"10428","FINAL_EMSDM_EMMEAN_SP_288874.parquet"
"10429","FINAL_EMSDM_EMMEAN_SP_288875.parquet"
"10430","FINAL_EMSDM_EMMEAN_SP_288878.parquet"
"10431","FINAL_EMSDM_EMMEAN_SP_288882.parquet"
"10432","FINAL_EMSDM_EMMEAN_SP_288885.parquet"
"10433","FINAL_EMSDM_EMMEAN_SP_288886.parquet"
"10434","FINAL_EMSDM_EMMEAN_SP_288887.parquet"
"10435","FINAL_EMSDM_EMMEAN_SP_288888.parquet"
"10436","FINAL_EMSDM_EMMEAN_SP_288889.parquet"
"10437","FINAL_EMSDM_EMMEAN_SP_288890.parquet"
"10438","FINAL_EMSDM_EMMEAN_SP_288892.parquet"
"10439","FINAL_EMSDM_EMMEAN_SP_288893.parquet"
"10440","FINAL_EMSDM_EMMEAN_SP_288894.parquet"
"10441","FINAL_EMSDM_EMMEAN_SP_288895.parquet"
"10442","FINAL_EMSDM_EMMEAN_SP_288896.parquet"
"10443","FINAL_EMSDM_EMMEAN_SP_288897.parquet"
"10444","FINAL_EMSDM_EMMEAN_SP_288898.parquet"
"10445","FINAL_EMSDM_EMMEAN_SP_288899.parquet"
"10446","FINAL_EMSDM_EMMEAN_SP_288900.parquet"
"10447","FINAL_EMSDM_EMMEAN_SP_288901.parquet"
"10448","FINAL_EMSDM_EMMEAN_SP_288902.parquet"
"10449","FINAL_EMSDM_EMMEAN_SP_288903.parquet"
"10450","FINAL_EMSDM_EMMEAN_SP_288904.parquet"
"10451","FINAL_EMSDM_EMMEAN_SP_288905.parquet"
"10452","FINAL_EMSDM_EMMEAN_SP_288907.parquet"
"10453","FINAL_EMSDM_EMMEAN_SP_288908.parquet"
"10454","FINAL_EMSDM_EMMEAN_SP_288909.parquet"
"10455","FINAL_EMSDM_EMMEAN_SP_288910.parquet"
"10456","FINAL_EMSDM_EMMEAN_SP_288911.parquet"
"10457","FINAL_EMSDM_EMMEAN_SP_288912.parquet"
"10458","FINAL_EMSDM_EMMEAN_SP_288915.parquet"
"10459","FINAL_EMSDM_EMMEAN_SP_288916.parquet"
"10460","FINAL_EMSDM_EMMEAN_SP_288918.parquet"
"10461","FINAL_EMSDM_EMMEAN_SP_288919.parquet"
"10462","FINAL_EMSDM_EMMEAN_SP_288920.parquet"
"10463","FINAL_EMSDM_EMMEAN_SP_288921.parquet"
"10464","FINAL_EMSDM_EMMEAN_SP_288922.parquet"
"10465","FINAL_EMSDM_EMMEAN_SP_288923.parquet"
"10466","FINAL_EMSDM_EMMEAN_SP_289171.parquet"
"10467","FINAL_EMSDM_EMMEAN_SP_289172.parquet"
"10468","FINAL_EMSDM_EMMEAN_SP_289198.parquet"
"10469","FINAL_EMSDM_EMMEAN_SP_289200.parquet"
"10470","FINAL_EMSDM_EMMEAN_SP_289201.parquet"
"10471","FINAL_EMSDM_EMMEAN_SP_289202.parquet"
"10472","FINAL_EMSDM_EMMEAN_SP_289203.parquet"
"10473","FINAL_EMSDM_EMMEAN_SP_289206.parquet"
"10474","FINAL_EMSDM_EMMEAN_SP_289207.parquet"
"10475","FINAL_EMSDM_EMMEAN_SP_289208.parquet"
"10476","FINAL_EMSDM_EMMEAN_SP_289214.parquet"
"10477","FINAL_EMSDM_EMMEAN_SP_289218.parquet"
"10478","FINAL_EMSDM_EMMEAN_SP_289232.parquet"
"10479","FINAL_EMSDM_EMMEAN_SP_289240.parquet"
"10480","FINAL_EMSDM_EMMEAN_SP_289241.parquet"
"10481","FINAL_EMSDM_EMMEAN_SP_289243.parquet"
"10482","FINAL_EMSDM_EMMEAN_SP_289244.parquet"
"10483","FINAL_EMSDM_EMMEAN_SP_289245.parquet"
"10484","FINAL_EMSDM_EMMEAN_SP_289246.parquet"
"10485","FINAL_EMSDM_EMMEAN_SP_289248.parquet"
"10486","FINAL_EMSDM_EMMEAN_SP_289249.parquet"
"10487","FINAL_EMSDM_EMMEAN_SP_289250.parquet"
"10488","FINAL_EMSDM_EMMEAN_SP_289251.parquet"
"10489","FINAL_EMSDM_EMMEAN_SP_289252.parquet"
"10490","FINAL_EMSDM_EMMEAN_SP_289253.parquet"
"10491","FINAL_EMSDM_EMMEAN_SP_289254.parquet"
"10492","FINAL_EMSDM_EMMEAN_SP_289255.parquet"
"10493","FINAL_EMSDM_EMMEAN_SP_289256.parquet"
"10494","FINAL_EMSDM_EMMEAN_SP_289257.parquet"
"10495","FINAL_EMSDM_EMMEAN_SP_289258.parquet"
"10496","FINAL_EMSDM_EMMEAN_SP_289259.parquet"
"10497","FINAL_EMSDM_EMMEAN_SP_289487.parquet"
"10498","FINAL_EMSDM_EMMEAN_SP_289527.parquet"
"10499","FINAL_EMSDM_EMMEAN_SP_289568.parquet"
"10500","FINAL_EMSDM_EMMEAN_SP_289569.parquet"
"10501","FINAL_EMSDM_EMMEAN_SP_289570.parquet"
"10502","FINAL_EMSDM_EMMEAN_SP_289576.parquet"
"10503","FINAL_EMSDM_EMMEAN_SP_289577.parquet"
"10504","FINAL_EMSDM_EMMEAN_SP_289697.parquet"
"10505","FINAL_EMSDM_EMMEAN_SP_289807.parquet"
"10506","FINAL_EMSDM_EMMEAN_SP_289826.parquet"
"10507","FINAL_EMSDM_EMMEAN_SP_289843.parquet"
"10508","FINAL_EMSDM_EMMEAN_SP_289877.parquet"
"10509","FINAL_EMSDM_EMMEAN_SP_289896.parquet"
"10510","FINAL_EMSDM_EMMEAN_SP_289939.parquet"
"10511","FINAL_EMSDM_EMMEAN_SP_290083.parquet"
"10512","FINAL_EMSDM_EMMEAN_SP_290308.parquet"
"10513","FINAL_EMSDM_EMMEAN_SP_290309.parquet"
"10514","FINAL_EMSDM_EMMEAN_SP_290327.parquet"
"10515","FINAL_EMSDM_EMMEAN_SP_290363.parquet"
"10516","FINAL_EMSDM_EMMEAN_SP_290380.parquet"
"10517","FINAL_EMSDM_EMMEAN_SP_290421.parquet"
"10518","FINAL_EMSDM_EMMEAN_SP_290422.parquet"
"10519","FINAL_EMSDM_EMMEAN_SP_290423.parquet"
"10520","FINAL_EMSDM_EMMEAN_SP_290424.parquet"
"10521","FINAL_EMSDM_EMMEAN_SP_290425.parquet"
"10522","FINAL_EMSDM_EMMEAN_SP_290426.parquet"
"10523","FINAL_EMSDM_EMMEAN_SP_290427.parquet"
"10524","FINAL_EMSDM_EMMEAN_SP_290428.parquet"
"10525","FINAL_EMSDM_EMMEAN_SP_290548.parquet"
"10526","FINAL_EMSDM_EMMEAN_SP_290597.parquet"
"10527","FINAL_EMSDM_EMMEAN_SP_291010.parquet"
"10528","FINAL_EMSDM_EMMEAN_SP_291025.parquet"
"10529","FINAL_EMSDM_EMMEAN_SP_291051.parquet"
"10530","FINAL_EMSDM_EMMEAN_SP_291054.parquet"
"10531","FINAL_EMSDM_EMMEAN_SP_291055.parquet"
"10532","FINAL_EMSDM_EMMEAN_SP_291119.parquet"
"10533","FINAL_EMSDM_EMMEAN_SP_291309.parquet"
"10534","FINAL_EMSDM_EMMEAN_SP_293250.parquet"
"10535","FINAL_EMSDM_EMMEAN_SP_293534.parquet"
"10536","FINAL_EMSDM_EMMEAN_SP_293541.parquet"
"10537","FINAL_EMSDM_EMMEAN_SP_293547.parquet"
"10538","FINAL_EMSDM_EMMEAN_SP_293549.parquet"
"10539","FINAL_EMSDM_EMMEAN_SP_293559.parquet"
"10540","FINAL_EMSDM_EMMEAN_SP_293571.parquet"
"10541","FINAL_EMSDM_EMMEAN_SP_293578.parquet"
"10542","FINAL_EMSDM_EMMEAN_SP_293587.parquet"
"10543","FINAL_EMSDM_EMMEAN_SP_293591.parquet"
"10544","FINAL_EMSDM_EMMEAN_SP_293596.parquet"
"10545","FINAL_EMSDM_EMMEAN_SP_293617.parquet"
"10546","FINAL_EMSDM_EMMEAN_SP_293637.parquet"
"10547","FINAL_EMSDM_EMMEAN_SP_293653.parquet"
"10548","FINAL_EMSDM_EMMEAN_SP_293654.parquet"
"10549","FINAL_EMSDM_EMMEAN_SP_293656.parquet"
"10550","FINAL_EMSDM_EMMEAN_SP_293658.parquet"
"10551","FINAL_EMSDM_EMMEAN_SP_293659.parquet"
"10552","FINAL_EMSDM_EMMEAN_SP_293661.parquet"
"10553","FINAL_EMSDM_EMMEAN_SP_293670.parquet"
"10554","FINAL_EMSDM_EMMEAN_SP_293680.parquet"
"10555","FINAL_EMSDM_EMMEAN_SP_293706.parquet"
"10556","FINAL_EMSDM_EMMEAN_SP_293715.parquet"
"10557","FINAL_EMSDM_EMMEAN_SP_293725.parquet"
"10558","FINAL_EMSDM_EMMEAN_SP_293729.parquet"
"10559","FINAL_EMSDM_EMMEAN_SP_293732.parquet"
"10560","FINAL_EMSDM_EMMEAN_SP_293747.parquet"
"10561","FINAL_EMSDM_EMMEAN_SP_295747.parquet"
"10562","FINAL_EMSDM_EMMEAN_SP_298163.parquet"
"10563","FINAL_EMSDM_EMMEAN_SP_298424.parquet"
"10564","FINAL_EMSDM_EMMEAN_SP_298552.parquet"
"10565","FINAL_EMSDM_EMMEAN_SP_298791.parquet"
"10566","FINAL_EMSDM_EMMEAN_SP_298792.parquet"
"10567","FINAL_EMSDM_EMMEAN_SP_298828.parquet"
"10568","FINAL_EMSDM_EMMEAN_SP_298829.parquet"
"10569","FINAL_EMSDM_EMMEAN_SP_298834.parquet"
"10570","FINAL_EMSDM_EMMEAN_SP_298995.parquet"
"10571","FINAL_EMSDM_EMMEAN_SP_299089.parquet"
"10572","FINAL_EMSDM_EMMEAN_SP_299099.parquet"
"10573","FINAL_EMSDM_EMMEAN_SP_299100.parquet"
"10574","FINAL_EMSDM_EMMEAN_SP_299106.parquet"
"10575","FINAL_EMSDM_EMMEAN_SP_299159.parquet"
"10576","FINAL_EMSDM_EMMEAN_SP_299184.parquet"
"10577","FINAL_EMSDM_EMMEAN_SP_299224.parquet"
"10578","FINAL_EMSDM_EMMEAN_SP_299422.parquet"
"10579","FINAL_EMSDM_EMMEAN_SP_299452.parquet"
"10580","FINAL_EMSDM_EMMEAN_SP_299565.parquet"
"10581","FINAL_EMSDM_EMMEAN_SP_299709.parquet"
"10582","FINAL_EMSDM_EMMEAN_SP_299743.parquet"
"10583","FINAL_EMSDM_EMMEAN_SP_299812.parquet"
"10584","FINAL_EMSDM_EMMEAN_SP_299942.parquet"
"10585","FINAL_EMSDM_EMMEAN_SP_300551.parquet"
"10586","FINAL_EMSDM_EMMEAN_SP_301525.parquet"
"10587","FINAL_EMSDM_EMMEAN_SP_301526.parquet"
"10588","FINAL_EMSDM_EMMEAN_SP_301545.parquet"
"10589","FINAL_EMSDM_EMMEAN_SP_301548.parquet"
"10590","FINAL_EMSDM_EMMEAN_SP_301914.parquet"
"10591","FINAL_EMSDM_EMMEAN_SP_302165.parquet"
"10592","FINAL_EMSDM_EMMEAN_SP_302173.parquet"
"10593","FINAL_EMSDM_EMMEAN_SP_302277.parquet"
"10594","FINAL_EMSDM_EMMEAN_SP_302312.parquet"
"10595","FINAL_EMSDM_EMMEAN_SP_302432.parquet"
"10596","FINAL_EMSDM_EMMEAN_SP_302747.parquet"
"10597","FINAL_EMSDM_EMMEAN_SP_302800.parquet"
"10598","FINAL_EMSDM_EMMEAN_SP_302801.parquet"
"10599","FINAL_EMSDM_EMMEAN_SP_303762.parquet"
"10600","FINAL_EMSDM_EMMEAN_SP_304153.parquet"
"10601","FINAL_EMSDM_EMMEAN_SP_304761.parquet"
"10602","FINAL_EMSDM_EMMEAN_SP_305111.parquet"
"10603","FINAL_EMSDM_EMMEAN_SP_305167.parquet"
"10604","FINAL_EMSDM_EMMEAN_SP_305635.parquet"
"10605","FINAL_EMSDM_EMMEAN_SP_305637.parquet"
"10606","FINAL_EMSDM_EMMEAN_SP_305684.parquet"
"10607","FINAL_EMSDM_EMMEAN_SP_305689.parquet"
"10608","FINAL_EMSDM_EMMEAN_SP_305867.parquet"
"10609","FINAL_EMSDM_EMMEAN_SP_306621.parquet"
"10610","FINAL_EMSDM_EMMEAN_SP_306683.parquet"
"10611","FINAL_EMSDM_EMMEAN_SP_306767.parquet"
"10612","FINAL_EMSDM_EMMEAN_SP_306811.parquet"
"10613","FINAL_EMSDM_EMMEAN_SP_307068.parquet"
"10614","FINAL_EMSDM_EMMEAN_SP_307072.parquet"
"10615","FINAL_EMSDM_EMMEAN_SP_307126.parquet"
"10616","FINAL_EMSDM_EMMEAN_SP_307139.parquet"
"10617","FINAL_EMSDM_EMMEAN_SP_307150.parquet"
"10618","FINAL_EMSDM_EMMEAN_SP_308233.parquet"
"10619","FINAL_EMSDM_EMMEAN_SP_308282.parquet"
"10620","FINAL_EMSDM_EMMEAN_SP_308314.parquet"
"10621","FINAL_EMSDM_EMMEAN_SP_308682.parquet"
"10622","FINAL_EMSDM_EMMEAN_SP_308721.parquet"
"10623","FINAL_EMSDM_EMMEAN_SP_308768.parquet"
"10624","FINAL_EMSDM_EMMEAN_SP_308885.parquet"
"10625","FINAL_EMSDM_EMMEAN_SP_309494.parquet"
"10626","FINAL_EMSDM_EMMEAN_SP_309697.parquet"
"10627","FINAL_EMSDM_EMMEAN_SP_309705.parquet"
"10628","FINAL_EMSDM_EMMEAN_SP_309999.parquet"
"10629","FINAL_EMSDM_EMMEAN_SP_310096.parquet"
"10630","FINAL_EMSDM_EMMEAN_SP_310389.parquet"
"10631","FINAL_EMSDM_EMMEAN_SP_310454.parquet"
"10632","FINAL_EMSDM_EMMEAN_SP_310505.parquet"
"10633","FINAL_EMSDM_EMMEAN_SP_310506.parquet"
"10634","FINAL_EMSDM_EMMEAN_SP_310539.parquet"
"10635","FINAL_EMSDM_EMMEAN_SP_310590.parquet"
"10636","FINAL_EMSDM_EMMEAN_SP_310593.parquet"
"10637","FINAL_EMSDM_EMMEAN_SP_310740.parquet"
"10638","FINAL_EMSDM_EMMEAN_SP_310932.parquet"
"10639","FINAL_EMSDM_EMMEAN_SP_310943.parquet"
"10640","FINAL_EMSDM_EMMEAN_SP_310945.parquet"
"10641","FINAL_EMSDM_EMMEAN_SP_310946.parquet"
"10642","FINAL_EMSDM_EMMEAN_SP_310967.parquet"
"10643","FINAL_EMSDM_EMMEAN_SP_311038.parquet"
"10644","FINAL_EMSDM_EMMEAN_SP_311180.parquet"
"10645","FINAL_EMSDM_EMMEAN_SP_311258.parquet"
"10646","FINAL_EMSDM_EMMEAN_SP_311418.parquet"
"10647","FINAL_EMSDM_EMMEAN_SP_311480.parquet"
"10648","FINAL_EMSDM_EMMEAN_SP_311551.parquet"
"10649","FINAL_EMSDM_EMMEAN_SP_311606.parquet"
"10650","FINAL_EMSDM_EMMEAN_SP_311607.parquet"
"10651","FINAL_EMSDM_EMMEAN_SP_312022.parquet"
"10652","FINAL_EMSDM_EMMEAN_SP_312023.parquet"
"10653","FINAL_EMSDM_EMMEAN_SP_312025.parquet"
"10654","FINAL_EMSDM_EMMEAN_SP_312026.parquet"
"10655","FINAL_EMSDM_EMMEAN_SP_312513.parquet"
"10656","FINAL_EMSDM_EMMEAN_SP_312514.parquet"
"10657","FINAL_EMSDM_EMMEAN_SP_312541.parquet"
"10658","FINAL_EMSDM_EMMEAN_SP_312542.parquet"
"10659","FINAL_EMSDM_EMMEAN_SP_312550.parquet"
"10660","FINAL_EMSDM_EMMEAN_SP_312551.parquet"
"10661","FINAL_EMSDM_EMMEAN_SP_312553.parquet"
"10662","FINAL_EMSDM_EMMEAN_SP_312650.parquet"
"10663","FINAL_EMSDM_EMMEAN_SP_312651.parquet"
"10664","FINAL_EMSDM_EMMEAN_SP_313008.parquet"
"10665","FINAL_EMSDM_EMMEAN_SP_313009.parquet"
"10666","FINAL_EMSDM_EMMEAN_SP_313075.parquet"
"10667","FINAL_EMSDM_EMMEAN_SP_313100.parquet"
"10668","FINAL_EMSDM_EMMEAN_SP_313170.parquet"
"10669","FINAL_EMSDM_EMMEAN_SP_313206.parquet"
"10670","FINAL_EMSDM_EMMEAN_SP_313334.parquet"
"10671","FINAL_EMSDM_EMMEAN_SP_313679.parquet"
"10672","FINAL_EMSDM_EMMEAN_SP_313757.parquet"
"10673","FINAL_EMSDM_EMMEAN_SP_313758.parquet"
"10674","FINAL_EMSDM_EMMEAN_SP_313817.parquet"
"10675","FINAL_EMSDM_EMMEAN_SP_313819.parquet"
"10676","FINAL_EMSDM_EMMEAN_SP_313889.parquet"
"10677","FINAL_EMSDM_EMMEAN_SP_313909.parquet"
"10678","FINAL_EMSDM_EMMEAN_SP_313932.parquet"
"10679","FINAL_EMSDM_EMMEAN_SP_314043.parquet"
"10680","FINAL_EMSDM_EMMEAN_SP_314177.parquet"
"10681","FINAL_EMSDM_EMMEAN_SP_314211.parquet"
"10682","FINAL_EMSDM_EMMEAN_SP_314213.parquet"
"10683","FINAL_EMSDM_EMMEAN_SP_314225.parquet"
"10684","FINAL_EMSDM_EMMEAN_SP_314341.parquet"
"10685","FINAL_EMSDM_EMMEAN_SP_314348.parquet"
"10686","FINAL_EMSDM_EMMEAN_SP_314382.parquet"
"10687","FINAL_EMSDM_EMMEAN_SP_314549.parquet"
"10688","FINAL_EMSDM_EMMEAN_SP_314604.parquet"
"10689","FINAL_EMSDM_EMMEAN_SP_314648.parquet"
"10690","FINAL_EMSDM_EMMEAN_SP_314856.parquet"
"10691","FINAL_EMSDM_EMMEAN_SP_314857.parquet"
"10692","FINAL_EMSDM_EMMEAN_SP_314858.parquet"
"10693","FINAL_EMSDM_EMMEAN_SP_314916.parquet"
"10694","FINAL_EMSDM_EMMEAN_SP_315019.parquet"
"10695","FINAL_EMSDM_EMMEAN_SP_315189.parquet"
"10696","FINAL_EMSDM_EMMEAN_SP_315192.parquet"
"10697","FINAL_EMSDM_EMMEAN_SP_315356.parquet"
"10698","FINAL_EMSDM_EMMEAN_SP_315532.parquet"
"10699","FINAL_EMSDM_EMMEAN_SP_315723.parquet"
"10700","FINAL_EMSDM_EMMEAN_SP_315843.parquet"
"10701","FINAL_EMSDM_EMMEAN_SP_316266.parquet"
"10702","FINAL_EMSDM_EMMEAN_SP_316573.parquet"
"10703","FINAL_EMSDM_EMMEAN_SP_316762.parquet"
"10704","FINAL_EMSDM_EMMEAN_SP_316763.parquet"
"10705","FINAL_EMSDM_EMMEAN_SP_316764.parquet"
"10706","FINAL_EMSDM_EMMEAN_SP_316765.parquet"
"10707","FINAL_EMSDM_EMMEAN_SP_316766.parquet"
"10708","FINAL_EMSDM_EMMEAN_SP_316767.parquet"
"10709","FINAL_EMSDM_EMMEAN_SP_317539.parquet"
"10710","FINAL_EMSDM_EMMEAN_SP_317624.parquet"
"10711","FINAL_EMSDM_EMMEAN_SP_317659.parquet"
"10712","FINAL_EMSDM_EMMEAN_SP_317688.parquet"
"10713","FINAL_EMSDM_EMMEAN_SP_318064.parquet"
"10714","FINAL_EMSDM_EMMEAN_SP_318081.parquet"
"10715","FINAL_EMSDM_EMMEAN_SP_318181.parquet"
"10716","FINAL_EMSDM_EMMEAN_SP_318482.parquet"
"10717","FINAL_EMSDM_EMMEAN_SP_318485.parquet"
"10718","FINAL_EMSDM_EMMEAN_SP_318576.parquet"
"10719","FINAL_EMSDM_EMMEAN_SP_318699.parquet"
"10720","FINAL_EMSDM_EMMEAN_SP_318742.parquet"
"10721","FINAL_EMSDM_EMMEAN_SP_319394.parquet"
"10722","FINAL_EMSDM_EMMEAN_SP_319505.parquet"
"10723","FINAL_EMSDM_EMMEAN_SP_319690.parquet"
"10724","FINAL_EMSDM_EMMEAN_SP_319734.parquet"
"10725","FINAL_EMSDM_EMMEAN_SP_319874.parquet"
"10726","FINAL_EMSDM_EMMEAN_SP_319876.parquet"
"10727","FINAL_EMSDM_EMMEAN_SP_319877.parquet"
"10728","FINAL_EMSDM_EMMEAN_SP_319879.parquet"
"10729","FINAL_EMSDM_EMMEAN_SP_319881.parquet"
"10730","FINAL_EMSDM_EMMEAN_SP_319884.parquet"
"10731","FINAL_EMSDM_EMMEAN_SP_320012.parquet"
"10732","FINAL_EMSDM_EMMEAN_SP_320100.parquet"
"10733","FINAL_EMSDM_EMMEAN_SP_320685.parquet"
"10734","FINAL_EMSDM_EMMEAN_SP_320883.parquet"
"10735","FINAL_EMSDM_EMMEAN_SP_320892.parquet"
"10736","FINAL_EMSDM_EMMEAN_SP_320982.parquet"
"10737","FINAL_EMSDM_EMMEAN_SP_321097.parquet"
"10738","FINAL_EMSDM_EMMEAN_SP_321650.parquet"
"10739","FINAL_EMSDM_EMMEAN_SP_321911.parquet"
"10740","FINAL_EMSDM_EMMEAN_SP_321912.parquet"
"10741","FINAL_EMSDM_EMMEAN_SP_322094.parquet"
"10742","FINAL_EMSDM_EMMEAN_SP_322267.parquet"
"10743","FINAL_EMSDM_EMMEAN_SP_343720.parquet"
"10744","FINAL_EMSDM_EMMEAN_SP_343721.parquet"
"10745","FINAL_EMSDM_EMMEAN_SP_343722.parquet"
"10746","FINAL_EMSDM_EMMEAN_SP_343723.parquet"
"10747","FINAL_EMSDM_EMMEAN_SP_343724.parquet"
"10748","FINAL_EMSDM_EMMEAN_SP_343896.parquet"
"10749","FINAL_EMSDM_EMMEAN_SP_343897.parquet"
"10750","FINAL_EMSDM_EMMEAN_SP_343898.parquet"
"10751","FINAL_EMSDM_EMMEAN_SP_343899.parquet"
"10752","FINAL_EMSDM_EMMEAN_SP_343900.parquet"
"10753","FINAL_EMSDM_EMMEAN_SP_343990.parquet"
"10754","FINAL_EMSDM_EMMEAN_SP_344013.parquet"
"10755","FINAL_EMSDM_EMMEAN_SP_344050.parquet"
"10756","FINAL_EMSDM_EMMEAN_SP_344069.parquet"
"10757","FINAL_EMSDM_EMMEAN_SP_344070.parquet"
"10758","FINAL_EMSDM_EMMEAN_SP_344077.parquet"
"10759","FINAL_EMSDM_EMMEAN_SP_344088.parquet"
"10760","FINAL_EMSDM_EMMEAN_SP_344635.parquet"
"10761","FINAL_EMSDM_EMMEAN_SP_344662.parquet"
"10762","FINAL_EMSDM_EMMEAN_SP_344680.parquet"
"10763","FINAL_EMSDM_EMMEAN_SP_344688.parquet"
"10764","FINAL_EMSDM_EMMEAN_SP_344731.parquet"
"10765","FINAL_EMSDM_EMMEAN_SP_344732.parquet"
"10766","FINAL_EMSDM_EMMEAN_SP_345843.parquet"
"10767","FINAL_EMSDM_EMMEAN_SP_345850.parquet"
"10768","FINAL_EMSDM_EMMEAN_SP_367197.parquet"
"10769","FINAL_EMSDM_EMMEAN_SP_367200.parquet"
"10770","FINAL_EMSDM_EMMEAN_SP_367207.parquet"
"10771","FINAL_EMSDM_EMMEAN_SP_367208.parquet"
"10772","FINAL_EMSDM_EMMEAN_SP_367210.parquet"
"10773","FINAL_EMSDM_EMMEAN_SP_367211.parquet"
"10774","FINAL_EMSDM_EMMEAN_SP_367212.parquet"
"10775","FINAL_EMSDM_EMMEAN_SP_367240.parquet"
"10776","FINAL_EMSDM_EMMEAN_SP_367241.parquet"
"10777","FINAL_EMSDM_EMMEAN_SP_367242.parquet"
"10778","FINAL_EMSDM_EMMEAN_SP_367251.parquet"
"10779","FINAL_EMSDM_EMMEAN_SP_367252.parquet"
"10780","FINAL_EMSDM_EMMEAN_SP_367253.parquet"
"10781","FINAL_EMSDM_EMMEAN_SP_367254.parquet"
"10782","FINAL_EMSDM_EMMEAN_SP_367285.parquet"
"10783","FINAL_EMSDM_EMMEAN_SP_367286.parquet"
"10784","FINAL_EMSDM_EMMEAN_SP_367287.parquet"
"10785","FINAL_EMSDM_EMMEAN_SP_367289.parquet"
"10786","FINAL_EMSDM_EMMEAN_SP_367291.parquet"
"10787","FINAL_EMSDM_EMMEAN_SP_367293.parquet"
"10788","FINAL_EMSDM_EMMEAN_SP_367295.parquet"
"10789","FINAL_EMSDM_EMMEAN_SP_367297.parquet"
"10790","FINAL_EMSDM_EMMEAN_SP_367332.parquet"
"10791","FINAL_EMSDM_EMMEAN_SP_367816.parquet"
"10792","FINAL_EMSDM_EMMEAN_SP_368180.parquet"
"10793","FINAL_EMSDM_EMMEAN_SP_368478.parquet"
"10794","FINAL_EMSDM_EMMEAN_SP_382832.parquet"
"10795","FINAL_EMSDM_EMMEAN_SP_382833.parquet"
"10796","FINAL_EMSDM_EMMEAN_SP_382834.parquet"
"10797","FINAL_EMSDM_EMMEAN_SP_382840.parquet"
"10798","FINAL_EMSDM_EMMEAN_SP_382841.parquet"
"10799","FINAL_EMSDM_EMMEAN_SP_382842.parquet"
"10800","FINAL_EMSDM_EMMEAN_SP_382843.parquet"
"10801","FINAL_EMSDM_EMMEAN_SP_382844.parquet"
"10802","FINAL_EMSDM_EMMEAN_SP_382845.parquet"
"10803","FINAL_EMSDM_EMMEAN_SP_382846.parquet"
"10804","FINAL_EMSDM_EMMEAN_SP_382847.parquet"
"10805","FINAL_EMSDM_EMMEAN_SP_382849.parquet"
"10806","FINAL_EMSDM_EMMEAN_SP_382850.parquet"
"10807","FINAL_EMSDM_EMMEAN_SP_382851.parquet"
"10808","FINAL_EMSDM_EMMEAN_SP_382852.parquet"
"10809","FINAL_EMSDM_EMMEAN_SP_382853.parquet"
"10810","FINAL_EMSDM_EMMEAN_SP_382854.parquet"
"10811","FINAL_EMSDM_EMMEAN_SP_382855.parquet"
"10812","FINAL_EMSDM_EMMEAN_SP_382856.parquet"
"10813","FINAL_EMSDM_EMMEAN_SP_382857.parquet"
"10814","FINAL_EMSDM_EMMEAN_SP_382858.parquet"
"10815","FINAL_EMSDM_EMMEAN_SP_382859.parquet"
"10816","FINAL_EMSDM_EMMEAN_SP_382860.parquet"
"10817","FINAL_EMSDM_EMMEAN_SP_382861.parquet"
"10818","FINAL_EMSDM_EMMEAN_SP_382862.parquet"
"10819","FINAL_EMSDM_EMMEAN_SP_382863.parquet"
"10820","FINAL_EMSDM_EMMEAN_SP_382864.parquet"
"10821","FINAL_EMSDM_EMMEAN_SP_382865.parquet"
"10822","FINAL_EMSDM_EMMEAN_SP_382866.parquet"
"10823","FINAL_EMSDM_EMMEAN_SP_382867.parquet"
"10824","FINAL_EMSDM_EMMEAN_SP_382868.parquet"
"10825","FINAL_EMSDM_EMMEAN_SP_382870.parquet"
"10826","FINAL_EMSDM_EMMEAN_SP_382871.parquet"
"10827","FINAL_EMSDM_EMMEAN_SP_382872.parquet"
"10828","FINAL_EMSDM_EMMEAN_SP_382873.parquet"
"10829","FINAL_EMSDM_EMMEAN_SP_382874.parquet"
"10830","FINAL_EMSDM_EMMEAN_SP_382876.parquet"
"10831","FINAL_EMSDM_EMMEAN_SP_382879.parquet"
"10832","FINAL_EMSDM_EMMEAN_SP_382880.parquet"
"10833","FINAL_EMSDM_EMMEAN_SP_382881.parquet"
"10834","FINAL_EMSDM_EMMEAN_SP_382882.parquet"
"10835","FINAL_EMSDM_EMMEAN_SP_382883.parquet"
"10836","FINAL_EMSDM_EMMEAN_SP_382884.parquet"
"10837","FINAL_EMSDM_EMMEAN_SP_382885.parquet"
"10838","FINAL_EMSDM_EMMEAN_SP_382886.parquet"
"10839","FINAL_EMSDM_EMMEAN_SP_382889.parquet"
"10840","FINAL_EMSDM_EMMEAN_SP_382890.parquet"
"10841","FINAL_EMSDM_EMMEAN_SP_382891.parquet"
"10842","FINAL_EMSDM_EMMEAN_SP_382893.parquet"
"10843","FINAL_EMSDM_EMMEAN_SP_382894.parquet"
"10844","FINAL_EMSDM_EMMEAN_SP_382895.parquet"
"10845","FINAL_EMSDM_EMMEAN_SP_382896.parquet"
"10846","FINAL_EMSDM_EMMEAN_SP_382897.parquet"
"10847","FINAL_EMSDM_EMMEAN_SP_382898.parquet"
"10848","FINAL_EMSDM_EMMEAN_SP_382899.parquet"
"10849","FINAL_EMSDM_EMMEAN_SP_382900.parquet"
"10850","FINAL_EMSDM_EMMEAN_SP_382901.parquet"
"10851","FINAL_EMSDM_EMMEAN_SP_382902.parquet"
"10852","FINAL_EMSDM_EMMEAN_SP_382903.parquet"
"10853","FINAL_EMSDM_EMMEAN_SP_382904.parquet"
"10854","FINAL_EMSDM_EMMEAN_SP_382905.parquet"
"10855","FINAL_EMSDM_EMMEAN_SP_382906.parquet"
"10856","FINAL_EMSDM_EMMEAN_SP_382907.parquet"
"10857","FINAL_EMSDM_EMMEAN_SP_382908.parquet"
"10858","FINAL_EMSDM_EMMEAN_SP_382909.parquet"
"10859","FINAL_EMSDM_EMMEAN_SP_382910.parquet"
"10860","FINAL_EMSDM_EMMEAN_SP_382911.parquet"
"10861","FINAL_EMSDM_EMMEAN_SP_382912.parquet"
"10862","FINAL_EMSDM_EMMEAN_SP_382913.parquet"
"10863","FINAL_EMSDM_EMMEAN_SP_382914.parquet"
"10864","FINAL_EMSDM_EMMEAN_SP_382915.parquet"
"10865","FINAL_EMSDM_EMMEAN_SP_382916.parquet"
"10866","FINAL_EMSDM_EMMEAN_SP_382917.parquet"
"10867","FINAL_EMSDM_EMMEAN_SP_382918.parquet"
"10868","FINAL_EMSDM_EMMEAN_SP_382919.parquet"
"10869","FINAL_EMSDM_EMMEAN_SP_382920.parquet"
"10870","FINAL_EMSDM_EMMEAN_SP_382921.parquet"
"10871","FINAL_EMSDM_EMMEAN_SP_382922.parquet"
"10872","FINAL_EMSDM_EMMEAN_SP_382923.parquet"
"10873","FINAL_EMSDM_EMMEAN_SP_382924.parquet"
"10874","FINAL_EMSDM_EMMEAN_SP_382925.parquet"
"10875","FINAL_EMSDM_EMMEAN_SP_382927.parquet"
"10876","FINAL_EMSDM_EMMEAN_SP_382929.parquet"
"10877","FINAL_EMSDM_EMMEAN_SP_382930.parquet"
"10878","FINAL_EMSDM_EMMEAN_SP_382931.parquet"
"10879","FINAL_EMSDM_EMMEAN_SP_382932.parquet"
"10880","FINAL_EMSDM_EMMEAN_SP_382933.parquet"
"10881","FINAL_EMSDM_EMMEAN_SP_382934.parquet"
"10882","FINAL_EMSDM_EMMEAN_SP_382935.parquet"
"10883","FINAL_EMSDM_EMMEAN_SP_382936.parquet"
"10884","FINAL_EMSDM_EMMEAN_SP_382937.parquet"
"10885","FINAL_EMSDM_EMMEAN_SP_382938.parquet"
"10886","FINAL_EMSDM_EMMEAN_SP_382939.parquet"
"10887","FINAL_EMSDM_EMMEAN_SP_382940.parquet"
"10888","FINAL_EMSDM_EMMEAN_SP_382941.parquet"
"10889","FINAL_EMSDM_EMMEAN_SP_382942.parquet"
"10890","FINAL_EMSDM_EMMEAN_SP_382943.parquet"
"10891","FINAL_EMSDM_EMMEAN_SP_382944.parquet"
"10892","FINAL_EMSDM_EMMEAN_SP_382945.parquet"
"10893","FINAL_EMSDM_EMMEAN_SP_382946.parquet"
"10894","FINAL_EMSDM_EMMEAN_SP_382947.parquet"
"10895","FINAL_EMSDM_EMMEAN_SP_382948.parquet"
"10896","FINAL_EMSDM_EMMEAN_SP_382949.parquet"
"10897","FINAL_EMSDM_EMMEAN_SP_382950.parquet"
"10898","FINAL_EMSDM_EMMEAN_SP_382952.parquet"
"10899","FINAL_EMSDM_EMMEAN_SP_382953.parquet"
"10900","FINAL_EMSDM_EMMEAN_SP_382955.parquet"
"10901","FINAL_EMSDM_EMMEAN_SP_382956.parquet"
"10902","FINAL_EMSDM_EMMEAN_SP_382957.parquet"
"10903","FINAL_EMSDM_EMMEAN_SP_382958.parquet"
"10904","FINAL_EMSDM_EMMEAN_SP_382959.parquet"
"10905","FINAL_EMSDM_EMMEAN_SP_382960.parquet"
"10906","FINAL_EMSDM_EMMEAN_SP_382961.parquet"
"10907","FINAL_EMSDM_EMMEAN_SP_382962.parquet"
"10908","FINAL_EMSDM_EMMEAN_SP_382963.parquet"
"10909","FINAL_EMSDM_EMMEAN_SP_382964.parquet"
"10910","FINAL_EMSDM_EMMEAN_SP_382965.parquet"
"10911","FINAL_EMSDM_EMMEAN_SP_382966.parquet"
"10912","FINAL_EMSDM_EMMEAN_SP_382967.parquet"
"10913","FINAL_EMSDM_EMMEAN_SP_382968.parquet"
"10914","FINAL_EMSDM_EMMEAN_SP_382969.parquet"
"10915","FINAL_EMSDM_EMMEAN_SP_382970.parquet"
"10916","FINAL_EMSDM_EMMEAN_SP_382971.parquet"
"10917","FINAL_EMSDM_EMMEAN_SP_382973.parquet"
"10918","FINAL_EMSDM_EMMEAN_SP_382974.parquet"
"10919","FINAL_EMSDM_EMMEAN_SP_382975.parquet"
"10920","FINAL_EMSDM_EMMEAN_SP_382976.parquet"
"10921","FINAL_EMSDM_EMMEAN_SP_382977.parquet"
"10922","FINAL_EMSDM_EMMEAN_SP_382978.parquet"
"10923","FINAL_EMSDM_EMMEAN_SP_382979.parquet"
"10924","FINAL_EMSDM_EMMEAN_SP_382980.parquet"
"10925","FINAL_EMSDM_EMMEAN_SP_382981.parquet"
"10926","FINAL_EMSDM_EMMEAN_SP_382983.parquet"
"10927","FINAL_EMSDM_EMMEAN_SP_382984.parquet"
"10928","FINAL_EMSDM_EMMEAN_SP_382988.parquet"
"10929","FINAL_EMSDM_EMMEAN_SP_382989.parquet"
"10930","FINAL_EMSDM_EMMEAN_SP_382990.parquet"
"10931","FINAL_EMSDM_EMMEAN_SP_382991.parquet"
"10932","FINAL_EMSDM_EMMEAN_SP_382992.parquet"
"10933","FINAL_EMSDM_EMMEAN_SP_382993.parquet"
"10934","FINAL_EMSDM_EMMEAN_SP_382994.parquet"
"10935","FINAL_EMSDM_EMMEAN_SP_382995.parquet"
"10936","FINAL_EMSDM_EMMEAN_SP_382996.parquet"
"10937","FINAL_EMSDM_EMMEAN_SP_382997.parquet"
"10938","FINAL_EMSDM_EMMEAN_SP_382998.parquet"
"10939","FINAL_EMSDM_EMMEAN_SP_382999.parquet"
"10940","FINAL_EMSDM_EMMEAN_SP_383001.parquet"
"10941","FINAL_EMSDM_EMMEAN_SP_383002.parquet"
"10942","FINAL_EMSDM_EMMEAN_SP_383003.parquet"
"10943","FINAL_EMSDM_EMMEAN_SP_383004.parquet"
"10944","FINAL_EMSDM_EMMEAN_SP_383030.parquet"
"10945","FINAL_EMSDM_EMMEAN_SP_383037.parquet"
"10946","FINAL_EMSDM_EMMEAN_SP_383039.parquet"
"10947","FINAL_EMSDM_EMMEAN_SP_383043.parquet"
"10948","FINAL_EMSDM_EMMEAN_SP_383045.parquet"
"10949","FINAL_EMSDM_EMMEAN_SP_383586.parquet"
"10950","FINAL_EMSDM_EMMEAN_SP_388408.parquet"
"10951","FINAL_EMSDM_EMMEAN_SP_388425.parquet"
"10952","FINAL_EMSDM_EMMEAN_SP_388572.parquet"
"10953","FINAL_EMSDM_EMMEAN_SP_388575.parquet"
"10954","FINAL_EMSDM_EMMEAN_SP_388600.parquet"
"10955","FINAL_EMSDM_EMMEAN_SP_388601.parquet"
"10956","FINAL_EMSDM_EMMEAN_SP_388616.parquet"
"10957","FINAL_EMSDM_EMMEAN_SP_388663.parquet"
"10958","FINAL_EMSDM_EMMEAN_SP_388675.parquet"
"10959","FINAL_EMSDM_EMMEAN_SP_388710.parquet"
"10960","FINAL_EMSDM_EMMEAN_SP_388712.parquet"
"10961","FINAL_EMSDM_EMMEAN_SP_388713.parquet"
"10962","FINAL_EMSDM_EMMEAN_SP_388714.parquet"
"10963","FINAL_EMSDM_EMMEAN_SP_388747.parquet"
"10964","FINAL_EMSDM_EMMEAN_SP_388749.parquet"
"10965","FINAL_EMSDM_EMMEAN_SP_388761.parquet"
"10966","FINAL_EMSDM_EMMEAN_SP_388762.parquet"
"10967","FINAL_EMSDM_EMMEAN_SP_388763.parquet"
"10968","FINAL_EMSDM_EMMEAN_SP_388869.parquet"
"10969","FINAL_EMSDM_EMMEAN_SP_388887.parquet"
"10970","FINAL_EMSDM_EMMEAN_SP_388888.parquet"
"10971","FINAL_EMSDM_EMMEAN_SP_388913.parquet"
"10972","FINAL_EMSDM_EMMEAN_SP_388914.parquet"
"10973","FINAL_EMSDM_EMMEAN_SP_388915.parquet"
"10974","FINAL_EMSDM_EMMEAN_SP_388916.parquet"
"10975","FINAL_EMSDM_EMMEAN_SP_388927.parquet"
"10976","FINAL_EMSDM_EMMEAN_SP_388928.parquet"
"10977","FINAL_EMSDM_EMMEAN_SP_388929.parquet"
"10978","FINAL_EMSDM_EMMEAN_SP_388988.parquet"
"10979","FINAL_EMSDM_EMMEAN_SP_389022.parquet"
"10980","FINAL_EMSDM_EMMEAN_SP_389060.parquet"
"10981","FINAL_EMSDM_EMMEAN_SP_389070.parquet"
"10982","FINAL_EMSDM_EMMEAN_SP_389167.parquet"
"10983","FINAL_EMSDM_EMMEAN_SP_389265.parquet"
"10984","FINAL_EMSDM_EMMEAN_SP_389331.parquet"
"10985","FINAL_EMSDM_EMMEAN_SP_389333.parquet"
"10986","FINAL_EMSDM_EMMEAN_SP_389385.parquet"
"10987","FINAL_EMSDM_EMMEAN_SP_389387.parquet"
"10988","FINAL_EMSDM_EMMEAN_SP_389389.parquet"
"10989","FINAL_EMSDM_EMMEAN_SP_389535.parquet"
"10990","FINAL_EMSDM_EMMEAN_SP_389696.parquet"
"10991","FINAL_EMSDM_EMMEAN_SP_389707.parquet"
"10992","FINAL_EMSDM_EMMEAN_SP_389713.parquet"
"10993","FINAL_EMSDM_EMMEAN_SP_389770.parquet"
"10994","FINAL_EMSDM_EMMEAN_SP_389843.parquet"
"10995","FINAL_EMSDM_EMMEAN_SP_390012.parquet"
"10996","FINAL_EMSDM_EMMEAN_SP_390029.parquet"
"10997","FINAL_EMSDM_EMMEAN_SP_390077.parquet"
"10998","FINAL_EMSDM_EMMEAN_SP_390078.parquet"
"10999","FINAL_EMSDM_EMMEAN_SP_390092.parquet"
"11000","FINAL_EMSDM_EMMEAN_SP_390093.parquet"
"11001","FINAL_EMSDM_EMMEAN_SP_390098.parquet"
"11002","FINAL_EMSDM_EMMEAN_SP_390099.parquet"
"11003","FINAL_EMSDM_EMMEAN_SP_390110.parquet"
"11004","FINAL_EMSDM_EMMEAN_SP_390113.parquet"
"11005","FINAL_EMSDM_EMMEAN_SP_390235.parquet"
"11006","FINAL_EMSDM_EMMEAN_SP_390236.parquet"
"11007","FINAL_EMSDM_EMMEAN_SP_390271.parquet"
"11008","FINAL_EMSDM_EMMEAN_SP_390339.parquet"
"11009","FINAL_EMSDM_EMMEAN_SP_390371.parquet"
"11010","FINAL_EMSDM_EMMEAN_SP_390375.parquet"
"11011","FINAL_EMSDM_EMMEAN_SP_390377.parquet"
"11012","FINAL_EMSDM_EMMEAN_SP_390382.parquet"
"11013","FINAL_EMSDM_EMMEAN_SP_390555.parquet"
"11014","FINAL_EMSDM_EMMEAN_SP_394993.parquet"
"11015","FINAL_EMSDM_EMMEAN_SP_397082.parquet"
"11016","FINAL_EMSDM_EMMEAN_SP_398227.parquet"
"11017","FINAL_EMSDM_EMMEAN_SP_398228.parquet"
"11018","FINAL_EMSDM_EMMEAN_SP_398229.parquet"
"11019","FINAL_EMSDM_EMMEAN_SP_398230.parquet"
"11020","FINAL_EMSDM_EMMEAN_SP_398231.parquet"
"11021","FINAL_EMSDM_EMMEAN_SP_398233.parquet"
"11022","FINAL_EMSDM_EMMEAN_SP_398234.parquet"
"11023","FINAL_EMSDM_EMMEAN_SP_398235.parquet"
"11024","FINAL_EMSDM_EMMEAN_SP_398236.parquet"
"11025","FINAL_EMSDM_EMMEAN_SP_398237.parquet"
"11026","FINAL_EMSDM_EMMEAN_SP_398238.parquet"
"11027","FINAL_EMSDM_EMMEAN_SP_398239.parquet"
"11028","FINAL_EMSDM_EMMEAN_SP_398240.parquet"
"11029","FINAL_EMSDM_EMMEAN_SP_398241.parquet"
"11030","FINAL_EMSDM_EMMEAN_SP_398243.parquet"
"11031","FINAL_EMSDM_EMMEAN_SP_398244.parquet"
"11032","FINAL_EMSDM_EMMEAN_SP_398245.parquet"
"11033","FINAL_EMSDM_EMMEAN_SP_398246.parquet"
"11034","FINAL_EMSDM_EMMEAN_SP_398247.parquet"
"11035","FINAL_EMSDM_EMMEAN_SP_398248.parquet"
"11036","FINAL_EMSDM_EMMEAN_SP_398249.parquet"
"11037","FINAL_EMSDM_EMMEAN_SP_398250.parquet"
"11038","FINAL_EMSDM_EMMEAN_SP_398251.parquet"
"11039","FINAL_EMSDM_EMMEAN_SP_398252.parquet"
"11040","FINAL_EMSDM_EMMEAN_SP_398253.parquet"
"11041","FINAL_EMSDM_EMMEAN_SP_398254.parquet"
"11042","FINAL_EMSDM_EMMEAN_SP_398256.parquet"
"11043","FINAL_EMSDM_EMMEAN_SP_398258.parquet"
"11044","FINAL_EMSDM_EMMEAN_SP_398259.parquet"
"11045","FINAL_EMSDM_EMMEAN_SP_398260.parquet"
"11046","FINAL_EMSDM_EMMEAN_SP_398263.parquet"
"11047","FINAL_EMSDM_EMMEAN_SP_398265.parquet"
"11048","FINAL_EMSDM_EMMEAN_SP_398267.parquet"
"11049","FINAL_EMSDM_EMMEAN_SP_398268.parquet"
"11050","FINAL_EMSDM_EMMEAN_SP_398269.parquet"
"11051","FINAL_EMSDM_EMMEAN_SP_398270.parquet"
"11052","FINAL_EMSDM_EMMEAN_SP_398271.parquet"
"11053","FINAL_EMSDM_EMMEAN_SP_398272.parquet"
"11054","FINAL_EMSDM_EMMEAN_SP_398273.parquet"
"11055","FINAL_EMSDM_EMMEAN_SP_398274.parquet"
"11056","FINAL_EMSDM_EMMEAN_SP_398275.parquet"
"11057","FINAL_EMSDM_EMMEAN_SP_398276.parquet"
"11058","FINAL_EMSDM_EMMEAN_SP_398277.parquet"
"11059","FINAL_EMSDM_EMMEAN_SP_398279.parquet"
"11060","FINAL_EMSDM_EMMEAN_SP_398282.parquet"
"11061","FINAL_EMSDM_EMMEAN_SP_398283.parquet"
"11062","FINAL_EMSDM_EMMEAN_SP_398284.parquet"
"11063","FINAL_EMSDM_EMMEAN_SP_398285.parquet"
"11064","FINAL_EMSDM_EMMEAN_SP_398286.parquet"
"11065","FINAL_EMSDM_EMMEAN_SP_398287.parquet"
"11066","FINAL_EMSDM_EMMEAN_SP_398288.parquet"
"11067","FINAL_EMSDM_EMMEAN_SP_398289.parquet"
"11068","FINAL_EMSDM_EMMEAN_SP_398291.parquet"
"11069","FINAL_EMSDM_EMMEAN_SP_398298.parquet"
"11070","FINAL_EMSDM_EMMEAN_SP_398300.parquet"
"11071","FINAL_EMSDM_EMMEAN_SP_398301.parquet"
"11072","FINAL_EMSDM_EMMEAN_SP_398304.parquet"
"11073","FINAL_EMSDM_EMMEAN_SP_398305.parquet"
"11074","FINAL_EMSDM_EMMEAN_SP_398306.parquet"
"11075","FINAL_EMSDM_EMMEAN_SP_398307.parquet"
"11076","FINAL_EMSDM_EMMEAN_SP_398309.parquet"
"11077","FINAL_EMSDM_EMMEAN_SP_398310.parquet"
"11078","FINAL_EMSDM_EMMEAN_SP_398311.parquet"
"11079","FINAL_EMSDM_EMMEAN_SP_398313.parquet"
"11080","FINAL_EMSDM_EMMEAN_SP_398314.parquet"
"11081","FINAL_EMSDM_EMMEAN_SP_398315.parquet"
"11082","FINAL_EMSDM_EMMEAN_SP_398316.parquet"
"11083","FINAL_EMSDM_EMMEAN_SP_398318.parquet"
"11084","FINAL_EMSDM_EMMEAN_SP_398320.parquet"
"11085","FINAL_EMSDM_EMMEAN_SP_398321.parquet"
"11086","FINAL_EMSDM_EMMEAN_SP_398322.parquet"
"11087","FINAL_EMSDM_EMMEAN_SP_398323.parquet"
"11088","FINAL_EMSDM_EMMEAN_SP_398324.parquet"
"11089","FINAL_EMSDM_EMMEAN_SP_398328.parquet"
"11090","FINAL_EMSDM_EMMEAN_SP_398329.parquet"
"11091","FINAL_EMSDM_EMMEAN_SP_398330.parquet"
"11092","FINAL_EMSDM_EMMEAN_SP_398331.parquet"
"11093","FINAL_EMSDM_EMMEAN_SP_398332.parquet"
"11094","FINAL_EMSDM_EMMEAN_SP_398333.parquet"
"11095","FINAL_EMSDM_EMMEAN_SP_398334.parquet"
"11096","FINAL_EMSDM_EMMEAN_SP_398335.parquet"
"11097","FINAL_EMSDM_EMMEAN_SP_398336.parquet"
"11098","FINAL_EMSDM_EMMEAN_SP_398337.parquet"
"11099","FINAL_EMSDM_EMMEAN_SP_398338.parquet"
"11100","FINAL_EMSDM_EMMEAN_SP_398339.parquet"
"11101","FINAL_EMSDM_EMMEAN_SP_398340.parquet"
"11102","FINAL_EMSDM_EMMEAN_SP_398341.parquet"
"11103","FINAL_EMSDM_EMMEAN_SP_398342.parquet"
"11104","FINAL_EMSDM_EMMEAN_SP_398343.parquet"
"11105","FINAL_EMSDM_EMMEAN_SP_398344.parquet"
"11106","FINAL_EMSDM_EMMEAN_SP_398345.parquet"
"11107","FINAL_EMSDM_EMMEAN_SP_398346.parquet"
"11108","FINAL_EMSDM_EMMEAN_SP_398347.parquet"
"11109","FINAL_EMSDM_EMMEAN_SP_398348.parquet"
"11110","FINAL_EMSDM_EMMEAN_SP_398350.parquet"
"11111","FINAL_EMSDM_EMMEAN_SP_398351.parquet"
"11112","FINAL_EMSDM_EMMEAN_SP_398352.parquet"
"11113","FINAL_EMSDM_EMMEAN_SP_398353.parquet"
"11114","FINAL_EMSDM_EMMEAN_SP_398354.parquet"
"11115","FINAL_EMSDM_EMMEAN_SP_398355.parquet"
"11116","FINAL_EMSDM_EMMEAN_SP_398356.parquet"
"11117","FINAL_EMSDM_EMMEAN_SP_398363.parquet"
"11118","FINAL_EMSDM_EMMEAN_SP_398364.parquet"
"11119","FINAL_EMSDM_EMMEAN_SP_398376.parquet"
"11120","FINAL_EMSDM_EMMEAN_SP_398377.parquet"
"11121","FINAL_EMSDM_EMMEAN_SP_398381.parquet"
"11122","FINAL_EMSDM_EMMEAN_SP_398393.parquet"
"11123","FINAL_EMSDM_EMMEAN_SP_398410.parquet"
"11124","FINAL_EMSDM_EMMEAN_SP_398419.parquet"
"11125","FINAL_EMSDM_EMMEAN_SP_398421.parquet"
"11126","FINAL_EMSDM_EMMEAN_SP_398425.parquet"
"11127","FINAL_EMSDM_EMMEAN_SP_398426.parquet"
"11128","FINAL_EMSDM_EMMEAN_SP_398432.parquet"
"11129","FINAL_EMSDM_EMMEAN_SP_398433.parquet"
"11130","FINAL_EMSDM_EMMEAN_SP_398437.parquet"
"11131","FINAL_EMSDM_EMMEAN_SP_398438.parquet"
"11132","FINAL_EMSDM_EMMEAN_SP_398439.parquet"
"11133","FINAL_EMSDM_EMMEAN_SP_398441.parquet"
"11134","FINAL_EMSDM_EMMEAN_SP_398453.parquet"
"11135","FINAL_EMSDM_EMMEAN_SP_398456.parquet"
"11136","FINAL_EMSDM_EMMEAN_SP_398477.parquet"
"11137","FINAL_EMSDM_EMMEAN_SP_398478.parquet"
"11138","FINAL_EMSDM_EMMEAN_SP_398481.parquet"
"11139","FINAL_EMSDM_EMMEAN_SP_398485.parquet"
"11140","FINAL_EMSDM_EMMEAN_SP_398491.parquet"
"11141","FINAL_EMSDM_EMMEAN_SP_398495.parquet"
"11142","FINAL_EMSDM_EMMEAN_SP_398502.parquet"
"11143","FINAL_EMSDM_EMMEAN_SP_398504.parquet"
"11144","FINAL_EMSDM_EMMEAN_SP_398505.parquet"
"11145","FINAL_EMSDM_EMMEAN_SP_398507.parquet"
"11146","FINAL_EMSDM_EMMEAN_SP_398508.parquet"
"11147","FINAL_EMSDM_EMMEAN_SP_398509.parquet"
"11148","FINAL_EMSDM_EMMEAN_SP_398510.parquet"
"11149","FINAL_EMSDM_EMMEAN_SP_398517.parquet"
"11150","FINAL_EMSDM_EMMEAN_SP_398520.parquet"
"11151","FINAL_EMSDM_EMMEAN_SP_398524.parquet"
"11152","FINAL_EMSDM_EMMEAN_SP_398527.parquet"
"11153","FINAL_EMSDM_EMMEAN_SP_398530.parquet"
"11154","FINAL_EMSDM_EMMEAN_SP_398531.parquet"
"11155","FINAL_EMSDM_EMMEAN_SP_398541.parquet"
"11156","FINAL_EMSDM_EMMEAN_SP_398543.parquet"
"11157","FINAL_EMSDM_EMMEAN_SP_398544.parquet"
"11158","FINAL_EMSDM_EMMEAN_SP_398545.parquet"
"11159","FINAL_EMSDM_EMMEAN_SP_398546.parquet"
"11160","FINAL_EMSDM_EMMEAN_SP_398547.parquet"
"11161","FINAL_EMSDM_EMMEAN_SP_398549.parquet"
"11162","FINAL_EMSDM_EMMEAN_SP_398552.parquet"
"11163","FINAL_EMSDM_EMMEAN_SP_398557.parquet"
"11164","FINAL_EMSDM_EMMEAN_SP_398558.parquet"
"11165","FINAL_EMSDM_EMMEAN_SP_398559.parquet"
"11166","FINAL_EMSDM_EMMEAN_SP_398560.parquet"
"11167","FINAL_EMSDM_EMMEAN_SP_398561.parquet"
"11168","FINAL_EMSDM_EMMEAN_SP_398562.parquet"
"11169","FINAL_EMSDM_EMMEAN_SP_398563.parquet"
"11170","FINAL_EMSDM_EMMEAN_SP_398564.parquet"
"11171","FINAL_EMSDM_EMMEAN_SP_398565.parquet"
"11172","FINAL_EMSDM_EMMEAN_SP_398566.parquet"
"11173","FINAL_EMSDM_EMMEAN_SP_398567.parquet"
"11174","FINAL_EMSDM_EMMEAN_SP_398568.parquet"
"11175","FINAL_EMSDM_EMMEAN_SP_398569.parquet"
"11176","FINAL_EMSDM_EMMEAN_SP_398570.parquet"
"11177","FINAL_EMSDM_EMMEAN_SP_398572.parquet"
"11178","FINAL_EMSDM_EMMEAN_SP_398573.parquet"
"11179","FINAL_EMSDM_EMMEAN_SP_398574.parquet"
"11180","FINAL_EMSDM_EMMEAN_SP_398592.parquet"
"11181","FINAL_EMSDM_EMMEAN_SP_398595.parquet"
"11182","FINAL_EMSDM_EMMEAN_SP_398596.parquet"
"11183","FINAL_EMSDM_EMMEAN_SP_398598.parquet"
"11184","FINAL_EMSDM_EMMEAN_SP_398611.parquet"
"11185","FINAL_EMSDM_EMMEAN_SP_398617.parquet"
"11186","FINAL_EMSDM_EMMEAN_SP_398618.parquet"
"11187","FINAL_EMSDM_EMMEAN_SP_398619.parquet"
"11188","FINAL_EMSDM_EMMEAN_SP_398621.parquet"
"11189","FINAL_EMSDM_EMMEAN_SP_398622.parquet"
"11190","FINAL_EMSDM_EMMEAN_SP_398623.parquet"
"11191","FINAL_EMSDM_EMMEAN_SP_398626.parquet"
"11192","FINAL_EMSDM_EMMEAN_SP_398628.parquet"
"11193","FINAL_EMSDM_EMMEAN_SP_398629.parquet"
"11194","FINAL_EMSDM_EMMEAN_SP_398631.parquet"
"11195","FINAL_EMSDM_EMMEAN_SP_398644.parquet"
"11196","FINAL_EMSDM_EMMEAN_SP_398649.parquet"
"11197","FINAL_EMSDM_EMMEAN_SP_398658.parquet"
"11198","FINAL_EMSDM_EMMEAN_SP_398659.parquet"
"11199","FINAL_EMSDM_EMMEAN_SP_398665.parquet"
"11200","FINAL_EMSDM_EMMEAN_SP_398667.parquet"
"11201","FINAL_EMSDM_EMMEAN_SP_398683.parquet"
"11202","FINAL_EMSDM_EMMEAN_SP_398684.parquet"
"11203","FINAL_EMSDM_EMMEAN_SP_398685.parquet"
"11204","FINAL_EMSDM_EMMEAN_SP_398686.parquet"
"11205","FINAL_EMSDM_EMMEAN_SP_398687.parquet"
"11206","FINAL_EMSDM_EMMEAN_SP_398688.parquet"
"11207","FINAL_EMSDM_EMMEAN_SP_398689.parquet"
"11208","FINAL_EMSDM_EMMEAN_SP_398690.parquet"
"11209","FINAL_EMSDM_EMMEAN_SP_398691.parquet"
"11210","FINAL_EMSDM_EMMEAN_SP_398692.parquet"
"11211","FINAL_EMSDM_EMMEAN_SP_398693.parquet"
"11212","FINAL_EMSDM_EMMEAN_SP_398694.parquet"
"11213","FINAL_EMSDM_EMMEAN_SP_398695.parquet"
"11214","FINAL_EMSDM_EMMEAN_SP_398696.parquet"
"11215","FINAL_EMSDM_EMMEAN_SP_398697.parquet"
"11216","FINAL_EMSDM_EMMEAN_SP_398698.parquet"
"11217","FINAL_EMSDM_EMMEAN_SP_398699.parquet"
"11218","FINAL_EMSDM_EMMEAN_SP_398700.parquet"
"11219","FINAL_EMSDM_EMMEAN_SP_398701.parquet"
"11220","FINAL_EMSDM_EMMEAN_SP_398702.parquet"
"11221","FINAL_EMSDM_EMMEAN_SP_398704.parquet"
"11222","FINAL_EMSDM_EMMEAN_SP_398705.parquet"
"11223","FINAL_EMSDM_EMMEAN_SP_399526.parquet"
"11224","FINAL_EMSDM_EMMEAN_SP_399668.parquet"
"11225","FINAL_EMSDM_EMMEAN_SP_399783.parquet"
"11226","FINAL_EMSDM_EMMEAN_SP_400058.parquet"
"11227","FINAL_EMSDM_EMMEAN_SP_400491.parquet"
"11228","FINAL_EMSDM_EMMEAN_SP_401555.parquet"
"11229","FINAL_EMSDM_EMMEAN_SP_401562.parquet"
"11230","FINAL_EMSDM_EMMEAN_SP_401758.parquet"
"11231","FINAL_EMSDM_EMMEAN_SP_401818.parquet"
"11232","FINAL_EMSDM_EMMEAN_SP_401886.parquet"
"11233","FINAL_EMSDM_EMMEAN_SP_402161.parquet"
"11234","FINAL_EMSDM_EMMEAN_SP_402495.parquet"
"11235","FINAL_EMSDM_EMMEAN_SP_402617.parquet"
"11236","FINAL_EMSDM_EMMEAN_SP_402624.parquet"
"11237","FINAL_EMSDM_EMMEAN_SP_402625.parquet"
"11238","FINAL_EMSDM_EMMEAN_SP_402646.parquet"
"11239","FINAL_EMSDM_EMMEAN_SP_402918.parquet"
"11240","FINAL_EMSDM_EMMEAN_SP_403239.parquet"
"11241","FINAL_EMSDM_EMMEAN_SP_403248.parquet"
"11242","FINAL_EMSDM_EMMEAN_SP_403345.parquet"
"11243","FINAL_EMSDM_EMMEAN_SP_403346.parquet"
"11244","FINAL_EMSDM_EMMEAN_SP_403462.parquet"
"11245","FINAL_EMSDM_EMMEAN_SP_404999.parquet"
"11246","FINAL_EMSDM_EMMEAN_SP_405000.parquet"
"11247","FINAL_EMSDM_EMMEAN_SP_405012.parquet"
"11248","FINAL_EMSDM_EMMEAN_SP_405014.parquet"
"11249","FINAL_EMSDM_EMMEAN_SP_411235.parquet"
"11250","FINAL_EMSDM_EMMEAN_SP_411243.parquet"
"11251","FINAL_EMSDM_EMMEAN_SP_411253.parquet"
"11252","FINAL_EMSDM_EMMEAN_SP_411263.parquet"
"11253","FINAL_EMSDM_EMMEAN_SP_411268.parquet"
"11254","FINAL_EMSDM_EMMEAN_SP_411271.parquet"
"11255","FINAL_EMSDM_EMMEAN_SP_412694.parquet"
"11256","FINAL_EMSDM_EMMEAN_SP_418865.parquet"
"11257","FINAL_EMSDM_EMMEAN_SP_419376.parquet"
"11258","FINAL_EMSDM_EMMEAN_SP_420199.parquet"
"11259","FINAL_EMSDM_EMMEAN_SP_420200.parquet"
"11260","FINAL_EMSDM_EMMEAN_SP_420201.parquet"
"11261","FINAL_EMSDM_EMMEAN_SP_420203.parquet"
"11262","FINAL_EMSDM_EMMEAN_SP_420206.parquet"
"11263","FINAL_EMSDM_EMMEAN_SP_420208.parquet"
"11264","FINAL_EMSDM_EMMEAN_SP_420210.parquet"
"11265","FINAL_EMSDM_EMMEAN_SP_420211.parquet"
"11266","FINAL_EMSDM_EMMEAN_SP_420212.parquet"
"11267","FINAL_EMSDM_EMMEAN_SP_420216.parquet"
"11268","FINAL_EMSDM_EMMEAN_SP_420217.parquet"
"11269","FINAL_EMSDM_EMMEAN_SP_420220.parquet"
"11270","FINAL_EMSDM_EMMEAN_SP_420222.parquet"
"11271","FINAL_EMSDM_EMMEAN_SP_420223.parquet"
"11272","FINAL_EMSDM_EMMEAN_SP_420225.parquet"
"11273","FINAL_EMSDM_EMMEAN_SP_420226.parquet"
"11274","FINAL_EMSDM_EMMEAN_SP_426286.parquet"
"11275","FINAL_EMSDM_EMMEAN_SP_426297.parquet"
"11276","FINAL_EMSDM_EMMEAN_SP_426301.parquet"
"11277","FINAL_EMSDM_EMMEAN_SP_426315.parquet"
"11278","FINAL_EMSDM_EMMEAN_SP_426316.parquet"
"11279","FINAL_EMSDM_EMMEAN_SP_426318.parquet"
"11280","FINAL_EMSDM_EMMEAN_SP_426319.parquet"
"11281","FINAL_EMSDM_EMMEAN_SP_426320.parquet"
"11282","FINAL_EMSDM_EMMEAN_SP_426321.parquet"
"11283","FINAL_EMSDM_EMMEAN_SP_426323.parquet"
"11284","FINAL_EMSDM_EMMEAN_SP_426359.parquet"
"11285","FINAL_EMSDM_EMMEAN_SP_426361.parquet"
"11286","FINAL_EMSDM_EMMEAN_SP_426365.parquet"
"11287","FINAL_EMSDM_EMMEAN_SP_426366.parquet"
"11288","FINAL_EMSDM_EMMEAN_SP_426367.parquet"
"11289","FINAL_EMSDM_EMMEAN_SP_426369.parquet"
"11290","FINAL_EMSDM_EMMEAN_SP_426372.parquet"
"11291","FINAL_EMSDM_EMMEAN_SP_426374.parquet"
"11292","FINAL_EMSDM_EMMEAN_SP_426376.parquet"
"11293","FINAL_EMSDM_EMMEAN_SP_426378.parquet"
"11294","FINAL_EMSDM_EMMEAN_SP_426381.parquet"
"11295","FINAL_EMSDM_EMMEAN_SP_426384.parquet"
"11296","FINAL_EMSDM_EMMEAN_SP_426388.parquet"
"11297","FINAL_EMSDM_EMMEAN_SP_426392.parquet"
"11298","FINAL_EMSDM_EMMEAN_SP_426393.parquet"
"11299","FINAL_EMSDM_EMMEAN_SP_426394.parquet"
"11300","FINAL_EMSDM_EMMEAN_SP_426398.parquet"
"11301","FINAL_EMSDM_EMMEAN_SP_426399.parquet"
"11302","FINAL_EMSDM_EMMEAN_SP_426400.parquet"
"11303","FINAL_EMSDM_EMMEAN_SP_426402.parquet"
"11304","FINAL_EMSDM_EMMEAN_SP_426405.parquet"
"11305","FINAL_EMSDM_EMMEAN_SP_426409.parquet"
"11306","FINAL_EMSDM_EMMEAN_SP_426419.parquet"
"11307","FINAL_EMSDM_EMMEAN_SP_426422.parquet"
"11308","FINAL_EMSDM_EMMEAN_SP_426424.parquet"
"11309","FINAL_EMSDM_EMMEAN_SP_426441.parquet"
"11310","FINAL_EMSDM_EMMEAN_SP_426442.parquet"
"11311","FINAL_EMSDM_EMMEAN_SP_426443.parquet"
"11312","FINAL_EMSDM_EMMEAN_SP_426444.parquet"
"11313","FINAL_EMSDM_EMMEAN_SP_426446.parquet"
"11314","FINAL_EMSDM_EMMEAN_SP_426448.parquet"
"11315","FINAL_EMSDM_EMMEAN_SP_426449.parquet"
"11316","FINAL_EMSDM_EMMEAN_SP_426451.parquet"
"11317","FINAL_EMSDM_EMMEAN_SP_426452.parquet"
"11318","FINAL_EMSDM_EMMEAN_SP_426455.parquet"
"11319","FINAL_EMSDM_EMMEAN_SP_426456.parquet"
"11320","FINAL_EMSDM_EMMEAN_SP_426457.parquet"
"11321","FINAL_EMSDM_EMMEAN_SP_426458.parquet"
"11322","FINAL_EMSDM_EMMEAN_SP_426459.parquet"
"11323","FINAL_EMSDM_EMMEAN_SP_426460.parquet"
"11324","FINAL_EMSDM_EMMEAN_SP_426461.parquet"
"11325","FINAL_EMSDM_EMMEAN_SP_426462.parquet"
"11326","FINAL_EMSDM_EMMEAN_SP_426464.parquet"
"11327","FINAL_EMSDM_EMMEAN_SP_426465.parquet"
"11328","FINAL_EMSDM_EMMEAN_SP_426468.parquet"
"11329","FINAL_EMSDM_EMMEAN_SP_426469.parquet"
"11330","FINAL_EMSDM_EMMEAN_SP_426470.parquet"
"11331","FINAL_EMSDM_EMMEAN_SP_426472.parquet"
"11332","FINAL_EMSDM_EMMEAN_SP_426473.parquet"
"11333","FINAL_EMSDM_EMMEAN_SP_426474.parquet"
"11334","FINAL_EMSDM_EMMEAN_SP_426475.parquet"
"11335","FINAL_EMSDM_EMMEAN_SP_426477.parquet"
"11336","FINAL_EMSDM_EMMEAN_SP_426479.parquet"
"11337","FINAL_EMSDM_EMMEAN_SP_426481.parquet"
"11338","FINAL_EMSDM_EMMEAN_SP_426482.parquet"
"11339","FINAL_EMSDM_EMMEAN_SP_426486.parquet"
"11340","FINAL_EMSDM_EMMEAN_SP_426487.parquet"
"11341","FINAL_EMSDM_EMMEAN_SP_426491.parquet"
"11342","FINAL_EMSDM_EMMEAN_SP_426492.parquet"
"11343","FINAL_EMSDM_EMMEAN_SP_426493.parquet"
"11344","FINAL_EMSDM_EMMEAN_SP_426494.parquet"
"11345","FINAL_EMSDM_EMMEAN_SP_426495.parquet"
"11346","FINAL_EMSDM_EMMEAN_SP_426496.parquet"
"11347","FINAL_EMSDM_EMMEAN_SP_426497.parquet"
"11348","FINAL_EMSDM_EMMEAN_SP_426499.parquet"
"11349","FINAL_EMSDM_EMMEAN_SP_426500.parquet"
"11350","FINAL_EMSDM_EMMEAN_SP_426501.parquet"
"11351","FINAL_EMSDM_EMMEAN_SP_426504.parquet"
"11352","FINAL_EMSDM_EMMEAN_SP_428127.parquet"
"11353","FINAL_EMSDM_EMMEAN_SP_428128.parquet"
"11354","FINAL_EMSDM_EMMEAN_SP_428129.parquet"
"11355","FINAL_EMSDM_EMMEAN_SP_428130.parquet"
"11356","FINAL_EMSDM_EMMEAN_SP_428131.parquet"
"11357","FINAL_EMSDM_EMMEAN_SP_428133.parquet"
"11358","FINAL_EMSDM_EMMEAN_SP_428134.parquet"
"11359","FINAL_EMSDM_EMMEAN_SP_428135.parquet"
"11360","FINAL_EMSDM_EMMEAN_SP_428137.parquet"
"11361","FINAL_EMSDM_EMMEAN_SP_428138.parquet"
"11362","FINAL_EMSDM_EMMEAN_SP_428140.parquet"
"11363","FINAL_EMSDM_EMMEAN_SP_428143.parquet"
"11364","FINAL_EMSDM_EMMEAN_SP_428144.parquet"
"11365","FINAL_EMSDM_EMMEAN_SP_428146.parquet"
"11366","FINAL_EMSDM_EMMEAN_SP_428147.parquet"
"11367","FINAL_EMSDM_EMMEAN_SP_428148.parquet"
"11368","FINAL_EMSDM_EMMEAN_SP_428149.parquet"
"11369","FINAL_EMSDM_EMMEAN_SP_428151.parquet"
"11370","FINAL_EMSDM_EMMEAN_SP_428152.parquet"
"11371","FINAL_EMSDM_EMMEAN_SP_428156.parquet"
"11372","FINAL_EMSDM_EMMEAN_SP_428157.parquet"
"11373","FINAL_EMSDM_EMMEAN_SP_428158.parquet"
"11374","FINAL_EMSDM_EMMEAN_SP_428160.parquet"
"11375","FINAL_EMSDM_EMMEAN_SP_428163.parquet"
"11376","FINAL_EMSDM_EMMEAN_SP_428164.parquet"
"11377","FINAL_EMSDM_EMMEAN_SP_428166.parquet"
"11378","FINAL_EMSDM_EMMEAN_SP_428167.parquet"
"11379","FINAL_EMSDM_EMMEAN_SP_428168.parquet"
"11380","FINAL_EMSDM_EMMEAN_SP_428171.parquet"
"11381","FINAL_EMSDM_EMMEAN_SP_428172.parquet"
"11382","FINAL_EMSDM_EMMEAN_SP_428173.parquet"
"11383","FINAL_EMSDM_EMMEAN_SP_428174.parquet"
"11384","FINAL_EMSDM_EMMEAN_SP_428175.parquet"
"11385","FINAL_EMSDM_EMMEAN_SP_428176.parquet"
"11386","FINAL_EMSDM_EMMEAN_SP_428177.parquet"
"11387","FINAL_EMSDM_EMMEAN_SP_428178.parquet"
"11388","FINAL_EMSDM_EMMEAN_SP_428181.parquet"
"11389","FINAL_EMSDM_EMMEAN_SP_428182.parquet"
"11390","FINAL_EMSDM_EMMEAN_SP_428183.parquet"
"11391","FINAL_EMSDM_EMMEAN_SP_428184.parquet"
"11392","FINAL_EMSDM_EMMEAN_SP_428185.parquet"
"11393","FINAL_EMSDM_EMMEAN_SP_428188.parquet"
"11394","FINAL_EMSDM_EMMEAN_SP_428189.parquet"
"11395","FINAL_EMSDM_EMMEAN_SP_428193.parquet"
"11396","FINAL_EMSDM_EMMEAN_SP_428195.parquet"
"11397","FINAL_EMSDM_EMMEAN_SP_428196.parquet"
"11398","FINAL_EMSDM_EMMEAN_SP_428197.parquet"
"11399","FINAL_EMSDM_EMMEAN_SP_428198.parquet"
"11400","FINAL_EMSDM_EMMEAN_SP_428201.parquet"
"11401","FINAL_EMSDM_EMMEAN_SP_428202.parquet"
"11402","FINAL_EMSDM_EMMEAN_SP_428203.parquet"
"11403","FINAL_EMSDM_EMMEAN_SP_428205.parquet"
"11404","FINAL_EMSDM_EMMEAN_SP_428206.parquet"
"11405","FINAL_EMSDM_EMMEAN_SP_428207.parquet"
"11406","FINAL_EMSDM_EMMEAN_SP_428212.parquet"
"11407","FINAL_EMSDM_EMMEAN_SP_428213.parquet"
"11408","FINAL_EMSDM_EMMEAN_SP_428217.parquet"
"11409","FINAL_EMSDM_EMMEAN_SP_428218.parquet"
"11410","FINAL_EMSDM_EMMEAN_SP_428219.parquet"
"11411","FINAL_EMSDM_EMMEAN_SP_428220.parquet"
"11412","FINAL_EMSDM_EMMEAN_SP_428223.parquet"
"11413","FINAL_EMSDM_EMMEAN_SP_428224.parquet"
"11414","FINAL_EMSDM_EMMEAN_SP_428226.parquet"
"11415","FINAL_EMSDM_EMMEAN_SP_428230.parquet"
"11416","FINAL_EMSDM_EMMEAN_SP_428231.parquet"
"11417","FINAL_EMSDM_EMMEAN_SP_428232.parquet"
"11418","FINAL_EMSDM_EMMEAN_SP_428233.parquet"
"11419","FINAL_EMSDM_EMMEAN_SP_428234.parquet"
"11420","FINAL_EMSDM_EMMEAN_SP_428235.parquet"
"11421","FINAL_EMSDM_EMMEAN_SP_428236.parquet"
"11422","FINAL_EMSDM_EMMEAN_SP_428237.parquet"
"11423","FINAL_EMSDM_EMMEAN_SP_428240.parquet"
"11424","FINAL_EMSDM_EMMEAN_SP_428241.parquet"
"11425","FINAL_EMSDM_EMMEAN_SP_428242.parquet"
"11426","FINAL_EMSDM_EMMEAN_SP_428243.parquet"
"11427","FINAL_EMSDM_EMMEAN_SP_428244.parquet"
"11428","FINAL_EMSDM_EMMEAN_SP_428245.parquet"
"11429","FINAL_EMSDM_EMMEAN_SP_428246.parquet"
"11430","FINAL_EMSDM_EMMEAN_SP_428247.parquet"
"11431","FINAL_EMSDM_EMMEAN_SP_428248.parquet"
"11432","FINAL_EMSDM_EMMEAN_SP_428249.parquet"
"11433","FINAL_EMSDM_EMMEAN_SP_428250.parquet"
"11434","FINAL_EMSDM_EMMEAN_SP_428255.parquet"
"11435","FINAL_EMSDM_EMMEAN_SP_428259.parquet"
"11436","FINAL_EMSDM_EMMEAN_SP_428260.parquet"
"11437","FINAL_EMSDM_EMMEAN_SP_428263.parquet"
"11438","FINAL_EMSDM_EMMEAN_SP_428264.parquet"
"11439","FINAL_EMSDM_EMMEAN_SP_428266.parquet"
"11440","FINAL_EMSDM_EMMEAN_SP_428267.parquet"
"11441","FINAL_EMSDM_EMMEAN_SP_428268.parquet"
"11442","FINAL_EMSDM_EMMEAN_SP_428269.parquet"
"11443","FINAL_EMSDM_EMMEAN_SP_428270.parquet"
"11444","FINAL_EMSDM_EMMEAN_SP_428273.parquet"
"11445","FINAL_EMSDM_EMMEAN_SP_428347.parquet"
"11446","FINAL_EMSDM_EMMEAN_SP_428350.parquet"
"11447","FINAL_EMSDM_EMMEAN_SP_428351.parquet"
"11448","FINAL_EMSDM_EMMEAN_SP_428352.parquet"
"11449","FINAL_EMSDM_EMMEAN_SP_428354.parquet"
"11450","FINAL_EMSDM_EMMEAN_SP_428355.parquet"
"11451","FINAL_EMSDM_EMMEAN_SP_428358.parquet"
"11452","FINAL_EMSDM_EMMEAN_SP_428359.parquet"
"11453","FINAL_EMSDM_EMMEAN_SP_428361.parquet"
"11454","FINAL_EMSDM_EMMEAN_SP_428363.parquet"
"11455","FINAL_EMSDM_EMMEAN_SP_428365.parquet"
"11456","FINAL_EMSDM_EMMEAN_SP_428368.parquet"
"11457","FINAL_EMSDM_EMMEAN_SP_428370.parquet"
"11458","FINAL_EMSDM_EMMEAN_SP_428371.parquet"
"11459","FINAL_EMSDM_EMMEAN_SP_428372.parquet"
"11460","FINAL_EMSDM_EMMEAN_SP_428373.parquet"
"11461","FINAL_EMSDM_EMMEAN_SP_428374.parquet"
"11462","FINAL_EMSDM_EMMEAN_SP_428375.parquet"
"11463","FINAL_EMSDM_EMMEAN_SP_428376.parquet"
"11464","FINAL_EMSDM_EMMEAN_SP_428377.parquet"
"11465","FINAL_EMSDM_EMMEAN_SP_428378.parquet"
"11466","FINAL_EMSDM_EMMEAN_SP_428381.parquet"
"11467","FINAL_EMSDM_EMMEAN_SP_428382.parquet"
"11468","FINAL_EMSDM_EMMEAN_SP_428386.parquet"
"11469","FINAL_EMSDM_EMMEAN_SP_428387.parquet"
"11470","FINAL_EMSDM_EMMEAN_SP_428388.parquet"
"11471","FINAL_EMSDM_EMMEAN_SP_428393.parquet"
"11472","FINAL_EMSDM_EMMEAN_SP_428394.parquet"
"11473","FINAL_EMSDM_EMMEAN_SP_428395.parquet"
"11474","FINAL_EMSDM_EMMEAN_SP_428396.parquet"
"11475","FINAL_EMSDM_EMMEAN_SP_428397.parquet"
"11476","FINAL_EMSDM_EMMEAN_SP_428399.parquet"
"11477","FINAL_EMSDM_EMMEAN_SP_428400.parquet"
"11478","FINAL_EMSDM_EMMEAN_SP_428401.parquet"
"11479","FINAL_EMSDM_EMMEAN_SP_428402.parquet"
"11480","FINAL_EMSDM_EMMEAN_SP_428404.parquet"
"11481","FINAL_EMSDM_EMMEAN_SP_428405.parquet"
"11482","FINAL_EMSDM_EMMEAN_SP_428407.parquet"
"11483","FINAL_EMSDM_EMMEAN_SP_428408.parquet"
"11484","FINAL_EMSDM_EMMEAN_SP_428409.parquet"
"11485","FINAL_EMSDM_EMMEAN_SP_428410.parquet"
"11486","FINAL_EMSDM_EMMEAN_SP_428411.parquet"
"11487","FINAL_EMSDM_EMMEAN_SP_428415.parquet"
"11488","FINAL_EMSDM_EMMEAN_SP_428416.parquet"
"11489","FINAL_EMSDM_EMMEAN_SP_428418.parquet"
"11490","FINAL_EMSDM_EMMEAN_SP_428421.parquet"
"11491","FINAL_EMSDM_EMMEAN_SP_428422.parquet"
"11492","FINAL_EMSDM_EMMEAN_SP_428427.parquet"
"11493","FINAL_EMSDM_EMMEAN_SP_428431.parquet"
"11494","FINAL_EMSDM_EMMEAN_SP_428886.parquet"
"11495","FINAL_EMSDM_EMMEAN_SP_428887.parquet"
"11496","FINAL_EMSDM_EMMEAN_SP_428934.parquet"
"11497","FINAL_EMSDM_EMMEAN_SP_428935.parquet"
"11498","FINAL_EMSDM_EMMEAN_SP_428937.parquet"
"11499","FINAL_EMSDM_EMMEAN_SP_428938.parquet"
"11500","FINAL_EMSDM_EMMEAN_SP_428940.parquet"
"11501","FINAL_EMSDM_EMMEAN_SP_428947.parquet"
"11502","FINAL_EMSDM_EMMEAN_SP_428976.parquet"
"11503","FINAL_EMSDM_EMMEAN_SP_428977.parquet"
"11504","FINAL_EMSDM_EMMEAN_SP_428979.parquet"
"11505","FINAL_EMSDM_EMMEAN_SP_428980.parquet"
"11506","FINAL_EMSDM_EMMEAN_SP_428982.parquet"
"11507","FINAL_EMSDM_EMMEAN_SP_428984.parquet"
"11508","FINAL_EMSDM_EMMEAN_SP_428985.parquet"
"11509","FINAL_EMSDM_EMMEAN_SP_428988.parquet"
"11510","FINAL_EMSDM_EMMEAN_SP_428995.parquet"
"11511","FINAL_EMSDM_EMMEAN_SP_428996.parquet"
"11512","FINAL_EMSDM_EMMEAN_SP_428999.parquet"
"11513","FINAL_EMSDM_EMMEAN_SP_429001.parquet"
"11514","FINAL_EMSDM_EMMEAN_SP_429007.parquet"
"11515","FINAL_EMSDM_EMMEAN_SP_429010.parquet"
"11516","FINAL_EMSDM_EMMEAN_SP_429011.parquet"
"11517","FINAL_EMSDM_EMMEAN_SP_429012.parquet"
"11518","FINAL_EMSDM_EMMEAN_SP_429017.parquet"
"11519","FINAL_EMSDM_EMMEAN_SP_429037.parquet"
"11520","FINAL_EMSDM_EMMEAN_SP_429045.parquet"
"11521","FINAL_EMSDM_EMMEAN_SP_429066.parquet"
"11522","FINAL_EMSDM_EMMEAN_SP_429101.parquet"
"11523","FINAL_EMSDM_EMMEAN_SP_429301.parquet"
"11524","FINAL_EMSDM_EMMEAN_SP_429313.parquet"
"11525","FINAL_EMSDM_EMMEAN_SP_429368.parquet"
"11526","FINAL_EMSDM_EMMEAN_SP_429427.parquet"
"11527","FINAL_EMSDM_EMMEAN_SP_429428.parquet"
"11528","FINAL_EMSDM_EMMEAN_SP_429438.parquet"
"11529","FINAL_EMSDM_EMMEAN_SP_429493.parquet"
"11530","FINAL_EMSDM_EMMEAN_SP_429574.parquet"
"11531","FINAL_EMSDM_EMMEAN_SP_429584.parquet"
"11532","FINAL_EMSDM_EMMEAN_SP_429597.parquet"
"11533","FINAL_EMSDM_EMMEAN_SP_429639.parquet"
"11534","FINAL_EMSDM_EMMEAN_SP_429719.parquet"
"11535","FINAL_EMSDM_EMMEAN_SP_429784.parquet"
"11536","FINAL_EMSDM_EMMEAN_SP_429825.parquet"
"11537","FINAL_EMSDM_EMMEAN_SP_429884.parquet"
"11538","FINAL_EMSDM_EMMEAN_SP_429900.parquet"
"11539","FINAL_EMSDM_EMMEAN_SP_429924.parquet"
"11540","FINAL_EMSDM_EMMEAN_SP_430047.parquet"
"11541","FINAL_EMSDM_EMMEAN_SP_430125.parquet"
"11542","FINAL_EMSDM_EMMEAN_SP_430142.parquet"
"11543","FINAL_EMSDM_EMMEAN_SP_430175.parquet"
"11544","FINAL_EMSDM_EMMEAN_SP_430327.parquet"
"11545","FINAL_EMSDM_EMMEAN_SP_430334.parquet"
"11546","FINAL_EMSDM_EMMEAN_SP_430392.parquet"
"11547","FINAL_EMSDM_EMMEAN_SP_430394.parquet"
"11548","FINAL_EMSDM_EMMEAN_SP_430437.parquet"
"11549","FINAL_EMSDM_EMMEAN_SP_430438.parquet"
"11550","FINAL_EMSDM_EMMEAN_SP_430439.parquet"
"11551","FINAL_EMSDM_EMMEAN_SP_430441.parquet"
"11552","FINAL_EMSDM_EMMEAN_SP_430443.parquet"
"11553","FINAL_EMSDM_EMMEAN_SP_430445.parquet"
"11554","FINAL_EMSDM_EMMEAN_SP_430447.parquet"
"11555","FINAL_EMSDM_EMMEAN_SP_430457.parquet"
"11556","FINAL_EMSDM_EMMEAN_SP_430463.parquet"
"11557","FINAL_EMSDM_EMMEAN_SP_430468.parquet"
"11558","FINAL_EMSDM_EMMEAN_SP_430478.parquet"
"11559","FINAL_EMSDM_EMMEAN_SP_430639.parquet"
"11560","FINAL_EMSDM_EMMEAN_SP_430644.parquet"
"11561","FINAL_EMSDM_EMMEAN_SP_430650.parquet"
"11562","FINAL_EMSDM_EMMEAN_SP_430653.parquet"
"11563","FINAL_EMSDM_EMMEAN_SP_430654.parquet"
"11564","FINAL_EMSDM_EMMEAN_SP_430655.parquet"
"11565","FINAL_EMSDM_EMMEAN_SP_430657.parquet"
"11566","FINAL_EMSDM_EMMEAN_SP_430660.parquet"
"11567","FINAL_EMSDM_EMMEAN_SP_430662.parquet"
"11568","FINAL_EMSDM_EMMEAN_SP_430663.parquet"
"11569","FINAL_EMSDM_EMMEAN_SP_430664.parquet"
"11570","FINAL_EMSDM_EMMEAN_SP_430665.parquet"
"11571","FINAL_EMSDM_EMMEAN_SP_430667.parquet"
"11572","FINAL_EMSDM_EMMEAN_SP_430668.parquet"
"11573","FINAL_EMSDM_EMMEAN_SP_430669.parquet"
"11574","FINAL_EMSDM_EMMEAN_SP_430670.parquet"
"11575","FINAL_EMSDM_EMMEAN_SP_430671.parquet"
"11576","FINAL_EMSDM_EMMEAN_SP_430674.parquet"
"11577","FINAL_EMSDM_EMMEAN_SP_430678.parquet"
"11578","FINAL_EMSDM_EMMEAN_SP_430679.parquet"
"11579","FINAL_EMSDM_EMMEAN_SP_430680.parquet"
"11580","FINAL_EMSDM_EMMEAN_SP_445301.parquet"
"11581","FINAL_EMSDM_EMMEAN_SP_445302.parquet"
"11582","FINAL_EMSDM_EMMEAN_SP_445303.parquet"
"11583","FINAL_EMSDM_EMMEAN_SP_445307.parquet"
"11584","FINAL_EMSDM_EMMEAN_SP_445308.parquet"
"11585","FINAL_EMSDM_EMMEAN_SP_445312.parquet"
"11586","FINAL_EMSDM_EMMEAN_SP_445313.parquet"
"11587","FINAL_EMSDM_EMMEAN_SP_445318.parquet"
"11588","FINAL_EMSDM_EMMEAN_SP_445319.parquet"
"11589","FINAL_EMSDM_EMMEAN_SP_445323.parquet"
"11590","FINAL_EMSDM_EMMEAN_SP_445324.parquet"
"11591","FINAL_EMSDM_EMMEAN_SP_445325.parquet"
"11592","FINAL_EMSDM_EMMEAN_SP_445330.parquet"
"11593","FINAL_EMSDM_EMMEAN_SP_445331.parquet"
"11594","FINAL_EMSDM_EMMEAN_SP_445332.parquet"
"11595","FINAL_EMSDM_EMMEAN_SP_445335.parquet"
"11596","FINAL_EMSDM_EMMEAN_SP_445340.parquet"
"11597","FINAL_EMSDM_EMMEAN_SP_445349.parquet"
"11598","FINAL_EMSDM_EMMEAN_SP_445351.parquet"
"11599","FINAL_EMSDM_EMMEAN_SP_445352.parquet"
"11600","FINAL_EMSDM_EMMEAN_SP_445354.parquet"
"11601","FINAL_EMSDM_EMMEAN_SP_445357.parquet"
"11602","FINAL_EMSDM_EMMEAN_SP_445358.parquet"
"11603","FINAL_EMSDM_EMMEAN_SP_445361.parquet"
"11604","FINAL_EMSDM_EMMEAN_SP_445362.parquet"
"11605","FINAL_EMSDM_EMMEAN_SP_445367.parquet"
"11606","FINAL_EMSDM_EMMEAN_SP_445374.parquet"
"11607","FINAL_EMSDM_EMMEAN_SP_445378.parquet"
"11608","FINAL_EMSDM_EMMEAN_SP_445437.parquet"
"11609","FINAL_EMSDM_EMMEAN_SP_463035.parquet"
"11610","FINAL_EMSDM_EMMEAN_SP_467677.parquet"
"11611","FINAL_EMSDM_EMMEAN_SP_467678.parquet"
"11612","FINAL_EMSDM_EMMEAN_SP_467679.parquet"
"11613","FINAL_EMSDM_EMMEAN_SP_474887.parquet"
"11614","FINAL_EMSDM_EMMEAN_SP_474888.parquet"
"11615","FINAL_EMSDM_EMMEAN_SP_474891.parquet"
"11616","FINAL_EMSDM_EMMEAN_SP_474892.parquet"
"11617","FINAL_EMSDM_EMMEAN_SP_474893.parquet"
"11618","FINAL_EMSDM_EMMEAN_SP_474894.parquet"
"11619","FINAL_EMSDM_EMMEAN_SP_474896.parquet"
"11620","FINAL_EMSDM_EMMEAN_SP_474897.parquet"
"11621","FINAL_EMSDM_EMMEAN_SP_474898.parquet"
"11622","FINAL_EMSDM_EMMEAN_SP_474899.parquet"
"11623","FINAL_EMSDM_EMMEAN_SP_474900.parquet"
"11624","FINAL_EMSDM_EMMEAN_SP_474901.parquet"
"11625","FINAL_EMSDM_EMMEAN_SP_474902.parquet"
"11626","FINAL_EMSDM_EMMEAN_SP_474903.parquet"
"11627","FINAL_EMSDM_EMMEAN_SP_474914.parquet"
"11628","FINAL_EMSDM_EMMEAN_SP_474916.parquet"
"11629","FINAL_EMSDM_EMMEAN_SP_474918.parquet"
"11630","FINAL_EMSDM_EMMEAN_SP_474928.parquet"
"11631","FINAL_EMSDM_EMMEAN_SP_474939.parquet"
"11632","FINAL_EMSDM_EMMEAN_SP_474943.parquet"
"11633","FINAL_EMSDM_EMMEAN_SP_474945.parquet"
"11634","FINAL_EMSDM_EMMEAN_SP_474955.parquet"
"11635","FINAL_EMSDM_EMMEAN_SP_474956.parquet"
"11636","FINAL_EMSDM_EMMEAN_SP_474973.parquet"
"11637","FINAL_EMSDM_EMMEAN_SP_474976.parquet"
"11638","FINAL_EMSDM_EMMEAN_SP_474977.parquet"
"11639","FINAL_EMSDM_EMMEAN_SP_474979.parquet"
"11640","FINAL_EMSDM_EMMEAN_SP_474984.parquet"
"11641","FINAL_EMSDM_EMMEAN_SP_474985.parquet"
"11642","FINAL_EMSDM_EMMEAN_SP_474991.parquet"
"11643","FINAL_EMSDM_EMMEAN_SP_475001.parquet"
"11644","FINAL_EMSDM_EMMEAN_SP_475011.parquet"
"11645","FINAL_EMSDM_EMMEAN_SP_475040.parquet"
"11646","FINAL_EMSDM_EMMEAN_SP_475041.parquet"
"11647","FINAL_EMSDM_EMMEAN_SP_475043.parquet"
"11648","FINAL_EMSDM_EMMEAN_SP_475052.parquet"
"11649","FINAL_EMSDM_EMMEAN_SP_475053.parquet"
"11650","FINAL_EMSDM_EMMEAN_SP_475054.parquet"
"11651","FINAL_EMSDM_EMMEAN_SP_475056.parquet"
"11652","FINAL_EMSDM_EMMEAN_SP_475057.parquet"
"11653","FINAL_EMSDM_EMMEAN_SP_475058.parquet"
"11654","FINAL_EMSDM_EMMEAN_SP_475067.parquet"
"11655","FINAL_EMSDM_EMMEAN_SP_475074.parquet"
"11656","FINAL_EMSDM_EMMEAN_SP_475076.parquet"
"11657","FINAL_EMSDM_EMMEAN_SP_475077.parquet"
"11658","FINAL_EMSDM_EMMEAN_SP_475078.parquet"
"11659","FINAL_EMSDM_EMMEAN_SP_475079.parquet"
"11660","FINAL_EMSDM_EMMEAN_SP_475080.parquet"
"11661","FINAL_EMSDM_EMMEAN_SP_475083.parquet"
"11662","FINAL_EMSDM_EMMEAN_SP_475088.parquet"
"11663","FINAL_EMSDM_EMMEAN_SP_475093.parquet"
"11664","FINAL_EMSDM_EMMEAN_SP_475094.parquet"
"11665","FINAL_EMSDM_EMMEAN_SP_475097.parquet"
"11666","FINAL_EMSDM_EMMEAN_SP_475098.parquet"
"11667","FINAL_EMSDM_EMMEAN_SP_475099.parquet"
"11668","FINAL_EMSDM_EMMEAN_SP_475100.parquet"
"11669","FINAL_EMSDM_EMMEAN_SP_475101.parquet"
"11670","FINAL_EMSDM_EMMEAN_SP_475102.parquet"
"11671","FINAL_EMSDM_EMMEAN_SP_475103.parquet"
"11672","FINAL_EMSDM_EMMEAN_SP_475104.parquet"
"11673","FINAL_EMSDM_EMMEAN_SP_550314.parquet"
"11674","FINAL_EMSDM_EMMEAN_SP_558726.parquet"
"11675","FINAL_EMSDM_EMMEAN_SP_567139.parquet"
"11676","FINAL_EMSDM_EMMEAN_SP_570125.parquet"
"11677","FINAL_EMSDM_EMMEAN_SP_573260.parquet"
"11678","FINAL_EMSDM_EMMEAN_SP_574728.parquet"
"11679","FINAL_EMSDM_EMMEAN_SP_577315.parquet"
"11680","FINAL_EMSDM_EMMEAN_SP_577955.parquet"
"11681","FINAL_EMSDM_EMMEAN_SP_578144.parquet"
"11682","FINAL_EMSDM_EMMEAN_SP_580164.parquet"
"11683","FINAL_EMSDM_EMMEAN_SP_580165.parquet"
"11684","FINAL_EMSDM_EMMEAN_SP_580166.parquet"
"11685","FINAL_EMSDM_EMMEAN_SP_580167.parquet"
"11686","FINAL_EMSDM_EMMEAN_SP_580168.parquet"
"11687","FINAL_EMSDM_EMMEAN_SP_580169.parquet"
"11688","FINAL_EMSDM_EMMEAN_SP_580170.parquet"
"11689","FINAL_EMSDM_EMMEAN_SP_580171.parquet"
"11690","FINAL_EMSDM_EMMEAN_SP_580172.parquet"
"11691","FINAL_EMSDM_EMMEAN_SP_580173.parquet"
"11692","FINAL_EMSDM_EMMEAN_SP_580174.parquet"
"11693","FINAL_EMSDM_EMMEAN_SP_580586.parquet"
"11694","FINAL_EMSDM_EMMEAN_SP_580587.parquet"
"11695","FINAL_EMSDM_EMMEAN_SP_580594.parquet"
"11696","FINAL_EMSDM_EMMEAN_SP_581028.parquet"
"11697","FINAL_EMSDM_EMMEAN_SP_581029.parquet"
"11698","FINAL_EMSDM_EMMEAN_SP_581031.parquet"
"11699","FINAL_EMSDM_EMMEAN_SP_581033.parquet"
"11700","FINAL_EMSDM_EMMEAN_SP_581034.parquet"
"11701","FINAL_EMSDM_EMMEAN_SP_581035.parquet"
"11702","FINAL_EMSDM_EMMEAN_SP_581036.parquet"
"11703","FINAL_EMSDM_EMMEAN_SP_581038.parquet"
"11704","FINAL_EMSDM_EMMEAN_SP_581039.parquet"
"11705","FINAL_EMSDM_EMMEAN_SP_581058.parquet"
"11706","FINAL_EMSDM_EMMEAN_SP_581131.parquet"
"11707","FINAL_EMSDM_EMMEAN_SP_581132.parquet"
"11708","FINAL_EMSDM_EMMEAN_SP_584763.parquet"
"11709","FINAL_EMSDM_EMMEAN_SP_584793.parquet"
"11710","FINAL_EMSDM_EMMEAN_SP_585052.parquet"
"11711","FINAL_EMSDM_EMMEAN_SP_588639.parquet"
"11712","FINAL_EMSDM_EMMEAN_SP_591370.parquet"
"11713","FINAL_EMSDM_EMMEAN_SP_591371.parquet"
"11714","FINAL_EMSDM_EMMEAN_SP_593465.parquet"
"11715","FINAL_EMSDM_EMMEAN_SP_593466.parquet"
"11716","FINAL_EMSDM_EMMEAN_SP_593467.parquet"
"11717","FINAL_EMSDM_EMMEAN_SP_593468.parquet"
"11718","FINAL_EMSDM_EMMEAN_SP_593469.parquet"
"11719","FINAL_EMSDM_EMMEAN_SP_593470.parquet"
"11720","FINAL_EMSDM_EMMEAN_SP_593471.parquet"
"11721","FINAL_EMSDM_EMMEAN_SP_593472.parquet"
"11722","FINAL_EMSDM_EMMEAN_SP_593473.parquet"
"11723","FINAL_EMSDM_EMMEAN_SP_593474.parquet"
"11724","FINAL_EMSDM_EMMEAN_SP_593553.parquet"
"11725","FINAL_EMSDM_EMMEAN_SP_593554.parquet"
"11726","FINAL_EMSDM_EMMEAN_SP_596237.parquet"
"11727","FINAL_EMSDM_EMMEAN_SP_596250.parquet"
"11728","FINAL_EMSDM_EMMEAN_SP_596347.parquet"
"11729","FINAL_EMSDM_EMMEAN_SP_707460.parquet"
"11730","FINAL_EMSDM_EMMEAN_SP_711846.parquet"
"11731","FINAL_EMSDM_EMMEAN_SP_712374.parquet"
"11732","FINAL_EMSDM_EMMEAN_SP_712377.parquet"
"11733","FINAL_EMSDM_EMMEAN_SP_712379.parquet"
"11734","FINAL_EMSDM_EMMEAN_SP_712380.parquet"
"11735","FINAL_EMSDM_EMMEAN_SP_712381.parquet"
"11736","FINAL_EMSDM_EMMEAN_SP_712382.parquet"
"11737","FINAL_EMSDM_EMMEAN_SP_712383.parquet"
"11738","FINAL_EMSDM_EMMEAN_SP_712384.parquet"
"11739","FINAL_EMSDM_EMMEAN_SP_712386.parquet"
"11740","FINAL_EMSDM_EMMEAN_SP_712387.parquet"
"11741","FINAL_EMSDM_EMMEAN_SP_712388.parquet"
"11742","FINAL_EMSDM_EMMEAN_SP_712389.parquet"
"11743","FINAL_EMSDM_EMMEAN_SP_712390.parquet"
"11744","FINAL_EMSDM_EMMEAN_SP_712391.parquet"
"11745","FINAL_EMSDM_EMMEAN_SP_712392.parquet"
"11746","FINAL_EMSDM_EMMEAN_SP_712393.parquet"
"11747","FINAL_EMSDM_EMMEAN_SP_712394.parquet"
"11748","FINAL_EMSDM_EMMEAN_SP_712395.parquet"
"11749","FINAL_EMSDM_EMMEAN_SP_712397.parquet"
"11750","FINAL_EMSDM_EMMEAN_SP_712398.parquet"
"11751","FINAL_EMSDM_EMMEAN_SP_712402.parquet"
"11752","FINAL_EMSDM_EMMEAN_SP_712404.parquet"
"11753","FINAL_EMSDM_EMMEAN_SP_712406.parquet"
"11754","FINAL_EMSDM_EMMEAN_SP_712407.parquet"
"11755","FINAL_EMSDM_EMMEAN_SP_712408.parquet"
"11756","FINAL_EMSDM_EMMEAN_SP_712410.parquet"
"11757","FINAL_EMSDM_EMMEAN_SP_712411.parquet"
"11758","FINAL_EMSDM_EMMEAN_SP_712412.parquet"
"11759","FINAL_EMSDM_EMMEAN_SP_712413.parquet"
"11760","FINAL_EMSDM_EMMEAN_SP_712414.parquet"
"11761","FINAL_EMSDM_EMMEAN_SP_712416.parquet"
"11762","FINAL_EMSDM_EMMEAN_SP_712417.parquet"
"11763","FINAL_EMSDM_EMMEAN_SP_712418.parquet"
"11764","FINAL_EMSDM_EMMEAN_SP_712419.parquet"
"11765","FINAL_EMSDM_EMMEAN_SP_712420.parquet"
"11766","FINAL_EMSDM_EMMEAN_SP_712421.parquet"
"11767","FINAL_EMSDM_EMMEAN_SP_712422.parquet"
"11768","FINAL_EMSDM_EMMEAN_SP_712423.parquet"
"11769","FINAL_EMSDM_EMMEAN_SP_712424.parquet"
"11770","FINAL_EMSDM_EMMEAN_SP_712425.parquet"
"11771","FINAL_EMSDM_EMMEAN_SP_712426.parquet"
"11772","FINAL_EMSDM_EMMEAN_SP_712428.parquet"
"11773","FINAL_EMSDM_EMMEAN_SP_712429.parquet"
"11774","FINAL_EMSDM_EMMEAN_SP_712431.parquet"
"11775","FINAL_EMSDM_EMMEAN_SP_712432.parquet"
"11776","FINAL_EMSDM_EMMEAN_SP_712433.parquet"
"11777","FINAL_EMSDM_EMMEAN_SP_712434.parquet"
"11778","FINAL_EMSDM_EMMEAN_SP_712435.parquet"
"11779","FINAL_EMSDM_EMMEAN_SP_712436.parquet"
"11780","FINAL_EMSDM_EMMEAN_SP_712438.parquet"
"11781","FINAL_EMSDM_EMMEAN_SP_712442.parquet"
"11782","FINAL_EMSDM_EMMEAN_SP_712453.parquet"
"11783","FINAL_EMSDM_EMMEAN_SP_712461.parquet"
"11784","FINAL_EMSDM_EMMEAN_SP_712475.parquet"
"11785","FINAL_EMSDM_EMMEAN_SP_712481.parquet"
"11786","FINAL_EMSDM_EMMEAN_SP_712487.parquet"
"11787","FINAL_EMSDM_EMMEAN_SP_712506.parquet"
"11788","FINAL_EMSDM_EMMEAN_SP_712507.parquet"
"11789","FINAL_EMSDM_EMMEAN_SP_712508.parquet"
"11790","FINAL_EMSDM_EMMEAN_SP_712514.parquet"
"11791","FINAL_EMSDM_EMMEAN_SP_712515.parquet"
"11792","FINAL_EMSDM_EMMEAN_SP_712534.parquet"
"11793","FINAL_EMSDM_EMMEAN_SP_712535.parquet"
"11794","FINAL_EMSDM_EMMEAN_SP_712541.parquet"
"11795","FINAL_EMSDM_EMMEAN_SP_712555.parquet"
"11796","FINAL_EMSDM_EMMEAN_SP_712556.parquet"
"11797","FINAL_EMSDM_EMMEAN_SP_712557.parquet"
"11798","FINAL_EMSDM_EMMEAN_SP_712593.parquet"
"11799","FINAL_EMSDM_EMMEAN_SP_712594.parquet"
"11800","FINAL_EMSDM_EMMEAN_SP_712595.parquet"
"11801","FINAL_EMSDM_EMMEAN_SP_712596.parquet"
"11802","FINAL_EMSDM_EMMEAN_SP_712600.parquet"
"11803","FINAL_EMSDM_EMMEAN_SP_712604.parquet"
"11804","FINAL_EMSDM_EMMEAN_SP_712606.parquet"
"11805","FINAL_EMSDM_EMMEAN_SP_712607.parquet"
"11806","FINAL_EMSDM_EMMEAN_SP_712619.parquet"
"11807","FINAL_EMSDM_EMMEAN_SP_712628.parquet"
"11808","FINAL_EMSDM_EMMEAN_SP_712630.parquet"
"11809","FINAL_EMSDM_EMMEAN_SP_712635.parquet"
"11810","FINAL_EMSDM_EMMEAN_SP_712638.parquet"
"11811","FINAL_EMSDM_EMMEAN_SP_712645.parquet"
"11812","FINAL_EMSDM_EMMEAN_SP_712648.parquet"
"11813","FINAL_EMSDM_EMMEAN_SP_712649.parquet"
"11814","FINAL_EMSDM_EMMEAN_SP_712650.parquet"
"11815","FINAL_EMSDM_EMMEAN_SP_712651.parquet"
"11816","FINAL_EMSDM_EMMEAN_SP_712653.parquet"
"11817","FINAL_EMSDM_EMMEAN_SP_712654.parquet"
"11818","FINAL_EMSDM_EMMEAN_SP_712655.parquet"
"11819","FINAL_EMSDM_EMMEAN_SP_712656.parquet"
"11820","FINAL_EMSDM_EMMEAN_SP_712660.parquet"
"11821","FINAL_EMSDM_EMMEAN_SP_712661.parquet"
"11822","FINAL_EMSDM_EMMEAN_SP_712662.parquet"
"11823","FINAL_EMSDM_EMMEAN_SP_712663.parquet"
"11824","FINAL_EMSDM_EMMEAN_SP_712664.parquet"
"11825","FINAL_EMSDM_EMMEAN_SP_712665.parquet"
"11826","FINAL_EMSDM_EMMEAN_SP_712670.parquet"
"11827","FINAL_EMSDM_EMMEAN_SP_712671.parquet"
"11828","FINAL_EMSDM_EMMEAN_SP_712674.parquet"
"11829","FINAL_EMSDM_EMMEAN_SP_712675.parquet"
"11830","FINAL_EMSDM_EMMEAN_SP_712676.parquet"
"11831","FINAL_EMSDM_EMMEAN_SP_712677.parquet"
"11832","FINAL_EMSDM_EMMEAN_SP_712678.parquet"
"11833","FINAL_EMSDM_EMMEAN_SP_712679.parquet"
"11834","FINAL_EMSDM_EMMEAN_SP_712680.parquet"
"11835","FINAL_EMSDM_EMMEAN_SP_712682.parquet"
"11836","FINAL_EMSDM_EMMEAN_SP_712683.parquet"
"11837","FINAL_EMSDM_EMMEAN_SP_712684.parquet"
"11838","FINAL_EMSDM_EMMEAN_SP_712687.parquet"
"11839","FINAL_EMSDM_EMMEAN_SP_712688.parquet"
"11840","FINAL_EMSDM_EMMEAN_SP_712693.parquet"
"11841","FINAL_EMSDM_EMMEAN_SP_712694.parquet"
"11842","FINAL_EMSDM_EMMEAN_SP_712695.parquet"
"11843","FINAL_EMSDM_EMMEAN_SP_712696.parquet"
"11844","FINAL_EMSDM_EMMEAN_SP_712697.parquet"
"11845","FINAL_EMSDM_EMMEAN_SP_712698.parquet"
"11846","FINAL_EMSDM_EMMEAN_SP_712699.parquet"
"11847","FINAL_EMSDM_EMMEAN_SP_712709.parquet"
"11848","FINAL_EMSDM_EMMEAN_SP_712717.parquet"
"11849","FINAL_EMSDM_EMMEAN_SP_712721.parquet"
"11850","FINAL_EMSDM_EMMEAN_SP_712726.parquet"
"11851","FINAL_EMSDM_EMMEAN_SP_712728.parquet"
"11852","FINAL_EMSDM_EMMEAN_SP_712729.parquet"
"11853","FINAL_EMSDM_EMMEAN_SP_712730.parquet"
"11854","FINAL_EMSDM_EMMEAN_SP_712731.parquet"
"11855","FINAL_EMSDM_EMMEAN_SP_712732.parquet"
"11856","FINAL_EMSDM_EMMEAN_SP_712733.parquet"
"11857","FINAL_EMSDM_EMMEAN_SP_712734.parquet"
"11858","FINAL_EMSDM_EMMEAN_SP_712735.parquet"
"11859","FINAL_EMSDM_EMMEAN_SP_712736.parquet"
"11860","FINAL_EMSDM_EMMEAN_SP_712737.parquet"
"11861","FINAL_EMSDM_EMMEAN_SP_712738.parquet"
"11862","FINAL_EMSDM_EMMEAN_SP_712744.parquet"
"11863","FINAL_EMSDM_EMMEAN_SP_712745.parquet"
"11864","FINAL_EMSDM_EMMEAN_SP_712746.parquet"
"11865","FINAL_EMSDM_EMMEAN_SP_712757.parquet"
"11866","FINAL_EMSDM_EMMEAN_SP_712758.parquet"
"11867","FINAL_EMSDM_EMMEAN_SP_712760.parquet"
"11868","FINAL_EMSDM_EMMEAN_SP_712761.parquet"
"11869","FINAL_EMSDM_EMMEAN_SP_712762.parquet"
"11870","FINAL_EMSDM_EMMEAN_SP_712763.parquet"
"11871","FINAL_EMSDM_EMMEAN_SP_712765.parquet"
"11872","FINAL_EMSDM_EMMEAN_SP_712771.parquet"
"11873","FINAL_EMSDM_EMMEAN_SP_712796.parquet"
"11874","FINAL_EMSDM_EMMEAN_SP_712812.parquet"
"11875","FINAL_EMSDM_EMMEAN_SP_712813.parquet"
"11876","FINAL_EMSDM_EMMEAN_SP_712814.parquet"
"11877","FINAL_EMSDM_EMMEAN_SP_712815.parquet"
"11878","FINAL_EMSDM_EMMEAN_SP_712817.parquet"
"11879","FINAL_EMSDM_EMMEAN_SP_712818.parquet"
"11880","FINAL_EMSDM_EMMEAN_SP_712819.parquet"
"11881","FINAL_EMSDM_EMMEAN_SP_712820.parquet"
"11882","FINAL_EMSDM_EMMEAN_SP_712821.parquet"
"11883","FINAL_EMSDM_EMMEAN_SP_712824.parquet"
"11884","FINAL_EMSDM_EMMEAN_SP_712825.parquet"
"11885","FINAL_EMSDM_EMMEAN_SP_712826.parquet"
"11886","FINAL_EMSDM_EMMEAN_SP_712827.parquet"
"11887","FINAL_EMSDM_EMMEAN_SP_712828.parquet"
"11888","FINAL_EMSDM_EMMEAN_SP_712829.parquet"
"11889","FINAL_EMSDM_EMMEAN_SP_712830.parquet"
"11890","FINAL_EMSDM_EMMEAN_SP_712831.parquet"
"11891","FINAL_EMSDM_EMMEAN_SP_712832.parquet"
"11892","FINAL_EMSDM_EMMEAN_SP_712833.parquet"
"11893","FINAL_EMSDM_EMMEAN_SP_712834.parquet"
"11894","FINAL_EMSDM_EMMEAN_SP_712835.parquet"
"11895","FINAL_EMSDM_EMMEAN_SP_712836.parquet"
"11896","FINAL_EMSDM_EMMEAN_SP_712838.parquet"
"11897","FINAL_EMSDM_EMMEAN_SP_712839.parquet"
"11898","FINAL_EMSDM_EMMEAN_SP_712840.parquet"
"11899","FINAL_EMSDM_EMMEAN_SP_712841.parquet"
"11900","FINAL_EMSDM_EMMEAN_SP_712842.parquet"
"11901","FINAL_EMSDM_EMMEAN_SP_712843.parquet"
"11902","FINAL_EMSDM_EMMEAN_SP_712845.parquet"
"11903","FINAL_EMSDM_EMMEAN_SP_712846.parquet"
"11904","FINAL_EMSDM_EMMEAN_SP_712858.parquet"
"11905","FINAL_EMSDM_EMMEAN_SP_712864.parquet"
"11906","FINAL_EMSDM_EMMEAN_SP_712865.parquet"
"11907","FINAL_EMSDM_EMMEAN_SP_712867.parquet"
"11908","FINAL_EMSDM_EMMEAN_SP_712868.parquet"
"11909","FINAL_EMSDM_EMMEAN_SP_712877.parquet"
"11910","FINAL_EMSDM_EMMEAN_SP_712880.parquet"
"11911","FINAL_EMSDM_EMMEAN_SP_712881.parquet"
"11912","FINAL_EMSDM_EMMEAN_SP_712883.parquet"
"11913","FINAL_EMSDM_EMMEAN_SP_712884.parquet"
"11914","FINAL_EMSDM_EMMEAN_SP_712886.parquet"
"11915","FINAL_EMSDM_EMMEAN_SP_712891.parquet"
"11916","FINAL_EMSDM_EMMEAN_SP_712902.parquet"
"11917","FINAL_EMSDM_EMMEAN_SP_712904.parquet"
"11918","FINAL_EMSDM_EMMEAN_SP_712905.parquet"
"11919","FINAL_EMSDM_EMMEAN_SP_712906.parquet"
"11920","FINAL_EMSDM_EMMEAN_SP_712907.parquet"
"11921","FINAL_EMSDM_EMMEAN_SP_712909.parquet"
"11922","FINAL_EMSDM_EMMEAN_SP_712912.parquet"
"11923","FINAL_EMSDM_EMMEAN_SP_712913.parquet"
"11924","FINAL_EMSDM_EMMEAN_SP_712915.parquet"
"11925","FINAL_EMSDM_EMMEAN_SP_712916.parquet"
"11926","FINAL_EMSDM_EMMEAN_SP_712917.parquet"
"11927","FINAL_EMSDM_EMMEAN_SP_712918.parquet"
"11928","FINAL_EMSDM_EMMEAN_SP_712919.parquet"
"11929","FINAL_EMSDM_EMMEAN_SP_712921.parquet"
"11930","FINAL_EMSDM_EMMEAN_SP_712922.parquet"
"11931","FINAL_EMSDM_EMMEAN_SP_712923.parquet"
"11932","FINAL_EMSDM_EMMEAN_SP_712924.parquet"
"11933","FINAL_EMSDM_EMMEAN_SP_712954.parquet"
"11934","FINAL_EMSDM_EMMEAN_SP_712958.parquet"
"11935","FINAL_EMSDM_EMMEAN_SP_712972.parquet"
"11936","FINAL_EMSDM_EMMEAN_SP_712980.parquet"
"11937","FINAL_EMSDM_EMMEAN_SP_713029.parquet"
"11938","FINAL_EMSDM_EMMEAN_SP_713102.parquet"
"11939","FINAL_EMSDM_EMMEAN_SP_713180.parquet"
"11940","FINAL_EMSDM_EMMEAN_SP_713303.parquet"
"11941","FINAL_EMSDM_EMMEAN_SP_713304.parquet"
"11942","FINAL_EMSDM_EMMEAN_SP_713308.parquet"
"11943","FINAL_EMSDM_EMMEAN_SP_713323.parquet"
"11944","FINAL_EMSDM_EMMEAN_SP_713338.parquet"
"11945","FINAL_EMSDM_EMMEAN_SP_713339.parquet"
"11946","FINAL_EMSDM_EMMEAN_SP_713342.parquet"
"11947","FINAL_EMSDM_EMMEAN_SP_713378.parquet"
"11948","FINAL_EMSDM_EMMEAN_SP_713379.parquet"
"11949","FINAL_EMSDM_EMMEAN_SP_713525.parquet"
"11950","FINAL_EMSDM_EMMEAN_SP_713591.parquet"
"11951","FINAL_EMSDM_EMMEAN_SP_713598.parquet"
"11952","FINAL_EMSDM_EMMEAN_SP_713602.parquet"
"11953","FINAL_EMSDM_EMMEAN_SP_713732.parquet"
"11954","FINAL_EMSDM_EMMEAN_SP_713842.parquet"
"11955","FINAL_EMSDM_EMMEAN_SP_716291.parquet"
"11956","FINAL_EMSDM_EMMEAN_SP_716292.parquet"
"11957","FINAL_EMSDM_EMMEAN_SP_716299.parquet"
"11958","FINAL_EMSDM_EMMEAN_SP_716357.parquet"
"11959","FINAL_EMSDM_EMMEAN_SP_716444.parquet"
"11960","FINAL_EMSDM_EMMEAN_SP_716448.parquet"
"11961","FINAL_EMSDM_EMMEAN_SP_716542.parquet"
"11962","FINAL_EMSDM_EMMEAN_SP_716544.parquet"
"11963","FINAL_EMSDM_EMMEAN_SP_716545.parquet"
"11964","FINAL_EMSDM_EMMEAN_SP_716547.parquet"
"11965","FINAL_EMSDM_EMMEAN_SP_716548.parquet"
"11966","FINAL_EMSDM_EMMEAN_SP_716549.parquet"
"11967","FINAL_EMSDM_EMMEAN_SP_716550.parquet"
"11968","FINAL_EMSDM_EMMEAN_SP_716552.parquet"
"11969","FINAL_EMSDM_EMMEAN_SP_716608.parquet"
"11970","FINAL_EMSDM_EMMEAN_SP_716609.parquet"
"11971","FINAL_EMSDM_EMMEAN_SP_716610.parquet"
"11972","FINAL_EMSDM_EMMEAN_SP_716611.parquet"
"11973","FINAL_EMSDM_EMMEAN_SP_716645.parquet"
"11974","FINAL_EMSDM_EMMEAN_SP_716653.parquet"
"11975","FINAL_EMSDM_EMMEAN_SP_718603.parquet"
"11976","FINAL_EMSDM_EMMEAN_SP_718718.parquet"
"11977","FINAL_EMSDM_EMMEAN_SP_718748.parquet"
"11978","FINAL_EMSDM_EMMEAN_SP_723808.parquet"
"11979","FINAL_EMSDM_EMMEAN_SP_730686.parquet"
"11980","FINAL_EMSDM_EMMEAN_SP_730687.parquet"
"11981","FINAL_EMSDM_EMMEAN_SP_730688.parquet"
"11982","FINAL_EMSDM_EMMEAN_SP_730689.parquet"
"11983","FINAL_EMSDM_EMMEAN_SP_730691.parquet"
"11984","FINAL_EMSDM_EMMEAN_SP_735835.parquet"
"11985","FINAL_EMSDM_EMMEAN_SP_739293.parquet"
"11986","FINAL_EMSDM_EMMEAN_SP_739761.parquet"
"11987","FINAL_EMSDM_EMMEAN_SP_739884.parquet"
"11988","FINAL_EMSDM_EMMEAN_SP_740834.parquet"
"11989","FINAL_EMSDM_EMMEAN_SP_741332.parquet"
"11990","FINAL_EMSDM_EMMEAN_SP_742163.parquet"
"11991","FINAL_EMSDM_EMMEAN_SP_742164.parquet"
"11992","FINAL_EMSDM_EMMEAN_SP_742995.parquet"
"11993","FINAL_EMSDM_EMMEAN_SP_742996.parquet"
"11994","FINAL_EMSDM_EMMEAN_SP_743001.parquet"
"11995","FINAL_EMSDM_EMMEAN_SP_746716.parquet"
"11996","FINAL_EMSDM_EMMEAN_SP_751385.parquet"
"11997","FINAL_EMSDM_EMMEAN_SP_751666.parquet"
"11998","FINAL_EMSDM_EMMEAN_SP_751667.parquet"
"11999","FINAL_EMSDM_EMMEAN_SP_751669.parquet"
"12000","FINAL_EMSDM_EMMEAN_SP_751875.parquet"
"12001","FINAL_EMSDM_EMMEAN_SP_758011.parquet"
"12002","FINAL_EMSDM_EMMEAN_SP_758217.parquet"
"12003","FINAL_EMSDM_EMMEAN_SP_758219.parquet"
"12004","FINAL_EMSDM_EMMEAN_SP_758223.parquet"
"12005","FINAL_EMSDM_EMMEAN_SP_758224.parquet"
"12006","FINAL_EMSDM_EMMEAN_SP_758225.parquet"
"12007","FINAL_EMSDM_EMMEAN_SP_758226.parquet"
"12008","FINAL_EMSDM_EMMEAN_SP_758227.parquet"
"12009","FINAL_EMSDM_EMMEAN_SP_758228.parquet"
"12010","FINAL_EMSDM_EMMEAN_SP_758229.parquet"
"12011","FINAL_EMSDM_EMMEAN_SP_758232.parquet"
"12012","FINAL_EMSDM_EMMEAN_SP_758233.parquet"
"12013","FINAL_EMSDM_EMMEAN_SP_758235.parquet"
"12014","FINAL_EMSDM_EMMEAN_SP_758236.parquet"
"12015","FINAL_EMSDM_EMMEAN_SP_758237.parquet"
"12016","FINAL_EMSDM_EMMEAN_SP_758238.parquet"
"12017","FINAL_EMSDM_EMMEAN_SP_758239.parquet"
"12018","FINAL_EMSDM_EMMEAN_SP_758240.parquet"
"12019","FINAL_EMSDM_EMMEAN_SP_758260.parquet"
"12020","FINAL_EMSDM_EMMEAN_SP_758261.parquet"
"12021","FINAL_EMSDM_EMMEAN_SP_758262.parquet"
"12022","FINAL_EMSDM_EMMEAN_SP_759099.parquet"
"12023","FINAL_EMSDM_EMMEAN_SP_759334.parquet"
"12024","FINAL_EMSDM_EMMEAN_SP_759975.parquet"
"12025","FINAL_EMSDM_EMMEAN_SP_762397.parquet"
"12026","FINAL_EMSDM_EMMEAN_SP_762398.parquet"
"12027","FINAL_EMSDM_EMMEAN_SP_762399.parquet"
"12028","FINAL_EMSDM_EMMEAN_SP_762420.parquet"
"12029","FINAL_EMSDM_EMMEAN_SP_762421.parquet"
"12030","FINAL_EMSDM_EMMEAN_SP_762424.parquet"
"12031","FINAL_EMSDM_EMMEAN_SP_762427.parquet"
"12032","FINAL_EMSDM_EMMEAN_SP_762428.parquet"
"12033","FINAL_EMSDM_EMMEAN_SP_762753.parquet"
"12034","FINAL_EMSDM_EMMEAN_SP_762754.parquet"
"12035","FINAL_EMSDM_EMMEAN_SP_763067.parquet"
"12036","FINAL_EMSDM_EMMEAN_SP_763489.parquet"
"12037","FINAL_EMSDM_EMMEAN_SP_763525.parquet"
"12038","FINAL_EMSDM_EMMEAN_SP_763539.parquet"
"12039","FINAL_EMSDM_EMMEAN_SP_763551.parquet"
"12040","FINAL_EMSDM_EMMEAN_SP_763552.parquet"
"12041","FINAL_EMSDM_EMMEAN_SP_763554.parquet"
"12042","FINAL_EMSDM_EMMEAN_SP_763555.parquet"
"12043","FINAL_EMSDM_EMMEAN_SP_763782.parquet"
"12044","FINAL_EMSDM_EMMEAN_SP_763784.parquet"
"12045","FINAL_EMSDM_EMMEAN_SP_763791.parquet"
"12046","FINAL_EMSDM_EMMEAN_SP_763793.parquet"
"12047","FINAL_EMSDM_EMMEAN_SP_763794.parquet"
"12048","FINAL_EMSDM_EMMEAN_SP_763795.parquet"
"12049","FINAL_EMSDM_EMMEAN_SP_763797.parquet"
"12050","FINAL_EMSDM_EMMEAN_SP_763798.parquet"
"12051","FINAL_EMSDM_EMMEAN_SP_763800.parquet"
"12052","FINAL_EMSDM_EMMEAN_SP_764221.parquet"
"12053","FINAL_EMSDM_EMMEAN_SP_764222.parquet"
"12054","FINAL_EMSDM_EMMEAN_SP_764226.parquet"
"12055","FINAL_EMSDM_EMMEAN_SP_766865.parquet"
"12056","FINAL_EMSDM_EMMEAN_SP_766867.parquet"
"12057","FINAL_EMSDM_EMMEAN_SP_766904.parquet"
"12058","FINAL_EMSDM_EMMEAN_SP_769036.parquet"
"12059","FINAL_EMSDM_EMMEAN_SP_816452.parquet"
"12060","FINAL_EMSDM_EMMEAN_SP_817177.parquet"
"12061","FINAL_EMSDM_EMMEAN_SP_817178.parquet"
"12062","FINAL_EMSDM_EMMEAN_SP_817179.parquet"
"12063","FINAL_EMSDM_EMMEAN_SP_828326.parquet"
"12064","FINAL_EMSDM_EMMEAN_SP_834213.parquet"
"12065","FINAL_EMSDM_EMMEAN_SP_834365.parquet"
"12066","FINAL_EMSDM_EMMEAN_SP_834367.parquet"
"12067","FINAL_EMSDM_EMMEAN_SP_834374.parquet"
"12068","FINAL_EMSDM_EMMEAN_SP_834376.parquet"
"12069","FINAL_EMSDM_EMMEAN_SP_834380.parquet"
"12070","FINAL_EMSDM_EMMEAN_SP_834382.parquet"
"12071","FINAL_EMSDM_EMMEAN_SP_834384.parquet"
"12072","FINAL_EMSDM_EMMEAN_SP_834701.parquet"
"12073","FINAL_EMSDM_EMMEAN_SP_834879.parquet"
"12074","FINAL_EMSDM_EMMEAN_SP_834880.parquet"
"12075","FINAL_EMSDM_EMMEAN_SP_834881.parquet"
"12076","FINAL_EMSDM_EMMEAN_SP_834882.parquet"
"12077","FINAL_EMSDM_EMMEAN_SP_834904.parquet"
"12078","FINAL_EMSDM_EMMEAN_SP_834905.parquet"
"12079","FINAL_EMSDM_EMMEAN_SP_834906.parquet"
"12080","FINAL_EMSDM_EMMEAN_SP_834907.parquet"
"12081","FINAL_EMSDM_EMMEAN_SP_834908.parquet"
"12082","FINAL_EMSDM_EMMEAN_SP_834909.parquet"
"12083","FINAL_EMSDM_EMMEAN_SP_834928.parquet"
"12084","FINAL_EMSDM_EMMEAN_SP_834929.parquet"
"12085","FINAL_EMSDM_EMMEAN_SP_834930.parquet"
"12086","FINAL_EMSDM_EMMEAN_SP_834933.parquet"
"12087","FINAL_EMSDM_EMMEAN_SP_834935.parquet"
"12088","FINAL_EMSDM_EMMEAN_SP_834942.parquet"
"12089","FINAL_EMSDM_EMMEAN_SP_834943.parquet"
"12090","FINAL_EMSDM_EMMEAN_SP_834979.parquet"
"12091","FINAL_EMSDM_EMMEAN_SP_835025.parquet"
"12092","FINAL_EMSDM_EMMEAN_SP_835026.parquet"
"12093","FINAL_EMSDM_EMMEAN_SP_835027.parquet"
"12094","FINAL_EMSDM_EMMEAN_SP_835028.parquet"
"12095","FINAL_EMSDM_EMMEAN_SP_835029.parquet"
"12096","FINAL_EMSDM_EMMEAN_SP_835030.parquet"
"12097","FINAL_EMSDM_EMMEAN_SP_835031.parquet"
"12098","FINAL_EMSDM_EMMEAN_SP_835034.parquet"
"12099","FINAL_EMSDM_EMMEAN_SP_835041.parquet"
"12100","FINAL_EMSDM_EMMEAN_SP_835042.parquet"
"12101","FINAL_EMSDM_EMMEAN_SP_835044.parquet"
"12102","FINAL_EMSDM_EMMEAN_SP_835049.parquet"
"12103","FINAL_EMSDM_EMMEAN_SP_835050.parquet"
"12104","FINAL_EMSDM_EMMEAN_SP_835053.parquet"
"12105","FINAL_EMSDM_EMMEAN_SP_835054.parquet"
"12106","FINAL_EMSDM_EMMEAN_SP_835055.parquet"
"12107","FINAL_EMSDM_EMMEAN_SP_835096.parquet"
"12108","FINAL_EMSDM_EMMEAN_SP_835097.parquet"
"12109","FINAL_EMSDM_EMMEAN_SP_835107.parquet"
"12110","FINAL_EMSDM_EMMEAN_SP_835108.parquet"
"12111","FINAL_EMSDM_EMMEAN_SP_835109.parquet"
"12112","FINAL_EMSDM_EMMEAN_SP_835110.parquet"
"12113","FINAL_EMSDM_EMMEAN_SP_835113.parquet"
"12114","FINAL_EMSDM_EMMEAN_SP_835123.parquet"
"12115","FINAL_EMSDM_EMMEAN_SP_835125.parquet"
"12116","FINAL_EMSDM_EMMEAN_SP_835126.parquet"
"12117","FINAL_EMSDM_EMMEAN_SP_835130.parquet"
"12118","FINAL_EMSDM_EMMEAN_SP_835131.parquet"
"12119","FINAL_EMSDM_EMMEAN_SP_835132.parquet"
"12120","FINAL_EMSDM_EMMEAN_SP_835147.parquet"
"12121","FINAL_EMSDM_EMMEAN_SP_835148.parquet"
"12122","FINAL_EMSDM_EMMEAN_SP_835152.parquet"
"12123","FINAL_EMSDM_EMMEAN_SP_835153.parquet"
"12124","FINAL_EMSDM_EMMEAN_SP_835170.parquet"
"12125","FINAL_EMSDM_EMMEAN_SP_835177.parquet"
"12126","FINAL_EMSDM_EMMEAN_SP_835189.parquet"
"12127","FINAL_EMSDM_EMMEAN_SP_835196.parquet"
"12128","FINAL_EMSDM_EMMEAN_SP_835204.parquet"
"12129","FINAL_EMSDM_EMMEAN_SP_835214.parquet"
"12130","FINAL_EMSDM_EMMEAN_SP_835215.parquet"
"12131","FINAL_EMSDM_EMMEAN_SP_835216.parquet"
"12132","FINAL_EMSDM_EMMEAN_SP_835218.parquet"
"12133","FINAL_EMSDM_EMMEAN_SP_835219.parquet"
"12134","FINAL_EMSDM_EMMEAN_SP_835222.parquet"
"12135","FINAL_EMSDM_EMMEAN_SP_835233.parquet"
"12136","FINAL_EMSDM_EMMEAN_SP_835304.parquet"
"12137","FINAL_EMSDM_EMMEAN_SP_835306.parquet"
"12138","FINAL_EMSDM_EMMEAN_SP_835308.parquet"
"12139","FINAL_EMSDM_EMMEAN_SP_835312.parquet"
"12140","FINAL_EMSDM_EMMEAN_SP_835315.parquet"
"12141","FINAL_EMSDM_EMMEAN_SP_835317.parquet"
"12142","FINAL_EMSDM_EMMEAN_SP_835319.parquet"
"12143","FINAL_EMSDM_EMMEAN_SP_835321.parquet"
"12144","FINAL_EMSDM_EMMEAN_SP_835323.parquet"
"12145","FINAL_EMSDM_EMMEAN_SP_835333.parquet"
"12146","FINAL_EMSDM_EMMEAN_SP_835341.parquet"
"12147","FINAL_EMSDM_EMMEAN_SP_835343.parquet"
"12148","FINAL_EMSDM_EMMEAN_SP_835345.parquet"
"12149","FINAL_EMSDM_EMMEAN_SP_835349.parquet"
"12150","FINAL_EMSDM_EMMEAN_SP_835351.parquet"
"12151","FINAL_EMSDM_EMMEAN_SP_835353.parquet"
"12152","FINAL_EMSDM_EMMEAN_SP_835361.parquet"
"12153","FINAL_EMSDM_EMMEAN_SP_835364.parquet"
"12154","FINAL_EMSDM_EMMEAN_SP_835371.parquet"
"12155","FINAL_EMSDM_EMMEAN_SP_835373.parquet"
"12156","FINAL_EMSDM_EMMEAN_SP_835378.parquet"
"12157","FINAL_EMSDM_EMMEAN_SP_835380.parquet"
"12158","FINAL_EMSDM_EMMEAN_SP_835382.parquet"
"12159","FINAL_EMSDM_EMMEAN_SP_835402.parquet"
"12160","FINAL_EMSDM_EMMEAN_SP_835404.parquet"
"12161","FINAL_EMSDM_EMMEAN_SP_835409.parquet"
"12162","FINAL_EMSDM_EMMEAN_SP_835411.parquet"
"12163","FINAL_EMSDM_EMMEAN_SP_835413.parquet"
"12164","FINAL_EMSDM_EMMEAN_SP_835416.parquet"
"12165","FINAL_EMSDM_EMMEAN_SP_835418.parquet"
"12166","FINAL_EMSDM_EMMEAN_SP_835420.parquet"
"12167","FINAL_EMSDM_EMMEAN_SP_835423.parquet"
"12168","FINAL_EMSDM_EMMEAN_SP_835425.parquet"
"12169","FINAL_EMSDM_EMMEAN_SP_835890.parquet"
"12170","FINAL_EMSDM_EMMEAN_SP_835892.parquet"
"12171","FINAL_EMSDM_EMMEAN_SP_835894.parquet"
"12172","FINAL_EMSDM_EMMEAN_SP_835902.parquet"
"12173","FINAL_EMSDM_EMMEAN_SP_835976.parquet"
"12174","FINAL_EMSDM_EMMEAN_SP_835977.parquet"
"12175","FINAL_EMSDM_EMMEAN_SP_835980.parquet"
"12176","FINAL_EMSDM_EMMEAN_SP_836189.parquet"
"12177","FINAL_EMSDM_EMMEAN_SP_836199.parquet"
"12178","FINAL_EMSDM_EMMEAN_SP_836464.parquet"
"12179","FINAL_EMSDM_EMMEAN_SP_836468.parquet"
"12180","FINAL_EMSDM_EMMEAN_SP_836697.parquet"
"12181","FINAL_EMSDM_EMMEAN_SP_836699.parquet"
"12182","FINAL_EMSDM_EMMEAN_SP_836701.parquet"
"12183","FINAL_EMSDM_EMMEAN_SP_836707.parquet"
"12184","FINAL_EMSDM_EMMEAN_SP_836775.parquet"
"12185","FINAL_EMSDM_EMMEAN_SP_836785.parquet"
"12186","FINAL_EMSDM_EMMEAN_SP_836787.parquet"
"12187","FINAL_EMSDM_EMMEAN_SP_845703.parquet"
"12188","FINAL_EMSDM_EMMEAN_SP_845705.parquet"
"12189","FINAL_EMSDM_EMMEAN_SP_845708.parquet"
"12190","FINAL_EMSDM_EMMEAN_SP_845709.parquet"
"12191","FINAL_EMSDM_EMMEAN_SP_865808.parquet"
"12192","FINAL_EMSDM_EMMEAN_SP_871951.parquet"
"12193","FINAL_EMSDM_EMMEAN_SP_871953.parquet"
"12194","FINAL_EMSDM_EMMEAN_SP_875064.parquet"
"12195","FINAL_EMSDM_EMMEAN_SP_883016.parquet"
"12196","FINAL_EMSDM_EMMEAN_SP_886550.parquet"
"12197","FINAL_EMSDM_EMMEAN_SP_886929.parquet"
"12198","FINAL_EMSDM_EMMEAN_SP_886930.parquet"
"12199","FINAL_EMSDM_EMMEAN_SP_886931.parquet"
"12200","FINAL_EMSDM_EMMEAN_SP_886935.parquet"
"12201","FINAL_EMSDM_EMMEAN_SP_886936.parquet"
"12202","FINAL_EMSDM_EMMEAN_SP_888123.parquet"
"12203","FINAL_EMSDM_EMMEAN_SP_888126.parquet"
"12204","FINAL_EMSDM_EMMEAN_SP_888135.parquet"
"12205","FINAL_EMSDM_EMMEAN_SP_888140.parquet"
"12206","FINAL_EMSDM_EMMEAN_SP_888141.parquet"
"12207","FINAL_EMSDM_EMMEAN_SP_888142.parquet"
"12208","FINAL_EMSDM_EMMEAN_SP_888143.parquet"
"12209","FINAL_EMSDM_EMMEAN_SP_888145.parquet"
"12210","FINAL_EMSDM_EMMEAN_SP_888165.parquet"
"12211","FINAL_EMSDM_EMMEAN_SP_888170.parquet"
"12212","FINAL_EMSDM_EMMEAN_SP_888171.parquet"
"12213","FINAL_EMSDM_EMMEAN_SP_889531.parquet"
"12214","FINAL_EMSDM_EMMEAN_SP_889532.parquet"
"12215","FINAL_EMSDM_EMMEAN_SP_889535.parquet"
"12216","FINAL_EMSDM_EMMEAN_SP_889883.parquet"
"12217","FINAL_EMSDM_EMMEAN_SP_889885.parquet"
"12218","FINAL_EMSDM_EMMEAN_SP_890090.parquet"
"12219","FINAL_EMSDM_EMMEAN_SP_890481.parquet"
"12220","FINAL_EMSDM_EMMEAN_SP_890482.parquet"
"12221","FINAL_EMSDM_EMMEAN_SP_890485.parquet"
"12222","FINAL_EMSDM_EMMEAN_SP_890486.parquet"
"12223","FINAL_EMSDM_EMMEAN_SP_890487.parquet"
"12224","FINAL_EMSDM_EMMEAN_SP_890488.parquet"
"12225","FINAL_EMSDM_EMMEAN_SP_890490.parquet"
"12226","FINAL_EMSDM_EMMEAN_SP_933118.parquet"
"12227","FINAL_EMSDM_EMMEAN_SP_986853.parquet"
"12228","FINAL_EMSDM_EMMEAN_SP_989371.parquet"
"12229","FINAL_EMSDM_EMMEAN_SP_990515.parquet"
"12230","FINAL_EMSDM_EMMEAN_SP_993097.parquet"
"12231","FINAL_EMSDM_EMMEAN_SP_993098.parquet"
"12232","FINAL_EMSDM_EMMEAN_SP_993099.parquet"
"12233","FINAL_EMSDM_EMMEAN_SP_993100.parquet"
"12234","FINAL_EMSDM_EMMEAN_SP_993102.parquet"
"12235","FINAL_EMSDM_EMMEAN_SP_994375.parquet"
"12236","FINAL_EMSDM_EMMEAN_SP_995103.parquet"
"12237","FINAL_EMSDM_EMMEAN_SP_995104.parquet"
"12238","FINAL_EMSDM_EMMEAN_SP_998224.parquet"
"12239","FINAL_EMSDM_EMMEAN_SP_1006880.parquet"
"12240","FINAL_EMSDM_EMMEAN_SP_1006980.parquet"
"12241","FINAL_EMSDM_EMMEAN_SP_1007132.parquet"
"12242","FINAL_EMSDM_EMMEAN_SP_1007432.parquet"
"12243","FINAL_EMSDM_EMMEAN_SP_100805.parquet"
"12244","FINAL_EMSDM_EMMEAN_SP_100808.parquet"
"12245","FINAL_EMSDM_EMMEAN_SP_100809.parquet"
"12246","FINAL_EMSDM_EMMEAN_SP_100814.parquet"
"12247","FINAL_EMSDM_EMMEAN_SP_100819.parquet"
"12248","FINAL_EMSDM_EMMEAN_SP_100822.parquet"
"12249","FINAL_EMSDM_EMMEAN_SP_100823.parquet"
"12250","FINAL_EMSDM_EMMEAN_SP_100824.parquet"
"12251","FINAL_EMSDM_EMMEAN_SP_100832.parquet"
"12252","FINAL_EMSDM_EMMEAN_SP_100833.parquet"
"12253","FINAL_EMSDM_EMMEAN_SP_100834.parquet"
"12254","FINAL_EMSDM_EMMEAN_SP_100839.parquet"
"12255","FINAL_EMSDM_EMMEAN_SP_100842.parquet"
"12256","FINAL_EMSDM_EMMEAN_SP_100854.parquet"
"12257","FINAL_EMSDM_EMMEAN_SP_100857.parquet"
"12258","FINAL_EMSDM_EMMEAN_SP_100859.parquet"
"12259","FINAL_EMSDM_EMMEAN_SP_100862.parquet"
"12260","FINAL_EMSDM_EMMEAN_SP_100867.parquet"
"12261","FINAL_EMSDM_EMMEAN_SP_100870.parquet"
"12262","FINAL_EMSDM_EMMEAN_SP_100872.parquet"
"12263","FINAL_EMSDM_EMMEAN_SP_100880.parquet"
"12264","FINAL_EMSDM_EMMEAN_SP_100882.parquet"
"12265","FINAL_EMSDM_EMMEAN_SP_100889.parquet"
"12266","FINAL_EMSDM_EMMEAN_SP_100894.parquet"
"12267","FINAL_EMSDM_EMMEAN_SP_100908.parquet"
"12268","FINAL_EMSDM_EMMEAN_SP_100910.parquet"
"12269","FINAL_EMSDM_EMMEAN_SP_100912.parquet"
"12270","FINAL_EMSDM_EMMEAN_SP_100913.parquet"
"12271","FINAL_EMSDM_EMMEAN_SP_100916.parquet"
"12272","FINAL_EMSDM_EMMEAN_SP_100917.parquet"
"12273","FINAL_EMSDM_EMMEAN_SP_100920.parquet"
"12274","FINAL_EMSDM_EMMEAN_SP_100924.parquet"
"12275","FINAL_EMSDM_EMMEAN_SP_100927.parquet"
"12276","FINAL_EMSDM_EMMEAN_SP_100929.parquet"
"12277","FINAL_EMSDM_EMMEAN_SP_100930.parquet"
"12278","FINAL_EMSDM_EMMEAN_SP_100933.parquet"
"12279","FINAL_EMSDM_EMMEAN_SP_100936.parquet"
"12280","FINAL_EMSDM_EMMEAN_SP_100946.parquet"
"12281","FINAL_EMSDM_EMMEAN_SP_100948.parquet"
"12282","FINAL_EMSDM_EMMEAN_SP_100950.parquet"
"12283","FINAL_EMSDM_EMMEAN_SP_100951.parquet"
"12284","FINAL_EMSDM_EMMEAN_SP_100954.parquet"
"12285","FINAL_EMSDM_EMMEAN_SP_100955.parquet"
"12286","FINAL_EMSDM_EMMEAN_SP_100961.parquet"
"12287","FINAL_EMSDM_EMMEAN_SP_100966.parquet"
"12288","FINAL_EMSDM_EMMEAN_SP_100971.parquet"
"12289","FINAL_EMSDM_EMMEAN_SP_100972.parquet"
"12290","FINAL_EMSDM_EMMEAN_SP_100977.parquet"
"12291","FINAL_EMSDM_EMMEAN_SP_100986.parquet"
"12292","FINAL_EMSDM_EMMEAN_SP_100987.parquet"
"12293","FINAL_EMSDM_EMMEAN_SP_100989.parquet"
"12294","FINAL_EMSDM_EMMEAN_SP_101003.parquet"
"12295","FINAL_EMSDM_EMMEAN_SP_101005.parquet"
"12296","FINAL_EMSDM_EMMEAN_SP_1010077.parquet"
"12297","FINAL_EMSDM_EMMEAN_SP_101011.parquet"
"12298","FINAL_EMSDM_EMMEAN_SP_101013.parquet"
"12299","FINAL_EMSDM_EMMEAN_SP_101016.parquet"
"12300","FINAL_EMSDM_EMMEAN_SP_101023.parquet"
"12301","FINAL_EMSDM_EMMEAN_SP_101025.parquet"
"12302","FINAL_EMSDM_EMMEAN_SP_101027.parquet"
"12303","FINAL_EMSDM_EMMEAN_SP_1010355.parquet"
"12304","FINAL_EMSDM_EMMEAN_SP_101036.parquet"
"12305","FINAL_EMSDM_EMMEAN_SP_101037.parquet"
"12306","FINAL_EMSDM_EMMEAN_SP_101038.parquet"
"12307","FINAL_EMSDM_EMMEAN_SP_101053.parquet"
"12308","FINAL_EMSDM_EMMEAN_SP_101054.parquet"
"12309","FINAL_EMSDM_EMMEAN_SP_101055.parquet"
"12310","FINAL_EMSDM_EMMEAN_SP_101156.parquet"
"12311","FINAL_EMSDM_EMMEAN_SP_101157.parquet"
"12312","FINAL_EMSDM_EMMEAN_SP_1011718.parquet"
"12313","FINAL_EMSDM_EMMEAN_SP_1011797.parquet"
"12314","FINAL_EMSDM_EMMEAN_SP_1011965.parquet"
"12315","FINAL_EMSDM_EMMEAN_SP_1012451.parquet"
"12316","FINAL_EMSDM_EMMEAN_SP_1012513.parquet"
"12317","FINAL_EMSDM_EMMEAN_SP_1012965.parquet"
"12318","FINAL_EMSDM_EMMEAN_SP_1013197.parquet"
"12319","FINAL_EMSDM_EMMEAN_SP_1013739.parquet"
"12320","FINAL_EMSDM_EMMEAN_SP_1013882.parquet"
"12321","FINAL_EMSDM_EMMEAN_SP_1015496.parquet"
"12322","FINAL_EMSDM_EMMEAN_SP_1015919.parquet"
"12323","FINAL_EMSDM_EMMEAN_SP_1016262.parquet"
"12324","FINAL_EMSDM_EMMEAN_SP_1016600.parquet"
"12325","FINAL_EMSDM_EMMEAN_SP_101817.parquet"
"12326","FINAL_EMSDM_EMMEAN_SP_101820.parquet"
"12327","FINAL_EMSDM_EMMEAN_SP_1018219.parquet"
"12328","FINAL_EMSDM_EMMEAN_SP_101822.parquet"
"12329","FINAL_EMSDM_EMMEAN_SP_101826.parquet"
"12330","FINAL_EMSDM_EMMEAN_SP_101827.parquet"
"12331","FINAL_EMSDM_EMMEAN_SP_101839.parquet"
"12332","FINAL_EMSDM_EMMEAN_SP_101851.parquet"
"12333","FINAL_EMSDM_EMMEAN_SP_101853.parquet"
"12334","FINAL_EMSDM_EMMEAN_SP_101858.parquet"
"12335","FINAL_EMSDM_EMMEAN_SP_1018635.parquet"
"12336","FINAL_EMSDM_EMMEAN_SP_1018702.parquet"
"12337","FINAL_EMSDM_EMMEAN_SP_101871.parquet"
"12338","FINAL_EMSDM_EMMEAN_SP_101872.parquet"
"12339","FINAL_EMSDM_EMMEAN_SP_101873.parquet"
"12340","FINAL_EMSDM_EMMEAN_SP_101877.parquet"
"12341","FINAL_EMSDM_EMMEAN_SP_101881.parquet"
"12342","FINAL_EMSDM_EMMEAN_SP_101883.parquet"
"12343","FINAL_EMSDM_EMMEAN_SP_101884.parquet"
"12344","FINAL_EMSDM_EMMEAN_SP_101885.parquet"
"12345","FINAL_EMSDM_EMMEAN_SP_101888.parquet"
"12346","FINAL_EMSDM_EMMEAN_SP_1018969.parquet"
"12347","FINAL_EMSDM_EMMEAN_SP_101897.parquet"
"12348","FINAL_EMSDM_EMMEAN_SP_101898.parquet"
"12349","FINAL_EMSDM_EMMEAN_SP_101912.parquet"
"12350","FINAL_EMSDM_EMMEAN_SP_101918.parquet"
"12351","FINAL_EMSDM_EMMEAN_SP_101923.parquet"
"12352","FINAL_EMSDM_EMMEAN_SP_1019235.parquet"
"12353","FINAL_EMSDM_EMMEAN_SP_101926.parquet"
"12354","FINAL_EMSDM_EMMEAN_SP_101927.parquet"
"12355","FINAL_EMSDM_EMMEAN_SP_101932.parquet"
"12356","FINAL_EMSDM_EMMEAN_SP_101933.parquet"
"12357","FINAL_EMSDM_EMMEAN_SP_101939.parquet"
"12358","FINAL_EMSDM_EMMEAN_SP_101940.parquet"
"12359","FINAL_EMSDM_EMMEAN_SP_101941.parquet"
"12360","FINAL_EMSDM_EMMEAN_SP_101944.parquet"
"12361","FINAL_EMSDM_EMMEAN_SP_101945.parquet"
"12362","FINAL_EMSDM_EMMEAN_SP_101946.parquet"
"12363","FINAL_EMSDM_EMMEAN_SP_101950.parquet"
"12364","FINAL_EMSDM_EMMEAN_SP_101953.parquet"
"12365","FINAL_EMSDM_EMMEAN_SP_101954.parquet"
"12366","FINAL_EMSDM_EMMEAN_SP_101956.parquet"
"12367","FINAL_EMSDM_EMMEAN_SP_101957.parquet"
"12368","FINAL_EMSDM_EMMEAN_SP_101958.parquet"
"12369","FINAL_EMSDM_EMMEAN_SP_101960.parquet"
"12370","FINAL_EMSDM_EMMEAN_SP_101963.parquet"
"12371","FINAL_EMSDM_EMMEAN_SP_101967.parquet"
"12372","FINAL_EMSDM_EMMEAN_SP_101972.parquet"
"12373","FINAL_EMSDM_EMMEAN_SP_1019769.parquet"
"12374","FINAL_EMSDM_EMMEAN_SP_101977.parquet"
"12375","FINAL_EMSDM_EMMEAN_SP_101978.parquet"
"12376","FINAL_EMSDM_EMMEAN_SP_101979.parquet"
"12377","FINAL_EMSDM_EMMEAN_SP_101980.parquet"
"12378","FINAL_EMSDM_EMMEAN_SP_101981.parquet"
"12379","FINAL_EMSDM_EMMEAN_SP_101982.parquet"
"12380","FINAL_EMSDM_EMMEAN_SP_1019878.parquet"
"12381","FINAL_EMSDM_EMMEAN_SP_101991.parquet"
"12382","FINAL_EMSDM_EMMEAN_SP_102000.parquet"
"12383","FINAL_EMSDM_EMMEAN_SP_102002.parquet"
"12384","FINAL_EMSDM_EMMEAN_SP_102005.parquet"
"12385","FINAL_EMSDM_EMMEAN_SP_102007.parquet"
"12386","FINAL_EMSDM_EMMEAN_SP_102008.parquet"
"12387","FINAL_EMSDM_EMMEAN_SP_102009.parquet"
"12388","FINAL_EMSDM_EMMEAN_SP_102012.parquet"
"12389","FINAL_EMSDM_EMMEAN_SP_102014.parquet"
"12390","FINAL_EMSDM_EMMEAN_SP_102021.parquet"
"12391","FINAL_EMSDM_EMMEAN_SP_102022.parquet"
"12392","FINAL_EMSDM_EMMEAN_SP_102024.parquet"
"12393","FINAL_EMSDM_EMMEAN_SP_102033.parquet"
"12394","FINAL_EMSDM_EMMEAN_SP_102036.parquet"
"12395","FINAL_EMSDM_EMMEAN_SP_102038.parquet"
"12396","FINAL_EMSDM_EMMEAN_SP_102039.parquet"
"12397","FINAL_EMSDM_EMMEAN_SP_102040.parquet"
"12398","FINAL_EMSDM_EMMEAN_SP_102041.parquet"
"12399","FINAL_EMSDM_EMMEAN_SP_102043.parquet"
"12400","FINAL_EMSDM_EMMEAN_SP_102047.parquet"
"12401","FINAL_EMSDM_EMMEAN_SP_102048.parquet"
"12402","FINAL_EMSDM_EMMEAN_SP_1020525.parquet"
"12403","FINAL_EMSDM_EMMEAN_SP_102053.parquet"
"12404","FINAL_EMSDM_EMMEAN_SP_102057.parquet"
"12405","FINAL_EMSDM_EMMEAN_SP_102058.parquet"
"12406","FINAL_EMSDM_EMMEAN_SP_102059.parquet"
"12407","FINAL_EMSDM_EMMEAN_SP_102060.parquet"
"12408","FINAL_EMSDM_EMMEAN_SP_102061.parquet"
"12409","FINAL_EMSDM_EMMEAN_SP_102064.parquet"
"12410","FINAL_EMSDM_EMMEAN_SP_102067.parquet"
"12411","FINAL_EMSDM_EMMEAN_SP_102076.parquet"
"12412","FINAL_EMSDM_EMMEAN_SP_1020825.parquet"
"12413","FINAL_EMSDM_EMMEAN_SP_102087.parquet"
"12414","FINAL_EMSDM_EMMEAN_SP_102096.parquet"
"12415","FINAL_EMSDM_EMMEAN_SP_102108.parquet"
"12416","FINAL_EMSDM_EMMEAN_SP_102119.parquet"
"12417","FINAL_EMSDM_EMMEAN_SP_102121.parquet"
"12418","FINAL_EMSDM_EMMEAN_SP_102125.parquet"
"12419","FINAL_EMSDM_EMMEAN_SP_102135.parquet"
"12420","FINAL_EMSDM_EMMEAN_SP_102136.parquet"
"12421","FINAL_EMSDM_EMMEAN_SP_1021365.parquet"
"12422","FINAL_EMSDM_EMMEAN_SP_102137.parquet"
"12423","FINAL_EMSDM_EMMEAN_SP_102139.parquet"
"12424","FINAL_EMSDM_EMMEAN_SP_102141.parquet"
"12425","FINAL_EMSDM_EMMEAN_SP_102152.parquet"
"12426","FINAL_EMSDM_EMMEAN_SP_102158.parquet"
"12427","FINAL_EMSDM_EMMEAN_SP_102160.parquet"
"12428","FINAL_EMSDM_EMMEAN_SP_102164.parquet"
"12429","FINAL_EMSDM_EMMEAN_SP_102166.parquet"
"12430","FINAL_EMSDM_EMMEAN_SP_102168.parquet"
"12431","FINAL_EMSDM_EMMEAN_SP_102172.parquet"
"12432","FINAL_EMSDM_EMMEAN_SP_102174.parquet"
"12433","FINAL_EMSDM_EMMEAN_SP_102178.parquet"
"12434","FINAL_EMSDM_EMMEAN_SP_102181.parquet"
"12435","FINAL_EMSDM_EMMEAN_SP_102182.parquet"
"12436","FINAL_EMSDM_EMMEAN_SP_1021948.parquet"
"12437","FINAL_EMSDM_EMMEAN_SP_102199.parquet"
"12438","FINAL_EMSDM_EMMEAN_SP_102200.parquet"
"12439","FINAL_EMSDM_EMMEAN_SP_102201.parquet"
"12440","FINAL_EMSDM_EMMEAN_SP_102202.parquet"
"12441","FINAL_EMSDM_EMMEAN_SP_102203.parquet"
"12442","FINAL_EMSDM_EMMEAN_SP_102213.parquet"
"12443","FINAL_EMSDM_EMMEAN_SP_102215.parquet"
"12444","FINAL_EMSDM_EMMEAN_SP_102223.parquet"
"12445","FINAL_EMSDM_EMMEAN_SP_102224.parquet"
"12446","FINAL_EMSDM_EMMEAN_SP_102232.parquet"
"12447","FINAL_EMSDM_EMMEAN_SP_102234.parquet"
"12448","FINAL_EMSDM_EMMEAN_SP_102237.parquet"
"12449","FINAL_EMSDM_EMMEAN_SP_102238.parquet"
"12450","FINAL_EMSDM_EMMEAN_SP_102239.parquet"
"12451","FINAL_EMSDM_EMMEAN_SP_102240.parquet"
"12452","FINAL_EMSDM_EMMEAN_SP_1022443.parquet"
"12453","FINAL_EMSDM_EMMEAN_SP_102246.parquet"
"12454","FINAL_EMSDM_EMMEAN_SP_102248.parquet"
"12455","FINAL_EMSDM_EMMEAN_SP_102251.parquet"
"12456","FINAL_EMSDM_EMMEAN_SP_102253.parquet"
"12457","FINAL_EMSDM_EMMEAN_SP_1022729.parquet"
"12458","FINAL_EMSDM_EMMEAN_SP_1022730.parquet"
"12459","FINAL_EMSDM_EMMEAN_SP_102275.parquet"
"12460","FINAL_EMSDM_EMMEAN_SP_102276.parquet"
"12461","FINAL_EMSDM_EMMEAN_SP_102281.parquet"
"12462","FINAL_EMSDM_EMMEAN_SP_102285.parquet"
"12463","FINAL_EMSDM_EMMEAN_SP_102292.parquet"
"12464","FINAL_EMSDM_EMMEAN_SP_102293.parquet"
"12465","FINAL_EMSDM_EMMEAN_SP_102296.parquet"
"12466","FINAL_EMSDM_EMMEAN_SP_102297.parquet"
"12467","FINAL_EMSDM_EMMEAN_SP_102299.parquet"
"12468","FINAL_EMSDM_EMMEAN_SP_102303.parquet"
"12469","FINAL_EMSDM_EMMEAN_SP_102304.parquet"
"12470","FINAL_EMSDM_EMMEAN_SP_102314.parquet"
"12471","FINAL_EMSDM_EMMEAN_SP_102315.parquet"
"12472","FINAL_EMSDM_EMMEAN_SP_102317.parquet"
"12473","FINAL_EMSDM_EMMEAN_SP_102342.parquet"
"12474","FINAL_EMSDM_EMMEAN_SP_102345.parquet"
"12475","FINAL_EMSDM_EMMEAN_SP_102346.parquet"
"12476","FINAL_EMSDM_EMMEAN_SP_102347.parquet"
"12477","FINAL_EMSDM_EMMEAN_SP_102348.parquet"
"12478","FINAL_EMSDM_EMMEAN_SP_102351.parquet"
"12479","FINAL_EMSDM_EMMEAN_SP_102363.parquet"
"12480","FINAL_EMSDM_EMMEAN_SP_102364.parquet"
"12481","FINAL_EMSDM_EMMEAN_SP_102365.parquet"
"12482","FINAL_EMSDM_EMMEAN_SP_102367.parquet"
"12483","FINAL_EMSDM_EMMEAN_SP_102369.parquet"
"12484","FINAL_EMSDM_EMMEAN_SP_102371.parquet"
"12485","FINAL_EMSDM_EMMEAN_SP_102377.parquet"
"12486","FINAL_EMSDM_EMMEAN_SP_102380.parquet"
"12487","FINAL_EMSDM_EMMEAN_SP_102383.parquet"
"12488","FINAL_EMSDM_EMMEAN_SP_102385.parquet"
"12489","FINAL_EMSDM_EMMEAN_SP_102387.parquet"
"12490","FINAL_EMSDM_EMMEAN_SP_102401.parquet"
"12491","FINAL_EMSDM_EMMEAN_SP_102403.parquet"
"12492","FINAL_EMSDM_EMMEAN_SP_102404.parquet"
"12493","FINAL_EMSDM_EMMEAN_SP_102407.parquet"
"12494","FINAL_EMSDM_EMMEAN_SP_102408.parquet"
"12495","FINAL_EMSDM_EMMEAN_SP_102409.parquet"
"12496","FINAL_EMSDM_EMMEAN_SP_102415.parquet"
"12497","FINAL_EMSDM_EMMEAN_SP_102419.parquet"
"12498","FINAL_EMSDM_EMMEAN_SP_102420.parquet"
"12499","FINAL_EMSDM_EMMEAN_SP_102421.parquet"
"12500","FINAL_EMSDM_EMMEAN_SP_102432.parquet"
"12501","FINAL_EMSDM_EMMEAN_SP_102437.parquet"
"12502","FINAL_EMSDM_EMMEAN_SP_102439.parquet"
"12503","FINAL_EMSDM_EMMEAN_SP_102440.parquet"
"12504","FINAL_EMSDM_EMMEAN_SP_102443.parquet"
"12505","FINAL_EMSDM_EMMEAN_SP_102444.parquet"
"12506","FINAL_EMSDM_EMMEAN_SP_102450.parquet"
"12507","FINAL_EMSDM_EMMEAN_SP_102460.parquet"
"12508","FINAL_EMSDM_EMMEAN_SP_102462.parquet"
"12509","FINAL_EMSDM_EMMEAN_SP_102466.parquet"
"12510","FINAL_EMSDM_EMMEAN_SP_102474.parquet"
"12511","FINAL_EMSDM_EMMEAN_SP_102481.parquet"
"12512","FINAL_EMSDM_EMMEAN_SP_102483.parquet"
"12513","FINAL_EMSDM_EMMEAN_SP_102484.parquet"
"12514","FINAL_EMSDM_EMMEAN_SP_102485.parquet"
"12515","FINAL_EMSDM_EMMEAN_SP_102495.parquet"
"12516","FINAL_EMSDM_EMMEAN_SP_102497.parquet"
"12517","FINAL_EMSDM_EMMEAN_SP_102509.parquet"
"12518","FINAL_EMSDM_EMMEAN_SP_102510.parquet"
"12519","FINAL_EMSDM_EMMEAN_SP_102512.parquet"
"12520","FINAL_EMSDM_EMMEAN_SP_102513.parquet"
"12521","FINAL_EMSDM_EMMEAN_SP_102516.parquet"
"12522","FINAL_EMSDM_EMMEAN_SP_102522.parquet"
"12523","FINAL_EMSDM_EMMEAN_SP_102524.parquet"
"12524","FINAL_EMSDM_EMMEAN_SP_102543.parquet"
"12525","FINAL_EMSDM_EMMEAN_SP_102546.parquet"
"12526","FINAL_EMSDM_EMMEAN_SP_102548.parquet"
"12527","FINAL_EMSDM_EMMEAN_SP_102553.parquet"
"12528","FINAL_EMSDM_EMMEAN_SP_102561.parquet"
"12529","FINAL_EMSDM_EMMEAN_SP_102563.parquet"
"12530","FINAL_EMSDM_EMMEAN_SP_102565.parquet"
"12531","FINAL_EMSDM_EMMEAN_SP_102573.parquet"
"12532","FINAL_EMSDM_EMMEAN_SP_102576.parquet"
"12533","FINAL_EMSDM_EMMEAN_SP_102579.parquet"
"12534","FINAL_EMSDM_EMMEAN_SP_102581.parquet"
"12535","FINAL_EMSDM_EMMEAN_SP_102589.parquet"
"12536","FINAL_EMSDM_EMMEAN_SP_102592.parquet"
"12537","FINAL_EMSDM_EMMEAN_SP_102594.parquet"
"12538","FINAL_EMSDM_EMMEAN_SP_102598.parquet"
"12539","FINAL_EMSDM_EMMEAN_SP_1026014.parquet"
"12540","FINAL_EMSDM_EMMEAN_SP_102603.parquet"
"12541","FINAL_EMSDM_EMMEAN_SP_1026031.parquet"
"12542","FINAL_EMSDM_EMMEAN_SP_102605.parquet"
"12543","FINAL_EMSDM_EMMEAN_SP_102606.parquet"
"12544","FINAL_EMSDM_EMMEAN_SP_102611.parquet"
"12545","FINAL_EMSDM_EMMEAN_SP_102620.parquet"
"12546","FINAL_EMSDM_EMMEAN_SP_102630.parquet"
"12547","FINAL_EMSDM_EMMEAN_SP_102636.parquet"
"12548","FINAL_EMSDM_EMMEAN_SP_102637.parquet"
"12549","FINAL_EMSDM_EMMEAN_SP_102639.parquet"
"12550","FINAL_EMSDM_EMMEAN_SP_102643.parquet"
"12551","FINAL_EMSDM_EMMEAN_SP_102644.parquet"
"12552","FINAL_EMSDM_EMMEAN_SP_102646.parquet"
"12553","FINAL_EMSDM_EMMEAN_SP_102647.parquet"
"12554","FINAL_EMSDM_EMMEAN_SP_102649.parquet"
"12555","FINAL_EMSDM_EMMEAN_SP_102653.parquet"
"12556","FINAL_EMSDM_EMMEAN_SP_102655.parquet"
"12557","FINAL_EMSDM_EMMEAN_SP_102665.parquet"
"12558","FINAL_EMSDM_EMMEAN_SP_102677.parquet"
"12559","FINAL_EMSDM_EMMEAN_SP_102679.parquet"
"12560","FINAL_EMSDM_EMMEAN_SP_102690.parquet"
"12561","FINAL_EMSDM_EMMEAN_SP_102695.parquet"
"12562","FINAL_EMSDM_EMMEAN_SP_102696.parquet"
"12563","FINAL_EMSDM_EMMEAN_SP_102707.parquet"
"12564","FINAL_EMSDM_EMMEAN_SP_102710.parquet"
"12565","FINAL_EMSDM_EMMEAN_SP_1027152.parquet"
"12566","FINAL_EMSDM_EMMEAN_SP_102720.parquet"
"12567","FINAL_EMSDM_EMMEAN_SP_102722.parquet"
"12568","FINAL_EMSDM_EMMEAN_SP_1027221.parquet"
"12569","FINAL_EMSDM_EMMEAN_SP_102725.parquet"
"12570","FINAL_EMSDM_EMMEAN_SP_102726.parquet"
"12571","FINAL_EMSDM_EMMEAN_SP_102733.parquet"
"12572","FINAL_EMSDM_EMMEAN_SP_102736.parquet"
"12573","FINAL_EMSDM_EMMEAN_SP_102738.parquet"
"12574","FINAL_EMSDM_EMMEAN_SP_102742.parquet"
"12575","FINAL_EMSDM_EMMEAN_SP_102748.parquet"
"12576","FINAL_EMSDM_EMMEAN_SP_1027552.parquet"
"12577","FINAL_EMSDM_EMMEAN_SP_102758.parquet"
"12578","FINAL_EMSDM_EMMEAN_SP_102764.parquet"
"12579","FINAL_EMSDM_EMMEAN_SP_102771.parquet"
"12580","FINAL_EMSDM_EMMEAN_SP_102772.parquet"
"12581","FINAL_EMSDM_EMMEAN_SP_102779.parquet"
"12582","FINAL_EMSDM_EMMEAN_SP_102783.parquet"
"12583","FINAL_EMSDM_EMMEAN_SP_102787.parquet"
"12584","FINAL_EMSDM_EMMEAN_SP_102788.parquet"
"12585","FINAL_EMSDM_EMMEAN_SP_102794.parquet"
"12586","FINAL_EMSDM_EMMEAN_SP_102795.parquet"
"12587","FINAL_EMSDM_EMMEAN_SP_102798.parquet"
"12588","FINAL_EMSDM_EMMEAN_SP_102802.parquet"
"12589","FINAL_EMSDM_EMMEAN_SP_102804.parquet"
"12590","FINAL_EMSDM_EMMEAN_SP_102811.parquet"
"12591","FINAL_EMSDM_EMMEAN_SP_102815.parquet"
"12592","FINAL_EMSDM_EMMEAN_SP_102820.parquet"
"12593","FINAL_EMSDM_EMMEAN_SP_102831.parquet"
"12594","FINAL_EMSDM_EMMEAN_SP_102840.parquet"
"12595","FINAL_EMSDM_EMMEAN_SP_102843.parquet"
"12596","FINAL_EMSDM_EMMEAN_SP_102856.parquet"
"12597","FINAL_EMSDM_EMMEAN_SP_102857.parquet"
"12598","FINAL_EMSDM_EMMEAN_SP_102858.parquet"
"12599","FINAL_EMSDM_EMMEAN_SP_102860.parquet"
"12600","FINAL_EMSDM_EMMEAN_SP_102861.parquet"
"12601","FINAL_EMSDM_EMMEAN_SP_102862.parquet"
"12602","FINAL_EMSDM_EMMEAN_SP_102864.parquet"
"12603","FINAL_EMSDM_EMMEAN_SP_102866.parquet"
"12604","FINAL_EMSDM_EMMEAN_SP_102870.parquet"
"12605","FINAL_EMSDM_EMMEAN_SP_102873.parquet"
"12606","FINAL_EMSDM_EMMEAN_SP_102875.parquet"
"12607","FINAL_EMSDM_EMMEAN_SP_102876.parquet"
"12608","FINAL_EMSDM_EMMEAN_SP_102877.parquet"
"12609","FINAL_EMSDM_EMMEAN_SP_102888.parquet"
"12610","FINAL_EMSDM_EMMEAN_SP_102892.parquet"
"12611","FINAL_EMSDM_EMMEAN_SP_102901.parquet"
"12612","FINAL_EMSDM_EMMEAN_SP_102904.parquet"
"12613","FINAL_EMSDM_EMMEAN_SP_102906.parquet"
"12614","FINAL_EMSDM_EMMEAN_SP_102908.parquet"
"12615","FINAL_EMSDM_EMMEAN_SP_102911.parquet"
"12616","FINAL_EMSDM_EMMEAN_SP_102913.parquet"
"12617","FINAL_EMSDM_EMMEAN_SP_102916.parquet"
"12618","FINAL_EMSDM_EMMEAN_SP_102917.parquet"
"12619","FINAL_EMSDM_EMMEAN_SP_102918.parquet"
"12620","FINAL_EMSDM_EMMEAN_SP_102924.parquet"
"12621","FINAL_EMSDM_EMMEAN_SP_102926.parquet"
"12622","FINAL_EMSDM_EMMEAN_SP_102928.parquet"
"12623","FINAL_EMSDM_EMMEAN_SP_102929.parquet"
"12624","FINAL_EMSDM_EMMEAN_SP_102931.parquet"
"12625","FINAL_EMSDM_EMMEAN_SP_102935.parquet"
"12626","FINAL_EMSDM_EMMEAN_SP_102937.parquet"
"12627","FINAL_EMSDM_EMMEAN_SP_102939.parquet"
"12628","FINAL_EMSDM_EMMEAN_SP_102944.parquet"
"12629","FINAL_EMSDM_EMMEAN_SP_102945.parquet"
"12630","FINAL_EMSDM_EMMEAN_SP_102947.parquet"
"12631","FINAL_EMSDM_EMMEAN_SP_102949.parquet"
"12632","FINAL_EMSDM_EMMEAN_SP_102950.parquet"
"12633","FINAL_EMSDM_EMMEAN_SP_102956.parquet"
"12634","FINAL_EMSDM_EMMEAN_SP_102963.parquet"
"12635","FINAL_EMSDM_EMMEAN_SP_102966.parquet"
"12636","FINAL_EMSDM_EMMEAN_SP_102968.parquet"
"12637","FINAL_EMSDM_EMMEAN_SP_102970.parquet"
"12638","FINAL_EMSDM_EMMEAN_SP_102972.parquet"
"12639","FINAL_EMSDM_EMMEAN_SP_102973.parquet"
"12640","FINAL_EMSDM_EMMEAN_SP_102975.parquet"
"12641","FINAL_EMSDM_EMMEAN_SP_102976.parquet"
"12642","FINAL_EMSDM_EMMEAN_SP_102980.parquet"
"12643","FINAL_EMSDM_EMMEAN_SP_102981.parquet"
"12644","FINAL_EMSDM_EMMEAN_SP_102984.parquet"
"12645","FINAL_EMSDM_EMMEAN_SP_102986.parquet"
"12646","FINAL_EMSDM_EMMEAN_SP_102989.parquet"
"12647","FINAL_EMSDM_EMMEAN_SP_102999.parquet"
"12648","FINAL_EMSDM_EMMEAN_SP_103007.parquet"
"12649","FINAL_EMSDM_EMMEAN_SP_103008.parquet"
"12650","FINAL_EMSDM_EMMEAN_SP_103020.parquet"
"12651","FINAL_EMSDM_EMMEAN_SP_103024.parquet"
"12652","FINAL_EMSDM_EMMEAN_SP_103027.parquet"
"12653","FINAL_EMSDM_EMMEAN_SP_103029.parquet"
"12654","FINAL_EMSDM_EMMEAN_SP_103031.parquet"
"12655","FINAL_EMSDM_EMMEAN_SP_103034.parquet"
"12656","FINAL_EMSDM_EMMEAN_SP_103035.parquet"
"12657","FINAL_EMSDM_EMMEAN_SP_103039.parquet"
"12658","FINAL_EMSDM_EMMEAN_SP_103044.parquet"
"12659","FINAL_EMSDM_EMMEAN_SP_103046.parquet"
"12660","FINAL_EMSDM_EMMEAN_SP_103049.parquet"
"12661","FINAL_EMSDM_EMMEAN_SP_103050.parquet"
"12662","FINAL_EMSDM_EMMEAN_SP_103057.parquet"
"12663","FINAL_EMSDM_EMMEAN_SP_103059.parquet"
"12664","FINAL_EMSDM_EMMEAN_SP_103060.parquet"
"12665","FINAL_EMSDM_EMMEAN_SP_103064.parquet"
"12666","FINAL_EMSDM_EMMEAN_SP_103066.parquet"
"12667","FINAL_EMSDM_EMMEAN_SP_103068.parquet"
"12668","FINAL_EMSDM_EMMEAN_SP_103073.parquet"
"12669","FINAL_EMSDM_EMMEAN_SP_103076.parquet"
"12670","FINAL_EMSDM_EMMEAN_SP_103080.parquet"
"12671","FINAL_EMSDM_EMMEAN_SP_103086.parquet"
"12672","FINAL_EMSDM_EMMEAN_SP_103087.parquet"
"12673","FINAL_EMSDM_EMMEAN_SP_103089.parquet"
"12674","FINAL_EMSDM_EMMEAN_SP_103102.parquet"
"12675","FINAL_EMSDM_EMMEAN_SP_103106.parquet"
"12676","FINAL_EMSDM_EMMEAN_SP_103110.parquet"
"12677","FINAL_EMSDM_EMMEAN_SP_103116.parquet"
"12678","FINAL_EMSDM_EMMEAN_SP_103117.parquet"
"12679","FINAL_EMSDM_EMMEAN_SP_103118.parquet"
"12680","FINAL_EMSDM_EMMEAN_SP_103119.parquet"
"12681","FINAL_EMSDM_EMMEAN_SP_103121.parquet"
"12682","FINAL_EMSDM_EMMEAN_SP_103128.parquet"
"12683","FINAL_EMSDM_EMMEAN_SP_103132.parquet"
"12684","FINAL_EMSDM_EMMEAN_SP_103137.parquet"
"12685","FINAL_EMSDM_EMMEAN_SP_103163.parquet"
"12686","FINAL_EMSDM_EMMEAN_SP_103166.parquet"
"12687","FINAL_EMSDM_EMMEAN_SP_103169.parquet"
"12688","FINAL_EMSDM_EMMEAN_SP_103175.parquet"
"12689","FINAL_EMSDM_EMMEAN_SP_103179.parquet"
"12690","FINAL_EMSDM_EMMEAN_SP_103181.parquet"
"12691","FINAL_EMSDM_EMMEAN_SP_103182.parquet"
"12692","FINAL_EMSDM_EMMEAN_SP_103186.parquet"
"12693","FINAL_EMSDM_EMMEAN_SP_103188.parquet"
"12694","FINAL_EMSDM_EMMEAN_SP_103192.parquet"
"12695","FINAL_EMSDM_EMMEAN_SP_103193.parquet"
"12696","FINAL_EMSDM_EMMEAN_SP_103196.parquet"
"12697","FINAL_EMSDM_EMMEAN_SP_103202.parquet"
"12698","FINAL_EMSDM_EMMEAN_SP_103217.parquet"
"12699","FINAL_EMSDM_EMMEAN_SP_103220.parquet"
"12700","FINAL_EMSDM_EMMEAN_SP_103226.parquet"
"12701","FINAL_EMSDM_EMMEAN_SP_103229.parquet"
"12702","FINAL_EMSDM_EMMEAN_SP_103232.parquet"
"12703","FINAL_EMSDM_EMMEAN_SP_103233.parquet"
"12704","FINAL_EMSDM_EMMEAN_SP_103235.parquet"
"12705","FINAL_EMSDM_EMMEAN_SP_103237.parquet"
"12706","FINAL_EMSDM_EMMEAN_SP_103241.parquet"
"12707","FINAL_EMSDM_EMMEAN_SP_103254.parquet"
"12708","FINAL_EMSDM_EMMEAN_SP_103268.parquet"
"12709","FINAL_EMSDM_EMMEAN_SP_103269.parquet"
"12710","FINAL_EMSDM_EMMEAN_SP_103271.parquet"
"12711","FINAL_EMSDM_EMMEAN_SP_103272.parquet"
"12712","FINAL_EMSDM_EMMEAN_SP_103274.parquet"
"12713","FINAL_EMSDM_EMMEAN_SP_103276.parquet"
"12714","FINAL_EMSDM_EMMEAN_SP_103277.parquet"
"12715","FINAL_EMSDM_EMMEAN_SP_103278.parquet"
"12716","FINAL_EMSDM_EMMEAN_SP_103281.parquet"
"12717","FINAL_EMSDM_EMMEAN_SP_103292.parquet"
"12718","FINAL_EMSDM_EMMEAN_SP_103312.parquet"
"12719","FINAL_EMSDM_EMMEAN_SP_103323.parquet"
"12720","FINAL_EMSDM_EMMEAN_SP_103326.parquet"
"12721","FINAL_EMSDM_EMMEAN_SP_1033423.parquet"
"12722","FINAL_EMSDM_EMMEAN_SP_103379.parquet"
"12723","FINAL_EMSDM_EMMEAN_SP_103382.parquet"
"12724","FINAL_EMSDM_EMMEAN_SP_103386.parquet"
"12725","FINAL_EMSDM_EMMEAN_SP_103387.parquet"
"12726","FINAL_EMSDM_EMMEAN_SP_103404.parquet"
"12727","FINAL_EMSDM_EMMEAN_SP_103406.parquet"
"12728","FINAL_EMSDM_EMMEAN_SP_103407.parquet"
"12729","FINAL_EMSDM_EMMEAN_SP_103408.parquet"
"12730","FINAL_EMSDM_EMMEAN_SP_103410.parquet"
"12731","FINAL_EMSDM_EMMEAN_SP_103412.parquet"
"12732","FINAL_EMSDM_EMMEAN_SP_103413.parquet"
"12733","FINAL_EMSDM_EMMEAN_SP_103414.parquet"
"12734","FINAL_EMSDM_EMMEAN_SP_103415.parquet"
"12735","FINAL_EMSDM_EMMEAN_SP_103416.parquet"
"12736","FINAL_EMSDM_EMMEAN_SP_103417.parquet"
"12737","FINAL_EMSDM_EMMEAN_SP_103422.parquet"
"12738","FINAL_EMSDM_EMMEAN_SP_103554.parquet"
"12739","FINAL_EMSDM_EMMEAN_SP_103565.parquet"
"12740","FINAL_EMSDM_EMMEAN_SP_103570.parquet"
"12741","FINAL_EMSDM_EMMEAN_SP_103582.parquet"
"12742","FINAL_EMSDM_EMMEAN_SP_103585.parquet"
"12743","FINAL_EMSDM_EMMEAN_SP_103594.parquet"
"12744","FINAL_EMSDM_EMMEAN_SP_103604.parquet"
"12745","FINAL_EMSDM_EMMEAN_SP_103613.parquet"
"12746","FINAL_EMSDM_EMMEAN_SP_1036164.parquet"
"12747","FINAL_EMSDM_EMMEAN_SP_103624.parquet"
"12748","FINAL_EMSDM_EMMEAN_SP_103626.parquet"
"12749","FINAL_EMSDM_EMMEAN_SP_103658.parquet"
"12750","FINAL_EMSDM_EMMEAN_SP_103660.parquet"
"12751","FINAL_EMSDM_EMMEAN_SP_103674.parquet"
"12752","FINAL_EMSDM_EMMEAN_SP_103696.parquet"
"12753","FINAL_EMSDM_EMMEAN_SP_103702.parquet"
"12754","FINAL_EMSDM_EMMEAN_SP_103710.parquet"
"12755","FINAL_EMSDM_EMMEAN_SP_103717.parquet"
"12756","FINAL_EMSDM_EMMEAN_SP_103719.parquet"
"12757","FINAL_EMSDM_EMMEAN_SP_103724.parquet"
"12758","FINAL_EMSDM_EMMEAN_SP_1037415.parquet"
"12759","FINAL_EMSDM_EMMEAN_SP_103743.parquet"
"12760","FINAL_EMSDM_EMMEAN_SP_103747.parquet"
"12761","FINAL_EMSDM_EMMEAN_SP_1037486.parquet"
"12762","FINAL_EMSDM_EMMEAN_SP_103758.parquet"
"12763","FINAL_EMSDM_EMMEAN_SP_103761.parquet"
"12764","FINAL_EMSDM_EMMEAN_SP_103764.parquet"
"12765","FINAL_EMSDM_EMMEAN_SP_103776.parquet"
"12766","FINAL_EMSDM_EMMEAN_SP_103791.parquet"
"12767","FINAL_EMSDM_EMMEAN_SP_103813.parquet"
"12768","FINAL_EMSDM_EMMEAN_SP_103827.parquet"
"12769","FINAL_EMSDM_EMMEAN_SP_103851.parquet"
"12770","FINAL_EMSDM_EMMEAN_SP_103852.parquet"
"12771","FINAL_EMSDM_EMMEAN_SP_103853.parquet"
"12772","FINAL_EMSDM_EMMEAN_SP_103858.parquet"
"12773","FINAL_EMSDM_EMMEAN_SP_103873.parquet"
"12774","FINAL_EMSDM_EMMEAN_SP_103893.parquet"
"12775","FINAL_EMSDM_EMMEAN_SP_1039075.parquet"
"12776","FINAL_EMSDM_EMMEAN_SP_1039077.parquet"
"12777","FINAL_EMSDM_EMMEAN_SP_103909.parquet"
"12778","FINAL_EMSDM_EMMEAN_SP_1039867.parquet"
"12779","FINAL_EMSDM_EMMEAN_SP_1039989.parquet"
"12780","FINAL_EMSDM_EMMEAN_SP_1039990.parquet"
"12781","FINAL_EMSDM_EMMEAN_SP_104052.parquet"
"12782","FINAL_EMSDM_EMMEAN_SP_104055.parquet"
"12783","FINAL_EMSDM_EMMEAN_SP_104061.parquet"
"12784","FINAL_EMSDM_EMMEAN_SP_104065.parquet"
"12785","FINAL_EMSDM_EMMEAN_SP_104066.parquet"
"12786","FINAL_EMSDM_EMMEAN_SP_1041728.parquet"
"12787","FINAL_EMSDM_EMMEAN_SP_1041930.parquet"
"12788","FINAL_EMSDM_EMMEAN_SP_104272.parquet"
"12789","FINAL_EMSDM_EMMEAN_SP_104275.parquet"
"12790","FINAL_EMSDM_EMMEAN_SP_1042750.parquet"
"12791","FINAL_EMSDM_EMMEAN_SP_1042753.parquet"
"12792","FINAL_EMSDM_EMMEAN_SP_104276.parquet"
"12793","FINAL_EMSDM_EMMEAN_SP_104283.parquet"
"12794","FINAL_EMSDM_EMMEAN_SP_1042831.parquet"
"12795","FINAL_EMSDM_EMMEAN_SP_1042833.parquet"
"12796","FINAL_EMSDM_EMMEAN_SP_104284.parquet"
"12797","FINAL_EMSDM_EMMEAN_SP_1042843.parquet"
"12798","FINAL_EMSDM_EMMEAN_SP_1042846.parquet"
"12799","FINAL_EMSDM_EMMEAN_SP_1042879.parquet"
"12800","FINAL_EMSDM_EMMEAN_SP_104290.parquet"
"12801","FINAL_EMSDM_EMMEAN_SP_104292.parquet"
"12802","FINAL_EMSDM_EMMEAN_SP_104293.parquet"
"12803","FINAL_EMSDM_EMMEAN_SP_104298.parquet"
"12804","FINAL_EMSDM_EMMEAN_SP_104299.parquet"
"12805","FINAL_EMSDM_EMMEAN_SP_104300.parquet"
"12806","FINAL_EMSDM_EMMEAN_SP_104302.parquet"
"12807","FINAL_EMSDM_EMMEAN_SP_104304.parquet"
"12808","FINAL_EMSDM_EMMEAN_SP_104306.parquet"
"12809","FINAL_EMSDM_EMMEAN_SP_104308.parquet"
"12810","FINAL_EMSDM_EMMEAN_SP_104312.parquet"
"12811","FINAL_EMSDM_EMMEAN_SP_104322.parquet"
"12812","FINAL_EMSDM_EMMEAN_SP_104333.parquet"
"12813","FINAL_EMSDM_EMMEAN_SP_104335.parquet"
"12814","FINAL_EMSDM_EMMEAN_SP_104339.parquet"
"12815","FINAL_EMSDM_EMMEAN_SP_104342.parquet"
"12816","FINAL_EMSDM_EMMEAN_SP_1043422.parquet"
"12817","FINAL_EMSDM_EMMEAN_SP_1043427.parquet"
"12818","FINAL_EMSDM_EMMEAN_SP_104344.parquet"
"12819","FINAL_EMSDM_EMMEAN_SP_1043441.parquet"
"12820","FINAL_EMSDM_EMMEAN_SP_1043467.parquet"
"12821","FINAL_EMSDM_EMMEAN_SP_104352.parquet"
"12822","FINAL_EMSDM_EMMEAN_SP_104353.parquet"
"12823","FINAL_EMSDM_EMMEAN_SP_104397.parquet"
"12824","FINAL_EMSDM_EMMEAN_SP_104402.parquet"
"12825","FINAL_EMSDM_EMMEAN_SP_104422.parquet"
"12826","FINAL_EMSDM_EMMEAN_SP_104432.parquet"
"12827","FINAL_EMSDM_EMMEAN_SP_104434.parquet"
"12828","FINAL_EMSDM_EMMEAN_SP_104437.parquet"
"12829","FINAL_EMSDM_EMMEAN_SP_104459.parquet"
"12830","FINAL_EMSDM_EMMEAN_SP_104463.parquet"
"12831","FINAL_EMSDM_EMMEAN_SP_104466.parquet"
"12832","FINAL_EMSDM_EMMEAN_SP_104468.parquet"
"12833","FINAL_EMSDM_EMMEAN_SP_104469.parquet"
"12834","FINAL_EMSDM_EMMEAN_SP_104470.parquet"
"12835","FINAL_EMSDM_EMMEAN_SP_104471.parquet"
"12836","FINAL_EMSDM_EMMEAN_SP_104472.parquet"
"12837","FINAL_EMSDM_EMMEAN_SP_104481.parquet"
"12838","FINAL_EMSDM_EMMEAN_SP_104484.parquet"
"12839","FINAL_EMSDM_EMMEAN_SP_104489.parquet"
"12840","FINAL_EMSDM_EMMEAN_SP_104490.parquet"
"12841","FINAL_EMSDM_EMMEAN_SP_104494.parquet"
"12842","FINAL_EMSDM_EMMEAN_SP_104497.parquet"
"12843","FINAL_EMSDM_EMMEAN_SP_104498.parquet"
"12844","FINAL_EMSDM_EMMEAN_SP_104500.parquet"
"12845","FINAL_EMSDM_EMMEAN_SP_104501.parquet"
"12846","FINAL_EMSDM_EMMEAN_SP_104504.parquet"
"12847","FINAL_EMSDM_EMMEAN_SP_104508.parquet"
"12848","FINAL_EMSDM_EMMEAN_SP_104509.parquet"
"12849","FINAL_EMSDM_EMMEAN_SP_104510.parquet"
"12850","FINAL_EMSDM_EMMEAN_SP_104514.parquet"
"12851","FINAL_EMSDM_EMMEAN_SP_104543.parquet"
"12852","FINAL_EMSDM_EMMEAN_SP_104553.parquet"
"12853","FINAL_EMSDM_EMMEAN_SP_104555.parquet"
"12854","FINAL_EMSDM_EMMEAN_SP_104560.parquet"
"12855","FINAL_EMSDM_EMMEAN_SP_104561.parquet"
"12856","FINAL_EMSDM_EMMEAN_SP_104563.parquet"
"12857","FINAL_EMSDM_EMMEAN_SP_1045634.parquet"
"12858","FINAL_EMSDM_EMMEAN_SP_104569.parquet"
"12859","FINAL_EMSDM_EMMEAN_SP_104576.parquet"
"12860","FINAL_EMSDM_EMMEAN_SP_104580.parquet"
"12861","FINAL_EMSDM_EMMEAN_SP_1045808.parquet"
"12862","FINAL_EMSDM_EMMEAN_SP_104583.parquet"
"12863","FINAL_EMSDM_EMMEAN_SP_104586.parquet"
"12864","FINAL_EMSDM_EMMEAN_SP_104587.parquet"
"12865","FINAL_EMSDM_EMMEAN_SP_104596.parquet"
"12866","FINAL_EMSDM_EMMEAN_SP_104602.parquet"
"12867","FINAL_EMSDM_EMMEAN_SP_104607.parquet"
"12868","FINAL_EMSDM_EMMEAN_SP_104609.parquet"
"12869","FINAL_EMSDM_EMMEAN_SP_104616.parquet"
"12870","FINAL_EMSDM_EMMEAN_SP_104628.parquet"
"12871","FINAL_EMSDM_EMMEAN_SP_104635.parquet"
"12872","FINAL_EMSDM_EMMEAN_SP_104643.parquet"
"12873","FINAL_EMSDM_EMMEAN_SP_104644.parquet"
"12874","FINAL_EMSDM_EMMEAN_SP_104651.parquet"
"12875","FINAL_EMSDM_EMMEAN_SP_104652.parquet"
"12876","FINAL_EMSDM_EMMEAN_SP_104653.parquet"
"12877","FINAL_EMSDM_EMMEAN_SP_104657.parquet"
"12878","FINAL_EMSDM_EMMEAN_SP_104659.parquet"
"12879","FINAL_EMSDM_EMMEAN_SP_104660.parquet"
"12880","FINAL_EMSDM_EMMEAN_SP_104664.parquet"
"12881","FINAL_EMSDM_EMMEAN_SP_104669.parquet"
"12882","FINAL_EMSDM_EMMEAN_SP_104670.parquet"
"12883","FINAL_EMSDM_EMMEAN_SP_104671.parquet"
"12884","FINAL_EMSDM_EMMEAN_SP_104682.parquet"
"12885","FINAL_EMSDM_EMMEAN_SP_104684.parquet"
"12886","FINAL_EMSDM_EMMEAN_SP_104690.parquet"
"12887","FINAL_EMSDM_EMMEAN_SP_104696.parquet"
"12888","FINAL_EMSDM_EMMEAN_SP_104697.parquet"
"12889","FINAL_EMSDM_EMMEAN_SP_104698.parquet"
"12890","FINAL_EMSDM_EMMEAN_SP_104723.parquet"
"12891","FINAL_EMSDM_EMMEAN_SP_104724.parquet"
"12892","FINAL_EMSDM_EMMEAN_SP_104728.parquet"
"12893","FINAL_EMSDM_EMMEAN_SP_104733.parquet"
"12894","FINAL_EMSDM_EMMEAN_SP_104735.parquet"
"12895","FINAL_EMSDM_EMMEAN_SP_104736.parquet"
"12896","FINAL_EMSDM_EMMEAN_SP_104737.parquet"
"12897","FINAL_EMSDM_EMMEAN_SP_104739.parquet"
"12898","FINAL_EMSDM_EMMEAN_SP_104740.parquet"
"12899","FINAL_EMSDM_EMMEAN_SP_104743.parquet"
"12900","FINAL_EMSDM_EMMEAN_SP_104745.parquet"
"12901","FINAL_EMSDM_EMMEAN_SP_104746.parquet"
"12902","FINAL_EMSDM_EMMEAN_SP_1047602.parquet"
"12903","FINAL_EMSDM_EMMEAN_SP_104774.parquet"
"12904","FINAL_EMSDM_EMMEAN_SP_104781.parquet"
"12905","FINAL_EMSDM_EMMEAN_SP_104784.parquet"
"12906","FINAL_EMSDM_EMMEAN_SP_104786.parquet"
"12907","FINAL_EMSDM_EMMEAN_SP_104790.parquet"
"12908","FINAL_EMSDM_EMMEAN_SP_104791.parquet"
"12909","FINAL_EMSDM_EMMEAN_SP_104792.parquet"
"12910","FINAL_EMSDM_EMMEAN_SP_104793.parquet"
"12911","FINAL_EMSDM_EMMEAN_SP_104794.parquet"
"12912","FINAL_EMSDM_EMMEAN_SP_104798.parquet"
"12913","FINAL_EMSDM_EMMEAN_SP_104799.parquet"
"12914","FINAL_EMSDM_EMMEAN_SP_104802.parquet"
"12915","FINAL_EMSDM_EMMEAN_SP_104803.parquet"
"12916","FINAL_EMSDM_EMMEAN_SP_104807.parquet"
"12917","FINAL_EMSDM_EMMEAN_SP_104832.parquet"
"12918","FINAL_EMSDM_EMMEAN_SP_104833.parquet"
"12919","FINAL_EMSDM_EMMEAN_SP_104844.parquet"
"12920","FINAL_EMSDM_EMMEAN_SP_104846.parquet"
"12921","FINAL_EMSDM_EMMEAN_SP_104848.parquet"
"12922","FINAL_EMSDM_EMMEAN_SP_104852.parquet"
"12923","FINAL_EMSDM_EMMEAN_SP_104853.parquet"
"12924","FINAL_EMSDM_EMMEAN_SP_104855.parquet"
"12925","FINAL_EMSDM_EMMEAN_SP_104856.parquet"
"12926","FINAL_EMSDM_EMMEAN_SP_1048566.parquet"
"12927","FINAL_EMSDM_EMMEAN_SP_104873.parquet"
"12928","FINAL_EMSDM_EMMEAN_SP_1048781.parquet"
"12929","FINAL_EMSDM_EMMEAN_SP_1048787.parquet"
"12930","FINAL_EMSDM_EMMEAN_SP_104879.parquet"
"12931","FINAL_EMSDM_EMMEAN_SP_104884.parquet"
"12932","FINAL_EMSDM_EMMEAN_SP_104887.parquet"
"12933","FINAL_EMSDM_EMMEAN_SP_1048978.parquet"
"12934","FINAL_EMSDM_EMMEAN_SP_104906.parquet"
"12935","FINAL_EMSDM_EMMEAN_SP_1052050.parquet"
"12936","FINAL_EMSDM_EMMEAN_SP_1052455.parquet"
"12937","FINAL_EMSDM_EMMEAN_SP_1052898.parquet"
"12938","FINAL_EMSDM_EMMEAN_SP_1053062.parquet"
"12939","FINAL_EMSDM_EMMEAN_SP_1053391.parquet"
"12940","FINAL_EMSDM_EMMEAN_SP_1053398.parquet"
"12941","FINAL_EMSDM_EMMEAN_SP_1053434.parquet"
"12942","FINAL_EMSDM_EMMEAN_SP_1054042.parquet"
"12943","FINAL_EMSDM_EMMEAN_SP_105414.parquet"
"12944","FINAL_EMSDM_EMMEAN_SP_105415.parquet"
"12945","FINAL_EMSDM_EMMEAN_SP_105416.parquet"
"12946","FINAL_EMSDM_EMMEAN_SP_105428.parquet"
"12947","FINAL_EMSDM_EMMEAN_SP_105429.parquet"
"12948","FINAL_EMSDM_EMMEAN_SP_105430.parquet"
"12949","FINAL_EMSDM_EMMEAN_SP_105431.parquet"
"12950","FINAL_EMSDM_EMMEAN_SP_105434.parquet"
"12951","FINAL_EMSDM_EMMEAN_SP_105435.parquet"
"12952","FINAL_EMSDM_EMMEAN_SP_105437.parquet"
"12953","FINAL_EMSDM_EMMEAN_SP_105443.parquet"
"12954","FINAL_EMSDM_EMMEAN_SP_105444.parquet"
"12955","FINAL_EMSDM_EMMEAN_SP_105445.parquet"
"12956","FINAL_EMSDM_EMMEAN_SP_105448.parquet"
"12957","FINAL_EMSDM_EMMEAN_SP_105463.parquet"
"12958","FINAL_EMSDM_EMMEAN_SP_105464.parquet"
"12959","FINAL_EMSDM_EMMEAN_SP_105465.parquet"
"12960","FINAL_EMSDM_EMMEAN_SP_105466.parquet"
"12961","FINAL_EMSDM_EMMEAN_SP_1055243.parquet"
"12962","FINAL_EMSDM_EMMEAN_SP_1055261.parquet"
"12963","FINAL_EMSDM_EMMEAN_SP_1055265.parquet"
"12964","FINAL_EMSDM_EMMEAN_SP_1055816.parquet"
"12965","FINAL_EMSDM_EMMEAN_SP_1055877.parquet"
"12966","FINAL_EMSDM_EMMEAN_SP_1056467.parquet"
"12967","FINAL_EMSDM_EMMEAN_SP_1056478.parquet"
"12968","FINAL_EMSDM_EMMEAN_SP_1056495.parquet"
"12969","FINAL_EMSDM_EMMEAN_SP_1056507.parquet"
"12970","FINAL_EMSDM_EMMEAN_SP_1057512.parquet"
"12971","FINAL_EMSDM_EMMEAN_SP_105900.parquet"
"12972","FINAL_EMSDM_EMMEAN_SP_105904.parquet"
"12973","FINAL_EMSDM_EMMEAN_SP_1059478.parquet"
"12974","FINAL_EMSDM_EMMEAN_SP_1059487.parquet"
"12975","FINAL_EMSDM_EMMEAN_SP_1059717.parquet"
"12976","FINAL_EMSDM_EMMEAN_SP_1060369.parquet"
"12977","FINAL_EMSDM_EMMEAN_SP_1060570.parquet"
"12978","FINAL_EMSDM_EMMEAN_SP_1060597.parquet"
"12979","FINAL_EMSDM_EMMEAN_SP_1060781.parquet"
"12980","FINAL_EMSDM_EMMEAN_SP_1060821.parquet"
"12981","FINAL_EMSDM_EMMEAN_SP_1060822.parquet"
"12982","FINAL_EMSDM_EMMEAN_SP_1060913.parquet"
"12983","FINAL_EMSDM_EMMEAN_SP_1060919.parquet"
"12984","FINAL_EMSDM_EMMEAN_SP_1061218.parquet"
"12985","FINAL_EMSDM_EMMEAN_SP_106146.parquet"
"12986","FINAL_EMSDM_EMMEAN_SP_106147.parquet"
"12987","FINAL_EMSDM_EMMEAN_SP_1061496.parquet"
"12988","FINAL_EMSDM_EMMEAN_SP_1061679.parquet"
"12989","FINAL_EMSDM_EMMEAN_SP_1061712.parquet"
"12990","FINAL_EMSDM_EMMEAN_SP_1061743.parquet"
"12991","FINAL_EMSDM_EMMEAN_SP_1061754.parquet"
"12992","FINAL_EMSDM_EMMEAN_SP_1061759.parquet"
"12993","FINAL_EMSDM_EMMEAN_SP_1061760.parquet"
"12994","FINAL_EMSDM_EMMEAN_SP_1061762.parquet"
"12995","FINAL_EMSDM_EMMEAN_SP_106177.parquet"
"12996","FINAL_EMSDM_EMMEAN_SP_106178.parquet"
"12997","FINAL_EMSDM_EMMEAN_SP_106180.parquet"
"12998","FINAL_EMSDM_EMMEAN_SP_106198.parquet"
"12999","FINAL_EMSDM_EMMEAN_SP_106202.parquet"
"13000","FINAL_EMSDM_EMMEAN_SP_106204.parquet"
"13001","FINAL_EMSDM_EMMEAN_SP_106207.parquet"
"13002","FINAL_EMSDM_EMMEAN_SP_106208.parquet"
"13003","FINAL_EMSDM_EMMEAN_SP_106210.parquet"
"13004","FINAL_EMSDM_EMMEAN_SP_106221.parquet"
"13005","FINAL_EMSDM_EMMEAN_SP_106223.parquet"
"13006","FINAL_EMSDM_EMMEAN_SP_106230.parquet"
"13007","FINAL_EMSDM_EMMEAN_SP_106231.parquet"
"13008","FINAL_EMSDM_EMMEAN_SP_106235.parquet"
"13009","FINAL_EMSDM_EMMEAN_SP_106236.parquet"
"13010","FINAL_EMSDM_EMMEAN_SP_106237.parquet"
"13011","FINAL_EMSDM_EMMEAN_SP_1062495.parquet"
"13012","FINAL_EMSDM_EMMEAN_SP_106272.parquet"
"13013","FINAL_EMSDM_EMMEAN_SP_106274.parquet"
"13014","FINAL_EMSDM_EMMEAN_SP_106276.parquet"
"13015","FINAL_EMSDM_EMMEAN_SP_106277.parquet"
"13016","FINAL_EMSDM_EMMEAN_SP_106278.parquet"
"13017","FINAL_EMSDM_EMMEAN_SP_1063168.parquet"
"13018","FINAL_EMSDM_EMMEAN_SP_1063207.parquet"
"13019","FINAL_EMSDM_EMMEAN_SP_1063493.parquet"
"13020","FINAL_EMSDM_EMMEAN_SP_106358.parquet"
"13021","FINAL_EMSDM_EMMEAN_SP_106360.parquet"
"13022","FINAL_EMSDM_EMMEAN_SP_106361.parquet"
"13023","FINAL_EMSDM_EMMEAN_SP_106363.parquet"
"13024","FINAL_EMSDM_EMMEAN_SP_106366.parquet"
"13025","FINAL_EMSDM_EMMEAN_SP_106370.parquet"
"13026","FINAL_EMSDM_EMMEAN_SP_106377.parquet"
"13027","FINAL_EMSDM_EMMEAN_SP_1063802.parquet"
"13028","FINAL_EMSDM_EMMEAN_SP_1063804.parquet"
"13029","FINAL_EMSDM_EMMEAN_SP_106382.parquet"
"13030","FINAL_EMSDM_EMMEAN_SP_106386.parquet"
"13031","FINAL_EMSDM_EMMEAN_SP_1063874.parquet"
"13032","FINAL_EMSDM_EMMEAN_SP_1063875.parquet"
"13033","FINAL_EMSDM_EMMEAN_SP_106388.parquet"
"13034","FINAL_EMSDM_EMMEAN_SP_106393.parquet"
"13035","FINAL_EMSDM_EMMEAN_SP_106398.parquet"
"13036","FINAL_EMSDM_EMMEAN_SP_106401.parquet"
"13037","FINAL_EMSDM_EMMEAN_SP_106402.parquet"
"13038","FINAL_EMSDM_EMMEAN_SP_106525.parquet"
"13039","FINAL_EMSDM_EMMEAN_SP_106642.parquet"
"13040","FINAL_EMSDM_EMMEAN_SP_106644.parquet"
"13041","FINAL_EMSDM_EMMEAN_SP_106645.parquet"
"13042","FINAL_EMSDM_EMMEAN_SP_106646.parquet"
"13043","FINAL_EMSDM_EMMEAN_SP_106648.parquet"
"13044","FINAL_EMSDM_EMMEAN_SP_106649.parquet"
"13045","FINAL_EMSDM_EMMEAN_SP_106650.parquet"
"13046","FINAL_EMSDM_EMMEAN_SP_106651.parquet"
"13047","FINAL_EMSDM_EMMEAN_SP_106654.parquet"
"13048","FINAL_EMSDM_EMMEAN_SP_106656.parquet"
"13049","FINAL_EMSDM_EMMEAN_SP_106659.parquet"
"13050","FINAL_EMSDM_EMMEAN_SP_107083.parquet"
"13051","FINAL_EMSDM_EMMEAN_SP_107084.parquet"
"13052","FINAL_EMSDM_EMMEAN_SP_107086.parquet"
"13053","FINAL_EMSDM_EMMEAN_SP_107093.parquet"
"13054","FINAL_EMSDM_EMMEAN_SP_107096.parquet"
"13055","FINAL_EMSDM_EMMEAN_SP_107098.parquet"
"13056","FINAL_EMSDM_EMMEAN_SP_107101.parquet"
"13057","FINAL_EMSDM_EMMEAN_SP_107105.parquet"
"13058","FINAL_EMSDM_EMMEAN_SP_107111.parquet"
"13059","FINAL_EMSDM_EMMEAN_SP_107114.parquet"
"13060","FINAL_EMSDM_EMMEAN_SP_107115.parquet"
"13061","FINAL_EMSDM_EMMEAN_SP_107116.parquet"
"13062","FINAL_EMSDM_EMMEAN_SP_107117.parquet"
"13063","FINAL_EMSDM_EMMEAN_SP_107118.parquet"
"13064","FINAL_EMSDM_EMMEAN_SP_107119.parquet"
"13065","FINAL_EMSDM_EMMEAN_SP_107120.parquet"
"13066","FINAL_EMSDM_EMMEAN_SP_107123.parquet"
"13067","FINAL_EMSDM_EMMEAN_SP_107127.parquet"
"13068","FINAL_EMSDM_EMMEAN_SP_107146.parquet"
"13069","FINAL_EMSDM_EMMEAN_SP_107148.parquet"
"13070","FINAL_EMSDM_EMMEAN_SP_107152.parquet"
"13071","FINAL_EMSDM_EMMEAN_SP_107154.parquet"
"13072","FINAL_EMSDM_EMMEAN_SP_107157.parquet"
"13073","FINAL_EMSDM_EMMEAN_SP_107163.parquet"
"13074","FINAL_EMSDM_EMMEAN_SP_107166.parquet"
"13075","FINAL_EMSDM_EMMEAN_SP_107173.parquet"
"13076","FINAL_EMSDM_EMMEAN_SP_107175.parquet"
"13077","FINAL_EMSDM_EMMEAN_SP_107183.parquet"
"13078","FINAL_EMSDM_EMMEAN_SP_107187.parquet"
"13079","FINAL_EMSDM_EMMEAN_SP_107190.parquet"
"13080","FINAL_EMSDM_EMMEAN_SP_107192.parquet"
"13081","FINAL_EMSDM_EMMEAN_SP_107194.parquet"
"13082","FINAL_EMSDM_EMMEAN_SP_107196.parquet"
"13083","FINAL_EMSDM_EMMEAN_SP_107197.parquet"
"13084","FINAL_EMSDM_EMMEAN_SP_107198.parquet"
"13085","FINAL_EMSDM_EMMEAN_SP_107199.parquet"
"13086","FINAL_EMSDM_EMMEAN_SP_107200.parquet"
"13087","FINAL_EMSDM_EMMEAN_SP_107206.parquet"
"13088","FINAL_EMSDM_EMMEAN_SP_107213.parquet"
"13089","FINAL_EMSDM_EMMEAN_SP_107214.parquet"
"13090","FINAL_EMSDM_EMMEAN_SP_107215.parquet"
"13091","FINAL_EMSDM_EMMEAN_SP_107217.parquet"
"13092","FINAL_EMSDM_EMMEAN_SP_107225.parquet"
"13093","FINAL_EMSDM_EMMEAN_SP_107226.parquet"
"13094","FINAL_EMSDM_EMMEAN_SP_107229.parquet"
"13095","FINAL_EMSDM_EMMEAN_SP_107230.parquet"
"13096","FINAL_EMSDM_EMMEAN_SP_107231.parquet"
"13097","FINAL_EMSDM_EMMEAN_SP_107235.parquet"
"13098","FINAL_EMSDM_EMMEAN_SP_107236.parquet"
"13099","FINAL_EMSDM_EMMEAN_SP_107237.parquet"
"13100","FINAL_EMSDM_EMMEAN_SP_107246.parquet"
"13101","FINAL_EMSDM_EMMEAN_SP_107247.parquet"
"13102","FINAL_EMSDM_EMMEAN_SP_107248.parquet"
"13103","FINAL_EMSDM_EMMEAN_SP_107249.parquet"
"13104","FINAL_EMSDM_EMMEAN_SP_107258.parquet"
"13105","FINAL_EMSDM_EMMEAN_SP_107262.parquet"
"13106","FINAL_EMSDM_EMMEAN_SP_107264.parquet"
"13107","FINAL_EMSDM_EMMEAN_SP_107265.parquet"
"13108","FINAL_EMSDM_EMMEAN_SP_107267.parquet"
"13109","FINAL_EMSDM_EMMEAN_SP_107268.parquet"
"13110","FINAL_EMSDM_EMMEAN_SP_107269.parquet"
"13111","FINAL_EMSDM_EMMEAN_SP_107274.parquet"
"13112","FINAL_EMSDM_EMMEAN_SP_107275.parquet"
"13113","FINAL_EMSDM_EMMEAN_SP_107278.parquet"
"13114","FINAL_EMSDM_EMMEAN_SP_107280.parquet"
"13115","FINAL_EMSDM_EMMEAN_SP_107281.parquet"
"13116","FINAL_EMSDM_EMMEAN_SP_107283.parquet"
"13117","FINAL_EMSDM_EMMEAN_SP_107284.parquet"
"13118","FINAL_EMSDM_EMMEAN_SP_107288.parquet"
"13119","FINAL_EMSDM_EMMEAN_SP_107290.parquet"
"13120","FINAL_EMSDM_EMMEAN_SP_107294.parquet"
"13121","FINAL_EMSDM_EMMEAN_SP_107295.parquet"
"13122","FINAL_EMSDM_EMMEAN_SP_107296.parquet"
"13123","FINAL_EMSDM_EMMEAN_SP_107298.parquet"
"13124","FINAL_EMSDM_EMMEAN_SP_107299.parquet"
"13125","FINAL_EMSDM_EMMEAN_SP_107301.parquet"
"13126","FINAL_EMSDM_EMMEAN_SP_107302.parquet"
"13127","FINAL_EMSDM_EMMEAN_SP_107303.parquet"
"13128","FINAL_EMSDM_EMMEAN_SP_107309.parquet"
"13129","FINAL_EMSDM_EMMEAN_SP_107310.parquet"
"13130","FINAL_EMSDM_EMMEAN_SP_107312.parquet"
"13131","FINAL_EMSDM_EMMEAN_SP_107313.parquet"
"13132","FINAL_EMSDM_EMMEAN_SP_107315.parquet"
"13133","FINAL_EMSDM_EMMEAN_SP_107316.parquet"
"13134","FINAL_EMSDM_EMMEAN_SP_107317.parquet"
"13135","FINAL_EMSDM_EMMEAN_SP_107318.parquet"
"13136","FINAL_EMSDM_EMMEAN_SP_107319.parquet"
"13137","FINAL_EMSDM_EMMEAN_SP_107320.parquet"
"13138","FINAL_EMSDM_EMMEAN_SP_107324.parquet"
"13139","FINAL_EMSDM_EMMEAN_SP_107326.parquet"
"13140","FINAL_EMSDM_EMMEAN_SP_107330.parquet"
"13141","FINAL_EMSDM_EMMEAN_SP_107333.parquet"
"13142","FINAL_EMSDM_EMMEAN_SP_107334.parquet"
"13143","FINAL_EMSDM_EMMEAN_SP_107338.parquet"
"13144","FINAL_EMSDM_EMMEAN_SP_107341.parquet"
"13145","FINAL_EMSDM_EMMEAN_SP_107343.parquet"
"13146","FINAL_EMSDM_EMMEAN_SP_107346.parquet"
"13147","FINAL_EMSDM_EMMEAN_SP_107347.parquet"
"13148","FINAL_EMSDM_EMMEAN_SP_107348.parquet"
"13149","FINAL_EMSDM_EMMEAN_SP_107350.parquet"
"13150","FINAL_EMSDM_EMMEAN_SP_107351.parquet"
"13151","FINAL_EMSDM_EMMEAN_SP_107353.parquet"
"13152","FINAL_EMSDM_EMMEAN_SP_107357.parquet"
"13153","FINAL_EMSDM_EMMEAN_SP_107358.parquet"
"13154","FINAL_EMSDM_EMMEAN_SP_107362.parquet"
"13155","FINAL_EMSDM_EMMEAN_SP_107369.parquet"
"13156","FINAL_EMSDM_EMMEAN_SP_107373.parquet"
"13157","FINAL_EMSDM_EMMEAN_SP_107374.parquet"
"13158","FINAL_EMSDM_EMMEAN_SP_107376.parquet"
"13159","FINAL_EMSDM_EMMEAN_SP_107377.parquet"
"13160","FINAL_EMSDM_EMMEAN_SP_107378.parquet"
"13161","FINAL_EMSDM_EMMEAN_SP_107379.parquet"
"13162","FINAL_EMSDM_EMMEAN_SP_107380.parquet"
"13163","FINAL_EMSDM_EMMEAN_SP_107382.parquet"
"13164","FINAL_EMSDM_EMMEAN_SP_107384.parquet"
"13165","FINAL_EMSDM_EMMEAN_SP_107396.parquet"
"13166","FINAL_EMSDM_EMMEAN_SP_107397.parquet"
"13167","FINAL_EMSDM_EMMEAN_SP_107399.parquet"
"13168","FINAL_EMSDM_EMMEAN_SP_107400.parquet"
"13169","FINAL_EMSDM_EMMEAN_SP_107407.parquet"
"13170","FINAL_EMSDM_EMMEAN_SP_107409.parquet"
"13171","FINAL_EMSDM_EMMEAN_SP_107411.parquet"
"13172","FINAL_EMSDM_EMMEAN_SP_107412.parquet"
"13173","FINAL_EMSDM_EMMEAN_SP_107414.parquet"
"13174","FINAL_EMSDM_EMMEAN_SP_107418.parquet"
"13175","FINAL_EMSDM_EMMEAN_SP_107420.parquet"
"13176","FINAL_EMSDM_EMMEAN_SP_107421.parquet"
"13177","FINAL_EMSDM_EMMEAN_SP_107424.parquet"
"13178","FINAL_EMSDM_EMMEAN_SP_107440.parquet"
"13179","FINAL_EMSDM_EMMEAN_SP_107441.parquet"
"13180","FINAL_EMSDM_EMMEAN_SP_107442.parquet"
"13181","FINAL_EMSDM_EMMEAN_SP_107446.parquet"
"13182","FINAL_EMSDM_EMMEAN_SP_107450.parquet"
"13183","FINAL_EMSDM_EMMEAN_SP_107454.parquet"
"13184","FINAL_EMSDM_EMMEAN_SP_107455.parquet"
"13185","FINAL_EMSDM_EMMEAN_SP_107457.parquet"
"13186","FINAL_EMSDM_EMMEAN_SP_107458.parquet"
"13187","FINAL_EMSDM_EMMEAN_SP_107459.parquet"
"13188","FINAL_EMSDM_EMMEAN_SP_107462.parquet"
"13189","FINAL_EMSDM_EMMEAN_SP_107464.parquet"
"13190","FINAL_EMSDM_EMMEAN_SP_107468.parquet"
"13191","FINAL_EMSDM_EMMEAN_SP_107473.parquet"
"13192","FINAL_EMSDM_EMMEAN_SP_107475.parquet"
"13193","FINAL_EMSDM_EMMEAN_SP_107476.parquet"
"13194","FINAL_EMSDM_EMMEAN_SP_107477.parquet"
"13195","FINAL_EMSDM_EMMEAN_SP_107478.parquet"
"13196","FINAL_EMSDM_EMMEAN_SP_107479.parquet"
"13197","FINAL_EMSDM_EMMEAN_SP_1074806.parquet"
"13198","FINAL_EMSDM_EMMEAN_SP_1074811.parquet"
"13199","FINAL_EMSDM_EMMEAN_SP_1074824.parquet"
"13200","FINAL_EMSDM_EMMEAN_SP_107486.parquet"
"13201","FINAL_EMSDM_EMMEAN_SP_107490.parquet"
"13202","FINAL_EMSDM_EMMEAN_SP_107491.parquet"
"13203","FINAL_EMSDM_EMMEAN_SP_107497.parquet"
"13204","FINAL_EMSDM_EMMEAN_SP_107498.parquet"
"13205","FINAL_EMSDM_EMMEAN_SP_107499.parquet"
"13206","FINAL_EMSDM_EMMEAN_SP_1075013.parquet"
"13207","FINAL_EMSDM_EMMEAN_SP_1075023.parquet"
"13208","FINAL_EMSDM_EMMEAN_SP_1075027.parquet"
"13209","FINAL_EMSDM_EMMEAN_SP_1075042.parquet"
"13210","FINAL_EMSDM_EMMEAN_SP_1075046.parquet"
"13211","FINAL_EMSDM_EMMEAN_SP_107506.parquet"
"13212","FINAL_EMSDM_EMMEAN_SP_107507.parquet"
"13213","FINAL_EMSDM_EMMEAN_SP_107508.parquet"
"13214","FINAL_EMSDM_EMMEAN_SP_107511.parquet"
"13215","FINAL_EMSDM_EMMEAN_SP_107513.parquet"
"13216","FINAL_EMSDM_EMMEAN_SP_107518.parquet"
"13217","FINAL_EMSDM_EMMEAN_SP_107519.parquet"
"13218","FINAL_EMSDM_EMMEAN_SP_107524.parquet"
"13219","FINAL_EMSDM_EMMEAN_SP_107525.parquet"
"13220","FINAL_EMSDM_EMMEAN_SP_107528.parquet"
"13221","FINAL_EMSDM_EMMEAN_SP_107532.parquet"
"13222","FINAL_EMSDM_EMMEAN_SP_107537.parquet"
"13223","FINAL_EMSDM_EMMEAN_SP_107547.parquet"
"13224","FINAL_EMSDM_EMMEAN_SP_107548.parquet"
"13225","FINAL_EMSDM_EMMEAN_SP_107549.parquet"
"13226","FINAL_EMSDM_EMMEAN_SP_107553.parquet"
"13227","FINAL_EMSDM_EMMEAN_SP_107555.parquet"
"13228","FINAL_EMSDM_EMMEAN_SP_107557.parquet"
"13229","FINAL_EMSDM_EMMEAN_SP_107558.parquet"
"13230","FINAL_EMSDM_EMMEAN_SP_107559.parquet"
"13231","FINAL_EMSDM_EMMEAN_SP_107560.parquet"
"13232","FINAL_EMSDM_EMMEAN_SP_107561.parquet"
"13233","FINAL_EMSDM_EMMEAN_SP_107562.parquet"
"13234","FINAL_EMSDM_EMMEAN_SP_107564.parquet"
"13235","FINAL_EMSDM_EMMEAN_SP_107569.parquet"
"13236","FINAL_EMSDM_EMMEAN_SP_107571.parquet"
"13237","FINAL_EMSDM_EMMEAN_SP_107573.parquet"
"13238","FINAL_EMSDM_EMMEAN_SP_107574.parquet"
"13239","FINAL_EMSDM_EMMEAN_SP_107576.parquet"
"13240","FINAL_EMSDM_EMMEAN_SP_107581.parquet"
"13241","FINAL_EMSDM_EMMEAN_SP_107583.parquet"
"13242","FINAL_EMSDM_EMMEAN_SP_107586.parquet"
"13243","FINAL_EMSDM_EMMEAN_SP_107587.parquet"
"13244","FINAL_EMSDM_EMMEAN_SP_107590.parquet"
"13245","FINAL_EMSDM_EMMEAN_SP_107591.parquet"
"13246","FINAL_EMSDM_EMMEAN_SP_107595.parquet"
"13247","FINAL_EMSDM_EMMEAN_SP_107596.parquet"
"13248","FINAL_EMSDM_EMMEAN_SP_107597.parquet"
"13249","FINAL_EMSDM_EMMEAN_SP_107601.parquet"
"13250","FINAL_EMSDM_EMMEAN_SP_107607.parquet"
"13251","FINAL_EMSDM_EMMEAN_SP_107608.parquet"
"13252","FINAL_EMSDM_EMMEAN_SP_107613.parquet"
"13253","FINAL_EMSDM_EMMEAN_SP_107614.parquet"
"13254","FINAL_EMSDM_EMMEAN_SP_107616.parquet"
"13255","FINAL_EMSDM_EMMEAN_SP_107617.parquet"
"13256","FINAL_EMSDM_EMMEAN_SP_107619.parquet"
"13257","FINAL_EMSDM_EMMEAN_SP_107627.parquet"
"13258","FINAL_EMSDM_EMMEAN_SP_107632.parquet"
"13259","FINAL_EMSDM_EMMEAN_SP_107633.parquet"
"13260","FINAL_EMSDM_EMMEAN_SP_107637.parquet"
"13261","FINAL_EMSDM_EMMEAN_SP_107640.parquet"
"13262","FINAL_EMSDM_EMMEAN_SP_107642.parquet"
"13263","FINAL_EMSDM_EMMEAN_SP_107643.parquet"
"13264","FINAL_EMSDM_EMMEAN_SP_107645.parquet"
"13265","FINAL_EMSDM_EMMEAN_SP_107647.parquet"
"13266","FINAL_EMSDM_EMMEAN_SP_107648.parquet"
"13267","FINAL_EMSDM_EMMEAN_SP_107649.parquet"
"13268","FINAL_EMSDM_EMMEAN_SP_107651.parquet"
"13269","FINAL_EMSDM_EMMEAN_SP_107654.parquet"
"13270","FINAL_EMSDM_EMMEAN_SP_107655.parquet"
"13271","FINAL_EMSDM_EMMEAN_SP_107656.parquet"
"13272","FINAL_EMSDM_EMMEAN_SP_107659.parquet"
"13273","FINAL_EMSDM_EMMEAN_SP_107660.parquet"
"13274","FINAL_EMSDM_EMMEAN_SP_107664.parquet"
"13275","FINAL_EMSDM_EMMEAN_SP_107666.parquet"
"13276","FINAL_EMSDM_EMMEAN_SP_107668.parquet"
"13277","FINAL_EMSDM_EMMEAN_SP_107672.parquet"
"13278","FINAL_EMSDM_EMMEAN_SP_107674.parquet"
"13279","FINAL_EMSDM_EMMEAN_SP_107677.parquet"
"13280","FINAL_EMSDM_EMMEAN_SP_107680.parquet"
"13281","FINAL_EMSDM_EMMEAN_SP_107682.parquet"
"13282","FINAL_EMSDM_EMMEAN_SP_107683.parquet"
"13283","FINAL_EMSDM_EMMEAN_SP_107684.parquet"
"13284","FINAL_EMSDM_EMMEAN_SP_107687.parquet"
"13285","FINAL_EMSDM_EMMEAN_SP_107688.parquet"
"13286","FINAL_EMSDM_EMMEAN_SP_107689.parquet"
"13287","FINAL_EMSDM_EMMEAN_SP_107690.parquet"
"13288","FINAL_EMSDM_EMMEAN_SP_107703.parquet"
"13289","FINAL_EMSDM_EMMEAN_SP_107721.parquet"
"13290","FINAL_EMSDM_EMMEAN_SP_107723.parquet"
"13291","FINAL_EMSDM_EMMEAN_SP_107726.parquet"
"13292","FINAL_EMSDM_EMMEAN_SP_107729.parquet"
"13293","FINAL_EMSDM_EMMEAN_SP_107737.parquet"
"13294","FINAL_EMSDM_EMMEAN_SP_107739.parquet"
"13295","FINAL_EMSDM_EMMEAN_SP_107741.parquet"
"13296","FINAL_EMSDM_EMMEAN_SP_107742.parquet"
"13297","FINAL_EMSDM_EMMEAN_SP_107743.parquet"
"13298","FINAL_EMSDM_EMMEAN_SP_1079152.parquet"
"13299","FINAL_EMSDM_EMMEAN_SP_110363.parquet"
"13300","FINAL_EMSDM_EMMEAN_SP_110364.parquet"
"13301","FINAL_EMSDM_EMMEAN_SP_110368.parquet"
"13302","FINAL_EMSDM_EMMEAN_SP_110375.parquet"
"13303","FINAL_EMSDM_EMMEAN_SP_110377.parquet"
"13304","FINAL_EMSDM_EMMEAN_SP_110440.parquet"
"13305","FINAL_EMSDM_EMMEAN_SP_110444.parquet"
"13306","FINAL_EMSDM_EMMEAN_SP_110445.parquet"
"13307","FINAL_EMSDM_EMMEAN_SP_110446.parquet"
"13308","FINAL_EMSDM_EMMEAN_SP_110447.parquet"
"13309","FINAL_EMSDM_EMMEAN_SP_110455.parquet"
"13310","FINAL_EMSDM_EMMEAN_SP_110460.parquet"
"13311","FINAL_EMSDM_EMMEAN_SP_110461.parquet"
"13312","FINAL_EMSDM_EMMEAN_SP_110462.parquet"
"13313","FINAL_EMSDM_EMMEAN_SP_110464.parquet"
"13314","FINAL_EMSDM_EMMEAN_SP_110465.parquet"
"13315","FINAL_EMSDM_EMMEAN_SP_110467.parquet"
"13316","FINAL_EMSDM_EMMEAN_SP_110470.parquet"
"13317","FINAL_EMSDM_EMMEAN_SP_110471.parquet"
"13318","FINAL_EMSDM_EMMEAN_SP_110472.parquet"
"13319","FINAL_EMSDM_EMMEAN_SP_110474.parquet"
"13320","FINAL_EMSDM_EMMEAN_SP_110476.parquet"
"13321","FINAL_EMSDM_EMMEAN_SP_110477.parquet"
"13322","FINAL_EMSDM_EMMEAN_SP_110478.parquet"
"13323","FINAL_EMSDM_EMMEAN_SP_110479.parquet"
"13324","FINAL_EMSDM_EMMEAN_SP_110481.parquet"
"13325","FINAL_EMSDM_EMMEAN_SP_110482.parquet"
"13326","FINAL_EMSDM_EMMEAN_SP_110483.parquet"
"13327","FINAL_EMSDM_EMMEAN_SP_110485.parquet"
"13328","FINAL_EMSDM_EMMEAN_SP_110486.parquet"
"13329","FINAL_EMSDM_EMMEAN_SP_110488.parquet"
"13330","FINAL_EMSDM_EMMEAN_SP_110489.parquet"
"13331","FINAL_EMSDM_EMMEAN_SP_110490.parquet"
"13332","FINAL_EMSDM_EMMEAN_SP_110491.parquet"
"13333","FINAL_EMSDM_EMMEAN_SP_110492.parquet"
"13334","FINAL_EMSDM_EMMEAN_SP_110494.parquet"
"13335","FINAL_EMSDM_EMMEAN_SP_110497.parquet"
"13336","FINAL_EMSDM_EMMEAN_SP_110500.parquet"
"13337","FINAL_EMSDM_EMMEAN_SP_110501.parquet"
"13338","FINAL_EMSDM_EMMEAN_SP_110503.parquet"
"13339","FINAL_EMSDM_EMMEAN_SP_110504.parquet"
"13340","FINAL_EMSDM_EMMEAN_SP_110506.parquet"
"13341","FINAL_EMSDM_EMMEAN_SP_110510.parquet"
"13342","FINAL_EMSDM_EMMEAN_SP_110511.parquet"
"13343","FINAL_EMSDM_EMMEAN_SP_110514.parquet"
"13344","FINAL_EMSDM_EMMEAN_SP_110515.parquet"
"13345","FINAL_EMSDM_EMMEAN_SP_110516.parquet"
"13346","FINAL_EMSDM_EMMEAN_SP_110517.parquet"
"13347","FINAL_EMSDM_EMMEAN_SP_110521.parquet"
"13348","FINAL_EMSDM_EMMEAN_SP_110522.parquet"
"13349","FINAL_EMSDM_EMMEAN_SP_110528.parquet"
"13350","FINAL_EMSDM_EMMEAN_SP_110529.parquet"
"13351","FINAL_EMSDM_EMMEAN_SP_110533.parquet"
"13352","FINAL_EMSDM_EMMEAN_SP_110536.parquet"
"13353","FINAL_EMSDM_EMMEAN_SP_110537.parquet"
"13354","FINAL_EMSDM_EMMEAN_SP_110542.parquet"
"13355","FINAL_EMSDM_EMMEAN_SP_110543.parquet"
"13356","FINAL_EMSDM_EMMEAN_SP_110544.parquet"
"13357","FINAL_EMSDM_EMMEAN_SP_110545.parquet"
"13358","FINAL_EMSDM_EMMEAN_SP_110547.parquet"
"13359","FINAL_EMSDM_EMMEAN_SP_110550.parquet"
"13360","FINAL_EMSDM_EMMEAN_SP_110553.parquet"
"13361","FINAL_EMSDM_EMMEAN_SP_110555.parquet"
"13362","FINAL_EMSDM_EMMEAN_SP_110558.parquet"
"13363","FINAL_EMSDM_EMMEAN_SP_110559.parquet"
"13364","FINAL_EMSDM_EMMEAN_SP_110560.parquet"
"13365","FINAL_EMSDM_EMMEAN_SP_110567.parquet"
"13366","FINAL_EMSDM_EMMEAN_SP_110569.parquet"
"13367","FINAL_EMSDM_EMMEAN_SP_110574.parquet"
"13368","FINAL_EMSDM_EMMEAN_SP_110578.parquet"
"13369","FINAL_EMSDM_EMMEAN_SP_110579.parquet"
"13370","FINAL_EMSDM_EMMEAN_SP_110581.parquet"
"13371","FINAL_EMSDM_EMMEAN_SP_110584.parquet"
"13372","FINAL_EMSDM_EMMEAN_SP_110585.parquet"
"13373","FINAL_EMSDM_EMMEAN_SP_110593.parquet"
"13374","FINAL_EMSDM_EMMEAN_SP_110601.parquet"
"13375","FINAL_EMSDM_EMMEAN_SP_110603.parquet"
"13376","FINAL_EMSDM_EMMEAN_SP_110609.parquet"
"13377","FINAL_EMSDM_EMMEAN_SP_110613.parquet"
"13378","FINAL_EMSDM_EMMEAN_SP_110614.parquet"
"13379","FINAL_EMSDM_EMMEAN_SP_110615.parquet"
"13380","FINAL_EMSDM_EMMEAN_SP_110616.parquet"
"13381","FINAL_EMSDM_EMMEAN_SP_110618.parquet"
"13382","FINAL_EMSDM_EMMEAN_SP_110619.parquet"
"13383","FINAL_EMSDM_EMMEAN_SP_110620.parquet"
"13384","FINAL_EMSDM_EMMEAN_SP_110622.parquet"
"13385","FINAL_EMSDM_EMMEAN_SP_110623.parquet"
"13386","FINAL_EMSDM_EMMEAN_SP_110624.parquet"
"13387","FINAL_EMSDM_EMMEAN_SP_110627.parquet"
"13388","FINAL_EMSDM_EMMEAN_SP_110628.parquet"
"13389","FINAL_EMSDM_EMMEAN_SP_110681.parquet"
"13390","FINAL_EMSDM_EMMEAN_SP_110682.parquet"
"13391","FINAL_EMSDM_EMMEAN_SP_110683.parquet"
"13392","FINAL_EMSDM_EMMEAN_SP_110684.parquet"
"13393","FINAL_EMSDM_EMMEAN_SP_110686.parquet"
"13394","FINAL_EMSDM_EMMEAN_SP_110687.parquet"
"13395","FINAL_EMSDM_EMMEAN_SP_110691.parquet"
"13396","FINAL_EMSDM_EMMEAN_SP_110692.parquet"
"13397","FINAL_EMSDM_EMMEAN_SP_110703.parquet"
"13398","FINAL_EMSDM_EMMEAN_SP_110704.parquet"
"13399","FINAL_EMSDM_EMMEAN_SP_110705.parquet"
"13400","FINAL_EMSDM_EMMEAN_SP_110707.parquet"
"13401","FINAL_EMSDM_EMMEAN_SP_110709.parquet"
"13402","FINAL_EMSDM_EMMEAN_SP_110711.parquet"
"13403","FINAL_EMSDM_EMMEAN_SP_110712.parquet"
"13404","FINAL_EMSDM_EMMEAN_SP_110715.parquet"
"13405","FINAL_EMSDM_EMMEAN_SP_110716.parquet"
"13406","FINAL_EMSDM_EMMEAN_SP_110717.parquet"
"13407","FINAL_EMSDM_EMMEAN_SP_110720.parquet"
"13408","FINAL_EMSDM_EMMEAN_SP_111055.parquet"
"13409","FINAL_EMSDM_EMMEAN_SP_111060.parquet"
"13410","FINAL_EMSDM_EMMEAN_SP_111061.parquet"
"13411","FINAL_EMSDM_EMMEAN_SP_111062.parquet"
"13412","FINAL_EMSDM_EMMEAN_SP_111064.parquet"
"13413","FINAL_EMSDM_EMMEAN_SP_111066.parquet"
"13414","FINAL_EMSDM_EMMEAN_SP_111067.parquet"
"13415","FINAL_EMSDM_EMMEAN_SP_111070.parquet"
"13416","FINAL_EMSDM_EMMEAN_SP_111071.parquet"
"13417","FINAL_EMSDM_EMMEAN_SP_111072.parquet"
"13418","FINAL_EMSDM_EMMEAN_SP_111079.parquet"
"13419","FINAL_EMSDM_EMMEAN_SP_111080.parquet"
"13420","FINAL_EMSDM_EMMEAN_SP_111082.parquet"
"13421","FINAL_EMSDM_EMMEAN_SP_111085.parquet"
"13422","FINAL_EMSDM_EMMEAN_SP_111087.parquet"
"13423","FINAL_EMSDM_EMMEAN_SP_111088.parquet"
"13424","FINAL_EMSDM_EMMEAN_SP_111112.parquet"
"13425","FINAL_EMSDM_EMMEAN_SP_111120.parquet"
"13426","FINAL_EMSDM_EMMEAN_SP_111124.parquet"
"13427","FINAL_EMSDM_EMMEAN_SP_111125.parquet"
"13428","FINAL_EMSDM_EMMEAN_SP_111128.parquet"
"13429","FINAL_EMSDM_EMMEAN_SP_111129.parquet"
"13430","FINAL_EMSDM_EMMEAN_SP_111134.parquet"
"13431","FINAL_EMSDM_EMMEAN_SP_111135.parquet"
"13432","FINAL_EMSDM_EMMEAN_SP_111139.parquet"
"13433","FINAL_EMSDM_EMMEAN_SP_111140.parquet"
"13434","FINAL_EMSDM_EMMEAN_SP_111147.parquet"
"13435","FINAL_EMSDM_EMMEAN_SP_111148.parquet"
"13436","FINAL_EMSDM_EMMEAN_SP_111158.parquet"
"13437","FINAL_EMSDM_EMMEAN_SP_111173.parquet"
"13438","FINAL_EMSDM_EMMEAN_SP_111174.parquet"
"13439","FINAL_EMSDM_EMMEAN_SP_111179.parquet"
"13440","FINAL_EMSDM_EMMEAN_SP_111184.parquet"
"13441","FINAL_EMSDM_EMMEAN_SP_111186.parquet"
"13442","FINAL_EMSDM_EMMEAN_SP_111187.parquet"
"13443","FINAL_EMSDM_EMMEAN_SP_111190.parquet"
"13444","FINAL_EMSDM_EMMEAN_SP_111193.parquet"
"13445","FINAL_EMSDM_EMMEAN_SP_111195.parquet"
"13446","FINAL_EMSDM_EMMEAN_SP_111196.parquet"
"13447","FINAL_EMSDM_EMMEAN_SP_111197.parquet"
"13448","FINAL_EMSDM_EMMEAN_SP_111201.parquet"
"13449","FINAL_EMSDM_EMMEAN_SP_111202.parquet"
"13450","FINAL_EMSDM_EMMEAN_SP_111207.parquet"
"13451","FINAL_EMSDM_EMMEAN_SP_111210.parquet"
"13452","FINAL_EMSDM_EMMEAN_SP_111214.parquet"
"13453","FINAL_EMSDM_EMMEAN_SP_111218.parquet"
"13454","FINAL_EMSDM_EMMEAN_SP_111220.parquet"
"13455","FINAL_EMSDM_EMMEAN_SP_111224.parquet"
"13456","FINAL_EMSDM_EMMEAN_SP_111228.parquet"
"13457","FINAL_EMSDM_EMMEAN_SP_111229.parquet"
"13458","FINAL_EMSDM_EMMEAN_SP_111230.parquet"
"13459","FINAL_EMSDM_EMMEAN_SP_111249.parquet"
"13460","FINAL_EMSDM_EMMEAN_SP_111250.parquet"
"13461","FINAL_EMSDM_EMMEAN_SP_111253.parquet"
"13462","FINAL_EMSDM_EMMEAN_SP_111254.parquet"
"13463","FINAL_EMSDM_EMMEAN_SP_111256.parquet"
"13464","FINAL_EMSDM_EMMEAN_SP_111257.parquet"
"13465","FINAL_EMSDM_EMMEAN_SP_111259.parquet"
"13466","FINAL_EMSDM_EMMEAN_SP_111260.parquet"
"13467","FINAL_EMSDM_EMMEAN_SP_111265.parquet"
"13468","FINAL_EMSDM_EMMEAN_SP_111268.parquet"
"13469","FINAL_EMSDM_EMMEAN_SP_111271.parquet"
"13470","FINAL_EMSDM_EMMEAN_SP_111273.parquet"
"13471","FINAL_EMSDM_EMMEAN_SP_111277.parquet"
"13472","FINAL_EMSDM_EMMEAN_SP_111279.parquet"
"13473","FINAL_EMSDM_EMMEAN_SP_111280.parquet"
"13474","FINAL_EMSDM_EMMEAN_SP_111281.parquet"
"13475","FINAL_EMSDM_EMMEAN_SP_111285.parquet"
"13476","FINAL_EMSDM_EMMEAN_SP_111293.parquet"
"13477","FINAL_EMSDM_EMMEAN_SP_111300.parquet"
"13478","FINAL_EMSDM_EMMEAN_SP_111304.parquet"
"13479","FINAL_EMSDM_EMMEAN_SP_111310.parquet"
"13480","FINAL_EMSDM_EMMEAN_SP_111314.parquet"
"13481","FINAL_EMSDM_EMMEAN_SP_111316.parquet"
"13482","FINAL_EMSDM_EMMEAN_SP_111318.parquet"
"13483","FINAL_EMSDM_EMMEAN_SP_111320.parquet"
"13484","FINAL_EMSDM_EMMEAN_SP_111341.parquet"
"13485","FINAL_EMSDM_EMMEAN_SP_111343.parquet"
"13486","FINAL_EMSDM_EMMEAN_SP_111345.parquet"
"13487","FINAL_EMSDM_EMMEAN_SP_111346.parquet"
"13488","FINAL_EMSDM_EMMEAN_SP_111350.parquet"
"13489","FINAL_EMSDM_EMMEAN_SP_111351.parquet"
"13490","FINAL_EMSDM_EMMEAN_SP_111352.parquet"
"13491","FINAL_EMSDM_EMMEAN_SP_111354.parquet"
"13492","FINAL_EMSDM_EMMEAN_SP_111355.parquet"
"13493","FINAL_EMSDM_EMMEAN_SP_111356.parquet"
"13494","FINAL_EMSDM_EMMEAN_SP_111358.parquet"
"13495","FINAL_EMSDM_EMMEAN_SP_111360.parquet"
"13496","FINAL_EMSDM_EMMEAN_SP_111361.parquet"
"13497","FINAL_EMSDM_EMMEAN_SP_111362.parquet"
"13498","FINAL_EMSDM_EMMEAN_SP_111365.parquet"
"13499","FINAL_EMSDM_EMMEAN_SP_111367.parquet"
"13500","FINAL_EMSDM_EMMEAN_SP_111369.parquet"
"13501","FINAL_EMSDM_EMMEAN_SP_111373.parquet"
"13502","FINAL_EMSDM_EMMEAN_SP_111374.parquet"
"13503","FINAL_EMSDM_EMMEAN_SP_111377.parquet"
"13504","FINAL_EMSDM_EMMEAN_SP_111380.parquet"
"13505","FINAL_EMSDM_EMMEAN_SP_111389.parquet"
"13506","FINAL_EMSDM_EMMEAN_SP_111391.parquet"
"13507","FINAL_EMSDM_EMMEAN_SP_111397.parquet"
"13508","FINAL_EMSDM_EMMEAN_SP_111399.parquet"
"13509","FINAL_EMSDM_EMMEAN_SP_111400.parquet"
"13510","FINAL_EMSDM_EMMEAN_SP_111409.parquet"
"13511","FINAL_EMSDM_EMMEAN_SP_111411.parquet"
"13512","FINAL_EMSDM_EMMEAN_SP_111418.parquet"
"13513","FINAL_EMSDM_EMMEAN_SP_111421.parquet"
"13514","FINAL_EMSDM_EMMEAN_SP_111425.parquet"
"13515","FINAL_EMSDM_EMMEAN_SP_111426.parquet"
"13516","FINAL_EMSDM_EMMEAN_SP_111427.parquet"
"13517","FINAL_EMSDM_EMMEAN_SP_111435.parquet"
"13518","FINAL_EMSDM_EMMEAN_SP_111445.parquet"
"13519","FINAL_EMSDM_EMMEAN_SP_111448.parquet"
"13520","FINAL_EMSDM_EMMEAN_SP_111453.parquet"
"13521","FINAL_EMSDM_EMMEAN_SP_111464.parquet"
"13522","FINAL_EMSDM_EMMEAN_SP_111466.parquet"
"13523","FINAL_EMSDM_EMMEAN_SP_111473.parquet"
"13524","FINAL_EMSDM_EMMEAN_SP_111479.parquet"
"13525","FINAL_EMSDM_EMMEAN_SP_111480.parquet"
"13526","FINAL_EMSDM_EMMEAN_SP_111484.parquet"
"13527","FINAL_EMSDM_EMMEAN_SP_111487.parquet"
"13528","FINAL_EMSDM_EMMEAN_SP_111488.parquet"
"13529","FINAL_EMSDM_EMMEAN_SP_111495.parquet"
"13530","FINAL_EMSDM_EMMEAN_SP_111496.parquet"
"13531","FINAL_EMSDM_EMMEAN_SP_111498.parquet"
"13532","FINAL_EMSDM_EMMEAN_SP_111500.parquet"
"13533","FINAL_EMSDM_EMMEAN_SP_111502.parquet"
"13534","FINAL_EMSDM_EMMEAN_SP_111508.parquet"
"13535","FINAL_EMSDM_EMMEAN_SP_111509.parquet"
"13536","FINAL_EMSDM_EMMEAN_SP_111512.parquet"
"13537","FINAL_EMSDM_EMMEAN_SP_111513.parquet"
"13538","FINAL_EMSDM_EMMEAN_SP_111514.parquet"
"13539","FINAL_EMSDM_EMMEAN_SP_111518.parquet"
"13540","FINAL_EMSDM_EMMEAN_SP_111520.parquet"
"13541","FINAL_EMSDM_EMMEAN_SP_111521.parquet"
"13542","FINAL_EMSDM_EMMEAN_SP_111522.parquet"
"13543","FINAL_EMSDM_EMMEAN_SP_111525.parquet"
"13544","FINAL_EMSDM_EMMEAN_SP_111527.parquet"
"13545","FINAL_EMSDM_EMMEAN_SP_111528.parquet"
"13546","FINAL_EMSDM_EMMEAN_SP_111539.parquet"
"13547","FINAL_EMSDM_EMMEAN_SP_111540.parquet"
"13548","FINAL_EMSDM_EMMEAN_SP_111543.parquet"
"13549","FINAL_EMSDM_EMMEAN_SP_111544.parquet"
"13550","FINAL_EMSDM_EMMEAN_SP_111547.parquet"
"13551","FINAL_EMSDM_EMMEAN_SP_111551.parquet"
"13552","FINAL_EMSDM_EMMEAN_SP_111569.parquet"
"13553","FINAL_EMSDM_EMMEAN_SP_111572.parquet"
"13554","FINAL_EMSDM_EMMEAN_SP_111573.parquet"
"13555","FINAL_EMSDM_EMMEAN_SP_111574.parquet"
"13556","FINAL_EMSDM_EMMEAN_SP_111578.parquet"
"13557","FINAL_EMSDM_EMMEAN_SP_111579.parquet"
"13558","FINAL_EMSDM_EMMEAN_SP_111582.parquet"
"13559","FINAL_EMSDM_EMMEAN_SP_111585.parquet"
"13560","FINAL_EMSDM_EMMEAN_SP_111587.parquet"
"13561","FINAL_EMSDM_EMMEAN_SP_111590.parquet"
"13562","FINAL_EMSDM_EMMEAN_SP_111592.parquet"
"13563","FINAL_EMSDM_EMMEAN_SP_111594.parquet"
"13564","FINAL_EMSDM_EMMEAN_SP_111598.parquet"
"13565","FINAL_EMSDM_EMMEAN_SP_111601.parquet"
"13566","FINAL_EMSDM_EMMEAN_SP_111602.parquet"
"13567","FINAL_EMSDM_EMMEAN_SP_111604.parquet"
"13568","FINAL_EMSDM_EMMEAN_SP_111607.parquet"
"13569","FINAL_EMSDM_EMMEAN_SP_111620.parquet"
"13570","FINAL_EMSDM_EMMEAN_SP_111621.parquet"
"13571","FINAL_EMSDM_EMMEAN_SP_111631.parquet"
"13572","FINAL_EMSDM_EMMEAN_SP_111632.parquet"
"13573","FINAL_EMSDM_EMMEAN_SP_111633.parquet"
"13574","FINAL_EMSDM_EMMEAN_SP_111636.parquet"
"13575","FINAL_EMSDM_EMMEAN_SP_111644.parquet"
"13576","FINAL_EMSDM_EMMEAN_SP_111652.parquet"
"13577","FINAL_EMSDM_EMMEAN_SP_111653.parquet"
"13578","FINAL_EMSDM_EMMEAN_SP_111656.parquet"
"13579","FINAL_EMSDM_EMMEAN_SP_111659.parquet"
"13580","FINAL_EMSDM_EMMEAN_SP_111663.parquet"
"13581","FINAL_EMSDM_EMMEAN_SP_111669.parquet"
"13582","FINAL_EMSDM_EMMEAN_SP_111675.parquet"
"13583","FINAL_EMSDM_EMMEAN_SP_111676.parquet"
"13584","FINAL_EMSDM_EMMEAN_SP_1116761.parquet"
"13585","FINAL_EMSDM_EMMEAN_SP_111679.parquet"
"13586","FINAL_EMSDM_EMMEAN_SP_111683.parquet"
"13587","FINAL_EMSDM_EMMEAN_SP_111690.parquet"
"13588","FINAL_EMSDM_EMMEAN_SP_111695.parquet"
"13589","FINAL_EMSDM_EMMEAN_SP_111696.parquet"
"13590","FINAL_EMSDM_EMMEAN_SP_111697.parquet"
"13591","FINAL_EMSDM_EMMEAN_SP_111703.parquet"
"13592","FINAL_EMSDM_EMMEAN_SP_111706.parquet"
"13593","FINAL_EMSDM_EMMEAN_SP_111707.parquet"
"13594","FINAL_EMSDM_EMMEAN_SP_111708.parquet"
"13595","FINAL_EMSDM_EMMEAN_SP_111719.parquet"
"13596","FINAL_EMSDM_EMMEAN_SP_111721.parquet"
"13597","FINAL_EMSDM_EMMEAN_SP_111722.parquet"
"13598","FINAL_EMSDM_EMMEAN_SP_111723.parquet"
"13599","FINAL_EMSDM_EMMEAN_SP_111730.parquet"
"13600","FINAL_EMSDM_EMMEAN_SP_111744.parquet"
"13601","FINAL_EMSDM_EMMEAN_SP_111745.parquet"
"13602","FINAL_EMSDM_EMMEAN_SP_111751.parquet"
"13603","FINAL_EMSDM_EMMEAN_SP_111758.parquet"
"13604","FINAL_EMSDM_EMMEAN_SP_111760.parquet"
"13605","FINAL_EMSDM_EMMEAN_SP_111761.parquet"
"13606","FINAL_EMSDM_EMMEAN_SP_111764.parquet"
"13607","FINAL_EMSDM_EMMEAN_SP_111844.parquet"
"13608","FINAL_EMSDM_EMMEAN_SP_1149608.parquet"
"13609","FINAL_EMSDM_EMMEAN_SP_1149613.parquet"
"13610","FINAL_EMSDM_EMMEAN_SP_1149616.parquet"
"13611","FINAL_EMSDM_EMMEAN_SP_1149618.parquet"
"13612","FINAL_EMSDM_EMMEAN_SP_1149620.parquet"
"13613","FINAL_EMSDM_EMMEAN_SP_1149632.parquet"
"13614","FINAL_EMSDM_EMMEAN_SP_1149633.parquet"
"13615","FINAL_EMSDM_EMMEAN_SP_1149638.parquet"
"13616","FINAL_EMSDM_EMMEAN_SP_1149641.parquet"
"13617","FINAL_EMSDM_EMMEAN_SP_1149646.parquet"
"13618","FINAL_EMSDM_EMMEAN_SP_1149649.parquet"
"13619","FINAL_EMSDM_EMMEAN_SP_1149651.parquet"
"13620","FINAL_EMSDM_EMMEAN_SP_1149661.parquet"
"13621","FINAL_EMSDM_EMMEAN_SP_1149671.parquet"
"13622","FINAL_EMSDM_EMMEAN_SP_1149674.parquet"
"13623","FINAL_EMSDM_EMMEAN_SP_1149679.parquet"
"13624","FINAL_EMSDM_EMMEAN_SP_1149681.parquet"
"13625","FINAL_EMSDM_EMMEAN_SP_1149683.parquet"
"13626","FINAL_EMSDM_EMMEAN_SP_115521.parquet"
"13627","FINAL_EMSDM_EMMEAN_SP_115723.parquet"
"13628","FINAL_EMSDM_EMMEAN_SP_115769.parquet"
"13629","FINAL_EMSDM_EMMEAN_SP_115787.parquet"
"13630","FINAL_EMSDM_EMMEAN_SP_115798.parquet"
"13631","FINAL_EMSDM_EMMEAN_SP_115805.parquet"
"13632","FINAL_EMSDM_EMMEAN_SP_115815.parquet"
"13633","FINAL_EMSDM_EMMEAN_SP_115930.parquet"
"13634","FINAL_EMSDM_EMMEAN_SP_115972.parquet"
"13635","FINAL_EMSDM_EMMEAN_SP_115978.parquet"
"13636","FINAL_EMSDM_EMMEAN_SP_115980.parquet"
"13637","FINAL_EMSDM_EMMEAN_SP_116018.parquet"
"13638","FINAL_EMSDM_EMMEAN_SP_116041.parquet"
"13639","FINAL_EMSDM_EMMEAN_SP_116076.parquet"
"13640","FINAL_EMSDM_EMMEAN_SP_116140.parquet"
"13641","FINAL_EMSDM_EMMEAN_SP_116333.parquet"
"13642","FINAL_EMSDM_EMMEAN_SP_116337.parquet"
"13643","FINAL_EMSDM_EMMEAN_SP_116346.parquet"
"13644","FINAL_EMSDM_EMMEAN_SP_116347.parquet"
"13645","FINAL_EMSDM_EMMEAN_SP_116359.parquet"
"13646","FINAL_EMSDM_EMMEAN_SP_116368.parquet"
"13647","FINAL_EMSDM_EMMEAN_SP_116371.parquet"
"13648","FINAL_EMSDM_EMMEAN_SP_116382.parquet"
"13649","FINAL_EMSDM_EMMEAN_SP_116383.parquet"
"13650","FINAL_EMSDM_EMMEAN_SP_116438.parquet"
"13651","FINAL_EMSDM_EMMEAN_SP_116561.parquet"
"13652","FINAL_EMSDM_EMMEAN_SP_116628.parquet"
"13653","FINAL_EMSDM_EMMEAN_SP_116648.parquet"
"13654","FINAL_EMSDM_EMMEAN_SP_116974.parquet"
"13655","FINAL_EMSDM_EMMEAN_SP_116980.parquet"
"13656","FINAL_EMSDM_EMMEAN_SP_117260.parquet"
"13657","FINAL_EMSDM_EMMEAN_SP_117263.parquet"
"13658","FINAL_EMSDM_EMMEAN_SP_117264.parquet"
"13659","FINAL_EMSDM_EMMEAN_SP_117265.parquet"
"13660","FINAL_EMSDM_EMMEAN_SP_117266.parquet"
"13661","FINAL_EMSDM_EMMEAN_SP_117267.parquet"
"13662","FINAL_EMSDM_EMMEAN_SP_117270.parquet"
"13663","FINAL_EMSDM_EMMEAN_SP_117271.parquet"
"13664","FINAL_EMSDM_EMMEAN_SP_117272.parquet"
"13665","FINAL_EMSDM_EMMEAN_SP_117273.parquet"
"13666","FINAL_EMSDM_EMMEAN_SP_117274.parquet"
"13667","FINAL_EMSDM_EMMEAN_SP_117275.parquet"
"13668","FINAL_EMSDM_EMMEAN_SP_117277.parquet"
"13669","FINAL_EMSDM_EMMEAN_SP_117278.parquet"
"13670","FINAL_EMSDM_EMMEAN_SP_117279.parquet"
"13671","FINAL_EMSDM_EMMEAN_SP_117281.parquet"
"13672","FINAL_EMSDM_EMMEAN_SP_117283.parquet"
"13673","FINAL_EMSDM_EMMEAN_SP_117284.parquet"
"13674","FINAL_EMSDM_EMMEAN_SP_117285.parquet"
"13675","FINAL_EMSDM_EMMEAN_SP_117297.parquet"
"13676","FINAL_EMSDM_EMMEAN_SP_117299.parquet"
"13677","FINAL_EMSDM_EMMEAN_SP_117302.parquet"
"13678","FINAL_EMSDM_EMMEAN_SP_117303.parquet"
"13679","FINAL_EMSDM_EMMEAN_SP_117304.parquet"
"13680","FINAL_EMSDM_EMMEAN_SP_117328.parquet"
"13681","FINAL_EMSDM_EMMEAN_SP_117333.parquet"
"13682","FINAL_EMSDM_EMMEAN_SP_117336.parquet"
"13683","FINAL_EMSDM_EMMEAN_SP_117342.parquet"
"13684","FINAL_EMSDM_EMMEAN_SP_117345.parquet"
"13685","FINAL_EMSDM_EMMEAN_SP_117348.parquet"
"13686","FINAL_EMSDM_EMMEAN_SP_117364.parquet"
"13687","FINAL_EMSDM_EMMEAN_SP_117365.parquet"
"13688","FINAL_EMSDM_EMMEAN_SP_117367.parquet"
"13689","FINAL_EMSDM_EMMEAN_SP_117370.parquet"
"13690","FINAL_EMSDM_EMMEAN_SP_117373.parquet"
"13691","FINAL_EMSDM_EMMEAN_SP_117377.parquet"
"13692","FINAL_EMSDM_EMMEAN_SP_117378.parquet"
"13693","FINAL_EMSDM_EMMEAN_SP_117379.parquet"
"13694","FINAL_EMSDM_EMMEAN_SP_117380.parquet"
"13695","FINAL_EMSDM_EMMEAN_SP_117382.parquet"
"13696","FINAL_EMSDM_EMMEAN_SP_117383.parquet"
"13697","FINAL_EMSDM_EMMEAN_SP_117385.parquet"
"13698","FINAL_EMSDM_EMMEAN_SP_117386.parquet"
"13699","FINAL_EMSDM_EMMEAN_SP_117391.parquet"
"13700","FINAL_EMSDM_EMMEAN_SP_117393.parquet"
"13701","FINAL_EMSDM_EMMEAN_SP_117399.parquet"
"13702","FINAL_EMSDM_EMMEAN_SP_117402.parquet"
"13703","FINAL_EMSDM_EMMEAN_SP_117411.parquet"
"13704","FINAL_EMSDM_EMMEAN_SP_117413.parquet"
"13705","FINAL_EMSDM_EMMEAN_SP_117420.parquet"
"13706","FINAL_EMSDM_EMMEAN_SP_117426.parquet"
"13707","FINAL_EMSDM_EMMEAN_SP_117433.parquet"
"13708","FINAL_EMSDM_EMMEAN_SP_117434.parquet"
"13709","FINAL_EMSDM_EMMEAN_SP_117448.parquet"
"13710","FINAL_EMSDM_EMMEAN_SP_117452.parquet"
"13711","FINAL_EMSDM_EMMEAN_SP_117458.parquet"
"13712","FINAL_EMSDM_EMMEAN_SP_117459.parquet"
"13713","FINAL_EMSDM_EMMEAN_SP_117469.parquet"
"13714","FINAL_EMSDM_EMMEAN_SP_117471.parquet"
"13715","FINAL_EMSDM_EMMEAN_SP_117487.parquet"
"13716","FINAL_EMSDM_EMMEAN_SP_117491.parquet"
"13717","FINAL_EMSDM_EMMEAN_SP_117494.parquet"
"13718","FINAL_EMSDM_EMMEAN_SP_117495.parquet"
"13719","FINAL_EMSDM_EMMEAN_SP_117497.parquet"
"13720","FINAL_EMSDM_EMMEAN_SP_117504.parquet"
"13721","FINAL_EMSDM_EMMEAN_SP_117506.parquet"
"13722","FINAL_EMSDM_EMMEAN_SP_117515.parquet"
"13723","FINAL_EMSDM_EMMEAN_SP_117517.parquet"
"13724","FINAL_EMSDM_EMMEAN_SP_117527.parquet"
"13725","FINAL_EMSDM_EMMEAN_SP_117535.parquet"
"13726","FINAL_EMSDM_EMMEAN_SP_117538.parquet"
"13727","FINAL_EMSDM_EMMEAN_SP_117539.parquet"
"13728","FINAL_EMSDM_EMMEAN_SP_117544.parquet"
"13729","FINAL_EMSDM_EMMEAN_SP_117545.parquet"
"13730","FINAL_EMSDM_EMMEAN_SP_117553.parquet"
"13731","FINAL_EMSDM_EMMEAN_SP_117554.parquet"
"13732","FINAL_EMSDM_EMMEAN_SP_117555.parquet"
"13733","FINAL_EMSDM_EMMEAN_SP_117561.parquet"
"13734","FINAL_EMSDM_EMMEAN_SP_117562.parquet"
"13735","FINAL_EMSDM_EMMEAN_SP_117567.parquet"
"13736","FINAL_EMSDM_EMMEAN_SP_117568.parquet"
"13737","FINAL_EMSDM_EMMEAN_SP_117581.parquet"
"13738","FINAL_EMSDM_EMMEAN_SP_117588.parquet"
"13739","FINAL_EMSDM_EMMEAN_SP_117597.parquet"
"13740","FINAL_EMSDM_EMMEAN_SP_117605.parquet"
"13741","FINAL_EMSDM_EMMEAN_SP_117606.parquet"
"13742","FINAL_EMSDM_EMMEAN_SP_117615.parquet"
"13743","FINAL_EMSDM_EMMEAN_SP_117617.parquet"
"13744","FINAL_EMSDM_EMMEAN_SP_117619.parquet"
"13745","FINAL_EMSDM_EMMEAN_SP_117620.parquet"
"13746","FINAL_EMSDM_EMMEAN_SP_117622.parquet"
"13747","FINAL_EMSDM_EMMEAN_SP_117623.parquet"
"13748","FINAL_EMSDM_EMMEAN_SP_117630.parquet"
"13749","FINAL_EMSDM_EMMEAN_SP_117631.parquet"
"13750","FINAL_EMSDM_EMMEAN_SP_117632.parquet"
"13751","FINAL_EMSDM_EMMEAN_SP_117633.parquet"
"13752","FINAL_EMSDM_EMMEAN_SP_117635.parquet"
"13753","FINAL_EMSDM_EMMEAN_SP_117636.parquet"
"13754","FINAL_EMSDM_EMMEAN_SP_117643.parquet"
"13755","FINAL_EMSDM_EMMEAN_SP_117644.parquet"
"13756","FINAL_EMSDM_EMMEAN_SP_117673.parquet"
"13757","FINAL_EMSDM_EMMEAN_SP_117674.parquet"
"13758","FINAL_EMSDM_EMMEAN_SP_117679.parquet"
"13759","FINAL_EMSDM_EMMEAN_SP_117681.parquet"
"13760","FINAL_EMSDM_EMMEAN_SP_117688.parquet"
"13761","FINAL_EMSDM_EMMEAN_SP_117690.parquet"
"13762","FINAL_EMSDM_EMMEAN_SP_117691.parquet"
"13763","FINAL_EMSDM_EMMEAN_SP_117692.parquet"
"13764","FINAL_EMSDM_EMMEAN_SP_117702.parquet"
"13765","FINAL_EMSDM_EMMEAN_SP_117704.parquet"
"13766","FINAL_EMSDM_EMMEAN_SP_117717.parquet"
"13767","FINAL_EMSDM_EMMEAN_SP_117725.parquet"
"13768","FINAL_EMSDM_EMMEAN_SP_117727.parquet"
"13769","FINAL_EMSDM_EMMEAN_SP_117728.parquet"
"13770","FINAL_EMSDM_EMMEAN_SP_117736.parquet"
"13771","FINAL_EMSDM_EMMEAN_SP_117743.parquet"
"13772","FINAL_EMSDM_EMMEAN_SP_117751.parquet"
"13773","FINAL_EMSDM_EMMEAN_SP_117755.parquet"
"13774","FINAL_EMSDM_EMMEAN_SP_117768.parquet"
"13775","FINAL_EMSDM_EMMEAN_SP_117773.parquet"
"13776","FINAL_EMSDM_EMMEAN_SP_117778.parquet"
"13777","FINAL_EMSDM_EMMEAN_SP_117781.parquet"
"13778","FINAL_EMSDM_EMMEAN_SP_117784.parquet"
"13779","FINAL_EMSDM_EMMEAN_SP_117791.parquet"
"13780","FINAL_EMSDM_EMMEAN_SP_117799.parquet"
"13781","FINAL_EMSDM_EMMEAN_SP_117802.parquet"
"13782","FINAL_EMSDM_EMMEAN_SP_117804.parquet"
"13783","FINAL_EMSDM_EMMEAN_SP_117805.parquet"
"13784","FINAL_EMSDM_EMMEAN_SP_117806.parquet"
"13785","FINAL_EMSDM_EMMEAN_SP_117815.parquet"
"13786","FINAL_EMSDM_EMMEAN_SP_117820.parquet"
"13787","FINAL_EMSDM_EMMEAN_SP_117821.parquet"
"13788","FINAL_EMSDM_EMMEAN_SP_117824.parquet"
"13789","FINAL_EMSDM_EMMEAN_SP_117827.parquet"
"13790","FINAL_EMSDM_EMMEAN_SP_117831.parquet"
"13791","FINAL_EMSDM_EMMEAN_SP_117832.parquet"
"13792","FINAL_EMSDM_EMMEAN_SP_117834.parquet"
"13793","FINAL_EMSDM_EMMEAN_SP_117835.parquet"
"13794","FINAL_EMSDM_EMMEAN_SP_117846.parquet"
"13795","FINAL_EMSDM_EMMEAN_SP_117848.parquet"
"13796","FINAL_EMSDM_EMMEAN_SP_117849.parquet"
"13797","FINAL_EMSDM_EMMEAN_SP_117851.parquet"
"13798","FINAL_EMSDM_EMMEAN_SP_117854.parquet"
"13799","FINAL_EMSDM_EMMEAN_SP_117856.parquet"
"13800","FINAL_EMSDM_EMMEAN_SP_117860.parquet"
"13801","FINAL_EMSDM_EMMEAN_SP_117864.parquet"
"13802","FINAL_EMSDM_EMMEAN_SP_117865.parquet"
"13803","FINAL_EMSDM_EMMEAN_SP_117867.parquet"
"13804","FINAL_EMSDM_EMMEAN_SP_117871.parquet"
"13805","FINAL_EMSDM_EMMEAN_SP_117874.parquet"
"13806","FINAL_EMSDM_EMMEAN_SP_117877.parquet"
"13807","FINAL_EMSDM_EMMEAN_SP_117879.parquet"
"13808","FINAL_EMSDM_EMMEAN_SP_117880.parquet"
"13809","FINAL_EMSDM_EMMEAN_SP_117883.parquet"
"13810","FINAL_EMSDM_EMMEAN_SP_117886.parquet"
"13811","FINAL_EMSDM_EMMEAN_SP_117887.parquet"
"13812","FINAL_EMSDM_EMMEAN_SP_117888.parquet"
"13813","FINAL_EMSDM_EMMEAN_SP_117892.parquet"
"13814","FINAL_EMSDM_EMMEAN_SP_117895.parquet"
"13815","FINAL_EMSDM_EMMEAN_SP_117896.parquet"
"13816","FINAL_EMSDM_EMMEAN_SP_117899.parquet"
"13817","FINAL_EMSDM_EMMEAN_SP_117901.parquet"
"13818","FINAL_EMSDM_EMMEAN_SP_117902.parquet"
"13819","FINAL_EMSDM_EMMEAN_SP_117903.parquet"
"13820","FINAL_EMSDM_EMMEAN_SP_117906.parquet"
"13821","FINAL_EMSDM_EMMEAN_SP_117907.parquet"
"13822","FINAL_EMSDM_EMMEAN_SP_117909.parquet"
"13823","FINAL_EMSDM_EMMEAN_SP_117912.parquet"
"13824","FINAL_EMSDM_EMMEAN_SP_117913.parquet"
"13825","FINAL_EMSDM_EMMEAN_SP_117915.parquet"
"13826","FINAL_EMSDM_EMMEAN_SP_117925.parquet"
"13827","FINAL_EMSDM_EMMEAN_SP_117929.parquet"
"13828","FINAL_EMSDM_EMMEAN_SP_117930.parquet"
"13829","FINAL_EMSDM_EMMEAN_SP_117932.parquet"
"13830","FINAL_EMSDM_EMMEAN_SP_117940.parquet"
"13831","FINAL_EMSDM_EMMEAN_SP_117942.parquet"
"13832","FINAL_EMSDM_EMMEAN_SP_117945.parquet"
"13833","FINAL_EMSDM_EMMEAN_SP_117959.parquet"
"13834","FINAL_EMSDM_EMMEAN_SP_117962.parquet"
"13835","FINAL_EMSDM_EMMEAN_SP_117964.parquet"
"13836","FINAL_EMSDM_EMMEAN_SP_117965.parquet"
"13837","FINAL_EMSDM_EMMEAN_SP_117968.parquet"
"13838","FINAL_EMSDM_EMMEAN_SP_117969.parquet"
"13839","FINAL_EMSDM_EMMEAN_SP_117970.parquet"
"13840","FINAL_EMSDM_EMMEAN_SP_117971.parquet"
"13841","FINAL_EMSDM_EMMEAN_SP_117978.parquet"
"13842","FINAL_EMSDM_EMMEAN_SP_117981.parquet"
"13843","FINAL_EMSDM_EMMEAN_SP_117982.parquet"
"13844","FINAL_EMSDM_EMMEAN_SP_117988.parquet"
"13845","FINAL_EMSDM_EMMEAN_SP_118127.parquet"
"13846","FINAL_EMSDM_EMMEAN_SP_118128.parquet"
"13847","FINAL_EMSDM_EMMEAN_SP_118146.parquet"
"13848","FINAL_EMSDM_EMMEAN_SP_118216.parquet"
"13849","FINAL_EMSDM_EMMEAN_SP_118235.parquet"
"13850","FINAL_EMSDM_EMMEAN_SP_118467.parquet"
"13851","FINAL_EMSDM_EMMEAN_SP_118474.parquet"
"13852","FINAL_EMSDM_EMMEAN_SP_118497.parquet"
"13853","FINAL_EMSDM_EMMEAN_SP_118503.parquet"
"13854","FINAL_EMSDM_EMMEAN_SP_118506.parquet"
"13855","FINAL_EMSDM_EMMEAN_SP_118522.parquet"
"13856","FINAL_EMSDM_EMMEAN_SP_118523.parquet"
"13857","FINAL_EMSDM_EMMEAN_SP_118539.parquet"
"13858","FINAL_EMSDM_EMMEAN_SP_118548.parquet"
"13859","FINAL_EMSDM_EMMEAN_SP_118559.parquet"
"13860","FINAL_EMSDM_EMMEAN_SP_118560.parquet"
"13861","FINAL_EMSDM_EMMEAN_SP_118601.parquet"
"13862","FINAL_EMSDM_EMMEAN_SP_118608.parquet"
"13863","FINAL_EMSDM_EMMEAN_SP_118609.parquet"
"13864","FINAL_EMSDM_EMMEAN_SP_118610.parquet"
"13865","FINAL_EMSDM_EMMEAN_SP_118612.parquet"
"13866","FINAL_EMSDM_EMMEAN_SP_118615.parquet"
"13867","FINAL_EMSDM_EMMEAN_SP_118623.parquet"
"13868","FINAL_EMSDM_EMMEAN_SP_118636.parquet"
"13869","FINAL_EMSDM_EMMEAN_SP_118642.parquet"
"13870","FINAL_EMSDM_EMMEAN_SP_118656.parquet"
"13871","FINAL_EMSDM_EMMEAN_SP_118659.parquet"
"13872","FINAL_EMSDM_EMMEAN_SP_118669.parquet"
"13873","FINAL_EMSDM_EMMEAN_SP_118676.parquet"
"13874","FINAL_EMSDM_EMMEAN_SP_118677.parquet"
"13875","FINAL_EMSDM_EMMEAN_SP_118680.parquet"
"13876","FINAL_EMSDM_EMMEAN_SP_118681.parquet"
"13877","FINAL_EMSDM_EMMEAN_SP_118685.parquet"
"13878","FINAL_EMSDM_EMMEAN_SP_118688.parquet"
"13879","FINAL_EMSDM_EMMEAN_SP_118694.parquet"
"13880","FINAL_EMSDM_EMMEAN_SP_118714.parquet"
"13881","FINAL_EMSDM_EMMEAN_SP_118730.parquet"
"13882","FINAL_EMSDM_EMMEAN_SP_118732.parquet"
"13883","FINAL_EMSDM_EMMEAN_SP_118745.parquet"
"13884","FINAL_EMSDM_EMMEAN_SP_118747.parquet"
"13885","FINAL_EMSDM_EMMEAN_SP_118751.parquet"
"13886","FINAL_EMSDM_EMMEAN_SP_118754.parquet"
"13887","FINAL_EMSDM_EMMEAN_SP_118756.parquet"
"13888","FINAL_EMSDM_EMMEAN_SP_118757.parquet"
"13889","FINAL_EMSDM_EMMEAN_SP_118758.parquet"
"13890","FINAL_EMSDM_EMMEAN_SP_118759.parquet"
"13891","FINAL_EMSDM_EMMEAN_SP_118766.parquet"
"13892","FINAL_EMSDM_EMMEAN_SP_118770.parquet"
"13893","FINAL_EMSDM_EMMEAN_SP_118784.parquet"
"13894","FINAL_EMSDM_EMMEAN_SP_118793.parquet"
"13895","FINAL_EMSDM_EMMEAN_SP_118798.parquet"
"13896","FINAL_EMSDM_EMMEAN_SP_118801.parquet"
"13897","FINAL_EMSDM_EMMEAN_SP_118802.parquet"
"13898","FINAL_EMSDM_EMMEAN_SP_118839.parquet"
"13899","FINAL_EMSDM_EMMEAN_SP_118842.parquet"
"13900","FINAL_EMSDM_EMMEAN_SP_118843.parquet"
"13901","FINAL_EMSDM_EMMEAN_SP_118848.parquet"
"13902","FINAL_EMSDM_EMMEAN_SP_118849.parquet"
"13903","FINAL_EMSDM_EMMEAN_SP_118852.parquet"
"13904","FINAL_EMSDM_EMMEAN_SP_118855.parquet"
"13905","FINAL_EMSDM_EMMEAN_SP_118859.parquet"
"13906","FINAL_EMSDM_EMMEAN_SP_118861.parquet"
"13907","FINAL_EMSDM_EMMEAN_SP_118917.parquet"
"13908","FINAL_EMSDM_EMMEAN_SP_118936.parquet"
"13909","FINAL_EMSDM_EMMEAN_SP_118946.parquet"
"13910","FINAL_EMSDM_EMMEAN_SP_118953.parquet"
"13911","FINAL_EMSDM_EMMEAN_SP_118956.parquet"
"13912","FINAL_EMSDM_EMMEAN_SP_118958.parquet"
"13913","FINAL_EMSDM_EMMEAN_SP_118973.parquet"
"13914","FINAL_EMSDM_EMMEAN_SP_118979.parquet"
"13915","FINAL_EMSDM_EMMEAN_SP_118982.parquet"
"13916","FINAL_EMSDM_EMMEAN_SP_118983.parquet"
"13917","FINAL_EMSDM_EMMEAN_SP_118986.parquet"
"13918","FINAL_EMSDM_EMMEAN_SP_118990.parquet"
"13919","FINAL_EMSDM_EMMEAN_SP_119000.parquet"
"13920","FINAL_EMSDM_EMMEAN_SP_119022.parquet"
"13921","FINAL_EMSDM_EMMEAN_SP_119023.parquet"
"13922","FINAL_EMSDM_EMMEAN_SP_119024.parquet"
"13923","FINAL_EMSDM_EMMEAN_SP_119031.parquet"
"13924","FINAL_EMSDM_EMMEAN_SP_119035.parquet"
"13925","FINAL_EMSDM_EMMEAN_SP_119039.parquet"
"13926","FINAL_EMSDM_EMMEAN_SP_119042.parquet"
"13927","FINAL_EMSDM_EMMEAN_SP_119043.parquet"
"13928","FINAL_EMSDM_EMMEAN_SP_119044.parquet"
"13929","FINAL_EMSDM_EMMEAN_SP_119046.parquet"
"13930","FINAL_EMSDM_EMMEAN_SP_119047.parquet"
"13931","FINAL_EMSDM_EMMEAN_SP_119048.parquet"
"13932","FINAL_EMSDM_EMMEAN_SP_119050.parquet"
"13933","FINAL_EMSDM_EMMEAN_SP_119053.parquet"
"13934","FINAL_EMSDM_EMMEAN_SP_119818.parquet"
"13935","FINAL_EMSDM_EMMEAN_SP_119921.parquet"
"13936","FINAL_EMSDM_EMMEAN_SP_119930.parquet"
"13937","FINAL_EMSDM_EMMEAN_SP_119931.parquet"
"13938","FINAL_EMSDM_EMMEAN_SP_119936.parquet"
"13939","FINAL_EMSDM_EMMEAN_SP_119937.parquet"
"13940","FINAL_EMSDM_EMMEAN_SP_119939.parquet"
"13941","FINAL_EMSDM_EMMEAN_SP_119941.parquet"
"13942","FINAL_EMSDM_EMMEAN_SP_119950.parquet"
"13943","FINAL_EMSDM_EMMEAN_SP_119962.parquet"
"13944","FINAL_EMSDM_EMMEAN_SP_119967.parquet"
"13945","FINAL_EMSDM_EMMEAN_SP_119968.parquet"
"13946","FINAL_EMSDM_EMMEAN_SP_119969.parquet"
"13947","FINAL_EMSDM_EMMEAN_SP_119974.parquet"
"13948","FINAL_EMSDM_EMMEAN_SP_119996.parquet"
"13949","FINAL_EMSDM_EMMEAN_SP_119997.parquet"
"13950","FINAL_EMSDM_EMMEAN_SP_119999.parquet"
"13951","FINAL_EMSDM_EMMEAN_SP_120002.parquet"
"13952","FINAL_EMSDM_EMMEAN_SP_120012.parquet"
"13953","FINAL_EMSDM_EMMEAN_SP_120019.parquet"
"13954","FINAL_EMSDM_EMMEAN_SP_120024.parquet"
"13955","FINAL_EMSDM_EMMEAN_SP_120026.parquet"
"13956","FINAL_EMSDM_EMMEAN_SP_120039.parquet"
"13957","FINAL_EMSDM_EMMEAN_SP_120047.parquet"
"13958","FINAL_EMSDM_EMMEAN_SP_120052.parquet"
"13959","FINAL_EMSDM_EMMEAN_SP_120054.parquet"
"13960","FINAL_EMSDM_EMMEAN_SP_120056.parquet"
"13961","FINAL_EMSDM_EMMEAN_SP_120061.parquet"
"13962","FINAL_EMSDM_EMMEAN_SP_120064.parquet"
"13963","FINAL_EMSDM_EMMEAN_SP_120072.parquet"
"13964","FINAL_EMSDM_EMMEAN_SP_120080.parquet"
"13965","FINAL_EMSDM_EMMEAN_SP_120085.parquet"
"13966","FINAL_EMSDM_EMMEAN_SP_120087.parquet"
"13967","FINAL_EMSDM_EMMEAN_SP_120088.parquet"
"13968","FINAL_EMSDM_EMMEAN_SP_120089.parquet"
"13969","FINAL_EMSDM_EMMEAN_SP_120111.parquet"
"13970","FINAL_EMSDM_EMMEAN_SP_120113.parquet"
"13971","FINAL_EMSDM_EMMEAN_SP_120115.parquet"
"13972","FINAL_EMSDM_EMMEAN_SP_120118.parquet"
"13973","FINAL_EMSDM_EMMEAN_SP_120136.parquet"
"13974","FINAL_EMSDM_EMMEAN_SP_120144.parquet"
"13975","FINAL_EMSDM_EMMEAN_SP_120149.parquet"
"13976","FINAL_EMSDM_EMMEAN_SP_120171.parquet"
"13977","FINAL_EMSDM_EMMEAN_SP_120177.parquet"
"13978","FINAL_EMSDM_EMMEAN_SP_120178.parquet"
"13979","FINAL_EMSDM_EMMEAN_SP_120180.parquet"
"13980","FINAL_EMSDM_EMMEAN_SP_120182.parquet"
"13981","FINAL_EMSDM_EMMEAN_SP_120185.parquet"
"13982","FINAL_EMSDM_EMMEAN_SP_120191.parquet"
"13983","FINAL_EMSDM_EMMEAN_SP_120193.parquet"
"13984","FINAL_EMSDM_EMMEAN_SP_120203.parquet"
"13985","FINAL_EMSDM_EMMEAN_SP_120204.parquet"
"13986","FINAL_EMSDM_EMMEAN_SP_120206.parquet"
"13987","FINAL_EMSDM_EMMEAN_SP_120208.parquet"
"13988","FINAL_EMSDM_EMMEAN_SP_120214.parquet"
"13989","FINAL_EMSDM_EMMEAN_SP_120215.parquet"
"13990","FINAL_EMSDM_EMMEAN_SP_120218.parquet"
"13991","FINAL_EMSDM_EMMEAN_SP_120702.parquet"
"13992","FINAL_EMSDM_EMMEAN_SP_120704.parquet"
"13993","FINAL_EMSDM_EMMEAN_SP_120714.parquet"
"13994","FINAL_EMSDM_EMMEAN_SP_120721.parquet"
"13995","FINAL_EMSDM_EMMEAN_SP_120763.parquet"
"13996","FINAL_EMSDM_EMMEAN_SP_120782.parquet"
"13997","FINAL_EMSDM_EMMEAN_SP_120789.parquet"
"13998","FINAL_EMSDM_EMMEAN_SP_120792.parquet"
"13999","FINAL_EMSDM_EMMEAN_SP_120802.parquet"
"14000","FINAL_EMSDM_EMMEAN_SP_120842.parquet"
"14001","FINAL_EMSDM_EMMEAN_SP_120864.parquet"
"14002","FINAL_EMSDM_EMMEAN_SP_120896.parquet"
"14003","FINAL_EMSDM_EMMEAN_SP_120904.parquet"
"14004","FINAL_EMSDM_EMMEAN_SP_120907.parquet"
"14005","FINAL_EMSDM_EMMEAN_SP_120940.parquet"
"14006","FINAL_EMSDM_EMMEAN_SP_120946.parquet"
"14007","FINAL_EMSDM_EMMEAN_SP_120951.parquet"
"14008","FINAL_EMSDM_EMMEAN_SP_120977.parquet"
"14009","FINAL_EMSDM_EMMEAN_SP_121005.parquet"
"14010","FINAL_EMSDM_EMMEAN_SP_121007.parquet"
"14011","FINAL_EMSDM_EMMEAN_SP_121026.parquet"
"14012","FINAL_EMSDM_EMMEAN_SP_121027.parquet"
"14013","FINAL_EMSDM_EMMEAN_SP_121035.parquet"
"14014","FINAL_EMSDM_EMMEAN_SP_121065.parquet"
"14015","FINAL_EMSDM_EMMEAN_SP_121066.parquet"
"14016","FINAL_EMSDM_EMMEAN_SP_121073.parquet"
"14017","FINAL_EMSDM_EMMEAN_SP_121082.parquet"
"14018","FINAL_EMSDM_EMMEAN_SP_121086.parquet"
"14019","FINAL_EMSDM_EMMEAN_SP_121088.parquet"
"14020","FINAL_EMSDM_EMMEAN_SP_121089.parquet"
"14021","FINAL_EMSDM_EMMEAN_SP_121091.parquet"
"14022","FINAL_EMSDM_EMMEAN_SP_121102.parquet"
"14023","FINAL_EMSDM_EMMEAN_SP_121104.parquet"
"14024","FINAL_EMSDM_EMMEAN_SP_121106.parquet"
"14025","FINAL_EMSDM_EMMEAN_SP_121167.parquet"
"14026","FINAL_EMSDM_EMMEAN_SP_121192.parquet"
"14027","FINAL_EMSDM_EMMEAN_SP_121267.parquet"
"14028","FINAL_EMSDM_EMMEAN_SP_121302.parquet"
"14029","FINAL_EMSDM_EMMEAN_SP_121303.parquet"
"14030","FINAL_EMSDM_EMMEAN_SP_121308.parquet"
"14031","FINAL_EMSDM_EMMEAN_SP_121316.parquet"
"14032","FINAL_EMSDM_EMMEAN_SP_121323.parquet"
"14033","FINAL_EMSDM_EMMEAN_SP_121326.parquet"
"14034","FINAL_EMSDM_EMMEAN_SP_121333.parquet"
"14035","FINAL_EMSDM_EMMEAN_SP_121336.parquet"
"14036","FINAL_EMSDM_EMMEAN_SP_121349.parquet"
"14037","FINAL_EMSDM_EMMEAN_SP_121352.parquet"
"14038","FINAL_EMSDM_EMMEAN_SP_121360.parquet"
"14039","FINAL_EMSDM_EMMEAN_SP_121371.parquet"
"14040","FINAL_EMSDM_EMMEAN_SP_121374.parquet"
"14041","FINAL_EMSDM_EMMEAN_SP_121378.parquet"
"14042","FINAL_EMSDM_EMMEAN_SP_1214581.parquet"
"14043","FINAL_EMSDM_EMMEAN_SP_1214744.parquet"
"14044","FINAL_EMSDM_EMMEAN_SP_1214745.parquet"
"14045","FINAL_EMSDM_EMMEAN_SP_1214746.parquet"
"14046","FINAL_EMSDM_EMMEAN_SP_1214747.parquet"
"14047","FINAL_EMSDM_EMMEAN_SP_121484.parquet"
"14048","FINAL_EMSDM_EMMEAN_SP_121489.parquet"
"14049","FINAL_EMSDM_EMMEAN_SP_121494.parquet"
"14050","FINAL_EMSDM_EMMEAN_SP_121508.parquet"
"14051","FINAL_EMSDM_EMMEAN_SP_121533.parquet"
"14052","FINAL_EMSDM_EMMEAN_SP_121540.parquet"
"14053","FINAL_EMSDM_EMMEAN_SP_121552.parquet"
"14054","FINAL_EMSDM_EMMEAN_SP_121555.parquet"
"14055","FINAL_EMSDM_EMMEAN_SP_121567.parquet"
"14056","FINAL_EMSDM_EMMEAN_SP_121569.parquet"
"14057","FINAL_EMSDM_EMMEAN_SP_121576.parquet"
"14058","FINAL_EMSDM_EMMEAN_SP_121592.parquet"
"14059","FINAL_EMSDM_EMMEAN_SP_121609.parquet"
"14060","FINAL_EMSDM_EMMEAN_SP_121616.parquet"
"14061","FINAL_EMSDM_EMMEAN_SP_121634.parquet"
"14062","FINAL_EMSDM_EMMEAN_SP_121647.parquet"
"14063","FINAL_EMSDM_EMMEAN_SP_121653.parquet"
"14064","FINAL_EMSDM_EMMEAN_SP_121663.parquet"
"14065","FINAL_EMSDM_EMMEAN_SP_121677.parquet"
"14066","FINAL_EMSDM_EMMEAN_SP_121679.parquet"
"14067","FINAL_EMSDM_EMMEAN_SP_121691.parquet"
"14068","FINAL_EMSDM_EMMEAN_SP_121752.parquet"
"14069","FINAL_EMSDM_EMMEAN_SP_121767.parquet"
"14070","FINAL_EMSDM_EMMEAN_SP_121846.parquet"
"14071","FINAL_EMSDM_EMMEAN_SP_121860.parquet"
"14072","FINAL_EMSDM_EMMEAN_SP_121890.parquet"
"14073","FINAL_EMSDM_EMMEAN_SP_122009.parquet"
"14074","FINAL_EMSDM_EMMEAN_SP_122013.parquet"
"14075","FINAL_EMSDM_EMMEAN_SP_122038.parquet"
"14076","FINAL_EMSDM_EMMEAN_SP_122133.parquet"
"14077","FINAL_EMSDM_EMMEAN_SP_122138.parquet"
"14078","FINAL_EMSDM_EMMEAN_SP_122141.parquet"
"14079","FINAL_EMSDM_EMMEAN_SP_122142.parquet"
"14080","FINAL_EMSDM_EMMEAN_SP_122156.parquet"
"14081","FINAL_EMSDM_EMMEAN_SP_122237.parquet"
"14082","FINAL_EMSDM_EMMEAN_SP_122295.parquet"
"14083","FINAL_EMSDM_EMMEAN_SP_122471.parquet"
"14084","FINAL_EMSDM_EMMEAN_SP_122478.parquet"
"14085","FINAL_EMSDM_EMMEAN_SP_122490.parquet"
"14086","FINAL_EMSDM_EMMEAN_SP_122492.parquet"
"14087","FINAL_EMSDM_EMMEAN_SP_122528.parquet"
"14088","FINAL_EMSDM_EMMEAN_SP_122536.parquet"
"14089","FINAL_EMSDM_EMMEAN_SP_122549.parquet"
"14090","FINAL_EMSDM_EMMEAN_SP_122555.parquet"
"14091","FINAL_EMSDM_EMMEAN_SP_122577.parquet"
"14092","FINAL_EMSDM_EMMEAN_SP_122586.parquet"
"14093","FINAL_EMSDM_EMMEAN_SP_122596.parquet"
"14094","FINAL_EMSDM_EMMEAN_SP_122599.parquet"
"14095","FINAL_EMSDM_EMMEAN_SP_122619.parquet"
"14096","FINAL_EMSDM_EMMEAN_SP_122626.parquet"
"14097","FINAL_EMSDM_EMMEAN_SP_122637.parquet"
"14098","FINAL_EMSDM_EMMEAN_SP_122639.parquet"
"14099","FINAL_EMSDM_EMMEAN_SP_122641.parquet"
"14100","FINAL_EMSDM_EMMEAN_SP_122739.parquet"
"14101","FINAL_EMSDM_EMMEAN_SP_122768.parquet"
"14102","FINAL_EMSDM_EMMEAN_SP_122817.parquet"
"14103","FINAL_EMSDM_EMMEAN_SP_122841.parquet"
"14104","FINAL_EMSDM_EMMEAN_SP_122853.parquet"
"14105","FINAL_EMSDM_EMMEAN_SP_123639.parquet"
"14106","FINAL_EMSDM_EMMEAN_SP_123673.parquet"
"14107","FINAL_EMSDM_EMMEAN_SP_123690.parquet"
"14108","FINAL_EMSDM_EMMEAN_SP_123692.parquet"
"14109","FINAL_EMSDM_EMMEAN_SP_123776.parquet"
"14110","FINAL_EMSDM_EMMEAN_SP_123795.parquet"
"14111","FINAL_EMSDM_EMMEAN_SP_123796.parquet"
"14112","FINAL_EMSDM_EMMEAN_SP_123803.parquet"
"14113","FINAL_EMSDM_EMMEAN_SP_123808.parquet"
"14114","FINAL_EMSDM_EMMEAN_SP_123813.parquet"
"14115","FINAL_EMSDM_EMMEAN_SP_123815.parquet"
"14116","FINAL_EMSDM_EMMEAN_SP_123817.parquet"
"14117","FINAL_EMSDM_EMMEAN_SP_123820.parquet"
"14118","FINAL_EMSDM_EMMEAN_SP_123822.parquet"
"14119","FINAL_EMSDM_EMMEAN_SP_123825.parquet"
"14120","FINAL_EMSDM_EMMEAN_SP_123826.parquet"
"14121","FINAL_EMSDM_EMMEAN_SP_123837.parquet"
"14122","FINAL_EMSDM_EMMEAN_SP_123845.parquet"
"14123","FINAL_EMSDM_EMMEAN_SP_123851.parquet"
"14124","FINAL_EMSDM_EMMEAN_SP_123856.parquet"
"14125","FINAL_EMSDM_EMMEAN_SP_123859.parquet"
"14126","FINAL_EMSDM_EMMEAN_SP_123867.parquet"
"14127","FINAL_EMSDM_EMMEAN_SP_123868.parquet"
"14128","FINAL_EMSDM_EMMEAN_SP_123876.parquet"
"14129","FINAL_EMSDM_EMMEAN_SP_123878.parquet"
"14130","FINAL_EMSDM_EMMEAN_SP_123881.parquet"
"14131","FINAL_EMSDM_EMMEAN_SP_123885.parquet"
"14132","FINAL_EMSDM_EMMEAN_SP_123887.parquet"
"14133","FINAL_EMSDM_EMMEAN_SP_123888.parquet"
"14134","FINAL_EMSDM_EMMEAN_SP_123893.parquet"
"14135","FINAL_EMSDM_EMMEAN_SP_123896.parquet"
"14136","FINAL_EMSDM_EMMEAN_SP_123897.parquet"
"14137","FINAL_EMSDM_EMMEAN_SP_123898.parquet"
"14138","FINAL_EMSDM_EMMEAN_SP_123899.parquet"
"14139","FINAL_EMSDM_EMMEAN_SP_123904.parquet"
"14140","FINAL_EMSDM_EMMEAN_SP_123908.parquet"
"14141","FINAL_EMSDM_EMMEAN_SP_123909.parquet"
"14142","FINAL_EMSDM_EMMEAN_SP_123915.parquet"
"14143","FINAL_EMSDM_EMMEAN_SP_123919.parquet"
"14144","FINAL_EMSDM_EMMEAN_SP_123920.parquet"
"14145","FINAL_EMSDM_EMMEAN_SP_123922.parquet"
"14146","FINAL_EMSDM_EMMEAN_SP_123926.parquet"
"14147","FINAL_EMSDM_EMMEAN_SP_123932.parquet"
"14148","FINAL_EMSDM_EMMEAN_SP_123935.parquet"
"14149","FINAL_EMSDM_EMMEAN_SP_123941.parquet"
"14150","FINAL_EMSDM_EMMEAN_SP_123942.parquet"
"14151","FINAL_EMSDM_EMMEAN_SP_123944.parquet"
"14152","FINAL_EMSDM_EMMEAN_SP_123945.parquet"
"14153","FINAL_EMSDM_EMMEAN_SP_123947.parquet"
"14154","FINAL_EMSDM_EMMEAN_SP_123965.parquet"
"14155","FINAL_EMSDM_EMMEAN_SP_123966.parquet"
"14156","FINAL_EMSDM_EMMEAN_SP_123970.parquet"
"14157","FINAL_EMSDM_EMMEAN_SP_123971.parquet"
"14158","FINAL_EMSDM_EMMEAN_SP_123973.parquet"
"14159","FINAL_EMSDM_EMMEAN_SP_123974.parquet"
"14160","FINAL_EMSDM_EMMEAN_SP_123985.parquet"
"14161","FINAL_EMSDM_EMMEAN_SP_123987.parquet"
"14162","FINAL_EMSDM_EMMEAN_SP_123990.parquet"
"14163","FINAL_EMSDM_EMMEAN_SP_124002.parquet"
"14164","FINAL_EMSDM_EMMEAN_SP_124004.parquet"
"14165","FINAL_EMSDM_EMMEAN_SP_124020.parquet"
"14166","FINAL_EMSDM_EMMEAN_SP_124021.parquet"
"14167","FINAL_EMSDM_EMMEAN_SP_124033.parquet"
"14168","FINAL_EMSDM_EMMEAN_SP_124043.parquet"
"14169","FINAL_EMSDM_EMMEAN_SP_124045.parquet"
"14170","FINAL_EMSDM_EMMEAN_SP_124048.parquet"
"14171","FINAL_EMSDM_EMMEAN_SP_124053.parquet"
"14172","FINAL_EMSDM_EMMEAN_SP_124055.parquet"
"14173","FINAL_EMSDM_EMMEAN_SP_124080.parquet"
"14174","FINAL_EMSDM_EMMEAN_SP_124085.parquet"
"14175","FINAL_EMSDM_EMMEAN_SP_124086.parquet"
"14176","FINAL_EMSDM_EMMEAN_SP_124091.parquet"
"14177","FINAL_EMSDM_EMMEAN_SP_124094.parquet"
"14178","FINAL_EMSDM_EMMEAN_SP_124095.parquet"
"14179","FINAL_EMSDM_EMMEAN_SP_124097.parquet"
"14180","FINAL_EMSDM_EMMEAN_SP_124101.parquet"
"14181","FINAL_EMSDM_EMMEAN_SP_124105.parquet"
"14182","FINAL_EMSDM_EMMEAN_SP_124121.parquet"
"14183","FINAL_EMSDM_EMMEAN_SP_124123.parquet"
"14184","FINAL_EMSDM_EMMEAN_SP_124127.parquet"
"14185","FINAL_EMSDM_EMMEAN_SP_124128.parquet"
"14186","FINAL_EMSDM_EMMEAN_SP_124135.parquet"
"14187","FINAL_EMSDM_EMMEAN_SP_124139.parquet"
"14188","FINAL_EMSDM_EMMEAN_SP_124143.parquet"
"14189","FINAL_EMSDM_EMMEAN_SP_124147.parquet"
"14190","FINAL_EMSDM_EMMEAN_SP_124149.parquet"
"14191","FINAL_EMSDM_EMMEAN_SP_124151.parquet"
"14192","FINAL_EMSDM_EMMEAN_SP_124154.parquet"
"14193","FINAL_EMSDM_EMMEAN_SP_124156.parquet"
"14194","FINAL_EMSDM_EMMEAN_SP_124158.parquet"
"14195","FINAL_EMSDM_EMMEAN_SP_124160.parquet"
"14196","FINAL_EMSDM_EMMEAN_SP_124170.parquet"
"14197","FINAL_EMSDM_EMMEAN_SP_124171.parquet"
"14198","FINAL_EMSDM_EMMEAN_SP_124178.parquet"
"14199","FINAL_EMSDM_EMMEAN_SP_124183.parquet"
"14200","FINAL_EMSDM_EMMEAN_SP_124184.parquet"
"14201","FINAL_EMSDM_EMMEAN_SP_124185.parquet"
"14202","FINAL_EMSDM_EMMEAN_SP_124188.parquet"
"14203","FINAL_EMSDM_EMMEAN_SP_124201.parquet"
"14204","FINAL_EMSDM_EMMEAN_SP_124208.parquet"
"14205","FINAL_EMSDM_EMMEAN_SP_124210.parquet"
"14206","FINAL_EMSDM_EMMEAN_SP_124223.parquet"
"14207","FINAL_EMSDM_EMMEAN_SP_124224.parquet"
"14208","FINAL_EMSDM_EMMEAN_SP_124226.parquet"
"14209","FINAL_EMSDM_EMMEAN_SP_124229.parquet"
"14210","FINAL_EMSDM_EMMEAN_SP_124232.parquet"
"14211","FINAL_EMSDM_EMMEAN_SP_124235.parquet"
"14212","FINAL_EMSDM_EMMEAN_SP_124249.parquet"
"14213","FINAL_EMSDM_EMMEAN_SP_124254.parquet"
"14214","FINAL_EMSDM_EMMEAN_SP_124257.parquet"
"14215","FINAL_EMSDM_EMMEAN_SP_124267.parquet"
"14216","FINAL_EMSDM_EMMEAN_SP_124268.parquet"
"14217","FINAL_EMSDM_EMMEAN_SP_124270.parquet"
"14218","FINAL_EMSDM_EMMEAN_SP_124271.parquet"
"14219","FINAL_EMSDM_EMMEAN_SP_124273.parquet"
"14220","FINAL_EMSDM_EMMEAN_SP_124287.parquet"
"14221","FINAL_EMSDM_EMMEAN_SP_124294.parquet"
"14222","FINAL_EMSDM_EMMEAN_SP_124316.parquet"
"14223","FINAL_EMSDM_EMMEAN_SP_124318.parquet"
"14224","FINAL_EMSDM_EMMEAN_SP_124319.parquet"
"14225","FINAL_EMSDM_EMMEAN_SP_124321.parquet"
"14226","FINAL_EMSDM_EMMEAN_SP_124324.parquet"
"14227","FINAL_EMSDM_EMMEAN_SP_124329.parquet"
"14228","FINAL_EMSDM_EMMEAN_SP_124330.parquet"
"14229","FINAL_EMSDM_EMMEAN_SP_124331.parquet"
"14230","FINAL_EMSDM_EMMEAN_SP_124332.parquet"
"14231","FINAL_EMSDM_EMMEAN_SP_124338.parquet"
"14232","FINAL_EMSDM_EMMEAN_SP_124339.parquet"
"14233","FINAL_EMSDM_EMMEAN_SP_124343.parquet"
"14234","FINAL_EMSDM_EMMEAN_SP_124347.parquet"
"14235","FINAL_EMSDM_EMMEAN_SP_124355.parquet"
"14236","FINAL_EMSDM_EMMEAN_SP_124360.parquet"
"14237","FINAL_EMSDM_EMMEAN_SP_124364.parquet"
"14238","FINAL_EMSDM_EMMEAN_SP_124365.parquet"
"14239","FINAL_EMSDM_EMMEAN_SP_124367.parquet"
"14240","FINAL_EMSDM_EMMEAN_SP_124368.parquet"
"14241","FINAL_EMSDM_EMMEAN_SP_124372.parquet"
"14242","FINAL_EMSDM_EMMEAN_SP_124373.parquet"
"14243","FINAL_EMSDM_EMMEAN_SP_124380.parquet"
"14244","FINAL_EMSDM_EMMEAN_SP_124392.parquet"
"14245","FINAL_EMSDM_EMMEAN_SP_124394.parquet"
"14246","FINAL_EMSDM_EMMEAN_SP_124398.parquet"
"14247","FINAL_EMSDM_EMMEAN_SP_124399.parquet"
"14248","FINAL_EMSDM_EMMEAN_SP_124402.parquet"
"14249","FINAL_EMSDM_EMMEAN_SP_124404.parquet"
"14250","FINAL_EMSDM_EMMEAN_SP_124418.parquet"
"14251","FINAL_EMSDM_EMMEAN_SP_124419.parquet"
"14252","FINAL_EMSDM_EMMEAN_SP_124423.parquet"
"14253","FINAL_EMSDM_EMMEAN_SP_124426.parquet"
"14254","FINAL_EMSDM_EMMEAN_SP_124427.parquet"
"14255","FINAL_EMSDM_EMMEAN_SP_124434.parquet"
"14256","FINAL_EMSDM_EMMEAN_SP_124440.parquet"
"14257","FINAL_EMSDM_EMMEAN_SP_124441.parquet"
"14258","FINAL_EMSDM_EMMEAN_SP_124443.parquet"
"14259","FINAL_EMSDM_EMMEAN_SP_124446.parquet"
"14260","FINAL_EMSDM_EMMEAN_SP_124447.parquet"
"14261","FINAL_EMSDM_EMMEAN_SP_124452.parquet"
"14262","FINAL_EMSDM_EMMEAN_SP_124453.parquet"
"14263","FINAL_EMSDM_EMMEAN_SP_124454.parquet"
"14264","FINAL_EMSDM_EMMEAN_SP_124455.parquet"
"14265","FINAL_EMSDM_EMMEAN_SP_124457.parquet"
"14266","FINAL_EMSDM_EMMEAN_SP_124460.parquet"
"14267","FINAL_EMSDM_EMMEAN_SP_124462.parquet"
"14268","FINAL_EMSDM_EMMEAN_SP_124463.parquet"
"14269","FINAL_EMSDM_EMMEAN_SP_124464.parquet"
"14270","FINAL_EMSDM_EMMEAN_SP_124465.parquet"
"14271","FINAL_EMSDM_EMMEAN_SP_124467.parquet"
"14272","FINAL_EMSDM_EMMEAN_SP_124470.parquet"
"14273","FINAL_EMSDM_EMMEAN_SP_124483.parquet"
"14274","FINAL_EMSDM_EMMEAN_SP_124495.parquet"
"14275","FINAL_EMSDM_EMMEAN_SP_124512.parquet"
"14276","FINAL_EMSDM_EMMEAN_SP_124525.parquet"
"14277","FINAL_EMSDM_EMMEAN_SP_124528.parquet"
"14278","FINAL_EMSDM_EMMEAN_SP_124535.parquet"
"14279","FINAL_EMSDM_EMMEAN_SP_124549.parquet"
"14280","FINAL_EMSDM_EMMEAN_SP_124553.parquet"
"14281","FINAL_EMSDM_EMMEAN_SP_124556.parquet"
"14282","FINAL_EMSDM_EMMEAN_SP_124559.parquet"
"14283","FINAL_EMSDM_EMMEAN_SP_124579.parquet"
"14284","FINAL_EMSDM_EMMEAN_SP_124592.parquet"
"14285","FINAL_EMSDM_EMMEAN_SP_124593.parquet"
"14286","FINAL_EMSDM_EMMEAN_SP_124595.parquet"
"14287","FINAL_EMSDM_EMMEAN_SP_124597.parquet"
"14288","FINAL_EMSDM_EMMEAN_SP_124598.parquet"
"14289","FINAL_EMSDM_EMMEAN_SP_124612.parquet"
"14290","FINAL_EMSDM_EMMEAN_SP_124639.parquet"
"14291","FINAL_EMSDM_EMMEAN_SP_124641.parquet"
"14292","FINAL_EMSDM_EMMEAN_SP_124645.parquet"
"14293","FINAL_EMSDM_EMMEAN_SP_124647.parquet"
"14294","FINAL_EMSDM_EMMEAN_SP_124653.parquet"
"14295","FINAL_EMSDM_EMMEAN_SP_124655.parquet"
"14296","FINAL_EMSDM_EMMEAN_SP_124661.parquet"
"14297","FINAL_EMSDM_EMMEAN_SP_124663.parquet"
"14298","FINAL_EMSDM_EMMEAN_SP_124670.parquet"
"14299","FINAL_EMSDM_EMMEAN_SP_124671.parquet"
"14300","FINAL_EMSDM_EMMEAN_SP_124672.parquet"
"14301","FINAL_EMSDM_EMMEAN_SP_124676.parquet"
"14302","FINAL_EMSDM_EMMEAN_SP_124681.parquet"
"14303","FINAL_EMSDM_EMMEAN_SP_124685.parquet"
"14304","FINAL_EMSDM_EMMEAN_SP_124694.parquet"
"14305","FINAL_EMSDM_EMMEAN_SP_124696.parquet"
"14306","FINAL_EMSDM_EMMEAN_SP_124703.parquet"
"14307","FINAL_EMSDM_EMMEAN_SP_124710.parquet"
"14308","FINAL_EMSDM_EMMEAN_SP_124713.parquet"
"14309","FINAL_EMSDM_EMMEAN_SP_124722.parquet"
"14310","FINAL_EMSDM_EMMEAN_SP_124723.parquet"
"14311","FINAL_EMSDM_EMMEAN_SP_124726.parquet"
"14312","FINAL_EMSDM_EMMEAN_SP_124731.parquet"
"14313","FINAL_EMSDM_EMMEAN_SP_124734.parquet"
"14314","FINAL_EMSDM_EMMEAN_SP_124735.parquet"
"14315","FINAL_EMSDM_EMMEAN_SP_124752.parquet"
"14316","FINAL_EMSDM_EMMEAN_SP_124756.parquet"
"14317","FINAL_EMSDM_EMMEAN_SP_124757.parquet"
"14318","FINAL_EMSDM_EMMEAN_SP_124759.parquet"
"14319","FINAL_EMSDM_EMMEAN_SP_124764.parquet"
"14320","FINAL_EMSDM_EMMEAN_SP_124765.parquet"
"14321","FINAL_EMSDM_EMMEAN_SP_124773.parquet"
"14322","FINAL_EMSDM_EMMEAN_SP_124774.parquet"
"14323","FINAL_EMSDM_EMMEAN_SP_124779.parquet"
"14324","FINAL_EMSDM_EMMEAN_SP_124782.parquet"
"14325","FINAL_EMSDM_EMMEAN_SP_124783.parquet"
"14326","FINAL_EMSDM_EMMEAN_SP_124792.parquet"
"14327","FINAL_EMSDM_EMMEAN_SP_124797.parquet"
"14328","FINAL_EMSDM_EMMEAN_SP_124798.parquet"
"14329","FINAL_EMSDM_EMMEAN_SP_124801.parquet"
"14330","FINAL_EMSDM_EMMEAN_SP_124802.parquet"
"14331","FINAL_EMSDM_EMMEAN_SP_124814.parquet"
"14332","FINAL_EMSDM_EMMEAN_SP_124833.parquet"
"14333","FINAL_EMSDM_EMMEAN_SP_124834.parquet"
"14334","FINAL_EMSDM_EMMEAN_SP_124837.parquet"
"14335","FINAL_EMSDM_EMMEAN_SP_124850.parquet"
"14336","FINAL_EMSDM_EMMEAN_SP_124853.parquet"
"14337","FINAL_EMSDM_EMMEAN_SP_1248536.parquet"
"14338","FINAL_EMSDM_EMMEAN_SP_124854.parquet"
"14339","FINAL_EMSDM_EMMEAN_SP_124860.parquet"
"14340","FINAL_EMSDM_EMMEAN_SP_124862.parquet"
"14341","FINAL_EMSDM_EMMEAN_SP_124887.parquet"
"14342","FINAL_EMSDM_EMMEAN_SP_124892.parquet"
"14343","FINAL_EMSDM_EMMEAN_SP_124898.parquet"
"14344","FINAL_EMSDM_EMMEAN_SP_124900.parquet"
"14345","FINAL_EMSDM_EMMEAN_SP_124901.parquet"
"14346","FINAL_EMSDM_EMMEAN_SP_124904.parquet"
"14347","FINAL_EMSDM_EMMEAN_SP_124908.parquet"
"14348","FINAL_EMSDM_EMMEAN_SP_124913.parquet"
"14349","FINAL_EMSDM_EMMEAN_SP_124918.parquet"
"14350","FINAL_EMSDM_EMMEAN_SP_124919.parquet"
"14351","FINAL_EMSDM_EMMEAN_SP_124925.parquet"
"14352","FINAL_EMSDM_EMMEAN_SP_124929.parquet"
"14353","FINAL_EMSDM_EMMEAN_SP_124933.parquet"
"14354","FINAL_EMSDM_EMMEAN_SP_124934.parquet"
"14355","FINAL_EMSDM_EMMEAN_SP_124943.parquet"
"14356","FINAL_EMSDM_EMMEAN_SP_124944.parquet"
"14357","FINAL_EMSDM_EMMEAN_SP_124951.parquet"
"14358","FINAL_EMSDM_EMMEAN_SP_124953.parquet"
"14359","FINAL_EMSDM_EMMEAN_SP_124955.parquet"
"14360","FINAL_EMSDM_EMMEAN_SP_124956.parquet"
"14361","FINAL_EMSDM_EMMEAN_SP_124963.parquet"
"14362","FINAL_EMSDM_EMMEAN_SP_124966.parquet"
"14363","FINAL_EMSDM_EMMEAN_SP_124967.parquet"
"14364","FINAL_EMSDM_EMMEAN_SP_124969.parquet"
"14365","FINAL_EMSDM_EMMEAN_SP_124971.parquet"
"14366","FINAL_EMSDM_EMMEAN_SP_124973.parquet"
"14367","FINAL_EMSDM_EMMEAN_SP_124978.parquet"
"14368","FINAL_EMSDM_EMMEAN_SP_1249808.parquet"
"14369","FINAL_EMSDM_EMMEAN_SP_124983.parquet"
"14370","FINAL_EMSDM_EMMEAN_SP_124989.parquet"
"14371","FINAL_EMSDM_EMMEAN_SP_124994.parquet"
"14372","FINAL_EMSDM_EMMEAN_SP_125002.parquet"
"14373","FINAL_EMSDM_EMMEAN_SP_125003.parquet"
"14374","FINAL_EMSDM_EMMEAN_SP_125004.parquet"
"14375","FINAL_EMSDM_EMMEAN_SP_1250203.parquet"
"14376","FINAL_EMSDM_EMMEAN_SP_125027.parquet"
"14377","FINAL_EMSDM_EMMEAN_SP_125033.parquet"
"14378","FINAL_EMSDM_EMMEAN_SP_125040.parquet"
"14379","FINAL_EMSDM_EMMEAN_SP_125041.parquet"
"14380","FINAL_EMSDM_EMMEAN_SP_125048.parquet"
"14381","FINAL_EMSDM_EMMEAN_SP_125049.parquet"
"14382","FINAL_EMSDM_EMMEAN_SP_125050.parquet"
"14383","FINAL_EMSDM_EMMEAN_SP_125056.parquet"
"14384","FINAL_EMSDM_EMMEAN_SP_125057.parquet"
"14385","FINAL_EMSDM_EMMEAN_SP_125064.parquet"
"14386","FINAL_EMSDM_EMMEAN_SP_125066.parquet"
"14387","FINAL_EMSDM_EMMEAN_SP_125071.parquet"
"14388","FINAL_EMSDM_EMMEAN_SP_125073.parquet"
"14389","FINAL_EMSDM_EMMEAN_SP_125080.parquet"
"14390","FINAL_EMSDM_EMMEAN_SP_125081.parquet"
"14391","FINAL_EMSDM_EMMEAN_SP_125083.parquet"
"14392","FINAL_EMSDM_EMMEAN_SP_125084.parquet"
"14393","FINAL_EMSDM_EMMEAN_SP_125092.parquet"
"14394","FINAL_EMSDM_EMMEAN_SP_125093.parquet"
"14395","FINAL_EMSDM_EMMEAN_SP_125098.parquet"
"14396","FINAL_EMSDM_EMMEAN_SP_125100.parquet"
"14397","FINAL_EMSDM_EMMEAN_SP_125108.parquet"
"14398","FINAL_EMSDM_EMMEAN_SP_125109.parquet"
"14399","FINAL_EMSDM_EMMEAN_SP_125110.parquet"
"14400","FINAL_EMSDM_EMMEAN_SP_125118.parquet"
"14401","FINAL_EMSDM_EMMEAN_SP_125121.parquet"
"14402","FINAL_EMSDM_EMMEAN_SP_125122.parquet"
"14403","FINAL_EMSDM_EMMEAN_SP_125125.parquet"
"14404","FINAL_EMSDM_EMMEAN_SP_125126.parquet"
"14405","FINAL_EMSDM_EMMEAN_SP_1251279.parquet"
"14406","FINAL_EMSDM_EMMEAN_SP_1251282.parquet"
"14407","FINAL_EMSDM_EMMEAN_SP_125131.parquet"
"14408","FINAL_EMSDM_EMMEAN_SP_125134.parquet"
"14409","FINAL_EMSDM_EMMEAN_SP_125144.parquet"
"14410","FINAL_EMSDM_EMMEAN_SP_125145.parquet"
"14411","FINAL_EMSDM_EMMEAN_SP_125146.parquet"
"14412","FINAL_EMSDM_EMMEAN_SP_125147.parquet"
"14413","FINAL_EMSDM_EMMEAN_SP_125154.parquet"
"14414","FINAL_EMSDM_EMMEAN_SP_125158.parquet"
"14415","FINAL_EMSDM_EMMEAN_SP_125159.parquet"
"14416","FINAL_EMSDM_EMMEAN_SP_125161.parquet"
"14417","FINAL_EMSDM_EMMEAN_SP_125166.parquet"
"14418","FINAL_EMSDM_EMMEAN_SP_125168.parquet"
"14419","FINAL_EMSDM_EMMEAN_SP_125169.parquet"
"14420","FINAL_EMSDM_EMMEAN_SP_125170.parquet"
"14421","FINAL_EMSDM_EMMEAN_SP_125171.parquet"
"14422","FINAL_EMSDM_EMMEAN_SP_125180.parquet"
"14423","FINAL_EMSDM_EMMEAN_SP_125182.parquet"
"14424","FINAL_EMSDM_EMMEAN_SP_125183.parquet"
"14425","FINAL_EMSDM_EMMEAN_SP_125184.parquet"
"14426","FINAL_EMSDM_EMMEAN_SP_125185.parquet"
"14427","FINAL_EMSDM_EMMEAN_SP_125186.parquet"
"14428","FINAL_EMSDM_EMMEAN_SP_125188.parquet"
"14429","FINAL_EMSDM_EMMEAN_SP_125190.parquet"
"14430","FINAL_EMSDM_EMMEAN_SP_125195.parquet"
"14431","FINAL_EMSDM_EMMEAN_SP_125331.parquet"
"14432","FINAL_EMSDM_EMMEAN_SP_125332.parquet"
"14433","FINAL_EMSDM_EMMEAN_SP_125334.parquet"
"14434","FINAL_EMSDM_EMMEAN_SP_125335.parquet"
"14435","FINAL_EMSDM_EMMEAN_SP_125338.parquet"
"14436","FINAL_EMSDM_EMMEAN_SP_125348.parquet"
"14437","FINAL_EMSDM_EMMEAN_SP_125349.parquet"
"14438","FINAL_EMSDM_EMMEAN_SP_125351.parquet"
"14439","FINAL_EMSDM_EMMEAN_SP_125357.parquet"
"14440","FINAL_EMSDM_EMMEAN_SP_125360.parquet"
"14441","FINAL_EMSDM_EMMEAN_SP_125361.parquet"
"14442","FINAL_EMSDM_EMMEAN_SP_125365.parquet"
"14443","FINAL_EMSDM_EMMEAN_SP_125366.parquet"
"14444","FINAL_EMSDM_EMMEAN_SP_1253670.parquet"
"14445","FINAL_EMSDM_EMMEAN_SP_125369.parquet"
"14446","FINAL_EMSDM_EMMEAN_SP_125371.parquet"
"14447","FINAL_EMSDM_EMMEAN_SP_125373.parquet"
"14448","FINAL_EMSDM_EMMEAN_SP_125375.parquet"
"14449","FINAL_EMSDM_EMMEAN_SP_125376.parquet"
"14450","FINAL_EMSDM_EMMEAN_SP_125377.parquet"
"14451","FINAL_EMSDM_EMMEAN_SP_125380.parquet"
"14452","FINAL_EMSDM_EMMEAN_SP_125385.parquet"
"14453","FINAL_EMSDM_EMMEAN_SP_125387.parquet"
"14454","FINAL_EMSDM_EMMEAN_SP_125389.parquet"
"14455","FINAL_EMSDM_EMMEAN_SP_125390.parquet"
"14456","FINAL_EMSDM_EMMEAN_SP_125393.parquet"
"14457","FINAL_EMSDM_EMMEAN_SP_125397.parquet"
"14458","FINAL_EMSDM_EMMEAN_SP_125404.parquet"
"14459","FINAL_EMSDM_EMMEAN_SP_125405.parquet"
"14460","FINAL_EMSDM_EMMEAN_SP_125406.parquet"
"14461","FINAL_EMSDM_EMMEAN_SP_125409.parquet"
"14462","FINAL_EMSDM_EMMEAN_SP_125410.parquet"
"14463","FINAL_EMSDM_EMMEAN_SP_125411.parquet"
"14464","FINAL_EMSDM_EMMEAN_SP_125413.parquet"
"14465","FINAL_EMSDM_EMMEAN_SP_125414.parquet"
"14466","FINAL_EMSDM_EMMEAN_SP_125416.parquet"
"14467","FINAL_EMSDM_EMMEAN_SP_125418.parquet"
"14468","FINAL_EMSDM_EMMEAN_SP_125419.parquet"
"14469","FINAL_EMSDM_EMMEAN_SP_125420.parquet"
"14470","FINAL_EMSDM_EMMEAN_SP_1255613.parquet"
"14471","FINAL_EMSDM_EMMEAN_SP_1258717.parquet"
"14472","FINAL_EMSDM_EMMEAN_SP_1258721.parquet"
"14473","FINAL_EMSDM_EMMEAN_SP_1259621.parquet"
"14474","FINAL_EMSDM_EMMEAN_SP_1261741.parquet"
"14475","FINAL_EMSDM_EMMEAN_SP_1262426.parquet"
"14476","FINAL_EMSDM_EMMEAN_SP_126275.parquet"
"14477","FINAL_EMSDM_EMMEAN_SP_126276.parquet"
"14478","FINAL_EMSDM_EMMEAN_SP_126277.parquet"
"14479","FINAL_EMSDM_EMMEAN_SP_126278.parquet"
"14480","FINAL_EMSDM_EMMEAN_SP_126309.parquet"
"14481","FINAL_EMSDM_EMMEAN_SP_126379.parquet"
"14482","FINAL_EMSDM_EMMEAN_SP_126380.parquet"
"14483","FINAL_EMSDM_EMMEAN_SP_126388.parquet"
"14484","FINAL_EMSDM_EMMEAN_SP_126389.parquet"
"14485","FINAL_EMSDM_EMMEAN_SP_126402.parquet"
"14486","FINAL_EMSDM_EMMEAN_SP_1264222.parquet"
"14487","FINAL_EMSDM_EMMEAN_SP_126430.parquet"
"14488","FINAL_EMSDM_EMMEAN_SP_126432.parquet"
"14489","FINAL_EMSDM_EMMEAN_SP_126433.parquet"
"14490","FINAL_EMSDM_EMMEAN_SP_126435.parquet"
"14491","FINAL_EMSDM_EMMEAN_SP_126436.parquet"
"14492","FINAL_EMSDM_EMMEAN_SP_126437.parquet"
"14493","FINAL_EMSDM_EMMEAN_SP_126439.parquet"
"14494","FINAL_EMSDM_EMMEAN_SP_1264397.parquet"
"14495","FINAL_EMSDM_EMMEAN_SP_126441.parquet"
"14496","FINAL_EMSDM_EMMEAN_SP_126445.parquet"
"14497","FINAL_EMSDM_EMMEAN_SP_126446.parquet"
"14498","FINAL_EMSDM_EMMEAN_SP_126451.parquet"
"14499","FINAL_EMSDM_EMMEAN_SP_126453.parquet"
"14500","FINAL_EMSDM_EMMEAN_SP_126459.parquet"
"14501","FINAL_EMSDM_EMMEAN_SP_126461.parquet"
"14502","FINAL_EMSDM_EMMEAN_SP_1264645.parquet"
"14503","FINAL_EMSDM_EMMEAN_SP_126472.parquet"
"14504","FINAL_EMSDM_EMMEAN_SP_126480.parquet"
"14505","FINAL_EMSDM_EMMEAN_SP_126481.parquet"
"14506","FINAL_EMSDM_EMMEAN_SP_126484.parquet"
"14507","FINAL_EMSDM_EMMEAN_SP_126489.parquet"
"14508","FINAL_EMSDM_EMMEAN_SP_126493.parquet"
"14509","FINAL_EMSDM_EMMEAN_SP_126496.parquet"
"14510","FINAL_EMSDM_EMMEAN_SP_126501.parquet"
"14511","FINAL_EMSDM_EMMEAN_SP_126503.parquet"
"14512","FINAL_EMSDM_EMMEAN_SP_126504.parquet"
"14513","FINAL_EMSDM_EMMEAN_SP_126518.parquet"
"14514","FINAL_EMSDM_EMMEAN_SP_126642.parquet"
"14515","FINAL_EMSDM_EMMEAN_SP_126645.parquet"
"14516","FINAL_EMSDM_EMMEAN_SP_126696.parquet"
"14517","FINAL_EMSDM_EMMEAN_SP_126704.parquet"
"14518","FINAL_EMSDM_EMMEAN_SP_126715.parquet"
"14519","FINAL_EMSDM_EMMEAN_SP_126716.parquet"
"14520","FINAL_EMSDM_EMMEAN_SP_126719.parquet"
"14521","FINAL_EMSDM_EMMEAN_SP_126728.parquet"
"14522","FINAL_EMSDM_EMMEAN_SP_126730.parquet"
"14523","FINAL_EMSDM_EMMEAN_SP_126735.parquet"
"14524","FINAL_EMSDM_EMMEAN_SP_126736.parquet"
"14525","FINAL_EMSDM_EMMEAN_SP_126747.parquet"
"14526","FINAL_EMSDM_EMMEAN_SP_126751.parquet"
"14527","FINAL_EMSDM_EMMEAN_SP_126755.parquet"
"14528","FINAL_EMSDM_EMMEAN_SP_126757.parquet"
"14529","FINAL_EMSDM_EMMEAN_SP_126758.parquet"
"14530","FINAL_EMSDM_EMMEAN_SP_126759.parquet"
"14531","FINAL_EMSDM_EMMEAN_SP_126784.parquet"
"14532","FINAL_EMSDM_EMMEAN_SP_126791.parquet"
"14533","FINAL_EMSDM_EMMEAN_SP_126809.parquet"
"14534","FINAL_EMSDM_EMMEAN_SP_126818.parquet"
"14535","FINAL_EMSDM_EMMEAN_SP_126824.parquet"
"14536","FINAL_EMSDM_EMMEAN_SP_126834.parquet"
"14537","FINAL_EMSDM_EMMEAN_SP_126949.parquet"
"14538","FINAL_EMSDM_EMMEAN_SP_126955.parquet"
"14539","FINAL_EMSDM_EMMEAN_SP_126973.parquet"
"14540","FINAL_EMSDM_EMMEAN_SP_126984.parquet"
"14541","FINAL_EMSDM_EMMEAN_SP_126988.parquet"
"14542","FINAL_EMSDM_EMMEAN_SP_126994.parquet"
"14543","FINAL_EMSDM_EMMEAN_SP_126995.parquet"
"14544","FINAL_EMSDM_EMMEAN_SP_126996.parquet"
"14545","FINAL_EMSDM_EMMEAN_SP_127033.parquet"
"14546","FINAL_EMSDM_EMMEAN_SP_127067.parquet"
"14547","FINAL_EMSDM_EMMEAN_SP_127070.parquet"
"14548","FINAL_EMSDM_EMMEAN_SP_127071.parquet"
"14549","FINAL_EMSDM_EMMEAN_SP_127072.parquet"
"14550","FINAL_EMSDM_EMMEAN_SP_127073.parquet"
"14551","FINAL_EMSDM_EMMEAN_SP_127075.parquet"
"14552","FINAL_EMSDM_EMMEAN_SP_127077.parquet"
"14553","FINAL_EMSDM_EMMEAN_SP_127078.parquet"
"14554","FINAL_EMSDM_EMMEAN_SP_127086.parquet"
"14555","FINAL_EMSDM_EMMEAN_SP_127095.parquet"
"14556","FINAL_EMSDM_EMMEAN_SP_127097.parquet"
"14557","FINAL_EMSDM_EMMEAN_SP_127098.parquet"
"14558","FINAL_EMSDM_EMMEAN_SP_127099.parquet"
"14559","FINAL_EMSDM_EMMEAN_SP_127101.parquet"
"14560","FINAL_EMSDM_EMMEAN_SP_127102.parquet"
"14561","FINAL_EMSDM_EMMEAN_SP_127103.parquet"
"14562","FINAL_EMSDM_EMMEAN_SP_127104.parquet"
"14563","FINAL_EMSDM_EMMEAN_SP_127105.parquet"
"14564","FINAL_EMSDM_EMMEAN_SP_127107.parquet"
"14565","FINAL_EMSDM_EMMEAN_SP_127108.parquet"
"14566","FINAL_EMSDM_EMMEAN_SP_127110.parquet"
"14567","FINAL_EMSDM_EMMEAN_SP_127111.parquet"
"14568","FINAL_EMSDM_EMMEAN_SP_127112.parquet"
"14569","FINAL_EMSDM_EMMEAN_SP_127113.parquet"
"14570","FINAL_EMSDM_EMMEAN_SP_127114.parquet"
"14571","FINAL_EMSDM_EMMEAN_SP_127115.parquet"
"14572","FINAL_EMSDM_EMMEAN_SP_127116.parquet"
"14573","FINAL_EMSDM_EMMEAN_SP_127117.parquet"
"14574","FINAL_EMSDM_EMMEAN_SP_127118.parquet"
"14575","FINAL_EMSDM_EMMEAN_SP_127119.parquet"
"14576","FINAL_EMSDM_EMMEAN_SP_127123.parquet"
"14577","FINAL_EMSDM_EMMEAN_SP_127157.parquet"
"14578","FINAL_EMSDM_EMMEAN_SP_127181.parquet"
"14579","FINAL_EMSDM_EMMEAN_SP_127191.parquet"
"14580","FINAL_EMSDM_EMMEAN_SP_127193.parquet"
"14581","FINAL_EMSDM_EMMEAN_SP_127194.parquet"
"14582","FINAL_EMSDM_EMMEAN_SP_127195.parquet"
"14583","FINAL_EMSDM_EMMEAN_SP_127198.parquet"
"14584","FINAL_EMSDM_EMMEAN_SP_127199.parquet"
"14585","FINAL_EMSDM_EMMEAN_SP_127200.parquet"
"14586","FINAL_EMSDM_EMMEAN_SP_127205.parquet"
"14587","FINAL_EMSDM_EMMEAN_SP_127206.parquet"
"14588","FINAL_EMSDM_EMMEAN_SP_127207.parquet"
"14589","FINAL_EMSDM_EMMEAN_SP_127211.parquet"
"14590","FINAL_EMSDM_EMMEAN_SP_127212.parquet"
"14591","FINAL_EMSDM_EMMEAN_SP_127213.parquet"
"14592","FINAL_EMSDM_EMMEAN_SP_127214.parquet"
"14593","FINAL_EMSDM_EMMEAN_SP_127215.parquet"
"14594","FINAL_EMSDM_EMMEAN_SP_127217.parquet"
"14595","FINAL_EMSDM_EMMEAN_SP_127218.parquet"
"14596","FINAL_EMSDM_EMMEAN_SP_127222.parquet"
"14597","FINAL_EMSDM_EMMEAN_SP_127228.parquet"
"14598","FINAL_EMSDM_EMMEAN_SP_127231.parquet"
"14599","FINAL_EMSDM_EMMEAN_SP_127232.parquet"
"14600","FINAL_EMSDM_EMMEAN_SP_127235.parquet"
"14601","FINAL_EMSDM_EMMEAN_SP_127236.parquet"
"14602","FINAL_EMSDM_EMMEAN_SP_127250.parquet"
"14603","FINAL_EMSDM_EMMEAN_SP_127252.parquet"
"14604","FINAL_EMSDM_EMMEAN_SP_127255.parquet"
"14605","FINAL_EMSDM_EMMEAN_SP_127257.parquet"
"14606","FINAL_EMSDM_EMMEAN_SP_127264.parquet"
"14607","FINAL_EMSDM_EMMEAN_SP_127423.parquet"
"14608","FINAL_EMSDM_EMMEAN_SP_127713.parquet"
"14609","FINAL_EMSDM_EMMEAN_SP_127715.parquet"
"14610","FINAL_EMSDM_EMMEAN_SP_127716.parquet"
"14611","FINAL_EMSDM_EMMEAN_SP_127718.parquet"
"14612","FINAL_EMSDM_EMMEAN_SP_127719.parquet"
"14613","FINAL_EMSDM_EMMEAN_SP_127727.parquet"
"14614","FINAL_EMSDM_EMMEAN_SP_127731.parquet"
"14615","FINAL_EMSDM_EMMEAN_SP_127746.parquet"
"14616","FINAL_EMSDM_EMMEAN_SP_127767.parquet"
"14617","FINAL_EMSDM_EMMEAN_SP_127769.parquet"
"14618","FINAL_EMSDM_EMMEAN_SP_127773.parquet"
"14619","FINAL_EMSDM_EMMEAN_SP_127777.parquet"
"14620","FINAL_EMSDM_EMMEAN_SP_127780.parquet"
"14621","FINAL_EMSDM_EMMEAN_SP_127781.parquet"
"14622","FINAL_EMSDM_EMMEAN_SP_127782.parquet"
"14623","FINAL_EMSDM_EMMEAN_SP_127784.parquet"
"14624","FINAL_EMSDM_EMMEAN_SP_127785.parquet"
"14625","FINAL_EMSDM_EMMEAN_SP_127788.parquet"
"14626","FINAL_EMSDM_EMMEAN_SP_127790.parquet"
"14627","FINAL_EMSDM_EMMEAN_SP_127791.parquet"
"14628","FINAL_EMSDM_EMMEAN_SP_127794.parquet"
"14629","FINAL_EMSDM_EMMEAN_SP_127795.parquet"
"14630","FINAL_EMSDM_EMMEAN_SP_127797.parquet"
"14631","FINAL_EMSDM_EMMEAN_SP_127800.parquet"
"14632","FINAL_EMSDM_EMMEAN_SP_127802.parquet"
"14633","FINAL_EMSDM_EMMEAN_SP_127804.parquet"
"14634","FINAL_EMSDM_EMMEAN_SP_127805.parquet"
"14635","FINAL_EMSDM_EMMEAN_SP_127807.parquet"
"14636","FINAL_EMSDM_EMMEAN_SP_127811.parquet"
"14637","FINAL_EMSDM_EMMEAN_SP_127813.parquet"
"14638","FINAL_EMSDM_EMMEAN_SP_127819.parquet"
"14639","FINAL_EMSDM_EMMEAN_SP_127822.parquet"
"14640","FINAL_EMSDM_EMMEAN_SP_127823.parquet"
"14641","FINAL_EMSDM_EMMEAN_SP_127825.parquet"
"14642","FINAL_EMSDM_EMMEAN_SP_127826.parquet"
"14643","FINAL_EMSDM_EMMEAN_SP_127828.parquet"
"14644","FINAL_EMSDM_EMMEAN_SP_127829.parquet"
"14645","FINAL_EMSDM_EMMEAN_SP_127832.parquet"
"14646","FINAL_EMSDM_EMMEAN_SP_127833.parquet"
"14647","FINAL_EMSDM_EMMEAN_SP_127834.parquet"
"14648","FINAL_EMSDM_EMMEAN_SP_127836.parquet"
"14649","FINAL_EMSDM_EMMEAN_SP_127837.parquet"
"14650","FINAL_EMSDM_EMMEAN_SP_127838.parquet"
"14651","FINAL_EMSDM_EMMEAN_SP_127839.parquet"
"14652","FINAL_EMSDM_EMMEAN_SP_127840.parquet"
"14653","FINAL_EMSDM_EMMEAN_SP_127841.parquet"
"14654","FINAL_EMSDM_EMMEAN_SP_127842.parquet"
"14655","FINAL_EMSDM_EMMEAN_SP_127849.parquet"
"14656","FINAL_EMSDM_EMMEAN_SP_127850.parquet"
"14657","FINAL_EMSDM_EMMEAN_SP_127852.parquet"
"14658","FINAL_EMSDM_EMMEAN_SP_127854.parquet"
"14659","FINAL_EMSDM_EMMEAN_SP_127855.parquet"
"14660","FINAL_EMSDM_EMMEAN_SP_127857.parquet"
"14661","FINAL_EMSDM_EMMEAN_SP_127858.parquet"
"14662","FINAL_EMSDM_EMMEAN_SP_127859.parquet"
"14663","FINAL_EMSDM_EMMEAN_SP_127860.parquet"
"14664","FINAL_EMSDM_EMMEAN_SP_127861.parquet"
"14665","FINAL_EMSDM_EMMEAN_SP_127862.parquet"
"14666","FINAL_EMSDM_EMMEAN_SP_127896.parquet"
"14667","FINAL_EMSDM_EMMEAN_SP_127932.parquet"
"14668","FINAL_EMSDM_EMMEAN_SP_127946.parquet"
"14669","FINAL_EMSDM_EMMEAN_SP_127951.parquet"
"14670","FINAL_EMSDM_EMMEAN_SP_127990.parquet"
"14671","FINAL_EMSDM_EMMEAN_SP_127991.parquet"
"14672","FINAL_EMSDM_EMMEAN_SP_127993.parquet"
"14673","FINAL_EMSDM_EMMEAN_SP_127994.parquet"
"14674","FINAL_EMSDM_EMMEAN_SP_127995.parquet"
"14675","FINAL_EMSDM_EMMEAN_SP_128000.parquet"
"14676","FINAL_EMSDM_EMMEAN_SP_128001.parquet"
"14677","FINAL_EMSDM_EMMEAN_SP_128017.parquet"
"14678","FINAL_EMSDM_EMMEAN_SP_128018.parquet"
"14679","FINAL_EMSDM_EMMEAN_SP_128024.parquet"
"14680","FINAL_EMSDM_EMMEAN_SP_128027.parquet"
"14681","FINAL_EMSDM_EMMEAN_SP_128029.parquet"
"14682","FINAL_EMSDM_EMMEAN_SP_128036.parquet"
"14683","FINAL_EMSDM_EMMEAN_SP_128055.parquet"
"14684","FINAL_EMSDM_EMMEAN_SP_128059.parquet"
"14685","FINAL_EMSDM_EMMEAN_SP_128079.parquet"
"14686","FINAL_EMSDM_EMMEAN_SP_128118.parquet"
"14687","FINAL_EMSDM_EMMEAN_SP_128122.parquet"
"14688","FINAL_EMSDM_EMMEAN_SP_128136.parquet"
"14689","FINAL_EMSDM_EMMEAN_SP_128138.parquet"
"14690","FINAL_EMSDM_EMMEAN_SP_128140.parquet"
"14691","FINAL_EMSDM_EMMEAN_SP_128145.parquet"
"14692","FINAL_EMSDM_EMMEAN_SP_128146.parquet"
"14693","FINAL_EMSDM_EMMEAN_SP_128157.parquet"
"14694","FINAL_EMSDM_EMMEAN_SP_128213.parquet"
"14695","FINAL_EMSDM_EMMEAN_SP_128252.parquet"
"14696","FINAL_EMSDM_EMMEAN_SP_128378.parquet"
"14697","FINAL_EMSDM_EMMEAN_SP_128389.parquet"
"14698","FINAL_EMSDM_EMMEAN_SP_128392.parquet"
"14699","FINAL_EMSDM_EMMEAN_SP_128403.parquet"
"14700","FINAL_EMSDM_EMMEAN_SP_128420.parquet"
"14701","FINAL_EMSDM_EMMEAN_SP_128424.parquet"
"14702","FINAL_EMSDM_EMMEAN_SP_128463.parquet"
"14703","FINAL_EMSDM_EMMEAN_SP_128504.parquet"
"14704","FINAL_EMSDM_EMMEAN_SP_128515.parquet"
"14705","FINAL_EMSDM_EMMEAN_SP_128517.parquet"
"14706","FINAL_EMSDM_EMMEAN_SP_128519.parquet"
"14707","FINAL_EMSDM_EMMEAN_SP_128525.parquet"
"14708","FINAL_EMSDM_EMMEAN_SP_128529.parquet"
"14709","FINAL_EMSDM_EMMEAN_SP_128530.parquet"
"14710","FINAL_EMSDM_EMMEAN_SP_128531.parquet"
"14711","FINAL_EMSDM_EMMEAN_SP_128536.parquet"
"14712","FINAL_EMSDM_EMMEAN_SP_128537.parquet"
"14713","FINAL_EMSDM_EMMEAN_SP_128539.parquet"
"14714","FINAL_EMSDM_EMMEAN_SP_128540.parquet"
"14715","FINAL_EMSDM_EMMEAN_SP_128548.parquet"
"14716","FINAL_EMSDM_EMMEAN_SP_128550.parquet"
"14717","FINAL_EMSDM_EMMEAN_SP_1287835.parquet"
"14718","FINAL_EMSDM_EMMEAN_SP_128795.parquet"
"14719","FINAL_EMSDM_EMMEAN_SP_128797.parquet"
"14720","FINAL_EMSDM_EMMEAN_SP_128800.parquet"
"14721","FINAL_EMSDM_EMMEAN_SP_128804.parquet"
"14722","FINAL_EMSDM_EMMEAN_SP_128805.parquet"
"14723","FINAL_EMSDM_EMMEAN_SP_128807.parquet"
"14724","FINAL_EMSDM_EMMEAN_SP_128809.parquet"
"14725","FINAL_EMSDM_EMMEAN_SP_128813.parquet"
"14726","FINAL_EMSDM_EMMEAN_SP_128817.parquet"
"14727","FINAL_EMSDM_EMMEAN_SP_128818.parquet"
"14728","FINAL_EMSDM_EMMEAN_SP_128820.parquet"
"14729","FINAL_EMSDM_EMMEAN_SP_128821.parquet"
"14730","FINAL_EMSDM_EMMEAN_SP_1289056.parquet"
"14731","FINAL_EMSDM_EMMEAN_SP_128917.parquet"
"14732","FINAL_EMSDM_EMMEAN_SP_128929.parquet"
"14733","FINAL_EMSDM_EMMEAN_SP_128938.parquet"
"14734","FINAL_EMSDM_EMMEAN_SP_128939.parquet"
"14735","FINAL_EMSDM_EMMEAN_SP_1289430.parquet"
"14736","FINAL_EMSDM_EMMEAN_SP_128946.parquet"
"14737","FINAL_EMSDM_EMMEAN_SP_128950.parquet"
"14738","FINAL_EMSDM_EMMEAN_SP_128951.parquet"
"14739","FINAL_EMSDM_EMMEAN_SP_128957.parquet"
"14740","FINAL_EMSDM_EMMEAN_SP_128958.parquet"
"14741","FINAL_EMSDM_EMMEAN_SP_128959.parquet"
"14742","FINAL_EMSDM_EMMEAN_SP_128961.parquet"
"14743","FINAL_EMSDM_EMMEAN_SP_1290089.parquet"
"14744","FINAL_EMSDM_EMMEAN_SP_129037.parquet"
"14745","FINAL_EMSDM_EMMEAN_SP_129040.parquet"
"14746","FINAL_EMSDM_EMMEAN_SP_129041.parquet"
"14747","FINAL_EMSDM_EMMEAN_SP_129042.parquet"
"14748","FINAL_EMSDM_EMMEAN_SP_129046.parquet"
"14749","FINAL_EMSDM_EMMEAN_SP_129048.parquet"
"14750","FINAL_EMSDM_EMMEAN_SP_129113.parquet"
"14751","FINAL_EMSDM_EMMEAN_SP_129116.parquet"
"14752","FINAL_EMSDM_EMMEAN_SP_129117.parquet"
"14753","FINAL_EMSDM_EMMEAN_SP_129118.parquet"
"14754","FINAL_EMSDM_EMMEAN_SP_129124.parquet"
"14755","FINAL_EMSDM_EMMEAN_SP_129128.parquet"
"14756","FINAL_EMSDM_EMMEAN_SP_1296073.parquet"
"14757","FINAL_EMSDM_EMMEAN_SP_129734.parquet"
"14758","FINAL_EMSDM_EMMEAN_SP_129735.parquet"
"14759","FINAL_EMSDM_EMMEAN_SP_129737.parquet"
"14760","FINAL_EMSDM_EMMEAN_SP_129738.parquet"
"14761","FINAL_EMSDM_EMMEAN_SP_129745.parquet"
"14762","FINAL_EMSDM_EMMEAN_SP_129746.parquet"
"14763","FINAL_EMSDM_EMMEAN_SP_129750.parquet"
"14764","FINAL_EMSDM_EMMEAN_SP_129753.parquet"
"14765","FINAL_EMSDM_EMMEAN_SP_129754.parquet"
"14766","FINAL_EMSDM_EMMEAN_SP_129759.parquet"
"14767","FINAL_EMSDM_EMMEAN_SP_129761.parquet"
"14768","FINAL_EMSDM_EMMEAN_SP_129763.parquet"
"14769","FINAL_EMSDM_EMMEAN_SP_129764.parquet"
"14770","FINAL_EMSDM_EMMEAN_SP_129766.parquet"
"14771","FINAL_EMSDM_EMMEAN_SP_129769.parquet"
"14772","FINAL_EMSDM_EMMEAN_SP_129770.parquet"
"14773","FINAL_EMSDM_EMMEAN_SP_129771.parquet"
"14774","FINAL_EMSDM_EMMEAN_SP_129775.parquet"
"14775","FINAL_EMSDM_EMMEAN_SP_129776.parquet"
"14776","FINAL_EMSDM_EMMEAN_SP_129777.parquet"
"14777","FINAL_EMSDM_EMMEAN_SP_129779.parquet"
"14778","FINAL_EMSDM_EMMEAN_SP_129783.parquet"
"14779","FINAL_EMSDM_EMMEAN_SP_129785.parquet"
"14780","FINAL_EMSDM_EMMEAN_SP_129786.parquet"
"14781","FINAL_EMSDM_EMMEAN_SP_129787.parquet"
"14782","FINAL_EMSDM_EMMEAN_SP_1297885.parquet"
"14783","FINAL_EMSDM_EMMEAN_SP_129791.parquet"
"14784","FINAL_EMSDM_EMMEAN_SP_129792.parquet"
"14785","FINAL_EMSDM_EMMEAN_SP_129802.parquet"
"14786","FINAL_EMSDM_EMMEAN_SP_129804.parquet"
"14787","FINAL_EMSDM_EMMEAN_SP_129805.parquet"
"14788","FINAL_EMSDM_EMMEAN_SP_129808.parquet"
"14789","FINAL_EMSDM_EMMEAN_SP_129810.parquet"
"14790","FINAL_EMSDM_EMMEAN_SP_129819.parquet"
"14791","FINAL_EMSDM_EMMEAN_SP_129820.parquet"
"14792","FINAL_EMSDM_EMMEAN_SP_129821.parquet"
"14793","FINAL_EMSDM_EMMEAN_SP_129824.parquet"
"14794","FINAL_EMSDM_EMMEAN_SP_129825.parquet"
"14795","FINAL_EMSDM_EMMEAN_SP_129826.parquet"
"14796","FINAL_EMSDM_EMMEAN_SP_129827.parquet"
"14797","FINAL_EMSDM_EMMEAN_SP_129829.parquet"
"14798","FINAL_EMSDM_EMMEAN_SP_129831.parquet"
"14799","FINAL_EMSDM_EMMEAN_SP_129835.parquet"
"14800","FINAL_EMSDM_EMMEAN_SP_129838.parquet"
"14801","FINAL_EMSDM_EMMEAN_SP_129841.parquet"
"14802","FINAL_EMSDM_EMMEAN_SP_129842.parquet"
"14803","FINAL_EMSDM_EMMEAN_SP_129844.parquet"
"14804","FINAL_EMSDM_EMMEAN_SP_129845.parquet"
"14805","FINAL_EMSDM_EMMEAN_SP_129846.parquet"
"14806","FINAL_EMSDM_EMMEAN_SP_129848.parquet"
"14807","FINAL_EMSDM_EMMEAN_SP_129850.parquet"
"14808","FINAL_EMSDM_EMMEAN_SP_129851.parquet"
"14809","FINAL_EMSDM_EMMEAN_SP_129854.parquet"
"14810","FINAL_EMSDM_EMMEAN_SP_129855.parquet"
"14811","FINAL_EMSDM_EMMEAN_SP_129856.parquet"
"14812","FINAL_EMSDM_EMMEAN_SP_129861.parquet"
"14813","FINAL_EMSDM_EMMEAN_SP_129867.parquet"
"14814","FINAL_EMSDM_EMMEAN_SP_129868.parquet"
"14815","FINAL_EMSDM_EMMEAN_SP_129870.parquet"
"14816","FINAL_EMSDM_EMMEAN_SP_129877.parquet"
"14817","FINAL_EMSDM_EMMEAN_SP_129879.parquet"
"14818","FINAL_EMSDM_EMMEAN_SP_129881.parquet"
"14819","FINAL_EMSDM_EMMEAN_SP_129884.parquet"
"14820","FINAL_EMSDM_EMMEAN_SP_129886.parquet"
"14821","FINAL_EMSDM_EMMEAN_SP_129887.parquet"
"14822","FINAL_EMSDM_EMMEAN_SP_129890.parquet"
"14823","FINAL_EMSDM_EMMEAN_SP_129894.parquet"
"14824","FINAL_EMSDM_EMMEAN_SP_129898.parquet"
"14825","FINAL_EMSDM_EMMEAN_SP_129899.parquet"
"14826","FINAL_EMSDM_EMMEAN_SP_129900.parquet"
"14827","FINAL_EMSDM_EMMEAN_SP_129903.parquet"
"14828","FINAL_EMSDM_EMMEAN_SP_129906.parquet"
"14829","FINAL_EMSDM_EMMEAN_SP_129909.parquet"
"14830","FINAL_EMSDM_EMMEAN_SP_129911.parquet"
"14831","FINAL_EMSDM_EMMEAN_SP_129912.parquet"
"14832","FINAL_EMSDM_EMMEAN_SP_129913.parquet"
"14833","FINAL_EMSDM_EMMEAN_SP_129914.parquet"
"14834","FINAL_EMSDM_EMMEAN_SP_129915.parquet"
"14835","FINAL_EMSDM_EMMEAN_SP_129920.parquet"
"14836","FINAL_EMSDM_EMMEAN_SP_129921.parquet"
"14837","FINAL_EMSDM_EMMEAN_SP_129922.parquet"
"14838","FINAL_EMSDM_EMMEAN_SP_129924.parquet"
"14839","FINAL_EMSDM_EMMEAN_SP_129925.parquet"
"14840","FINAL_EMSDM_EMMEAN_SP_129927.parquet"
"14841","FINAL_EMSDM_EMMEAN_SP_129932.parquet"
"14842","FINAL_EMSDM_EMMEAN_SP_129934.parquet"
"14843","FINAL_EMSDM_EMMEAN_SP_129937.parquet"
"14844","FINAL_EMSDM_EMMEAN_SP_129938.parquet"
"14845","FINAL_EMSDM_EMMEAN_SP_129939.parquet"
"14846","FINAL_EMSDM_EMMEAN_SP_129944.parquet"
"14847","FINAL_EMSDM_EMMEAN_SP_129951.parquet"
"14848","FINAL_EMSDM_EMMEAN_SP_129953.parquet"
"14849","FINAL_EMSDM_EMMEAN_SP_129957.parquet"
"14850","FINAL_EMSDM_EMMEAN_SP_129959.parquet"
"14851","FINAL_EMSDM_EMMEAN_SP_129961.parquet"
"14852","FINAL_EMSDM_EMMEAN_SP_129964.parquet"
"14853","FINAL_EMSDM_EMMEAN_SP_129967.parquet"
"14854","FINAL_EMSDM_EMMEAN_SP_129975.parquet"
"14855","FINAL_EMSDM_EMMEAN_SP_129983.parquet"
"14856","FINAL_EMSDM_EMMEAN_SP_129984.parquet"
"14857","FINAL_EMSDM_EMMEAN_SP_129985.parquet"
"14858","FINAL_EMSDM_EMMEAN_SP_129986.parquet"
"14859","FINAL_EMSDM_EMMEAN_SP_129989.parquet"
"14860","FINAL_EMSDM_EMMEAN_SP_129990.parquet"
"14861","FINAL_EMSDM_EMMEAN_SP_130008.parquet"
"14862","FINAL_EMSDM_EMMEAN_SP_130016.parquet"
"14863","FINAL_EMSDM_EMMEAN_SP_130017.parquet"
"14864","FINAL_EMSDM_EMMEAN_SP_130025.parquet"
"14865","FINAL_EMSDM_EMMEAN_SP_130031.parquet"
"14866","FINAL_EMSDM_EMMEAN_SP_130036.parquet"
"14867","FINAL_EMSDM_EMMEAN_SP_130037.parquet"
"14868","FINAL_EMSDM_EMMEAN_SP_130044.parquet"
"14869","FINAL_EMSDM_EMMEAN_SP_130049.parquet"
"14870","FINAL_EMSDM_EMMEAN_SP_130053.parquet"
"14871","FINAL_EMSDM_EMMEAN_SP_130055.parquet"
"14872","FINAL_EMSDM_EMMEAN_SP_130056.parquet"
"14873","FINAL_EMSDM_EMMEAN_SP_130058.parquet"
"14874","FINAL_EMSDM_EMMEAN_SP_130059.parquet"
"14875","FINAL_EMSDM_EMMEAN_SP_130067.parquet"
"14876","FINAL_EMSDM_EMMEAN_SP_130069.parquet"
"14877","FINAL_EMSDM_EMMEAN_SP_130071.parquet"
"14878","FINAL_EMSDM_EMMEAN_SP_130075.parquet"
"14879","FINAL_EMSDM_EMMEAN_SP_130078.parquet"
"14880","FINAL_EMSDM_EMMEAN_SP_130080.parquet"
"14881","FINAL_EMSDM_EMMEAN_SP_130081.parquet"
"14882","FINAL_EMSDM_EMMEAN_SP_130083.parquet"
"14883","FINAL_EMSDM_EMMEAN_SP_130095.parquet"
"14884","FINAL_EMSDM_EMMEAN_SP_130097.parquet"
"14885","FINAL_EMSDM_EMMEAN_SP_130103.parquet"
"14886","FINAL_EMSDM_EMMEAN_SP_130108.parquet"
"14887","FINAL_EMSDM_EMMEAN_SP_130113.parquet"
"14888","FINAL_EMSDM_EMMEAN_SP_130114.parquet"
"14889","FINAL_EMSDM_EMMEAN_SP_130118.parquet"
"14890","FINAL_EMSDM_EMMEAN_SP_130119.parquet"
"14891","FINAL_EMSDM_EMMEAN_SP_1301213.parquet"
"14892","FINAL_EMSDM_EMMEAN_SP_1301218.parquet"
"14893","FINAL_EMSDM_EMMEAN_SP_130123.parquet"
"14894","FINAL_EMSDM_EMMEAN_SP_130126.parquet"
"14895","FINAL_EMSDM_EMMEAN_SP_130128.parquet"
"14896","FINAL_EMSDM_EMMEAN_SP_130135.parquet"
"14897","FINAL_EMSDM_EMMEAN_SP_130137.parquet"
"14898","FINAL_EMSDM_EMMEAN_SP_130141.parquet"
"14899","FINAL_EMSDM_EMMEAN_SP_130142.parquet"
"14900","FINAL_EMSDM_EMMEAN_SP_130143.parquet"
"14901","FINAL_EMSDM_EMMEAN_SP_130145.parquet"
"14902","FINAL_EMSDM_EMMEAN_SP_130147.parquet"
"14903","FINAL_EMSDM_EMMEAN_SP_130156.parquet"
"14904","FINAL_EMSDM_EMMEAN_SP_130158.parquet"
"14905","FINAL_EMSDM_EMMEAN_SP_1301598.parquet"
"14906","FINAL_EMSDM_EMMEAN_SP_130167.parquet"
"14907","FINAL_EMSDM_EMMEAN_SP_130168.parquet"
"14908","FINAL_EMSDM_EMMEAN_SP_130172.parquet"
"14909","FINAL_EMSDM_EMMEAN_SP_130174.parquet"
"14910","FINAL_EMSDM_EMMEAN_SP_130176.parquet"
"14911","FINAL_EMSDM_EMMEAN_SP_130179.parquet"
"14912","FINAL_EMSDM_EMMEAN_SP_130195.parquet"
"14913","FINAL_EMSDM_EMMEAN_SP_130197.parquet"
"14914","FINAL_EMSDM_EMMEAN_SP_130198.parquet"
"14915","FINAL_EMSDM_EMMEAN_SP_130206.parquet"
"14916","FINAL_EMSDM_EMMEAN_SP_130207.parquet"
"14917","FINAL_EMSDM_EMMEAN_SP_130212.parquet"
"14918","FINAL_EMSDM_EMMEAN_SP_130214.parquet"
"14919","FINAL_EMSDM_EMMEAN_SP_130219.parquet"
"14920","FINAL_EMSDM_EMMEAN_SP_130222.parquet"
"14921","FINAL_EMSDM_EMMEAN_SP_130223.parquet"
"14922","FINAL_EMSDM_EMMEAN_SP_130224.parquet"
"14923","FINAL_EMSDM_EMMEAN_SP_130228.parquet"
"14924","FINAL_EMSDM_EMMEAN_SP_130229.parquet"
"14925","FINAL_EMSDM_EMMEAN_SP_130231.parquet"
"14926","FINAL_EMSDM_EMMEAN_SP_130235.parquet"
"14927","FINAL_EMSDM_EMMEAN_SP_130238.parquet"
"14928","FINAL_EMSDM_EMMEAN_SP_130240.parquet"
"14929","FINAL_EMSDM_EMMEAN_SP_130242.parquet"
"14930","FINAL_EMSDM_EMMEAN_SP_130246.parquet"
"14931","FINAL_EMSDM_EMMEAN_SP_130248.parquet"
"14932","FINAL_EMSDM_EMMEAN_SP_130250.parquet"
"14933","FINAL_EMSDM_EMMEAN_SP_130254.parquet"
"14934","FINAL_EMSDM_EMMEAN_SP_130255.parquet"
"14935","FINAL_EMSDM_EMMEAN_SP_130256.parquet"
"14936","FINAL_EMSDM_EMMEAN_SP_130262.parquet"
"14937","FINAL_EMSDM_EMMEAN_SP_130265.parquet"
"14938","FINAL_EMSDM_EMMEAN_SP_130268.parquet"
"14939","FINAL_EMSDM_EMMEAN_SP_130269.parquet"
"14940","FINAL_EMSDM_EMMEAN_SP_130271.parquet"
"14941","FINAL_EMSDM_EMMEAN_SP_130272.parquet"
"14942","FINAL_EMSDM_EMMEAN_SP_130273.parquet"
"14943","FINAL_EMSDM_EMMEAN_SP_130274.parquet"
"14944","FINAL_EMSDM_EMMEAN_SP_130275.parquet"
"14945","FINAL_EMSDM_EMMEAN_SP_130277.parquet"
"14946","FINAL_EMSDM_EMMEAN_SP_130278.parquet"
"14947","FINAL_EMSDM_EMMEAN_SP_130279.parquet"
"14948","FINAL_EMSDM_EMMEAN_SP_130281.parquet"
"14949","FINAL_EMSDM_EMMEAN_SP_130286.parquet"
"14950","FINAL_EMSDM_EMMEAN_SP_130290.parquet"
"14951","FINAL_EMSDM_EMMEAN_SP_130291.parquet"
"14952","FINAL_EMSDM_EMMEAN_SP_130292.parquet"
"14953","FINAL_EMSDM_EMMEAN_SP_130294.parquet"
"14954","FINAL_EMSDM_EMMEAN_SP_130295.parquet"
"14955","FINAL_EMSDM_EMMEAN_SP_130297.parquet"
"14956","FINAL_EMSDM_EMMEAN_SP_130300.parquet"
"14957","FINAL_EMSDM_EMMEAN_SP_130301.parquet"
"14958","FINAL_EMSDM_EMMEAN_SP_130302.parquet"
"14959","FINAL_EMSDM_EMMEAN_SP_130303.parquet"
"14960","FINAL_EMSDM_EMMEAN_SP_130305.parquet"
"14961","FINAL_EMSDM_EMMEAN_SP_130307.parquet"
"14962","FINAL_EMSDM_EMMEAN_SP_130308.parquet"
"14963","FINAL_EMSDM_EMMEAN_SP_130309.parquet"
"14964","FINAL_EMSDM_EMMEAN_SP_130310.parquet"
"14965","FINAL_EMSDM_EMMEAN_SP_130311.parquet"
"14966","FINAL_EMSDM_EMMEAN_SP_130314.parquet"
"14967","FINAL_EMSDM_EMMEAN_SP_130319.parquet"
"14968","FINAL_EMSDM_EMMEAN_SP_130320.parquet"
"14969","FINAL_EMSDM_EMMEAN_SP_130324.parquet"
"14970","FINAL_EMSDM_EMMEAN_SP_130327.parquet"
"14971","FINAL_EMSDM_EMMEAN_SP_130329.parquet"
"14972","FINAL_EMSDM_EMMEAN_SP_130330.parquet"
"14973","FINAL_EMSDM_EMMEAN_SP_130331.parquet"
"14974","FINAL_EMSDM_EMMEAN_SP_130343.parquet"
"14975","FINAL_EMSDM_EMMEAN_SP_130344.parquet"
"14976","FINAL_EMSDM_EMMEAN_SP_130346.parquet"
"14977","FINAL_EMSDM_EMMEAN_SP_130348.parquet"
"14978","FINAL_EMSDM_EMMEAN_SP_130349.parquet"
"14979","FINAL_EMSDM_EMMEAN_SP_130350.parquet"
"14980","FINAL_EMSDM_EMMEAN_SP_130352.parquet"
"14981","FINAL_EMSDM_EMMEAN_SP_130353.parquet"
"14982","FINAL_EMSDM_EMMEAN_SP_130365.parquet"
"14983","FINAL_EMSDM_EMMEAN_SP_130367.parquet"
"14984","FINAL_EMSDM_EMMEAN_SP_130372.parquet"
"14985","FINAL_EMSDM_EMMEAN_SP_130387.parquet"
"14986","FINAL_EMSDM_EMMEAN_SP_130390.parquet"
"14987","FINAL_EMSDM_EMMEAN_SP_130401.parquet"
"14988","FINAL_EMSDM_EMMEAN_SP_130402.parquet"
"14989","FINAL_EMSDM_EMMEAN_SP_130404.parquet"
"14990","FINAL_EMSDM_EMMEAN_SP_130406.parquet"
"14991","FINAL_EMSDM_EMMEAN_SP_130408.parquet"
"14992","FINAL_EMSDM_EMMEAN_SP_130411.parquet"
"14993","FINAL_EMSDM_EMMEAN_SP_130417.parquet"
"14994","FINAL_EMSDM_EMMEAN_SP_130421.parquet"
"14995","FINAL_EMSDM_EMMEAN_SP_130426.parquet"
"14996","FINAL_EMSDM_EMMEAN_SP_1304270.parquet"
"14997","FINAL_EMSDM_EMMEAN_SP_130451.parquet"
"14998","FINAL_EMSDM_EMMEAN_SP_130452.parquet"
"14999","FINAL_EMSDM_EMMEAN_SP_130454.parquet"
"15000","FINAL_EMSDM_EMMEAN_SP_130460.parquet"
"15001","FINAL_EMSDM_EMMEAN_SP_130464.parquet"
"15002","FINAL_EMSDM_EMMEAN_SP_130466.parquet"
"15003","FINAL_EMSDM_EMMEAN_SP_130470.parquet"
"15004","FINAL_EMSDM_EMMEAN_SP_130473.parquet"
"15005","FINAL_EMSDM_EMMEAN_SP_130476.parquet"
"15006","FINAL_EMSDM_EMMEAN_SP_130477.parquet"
"15007","FINAL_EMSDM_EMMEAN_SP_130480.parquet"
"15008","FINAL_EMSDM_EMMEAN_SP_130486.parquet"
"15009","FINAL_EMSDM_EMMEAN_SP_1304885.parquet"
"15010","FINAL_EMSDM_EMMEAN_SP_130490.parquet"
"15011","FINAL_EMSDM_EMMEAN_SP_130492.parquet"
"15012","FINAL_EMSDM_EMMEAN_SP_130494.parquet"
"15013","FINAL_EMSDM_EMMEAN_SP_130496.parquet"
"15014","FINAL_EMSDM_EMMEAN_SP_130497.parquet"
"15015","FINAL_EMSDM_EMMEAN_SP_130499.parquet"
"15016","FINAL_EMSDM_EMMEAN_SP_130502.parquet"
"15017","FINAL_EMSDM_EMMEAN_SP_130503.parquet"
"15018","FINAL_EMSDM_EMMEAN_SP_130506.parquet"
"15019","FINAL_EMSDM_EMMEAN_SP_130507.parquet"
"15020","FINAL_EMSDM_EMMEAN_SP_130508.parquet"
"15021","FINAL_EMSDM_EMMEAN_SP_130510.parquet"
"15022","FINAL_EMSDM_EMMEAN_SP_130511.parquet"
"15023","FINAL_EMSDM_EMMEAN_SP_130512.parquet"
"15024","FINAL_EMSDM_EMMEAN_SP_130513.parquet"
"15025","FINAL_EMSDM_EMMEAN_SP_130514.parquet"
"15026","FINAL_EMSDM_EMMEAN_SP_130515.parquet"
"15027","FINAL_EMSDM_EMMEAN_SP_130517.parquet"
"15028","FINAL_EMSDM_EMMEAN_SP_130528.parquet"
"15029","FINAL_EMSDM_EMMEAN_SP_130529.parquet"
"15030","FINAL_EMSDM_EMMEAN_SP_130530.parquet"
"15031","FINAL_EMSDM_EMMEAN_SP_130540.parquet"
"15032","FINAL_EMSDM_EMMEAN_SP_130544.parquet"
"15033","FINAL_EMSDM_EMMEAN_SP_130545.parquet"
"15034","FINAL_EMSDM_EMMEAN_SP_130548.parquet"
"15035","FINAL_EMSDM_EMMEAN_SP_1305581.parquet"
"15036","FINAL_EMSDM_EMMEAN_SP_1305584.parquet"
"15037","FINAL_EMSDM_EMMEAN_SP_1305605.parquet"
"15038","FINAL_EMSDM_EMMEAN_SP_130561.parquet"
"15039","FINAL_EMSDM_EMMEAN_SP_130566.parquet"
"15040","FINAL_EMSDM_EMMEAN_SP_130576.parquet"
"15041","FINAL_EMSDM_EMMEAN_SP_130577.parquet"
"15042","FINAL_EMSDM_EMMEAN_SP_130578.parquet"
"15043","FINAL_EMSDM_EMMEAN_SP_130579.parquet"
"15044","FINAL_EMSDM_EMMEAN_SP_130581.parquet"
"15045","FINAL_EMSDM_EMMEAN_SP_130584.parquet"
"15046","FINAL_EMSDM_EMMEAN_SP_130597.parquet"
"15047","FINAL_EMSDM_EMMEAN_SP_130598.parquet"
"15048","FINAL_EMSDM_EMMEAN_SP_130602.parquet"
"15049","FINAL_EMSDM_EMMEAN_SP_130603.parquet"
"15050","FINAL_EMSDM_EMMEAN_SP_130604.parquet"
"15051","FINAL_EMSDM_EMMEAN_SP_130607.parquet"
"15052","FINAL_EMSDM_EMMEAN_SP_130610.parquet"
"15053","FINAL_EMSDM_EMMEAN_SP_130613.parquet"
"15054","FINAL_EMSDM_EMMEAN_SP_130618.parquet"
"15055","FINAL_EMSDM_EMMEAN_SP_130623.parquet"
"15056","FINAL_EMSDM_EMMEAN_SP_130624.parquet"
"15057","FINAL_EMSDM_EMMEAN_SP_130625.parquet"
"15058","FINAL_EMSDM_EMMEAN_SP_130631.parquet"
"15059","FINAL_EMSDM_EMMEAN_SP_130632.parquet"
"15060","FINAL_EMSDM_EMMEAN_SP_130635.parquet"
"15061","FINAL_EMSDM_EMMEAN_SP_130636.parquet"
"15062","FINAL_EMSDM_EMMEAN_SP_130639.parquet"
"15063","FINAL_EMSDM_EMMEAN_SP_130640.parquet"
"15064","FINAL_EMSDM_EMMEAN_SP_130642.parquet"
"15065","FINAL_EMSDM_EMMEAN_SP_130643.parquet"
"15066","FINAL_EMSDM_EMMEAN_SP_130647.parquet"
"15067","FINAL_EMSDM_EMMEAN_SP_130649.parquet"
"15068","FINAL_EMSDM_EMMEAN_SP_130653.parquet"
"15069","FINAL_EMSDM_EMMEAN_SP_130654.parquet"
"15070","FINAL_EMSDM_EMMEAN_SP_130656.parquet"
"15071","FINAL_EMSDM_EMMEAN_SP_130657.parquet"
"15072","FINAL_EMSDM_EMMEAN_SP_130659.parquet"
"15073","FINAL_EMSDM_EMMEAN_SP_130661.parquet"
"15074","FINAL_EMSDM_EMMEAN_SP_130662.parquet"
"15075","FINAL_EMSDM_EMMEAN_SP_130663.parquet"
"15076","FINAL_EMSDM_EMMEAN_SP_130666.parquet"
"15077","FINAL_EMSDM_EMMEAN_SP_1306663.parquet"
"15078","FINAL_EMSDM_EMMEAN_SP_1306667.parquet"
"15079","FINAL_EMSDM_EMMEAN_SP_1306669.parquet"
"15080","FINAL_EMSDM_EMMEAN_SP_1306673.parquet"
"15081","FINAL_EMSDM_EMMEAN_SP_1306674.parquet"
"15082","FINAL_EMSDM_EMMEAN_SP_1306676.parquet"
"15083","FINAL_EMSDM_EMMEAN_SP_1306697.parquet"
"15084","FINAL_EMSDM_EMMEAN_SP_1306698.parquet"
"15085","FINAL_EMSDM_EMMEAN_SP_1306699.parquet"
"15086","FINAL_EMSDM_EMMEAN_SP_130670.parquet"
"15087","FINAL_EMSDM_EMMEAN_SP_130673.parquet"
"15088","FINAL_EMSDM_EMMEAN_SP_130677.parquet"
"15089","FINAL_EMSDM_EMMEAN_SP_130678.parquet"
"15090","FINAL_EMSDM_EMMEAN_SP_130682.parquet"
"15091","FINAL_EMSDM_EMMEAN_SP_130683.parquet"
"15092","FINAL_EMSDM_EMMEAN_SP_130684.parquet"
"15093","FINAL_EMSDM_EMMEAN_SP_130686.parquet"
"15094","FINAL_EMSDM_EMMEAN_SP_130690.parquet"
"15095","FINAL_EMSDM_EMMEAN_SP_130691.parquet"
"15096","FINAL_EMSDM_EMMEAN_SP_130695.parquet"
"15097","FINAL_EMSDM_EMMEAN_SP_130696.parquet"
"15098","FINAL_EMSDM_EMMEAN_SP_130697.parquet"
"15099","FINAL_EMSDM_EMMEAN_SP_130699.parquet"
"15100","FINAL_EMSDM_EMMEAN_SP_1306994.parquet"
"15101","FINAL_EMSDM_EMMEAN_SP_130700.parquet"
"15102","FINAL_EMSDM_EMMEAN_SP_1307001.parquet"
"15103","FINAL_EMSDM_EMMEAN_SP_130701.parquet"
"15104","FINAL_EMSDM_EMMEAN_SP_130702.parquet"
"15105","FINAL_EMSDM_EMMEAN_SP_130703.parquet"
"15106","FINAL_EMSDM_EMMEAN_SP_130710.parquet"
"15107","FINAL_EMSDM_EMMEAN_SP_130712.parquet"
"15108","FINAL_EMSDM_EMMEAN_SP_130714.parquet"
"15109","FINAL_EMSDM_EMMEAN_SP_130719.parquet"
"15110","FINAL_EMSDM_EMMEAN_SP_130722.parquet"
"15111","FINAL_EMSDM_EMMEAN_SP_130725.parquet"
"15112","FINAL_EMSDM_EMMEAN_SP_130732.parquet"
"15113","FINAL_EMSDM_EMMEAN_SP_130733.parquet"
"15114","FINAL_EMSDM_EMMEAN_SP_130734.parquet"
"15115","FINAL_EMSDM_EMMEAN_SP_130737.parquet"
"15116","FINAL_EMSDM_EMMEAN_SP_130738.parquet"
"15117","FINAL_EMSDM_EMMEAN_SP_130739.parquet"
"15118","FINAL_EMSDM_EMMEAN_SP_130740.parquet"
"15119","FINAL_EMSDM_EMMEAN_SP_1307414.parquet"
"15120","FINAL_EMSDM_EMMEAN_SP_130745.parquet"
"15121","FINAL_EMSDM_EMMEAN_SP_130746.parquet"
"15122","FINAL_EMSDM_EMMEAN_SP_130748.parquet"
"15123","FINAL_EMSDM_EMMEAN_SP_130752.parquet"
"15124","FINAL_EMSDM_EMMEAN_SP_130754.parquet"
"15125","FINAL_EMSDM_EMMEAN_SP_130755.parquet"
"15126","FINAL_EMSDM_EMMEAN_SP_130756.parquet"
"15127","FINAL_EMSDM_EMMEAN_SP_130758.parquet"
"15128","FINAL_EMSDM_EMMEAN_SP_130760.parquet"
"15129","FINAL_EMSDM_EMMEAN_SP_130762.parquet"
"15130","FINAL_EMSDM_EMMEAN_SP_130763.parquet"
"15131","FINAL_EMSDM_EMMEAN_SP_130764.parquet"
"15132","FINAL_EMSDM_EMMEAN_SP_130766.parquet"
"15133","FINAL_EMSDM_EMMEAN_SP_130774.parquet"
"15134","FINAL_EMSDM_EMMEAN_SP_1307745.parquet"
"15135","FINAL_EMSDM_EMMEAN_SP_1307747.parquet"
"15136","FINAL_EMSDM_EMMEAN_SP_1307752.parquet"
"15137","FINAL_EMSDM_EMMEAN_SP_130777.parquet"
"15138","FINAL_EMSDM_EMMEAN_SP_130779.parquet"
"15139","FINAL_EMSDM_EMMEAN_SP_130780.parquet"
"15140","FINAL_EMSDM_EMMEAN_SP_130781.parquet"
"15141","FINAL_EMSDM_EMMEAN_SP_1307832.parquet"
"15142","FINAL_EMSDM_EMMEAN_SP_130785.parquet"
"15143","FINAL_EMSDM_EMMEAN_SP_130799.parquet"
"15144","FINAL_EMSDM_EMMEAN_SP_130800.parquet"
"15145","FINAL_EMSDM_EMMEAN_SP_130802.parquet"
"15146","FINAL_EMSDM_EMMEAN_SP_130819.parquet"
"15147","FINAL_EMSDM_EMMEAN_SP_130823.parquet"
"15148","FINAL_EMSDM_EMMEAN_SP_130830.parquet"
"15149","FINAL_EMSDM_EMMEAN_SP_130833.parquet"
"15150","FINAL_EMSDM_EMMEAN_SP_130835.parquet"
"15151","FINAL_EMSDM_EMMEAN_SP_130836.parquet"
"15152","FINAL_EMSDM_EMMEAN_SP_130837.parquet"
"15153","FINAL_EMSDM_EMMEAN_SP_130859.parquet"
"15154","FINAL_EMSDM_EMMEAN_SP_130860.parquet"
"15155","FINAL_EMSDM_EMMEAN_SP_130861.parquet"
"15156","FINAL_EMSDM_EMMEAN_SP_130866.parquet"
"15157","FINAL_EMSDM_EMMEAN_SP_130869.parquet"
"15158","FINAL_EMSDM_EMMEAN_SP_130871.parquet"
"15159","FINAL_EMSDM_EMMEAN_SP_130875.parquet"
"15160","FINAL_EMSDM_EMMEAN_SP_130878.parquet"
"15161","FINAL_EMSDM_EMMEAN_SP_130880.parquet"
"15162","FINAL_EMSDM_EMMEAN_SP_130889.parquet"
"15163","FINAL_EMSDM_EMMEAN_SP_130890.parquet"
"15164","FINAL_EMSDM_EMMEAN_SP_130891.parquet"
"15165","FINAL_EMSDM_EMMEAN_SP_130894.parquet"
"15166","FINAL_EMSDM_EMMEAN_SP_130903.parquet"
"15167","FINAL_EMSDM_EMMEAN_SP_130905.parquet"
"15168","FINAL_EMSDM_EMMEAN_SP_130906.parquet"
"15169","FINAL_EMSDM_EMMEAN_SP_130907.parquet"
"15170","FINAL_EMSDM_EMMEAN_SP_130909.parquet"
"15171","FINAL_EMSDM_EMMEAN_SP_130910.parquet"
"15172","FINAL_EMSDM_EMMEAN_SP_130913.parquet"
"15173","FINAL_EMSDM_EMMEAN_SP_130915.parquet"
"15174","FINAL_EMSDM_EMMEAN_SP_130920.parquet"
"15175","FINAL_EMSDM_EMMEAN_SP_130921.parquet"
"15176","FINAL_EMSDM_EMMEAN_SP_130923.parquet"
"15177","FINAL_EMSDM_EMMEAN_SP_130926.parquet"
"15178","FINAL_EMSDM_EMMEAN_SP_130931.parquet"
"15179","FINAL_EMSDM_EMMEAN_SP_130935.parquet"
"15180","FINAL_EMSDM_EMMEAN_SP_130948.parquet"
"15181","FINAL_EMSDM_EMMEAN_SP_130952.parquet"
"15182","FINAL_EMSDM_EMMEAN_SP_130954.parquet"
"15183","FINAL_EMSDM_EMMEAN_SP_130956.parquet"
"15184","FINAL_EMSDM_EMMEAN_SP_130963.parquet"
"15185","FINAL_EMSDM_EMMEAN_SP_130964.parquet"
"15186","FINAL_EMSDM_EMMEAN_SP_130967.parquet"
"15187","FINAL_EMSDM_EMMEAN_SP_130969.parquet"
"15188","FINAL_EMSDM_EMMEAN_SP_130972.parquet"
"15189","FINAL_EMSDM_EMMEAN_SP_130974.parquet"
"15190","FINAL_EMSDM_EMMEAN_SP_130977.parquet"
"15191","FINAL_EMSDM_EMMEAN_SP_130978.parquet"
"15192","FINAL_EMSDM_EMMEAN_SP_130979.parquet"
"15193","FINAL_EMSDM_EMMEAN_SP_130980.parquet"
"15194","FINAL_EMSDM_EMMEAN_SP_130981.parquet"
"15195","FINAL_EMSDM_EMMEAN_SP_130982.parquet"
"15196","FINAL_EMSDM_EMMEAN_SP_130984.parquet"
"15197","FINAL_EMSDM_EMMEAN_SP_130986.parquet"
"15198","FINAL_EMSDM_EMMEAN_SP_130987.parquet"
"15199","FINAL_EMSDM_EMMEAN_SP_130988.parquet"
"15200","FINAL_EMSDM_EMMEAN_SP_130989.parquet"
"15201","FINAL_EMSDM_EMMEAN_SP_130992.parquet"
"15202","FINAL_EMSDM_EMMEAN_SP_130993.parquet"
"15203","FINAL_EMSDM_EMMEAN_SP_130997.parquet"
"15204","FINAL_EMSDM_EMMEAN_SP_131000.parquet"
"15205","FINAL_EMSDM_EMMEAN_SP_131001.parquet"
"15206","FINAL_EMSDM_EMMEAN_SP_131003.parquet"
"15207","FINAL_EMSDM_EMMEAN_SP_1310082.parquet"
"15208","FINAL_EMSDM_EMMEAN_SP_131012.parquet"
"15209","FINAL_EMSDM_EMMEAN_SP_131020.parquet"
"15210","FINAL_EMSDM_EMMEAN_SP_131025.parquet"
"15211","FINAL_EMSDM_EMMEAN_SP_131029.parquet"
"15212","FINAL_EMSDM_EMMEAN_SP_131032.parquet"
"15213","FINAL_EMSDM_EMMEAN_SP_131035.parquet"
"15214","FINAL_EMSDM_EMMEAN_SP_131036.parquet"
"15215","FINAL_EMSDM_EMMEAN_SP_131048.parquet"
"15216","FINAL_EMSDM_EMMEAN_SP_131051.parquet"
"15217","FINAL_EMSDM_EMMEAN_SP_131054.parquet"
"15218","FINAL_EMSDM_EMMEAN_SP_131055.parquet"
"15219","FINAL_EMSDM_EMMEAN_SP_131058.parquet"
"15220","FINAL_EMSDM_EMMEAN_SP_131061.parquet"
"15221","FINAL_EMSDM_EMMEAN_SP_131064.parquet"
"15222","FINAL_EMSDM_EMMEAN_SP_131065.parquet"
"15223","FINAL_EMSDM_EMMEAN_SP_131066.parquet"
"15224","FINAL_EMSDM_EMMEAN_SP_131067.parquet"
"15225","FINAL_EMSDM_EMMEAN_SP_131068.parquet"
"15226","FINAL_EMSDM_EMMEAN_SP_131069.parquet"
"15227","FINAL_EMSDM_EMMEAN_SP_131071.parquet"
"15228","FINAL_EMSDM_EMMEAN_SP_131072.parquet"
"15229","FINAL_EMSDM_EMMEAN_SP_131073.parquet"
"15230","FINAL_EMSDM_EMMEAN_SP_131076.parquet"
"15231","FINAL_EMSDM_EMMEAN_SP_131080.parquet"
"15232","FINAL_EMSDM_EMMEAN_SP_131081.parquet"
"15233","FINAL_EMSDM_EMMEAN_SP_131097.parquet"
"15234","FINAL_EMSDM_EMMEAN_SP_131098.parquet"
"15235","FINAL_EMSDM_EMMEAN_SP_131104.parquet"
"15236","FINAL_EMSDM_EMMEAN_SP_131106.parquet"
"15237","FINAL_EMSDM_EMMEAN_SP_131108.parquet"
"15238","FINAL_EMSDM_EMMEAN_SP_131110.parquet"
"15239","FINAL_EMSDM_EMMEAN_SP_131111.parquet"
"15240","FINAL_EMSDM_EMMEAN_SP_131114.parquet"
"15241","FINAL_EMSDM_EMMEAN_SP_131115.parquet"
"15242","FINAL_EMSDM_EMMEAN_SP_131116.parquet"
"15243","FINAL_EMSDM_EMMEAN_SP_131118.parquet"
"15244","FINAL_EMSDM_EMMEAN_SP_131119.parquet"
"15245","FINAL_EMSDM_EMMEAN_SP_131121.parquet"
"15246","FINAL_EMSDM_EMMEAN_SP_131123.parquet"
"15247","FINAL_EMSDM_EMMEAN_SP_131124.parquet"
"15248","FINAL_EMSDM_EMMEAN_SP_131125.parquet"
"15249","FINAL_EMSDM_EMMEAN_SP_131126.parquet"
"15250","FINAL_EMSDM_EMMEAN_SP_1311260.parquet"
"15251","FINAL_EMSDM_EMMEAN_SP_131128.parquet"
"15252","FINAL_EMSDM_EMMEAN_SP_1311283.parquet"
"15253","FINAL_EMSDM_EMMEAN_SP_1311288.parquet"
"15254","FINAL_EMSDM_EMMEAN_SP_131129.parquet"
"15255","FINAL_EMSDM_EMMEAN_SP_131131.parquet"
"15256","FINAL_EMSDM_EMMEAN_SP_131134.parquet"
"15257","FINAL_EMSDM_EMMEAN_SP_131135.parquet"
"15258","FINAL_EMSDM_EMMEAN_SP_131138.parquet"
"15259","FINAL_EMSDM_EMMEAN_SP_131141.parquet"
"15260","FINAL_EMSDM_EMMEAN_SP_131143.parquet"
"15261","FINAL_EMSDM_EMMEAN_SP_131146.parquet"
"15262","FINAL_EMSDM_EMMEAN_SP_131152.parquet"
"15263","FINAL_EMSDM_EMMEAN_SP_131155.parquet"
"15264","FINAL_EMSDM_EMMEAN_SP_131156.parquet"
"15265","FINAL_EMSDM_EMMEAN_SP_131158.parquet"
"15266","FINAL_EMSDM_EMMEAN_SP_131160.parquet"
"15267","FINAL_EMSDM_EMMEAN_SP_131163.parquet"
"15268","FINAL_EMSDM_EMMEAN_SP_131164.parquet"
"15269","FINAL_EMSDM_EMMEAN_SP_131166.parquet"
"15270","FINAL_EMSDM_EMMEAN_SP_131167.parquet"
"15271","FINAL_EMSDM_EMMEAN_SP_131168.parquet"
"15272","FINAL_EMSDM_EMMEAN_SP_131171.parquet"
"15273","FINAL_EMSDM_EMMEAN_SP_131172.parquet"
"15274","FINAL_EMSDM_EMMEAN_SP_131174.parquet"
"15275","FINAL_EMSDM_EMMEAN_SP_131176.parquet"
"15276","FINAL_EMSDM_EMMEAN_SP_131178.parquet"
"15277","FINAL_EMSDM_EMMEAN_SP_131180.parquet"
"15278","FINAL_EMSDM_EMMEAN_SP_131184.parquet"
"15279","FINAL_EMSDM_EMMEAN_SP_131185.parquet"
"15280","FINAL_EMSDM_EMMEAN_SP_131186.parquet"
"15281","FINAL_EMSDM_EMMEAN_SP_131191.parquet"
"15282","FINAL_EMSDM_EMMEAN_SP_131193.parquet"
"15283","FINAL_EMSDM_EMMEAN_SP_131201.parquet"
"15284","FINAL_EMSDM_EMMEAN_SP_131241.parquet"
"15285","FINAL_EMSDM_EMMEAN_SP_131242.parquet"
"15286","FINAL_EMSDM_EMMEAN_SP_131279.parquet"
"15287","FINAL_EMSDM_EMMEAN_SP_131285.parquet"
"15288","FINAL_EMSDM_EMMEAN_SP_131288.parquet"
"15289","FINAL_EMSDM_EMMEAN_SP_131289.parquet"
"15290","FINAL_EMSDM_EMMEAN_SP_131290.parquet"
"15291","FINAL_EMSDM_EMMEAN_SP_131292.parquet"
"15292","FINAL_EMSDM_EMMEAN_SP_131324.parquet"
"15293","FINAL_EMSDM_EMMEAN_SP_131325.parquet"
"15294","FINAL_EMSDM_EMMEAN_SP_131327.parquet"
"15295","FINAL_EMSDM_EMMEAN_SP_131328.parquet"
"15296","FINAL_EMSDM_EMMEAN_SP_131330.parquet"
"15297","FINAL_EMSDM_EMMEAN_SP_131332.parquet"
"15298","FINAL_EMSDM_EMMEAN_SP_131334.parquet"
"15299","FINAL_EMSDM_EMMEAN_SP_131340.parquet"
"15300","FINAL_EMSDM_EMMEAN_SP_131347.parquet"
"15301","FINAL_EMSDM_EMMEAN_SP_131360.parquet"
"15302","FINAL_EMSDM_EMMEAN_SP_131361.parquet"
"15303","FINAL_EMSDM_EMMEAN_SP_131362.parquet"
"15304","FINAL_EMSDM_EMMEAN_SP_131365.parquet"
"15305","FINAL_EMSDM_EMMEAN_SP_131366.parquet"
"15306","FINAL_EMSDM_EMMEAN_SP_131367.parquet"
"15307","FINAL_EMSDM_EMMEAN_SP_131373.parquet"
"15308","FINAL_EMSDM_EMMEAN_SP_131379.parquet"
"15309","FINAL_EMSDM_EMMEAN_SP_131381.parquet"
"15310","FINAL_EMSDM_EMMEAN_SP_131386.parquet"
"15311","FINAL_EMSDM_EMMEAN_SP_131388.parquet"
"15312","FINAL_EMSDM_EMMEAN_SP_131392.parquet"
"15313","FINAL_EMSDM_EMMEAN_SP_131393.parquet"
"15314","FINAL_EMSDM_EMMEAN_SP_131394.parquet"
"15315","FINAL_EMSDM_EMMEAN_SP_131398.parquet"
"15316","FINAL_EMSDM_EMMEAN_SP_131399.parquet"
"15317","FINAL_EMSDM_EMMEAN_SP_131401.parquet"
"15318","FINAL_EMSDM_EMMEAN_SP_131402.parquet"
"15319","FINAL_EMSDM_EMMEAN_SP_131404.parquet"
"15320","FINAL_EMSDM_EMMEAN_SP_131405.parquet"
"15321","FINAL_EMSDM_EMMEAN_SP_131409.parquet"
"15322","FINAL_EMSDM_EMMEAN_SP_131410.parquet"
"15323","FINAL_EMSDM_EMMEAN_SP_131411.parquet"
"15324","FINAL_EMSDM_EMMEAN_SP_131413.parquet"
"15325","FINAL_EMSDM_EMMEAN_SP_131414.parquet"
"15326","FINAL_EMSDM_EMMEAN_SP_131415.parquet"
"15327","FINAL_EMSDM_EMMEAN_SP_131422.parquet"
"15328","FINAL_EMSDM_EMMEAN_SP_131424.parquet"
"15329","FINAL_EMSDM_EMMEAN_SP_131429.parquet"
"15330","FINAL_EMSDM_EMMEAN_SP_131431.parquet"
"15331","FINAL_EMSDM_EMMEAN_SP_131432.parquet"
"15332","FINAL_EMSDM_EMMEAN_SP_131435.parquet"
"15333","FINAL_EMSDM_EMMEAN_SP_131436.parquet"
"15334","FINAL_EMSDM_EMMEAN_SP_131442.parquet"
"15335","FINAL_EMSDM_EMMEAN_SP_131452.parquet"
"15336","FINAL_EMSDM_EMMEAN_SP_131458.parquet"
"15337","FINAL_EMSDM_EMMEAN_SP_131459.parquet"
"15338","FINAL_EMSDM_EMMEAN_SP_131467.parquet"
"15339","FINAL_EMSDM_EMMEAN_SP_131470.parquet"
"15340","FINAL_EMSDM_EMMEAN_SP_131480.parquet"
"15341","FINAL_EMSDM_EMMEAN_SP_131482.parquet"
"15342","FINAL_EMSDM_EMMEAN_SP_131483.parquet"
"15343","FINAL_EMSDM_EMMEAN_SP_131490.parquet"
"15344","FINAL_EMSDM_EMMEAN_SP_131493.parquet"
"15345","FINAL_EMSDM_EMMEAN_SP_131494.parquet"
"15346","FINAL_EMSDM_EMMEAN_SP_131496.parquet"
"15347","FINAL_EMSDM_EMMEAN_SP_131499.parquet"
"15348","FINAL_EMSDM_EMMEAN_SP_131500.parquet"
"15349","FINAL_EMSDM_EMMEAN_SP_131501.parquet"
"15350","FINAL_EMSDM_EMMEAN_SP_131502.parquet"
"15351","FINAL_EMSDM_EMMEAN_SP_131503.parquet"
"15352","FINAL_EMSDM_EMMEAN_SP_131504.parquet"
"15353","FINAL_EMSDM_EMMEAN_SP_131505.parquet"
"15354","FINAL_EMSDM_EMMEAN_SP_131506.parquet"
"15355","FINAL_EMSDM_EMMEAN_SP_131507.parquet"
"15356","FINAL_EMSDM_EMMEAN_SP_131508.parquet"
"15357","FINAL_EMSDM_EMMEAN_SP_131512.parquet"
"15358","FINAL_EMSDM_EMMEAN_SP_131513.parquet"
"15359","FINAL_EMSDM_EMMEAN_SP_131519.parquet"
"15360","FINAL_EMSDM_EMMEAN_SP_131520.parquet"
"15361","FINAL_EMSDM_EMMEAN_SP_131521.parquet"
"15362","FINAL_EMSDM_EMMEAN_SP_131523.parquet"
"15363","FINAL_EMSDM_EMMEAN_SP_131525.parquet"
"15364","FINAL_EMSDM_EMMEAN_SP_131526.parquet"
"15365","FINAL_EMSDM_EMMEAN_SP_131527.parquet"
"15366","FINAL_EMSDM_EMMEAN_SP_131528.parquet"
"15367","FINAL_EMSDM_EMMEAN_SP_131530.parquet"
"15368","FINAL_EMSDM_EMMEAN_SP_131534.parquet"
"15369","FINAL_EMSDM_EMMEAN_SP_131537.parquet"
"15370","FINAL_EMSDM_EMMEAN_SP_131538.parquet"
"15371","FINAL_EMSDM_EMMEAN_SP_131540.parquet"
"15372","FINAL_EMSDM_EMMEAN_SP_131542.parquet"
"15373","FINAL_EMSDM_EMMEAN_SP_131543.parquet"
"15374","FINAL_EMSDM_EMMEAN_SP_131544.parquet"
"15375","FINAL_EMSDM_EMMEAN_SP_131548.parquet"
"15376","FINAL_EMSDM_EMMEAN_SP_131551.parquet"
"15377","FINAL_EMSDM_EMMEAN_SP_131561.parquet"
"15378","FINAL_EMSDM_EMMEAN_SP_131568.parquet"
"15379","FINAL_EMSDM_EMMEAN_SP_131570.parquet"
"15380","FINAL_EMSDM_EMMEAN_SP_131573.parquet"
"15381","FINAL_EMSDM_EMMEAN_SP_131574.parquet"
"15382","FINAL_EMSDM_EMMEAN_SP_131576.parquet"
"15383","FINAL_EMSDM_EMMEAN_SP_131580.parquet"
"15384","FINAL_EMSDM_EMMEAN_SP_131581.parquet"
"15385","FINAL_EMSDM_EMMEAN_SP_1317120.parquet"
"15386","FINAL_EMSDM_EMMEAN_SP_1317249.parquet"
"15387","FINAL_EMSDM_EMMEAN_SP_1317574.parquet"
"15388","FINAL_EMSDM_EMMEAN_SP_1317684.parquet"
"15389","FINAL_EMSDM_EMMEAN_SP_1317687.parquet"
"15390","FINAL_EMSDM_EMMEAN_SP_1318022.parquet"
"15391","FINAL_EMSDM_EMMEAN_SP_1318024.parquet"
"15392","FINAL_EMSDM_EMMEAN_SP_1318026.parquet"
"15393","FINAL_EMSDM_EMMEAN_SP_1318046.parquet"
"15394","FINAL_EMSDM_EMMEAN_SP_1318059.parquet"
"15395","FINAL_EMSDM_EMMEAN_SP_132159.parquet"
"15396","FINAL_EMSDM_EMMEAN_SP_132181.parquet"
"15397","FINAL_EMSDM_EMMEAN_SP_132200.parquet"
"15398","FINAL_EMSDM_EMMEAN_SP_132201.parquet"
"15399","FINAL_EMSDM_EMMEAN_SP_132216.parquet"
"15400","FINAL_EMSDM_EMMEAN_SP_132219.parquet"
"15401","FINAL_EMSDM_EMMEAN_SP_132233.parquet"
"15402","FINAL_EMSDM_EMMEAN_SP_132247.parquet"
"15403","FINAL_EMSDM_EMMEAN_SP_132251.parquet"
"15404","FINAL_EMSDM_EMMEAN_SP_132257.parquet"
"15405","FINAL_EMSDM_EMMEAN_SP_132275.parquet"
"15406","FINAL_EMSDM_EMMEAN_SP_132277.parquet"
"15407","FINAL_EMSDM_EMMEAN_SP_1322948.parquet"
"15408","FINAL_EMSDM_EMMEAN_SP_132296.parquet"
"15409","FINAL_EMSDM_EMMEAN_SP_132301.parquet"
"15410","FINAL_EMSDM_EMMEAN_SP_132315.parquet"
"15411","FINAL_EMSDM_EMMEAN_SP_132317.parquet"
"15412","FINAL_EMSDM_EMMEAN_SP_132321.parquet"
"15413","FINAL_EMSDM_EMMEAN_SP_132324.parquet"
"15414","FINAL_EMSDM_EMMEAN_SP_132326.parquet"
"15415","FINAL_EMSDM_EMMEAN_SP_132335.parquet"
"15416","FINAL_EMSDM_EMMEAN_SP_132356.parquet"
"15417","FINAL_EMSDM_EMMEAN_SP_132362.parquet"
"15418","FINAL_EMSDM_EMMEAN_SP_132371.parquet"
"15419","FINAL_EMSDM_EMMEAN_SP_132377.parquet"
"15420","FINAL_EMSDM_EMMEAN_SP_132378.parquet"
"15421","FINAL_EMSDM_EMMEAN_SP_132439.parquet"
"15422","FINAL_EMSDM_EMMEAN_SP_132444.parquet"
"15423","FINAL_EMSDM_EMMEAN_SP_1324524.parquet"
"15424","FINAL_EMSDM_EMMEAN_SP_132454.parquet"
"15425","FINAL_EMSDM_EMMEAN_SP_132455.parquet"
"15426","FINAL_EMSDM_EMMEAN_SP_132468.parquet"
"15427","FINAL_EMSDM_EMMEAN_SP_132472.parquet"
"15428","FINAL_EMSDM_EMMEAN_SP_132473.parquet"
"15429","FINAL_EMSDM_EMMEAN_SP_132476.parquet"
"15430","FINAL_EMSDM_EMMEAN_SP_132480.parquet"
"15431","FINAL_EMSDM_EMMEAN_SP_132487.parquet"
"15432","FINAL_EMSDM_EMMEAN_SP_132499.parquet"
"15433","FINAL_EMSDM_EMMEAN_SP_132507.parquet"
"15434","FINAL_EMSDM_EMMEAN_SP_132509.parquet"
"15435","FINAL_EMSDM_EMMEAN_SP_132510.parquet"
"15436","FINAL_EMSDM_EMMEAN_SP_132511.parquet"
"15437","FINAL_EMSDM_EMMEAN_SP_132521.parquet"
"15438","FINAL_EMSDM_EMMEAN_SP_132539.parquet"
"15439","FINAL_EMSDM_EMMEAN_SP_132544.parquet"
"15440","FINAL_EMSDM_EMMEAN_SP_132550.parquet"
"15441","FINAL_EMSDM_EMMEAN_SP_132557.parquet"
"15442","FINAL_EMSDM_EMMEAN_SP_132558.parquet"
"15443","FINAL_EMSDM_EMMEAN_SP_132575.parquet"
"15444","FINAL_EMSDM_EMMEAN_SP_132652.parquet"
"15445","FINAL_EMSDM_EMMEAN_SP_132663.parquet"
"15446","FINAL_EMSDM_EMMEAN_SP_1326974.parquet"
"15447","FINAL_EMSDM_EMMEAN_SP_132736.parquet"
"15448","FINAL_EMSDM_EMMEAN_SP_132761.parquet"
"15449","FINAL_EMSDM_EMMEAN_SP_132773.parquet"
"15450","FINAL_EMSDM_EMMEAN_SP_132796.parquet"
"15451","FINAL_EMSDM_EMMEAN_SP_132797.parquet"
"15452","FINAL_EMSDM_EMMEAN_SP_132802.parquet"
"15453","FINAL_EMSDM_EMMEAN_SP_132804.parquet"
"15454","FINAL_EMSDM_EMMEAN_SP_1328244.parquet"
"15455","FINAL_EMSDM_EMMEAN_SP_132833.parquet"
"15456","FINAL_EMSDM_EMMEAN_SP_132858.parquet"
"15457","FINAL_EMSDM_EMMEAN_SP_1329504.parquet"
"15458","FINAL_EMSDM_EMMEAN_SP_132970.parquet"
"15459","FINAL_EMSDM_EMMEAN_SP_132971.parquet"
"15460","FINAL_EMSDM_EMMEAN_SP_1329867.parquet"
"15461","FINAL_EMSDM_EMMEAN_SP_132991.parquet"
"15462","FINAL_EMSDM_EMMEAN_SP_132992.parquet"
"15463","FINAL_EMSDM_EMMEAN_SP_133107.parquet"
"15464","FINAL_EMSDM_EMMEAN_SP_133115.parquet"
"15465","FINAL_EMSDM_EMMEAN_SP_133139.parquet"
"15466","FINAL_EMSDM_EMMEAN_SP_133147.parquet"
"15467","FINAL_EMSDM_EMMEAN_SP_133150.parquet"
"15468","FINAL_EMSDM_EMMEAN_SP_133188.parquet"
"15469","FINAL_EMSDM_EMMEAN_SP_133192.parquet"
"15470","FINAL_EMSDM_EMMEAN_SP_133205.parquet"
"15471","FINAL_EMSDM_EMMEAN_SP_133215.parquet"
"15472","FINAL_EMSDM_EMMEAN_SP_133247.parquet"
"15473","FINAL_EMSDM_EMMEAN_SP_133445.parquet"
"15474","FINAL_EMSDM_EMMEAN_SP_133446.parquet"
"15475","FINAL_EMSDM_EMMEAN_SP_133526.parquet"
"15476","FINAL_EMSDM_EMMEAN_SP_133541.parquet"
"15477","FINAL_EMSDM_EMMEAN_SP_1335417.parquet"
"15478","FINAL_EMSDM_EMMEAN_SP_133543.parquet"
"15479","FINAL_EMSDM_EMMEAN_SP_133560.parquet"
"15480","FINAL_EMSDM_EMMEAN_SP_133587.parquet"
"15481","FINAL_EMSDM_EMMEAN_SP_133621.parquet"
"15482","FINAL_EMSDM_EMMEAN_SP_133679.parquet"
"15483","FINAL_EMSDM_EMMEAN_SP_133688.parquet"
"15484","FINAL_EMSDM_EMMEAN_SP_133693.parquet"
"15485","FINAL_EMSDM_EMMEAN_SP_133694.parquet"
"15486","FINAL_EMSDM_EMMEAN_SP_1337980.parquet"
"15487","FINAL_EMSDM_EMMEAN_SP_1337983.parquet"
"15488","FINAL_EMSDM_EMMEAN_SP_1338678.parquet"
"15489","FINAL_EMSDM_EMMEAN_SP_133874.parquet"
"15490","FINAL_EMSDM_EMMEAN_SP_133911.parquet"
"15491","FINAL_EMSDM_EMMEAN_SP_133913.parquet"
"15492","FINAL_EMSDM_EMMEAN_SP_133921.parquet"
"15493","FINAL_EMSDM_EMMEAN_SP_133928.parquet"
"15494","FINAL_EMSDM_EMMEAN_SP_133938.parquet"
"15495","FINAL_EMSDM_EMMEAN_SP_1339476.parquet"
"15496","FINAL_EMSDM_EMMEAN_SP_133974.parquet"
"15497","FINAL_EMSDM_EMMEAN_SP_133983.parquet"
"15498","FINAL_EMSDM_EMMEAN_SP_1339855.parquet"
"15499","FINAL_EMSDM_EMMEAN_SP_133988.parquet"
"15500","FINAL_EMSDM_EMMEAN_SP_133991.parquet"
"15501","FINAL_EMSDM_EMMEAN_SP_134022.parquet"
"15502","FINAL_EMSDM_EMMEAN_SP_134023.parquet"
"15503","FINAL_EMSDM_EMMEAN_SP_134025.parquet"
"15504","FINAL_EMSDM_EMMEAN_SP_134033.parquet"
"15505","FINAL_EMSDM_EMMEAN_SP_134035.parquet"
"15506","FINAL_EMSDM_EMMEAN_SP_134057.parquet"
"15507","FINAL_EMSDM_EMMEAN_SP_134083.parquet"
"15508","FINAL_EMSDM_EMMEAN_SP_134104.parquet"
"15509","FINAL_EMSDM_EMMEAN_SP_134105.parquet"
"15510","FINAL_EMSDM_EMMEAN_SP_134106.parquet"
"15511","FINAL_EMSDM_EMMEAN_SP_134108.parquet"
"15512","FINAL_EMSDM_EMMEAN_SP_134110.parquet"
"15513","FINAL_EMSDM_EMMEAN_SP_134112.parquet"
"15514","FINAL_EMSDM_EMMEAN_SP_134113.parquet"
"15515","FINAL_EMSDM_EMMEAN_SP_134121.parquet"
"15516","FINAL_EMSDM_EMMEAN_SP_134146.parquet"
"15517","FINAL_EMSDM_EMMEAN_SP_134155.parquet"
"15518","FINAL_EMSDM_EMMEAN_SP_134167.parquet"
"15519","FINAL_EMSDM_EMMEAN_SP_134175.parquet"
"15520","FINAL_EMSDM_EMMEAN_SP_1341823.parquet"
"15521","FINAL_EMSDM_EMMEAN_SP_134191.parquet"
"15522","FINAL_EMSDM_EMMEAN_SP_134194.parquet"
"15523","FINAL_EMSDM_EMMEAN_SP_134199.parquet"
"15524","FINAL_EMSDM_EMMEAN_SP_134200.parquet"
"15525","FINAL_EMSDM_EMMEAN_SP_134204.parquet"
"15526","FINAL_EMSDM_EMMEAN_SP_1342053.parquet"
"15527","FINAL_EMSDM_EMMEAN_SP_134214.parquet"
"15528","FINAL_EMSDM_EMMEAN_SP_134215.parquet"
"15529","FINAL_EMSDM_EMMEAN_SP_134224.parquet"
"15530","FINAL_EMSDM_EMMEAN_SP_134232.parquet"
"15531","FINAL_EMSDM_EMMEAN_SP_134235.parquet"
"15532","FINAL_EMSDM_EMMEAN_SP_134240.parquet"
"15533","FINAL_EMSDM_EMMEAN_SP_134241.parquet"
"15534","FINAL_EMSDM_EMMEAN_SP_134255.parquet"
"15535","FINAL_EMSDM_EMMEAN_SP_134260.parquet"
"15536","FINAL_EMSDM_EMMEAN_SP_1342617.parquet"
"15537","FINAL_EMSDM_EMMEAN_SP_134273.parquet"
"15538","FINAL_EMSDM_EMMEAN_SP_134275.parquet"
"15539","FINAL_EMSDM_EMMEAN_SP_134282.parquet"
"15540","FINAL_EMSDM_EMMEAN_SP_134285.parquet"
"15541","FINAL_EMSDM_EMMEAN_SP_134294.parquet"
"15542","FINAL_EMSDM_EMMEAN_SP_1342943.parquet"
"15543","FINAL_EMSDM_EMMEAN_SP_1342949.parquet"
"15544","FINAL_EMSDM_EMMEAN_SP_134296.parquet"
"15545","FINAL_EMSDM_EMMEAN_SP_134298.parquet"
"15546","FINAL_EMSDM_EMMEAN_SP_134305.parquet"
"15547","FINAL_EMSDM_EMMEAN_SP_134307.parquet"
"15548","FINAL_EMSDM_EMMEAN_SP_134311.parquet"
"15549","FINAL_EMSDM_EMMEAN_SP_134312.parquet"
"15550","FINAL_EMSDM_EMMEAN_SP_134314.parquet"
"15551","FINAL_EMSDM_EMMEAN_SP_134317.parquet"
"15552","FINAL_EMSDM_EMMEAN_SP_134378.parquet"
"15553","FINAL_EMSDM_EMMEAN_SP_134380.parquet"
"15554","FINAL_EMSDM_EMMEAN_SP_134391.parquet"
"15555","FINAL_EMSDM_EMMEAN_SP_134405.parquet"
"15556","FINAL_EMSDM_EMMEAN_SP_134418.parquet"
"15557","FINAL_EMSDM_EMMEAN_SP_134599.parquet"
"15558","FINAL_EMSDM_EMMEAN_SP_134600.parquet"
"15559","FINAL_EMSDM_EMMEAN_SP_1346023.parquet"
"15560","FINAL_EMSDM_EMMEAN_SP_1346052.parquet"
"15561","FINAL_EMSDM_EMMEAN_SP_134607.parquet"
"15562","FINAL_EMSDM_EMMEAN_SP_134614.parquet"
"15563","FINAL_EMSDM_EMMEAN_SP_134618.parquet"
"15564","FINAL_EMSDM_EMMEAN_SP_134630.parquet"
"15565","FINAL_EMSDM_EMMEAN_SP_134632.parquet"
"15566","FINAL_EMSDM_EMMEAN_SP_134635.parquet"
"15567","FINAL_EMSDM_EMMEAN_SP_134643.parquet"
"15568","FINAL_EMSDM_EMMEAN_SP_134645.parquet"
"15569","FINAL_EMSDM_EMMEAN_SP_134654.parquet"
"15570","FINAL_EMSDM_EMMEAN_SP_134659.parquet"
"15571","FINAL_EMSDM_EMMEAN_SP_134662.parquet"
"15572","FINAL_EMSDM_EMMEAN_SP_134663.parquet"
"15573","FINAL_EMSDM_EMMEAN_SP_134666.parquet"
"15574","FINAL_EMSDM_EMMEAN_SP_134667.parquet"
"15575","FINAL_EMSDM_EMMEAN_SP_134669.parquet"
"15576","FINAL_EMSDM_EMMEAN_SP_134674.parquet"
"15577","FINAL_EMSDM_EMMEAN_SP_134676.parquet"
"15578","FINAL_EMSDM_EMMEAN_SP_134678.parquet"
"15579","FINAL_EMSDM_EMMEAN_SP_134679.parquet"
"15580","FINAL_EMSDM_EMMEAN_SP_134686.parquet"
"15581","FINAL_EMSDM_EMMEAN_SP_134687.parquet"
"15582","FINAL_EMSDM_EMMEAN_SP_134688.parquet"
"15583","FINAL_EMSDM_EMMEAN_SP_134690.parquet"
"15584","FINAL_EMSDM_EMMEAN_SP_134691.parquet"
"15585","FINAL_EMSDM_EMMEAN_SP_134694.parquet"
"15586","FINAL_EMSDM_EMMEAN_SP_134696.parquet"
"15587","FINAL_EMSDM_EMMEAN_SP_134697.parquet"
"15588","FINAL_EMSDM_EMMEAN_SP_134708.parquet"
"15589","FINAL_EMSDM_EMMEAN_SP_134711.parquet"
"15590","FINAL_EMSDM_EMMEAN_SP_134712.parquet"
"15591","FINAL_EMSDM_EMMEAN_SP_134714.parquet"
"15592","FINAL_EMSDM_EMMEAN_SP_134719.parquet"
"15593","FINAL_EMSDM_EMMEAN_SP_134723.parquet"
"15594","FINAL_EMSDM_EMMEAN_SP_134725.parquet"
"15595","FINAL_EMSDM_EMMEAN_SP_134729.parquet"
"15596","FINAL_EMSDM_EMMEAN_SP_134741.parquet"
"15597","FINAL_EMSDM_EMMEAN_SP_1347416.parquet"
"15598","FINAL_EMSDM_EMMEAN_SP_134795.parquet"
"15599","FINAL_EMSDM_EMMEAN_SP_134805.parquet"
"15600","FINAL_EMSDM_EMMEAN_SP_1349546.parquet"
"15601","FINAL_EMSDM_EMMEAN_SP_135050.parquet"
"15602","FINAL_EMSDM_EMMEAN_SP_135051.parquet"
"15603","FINAL_EMSDM_EMMEAN_SP_135059.parquet"
"15604","FINAL_EMSDM_EMMEAN_SP_135130.parquet"
"15605","FINAL_EMSDM_EMMEAN_SP_135133.parquet"
"15606","FINAL_EMSDM_EMMEAN_SP_135134.parquet"
"15607","FINAL_EMSDM_EMMEAN_SP_135137.parquet"
"15608","FINAL_EMSDM_EMMEAN_SP_135138.parquet"
"15609","FINAL_EMSDM_EMMEAN_SP_135139.parquet"
"15610","FINAL_EMSDM_EMMEAN_SP_135141.parquet"
"15611","FINAL_EMSDM_EMMEAN_SP_135142.parquet"
"15612","FINAL_EMSDM_EMMEAN_SP_135143.parquet"
"15613","FINAL_EMSDM_EMMEAN_SP_135145.parquet"
"15614","FINAL_EMSDM_EMMEAN_SP_135147.parquet"
"15615","FINAL_EMSDM_EMMEAN_SP_135151.parquet"
"15616","FINAL_EMSDM_EMMEAN_SP_135152.parquet"
"15617","FINAL_EMSDM_EMMEAN_SP_135153.parquet"
"15618","FINAL_EMSDM_EMMEAN_SP_135155.parquet"
"15619","FINAL_EMSDM_EMMEAN_SP_135156.parquet"
"15620","FINAL_EMSDM_EMMEAN_SP_135157.parquet"
"15621","FINAL_EMSDM_EMMEAN_SP_135160.parquet"
"15622","FINAL_EMSDM_EMMEAN_SP_135162.parquet"
"15623","FINAL_EMSDM_EMMEAN_SP_135163.parquet"
"15624","FINAL_EMSDM_EMMEAN_SP_135165.parquet"
"15625","FINAL_EMSDM_EMMEAN_SP_135167.parquet"
"15626","FINAL_EMSDM_EMMEAN_SP_135168.parquet"
"15627","FINAL_EMSDM_EMMEAN_SP_135171.parquet"
"15628","FINAL_EMSDM_EMMEAN_SP_135172.parquet"
"15629","FINAL_EMSDM_EMMEAN_SP_135173.parquet"
"15630","FINAL_EMSDM_EMMEAN_SP_135177.parquet"
"15631","FINAL_EMSDM_EMMEAN_SP_135178.parquet"
"15632","FINAL_EMSDM_EMMEAN_SP_135181.parquet"
"15633","FINAL_EMSDM_EMMEAN_SP_135184.parquet"
"15634","FINAL_EMSDM_EMMEAN_SP_135185.parquet"
"15635","FINAL_EMSDM_EMMEAN_SP_135187.parquet"
"15636","FINAL_EMSDM_EMMEAN_SP_135188.parquet"
"15637","FINAL_EMSDM_EMMEAN_SP_135189.parquet"
"15638","FINAL_EMSDM_EMMEAN_SP_135190.parquet"
"15639","FINAL_EMSDM_EMMEAN_SP_135193.parquet"
"15640","FINAL_EMSDM_EMMEAN_SP_135194.parquet"
"15641","FINAL_EMSDM_EMMEAN_SP_135195.parquet"
"15642","FINAL_EMSDM_EMMEAN_SP_135196.parquet"
"15643","FINAL_EMSDM_EMMEAN_SP_135197.parquet"
"15644","FINAL_EMSDM_EMMEAN_SP_135198.parquet"
"15645","FINAL_EMSDM_EMMEAN_SP_135203.parquet"
"15646","FINAL_EMSDM_EMMEAN_SP_135204.parquet"
"15647","FINAL_EMSDM_EMMEAN_SP_135205.parquet"
"15648","FINAL_EMSDM_EMMEAN_SP_135206.parquet"
"15649","FINAL_EMSDM_EMMEAN_SP_135207.parquet"
"15650","FINAL_EMSDM_EMMEAN_SP_135208.parquet"
"15651","FINAL_EMSDM_EMMEAN_SP_135216.parquet"
"15652","FINAL_EMSDM_EMMEAN_SP_135217.parquet"
"15653","FINAL_EMSDM_EMMEAN_SP_135278.parquet"
"15654","FINAL_EMSDM_EMMEAN_SP_135279.parquet"
"15655","FINAL_EMSDM_EMMEAN_SP_135280.parquet"
"15656","FINAL_EMSDM_EMMEAN_SP_135281.parquet"
"15657","FINAL_EMSDM_EMMEAN_SP_135282.parquet"
"15658","FINAL_EMSDM_EMMEAN_SP_135284.parquet"
"15659","FINAL_EMSDM_EMMEAN_SP_135290.parquet"
"15660","FINAL_EMSDM_EMMEAN_SP_135291.parquet"
"15661","FINAL_EMSDM_EMMEAN_SP_135294.parquet"
"15662","FINAL_EMSDM_EMMEAN_SP_135295.parquet"
"15663","FINAL_EMSDM_EMMEAN_SP_135297.parquet"
"15664","FINAL_EMSDM_EMMEAN_SP_135298.parquet"
"15665","FINAL_EMSDM_EMMEAN_SP_135299.parquet"
"15666","FINAL_EMSDM_EMMEAN_SP_135302.parquet"
"15667","FINAL_EMSDM_EMMEAN_SP_135304.parquet"
"15668","FINAL_EMSDM_EMMEAN_SP_135305.parquet"
"15669","FINAL_EMSDM_EMMEAN_SP_135306.parquet"
"15670","FINAL_EMSDM_EMMEAN_SP_135309.parquet"
"15671","FINAL_EMSDM_EMMEAN_SP_135310.parquet"
"15672","FINAL_EMSDM_EMMEAN_SP_135311.parquet"
"15673","FINAL_EMSDM_EMMEAN_SP_135322.parquet"
"15674","FINAL_EMSDM_EMMEAN_SP_135328.parquet"
"15675","FINAL_EMSDM_EMMEAN_SP_135402.parquet"
"15676","FINAL_EMSDM_EMMEAN_SP_135403.parquet"
"15677","FINAL_EMSDM_EMMEAN_SP_135405.parquet"
"15678","FINAL_EMSDM_EMMEAN_SP_135406.parquet"
"15679","FINAL_EMSDM_EMMEAN_SP_135407.parquet"
"15680","FINAL_EMSDM_EMMEAN_SP_135408.parquet"
"15681","FINAL_EMSDM_EMMEAN_SP_135409.parquet"
"15682","FINAL_EMSDM_EMMEAN_SP_135412.parquet"
"15683","FINAL_EMSDM_EMMEAN_SP_135414.parquet"
"15684","FINAL_EMSDM_EMMEAN_SP_135415.parquet"
"15685","FINAL_EMSDM_EMMEAN_SP_135416.parquet"
"15686","FINAL_EMSDM_EMMEAN_SP_135419.parquet"
"15687","FINAL_EMSDM_EMMEAN_SP_135420.parquet"
"15688","FINAL_EMSDM_EMMEAN_SP_135423.parquet"
"15689","FINAL_EMSDM_EMMEAN_SP_135424.parquet"
"15690","FINAL_EMSDM_EMMEAN_SP_135425.parquet"
"15691","FINAL_EMSDM_EMMEAN_SP_135427.parquet"
"15692","FINAL_EMSDM_EMMEAN_SP_135428.parquet"
"15693","FINAL_EMSDM_EMMEAN_SP_135429.parquet"
"15694","FINAL_EMSDM_EMMEAN_SP_135430.parquet"
"15695","FINAL_EMSDM_EMMEAN_SP_135431.parquet"
"15696","FINAL_EMSDM_EMMEAN_SP_135432.parquet"
"15697","FINAL_EMSDM_EMMEAN_SP_135434.parquet"
"15698","FINAL_EMSDM_EMMEAN_SP_135440.parquet"
"15699","FINAL_EMSDM_EMMEAN_SP_135442.parquet"
"15700","FINAL_EMSDM_EMMEAN_SP_135444.parquet"
"15701","FINAL_EMSDM_EMMEAN_SP_135446.parquet"
"15702","FINAL_EMSDM_EMMEAN_SP_135447.parquet"
"15703","FINAL_EMSDM_EMMEAN_SP_135448.parquet"
"15704","FINAL_EMSDM_EMMEAN_SP_135449.parquet"
"15705","FINAL_EMSDM_EMMEAN_SP_135450.parquet"
"15706","FINAL_EMSDM_EMMEAN_SP_135451.parquet"
"15707","FINAL_EMSDM_EMMEAN_SP_135452.parquet"
"15708","FINAL_EMSDM_EMMEAN_SP_135453.parquet"
"15709","FINAL_EMSDM_EMMEAN_SP_135454.parquet"
"15710","FINAL_EMSDM_EMMEAN_SP_135455.parquet"
"15711","FINAL_EMSDM_EMMEAN_SP_135456.parquet"
"15712","FINAL_EMSDM_EMMEAN_SP_135457.parquet"
"15713","FINAL_EMSDM_EMMEAN_SP_135458.parquet"
"15714","FINAL_EMSDM_EMMEAN_SP_135460.parquet"
"15715","FINAL_EMSDM_EMMEAN_SP_135461.parquet"
"15716","FINAL_EMSDM_EMMEAN_SP_135462.parquet"
"15717","FINAL_EMSDM_EMMEAN_SP_135463.parquet"
"15718","FINAL_EMSDM_EMMEAN_SP_135465.parquet"
"15719","FINAL_EMSDM_EMMEAN_SP_135466.parquet"
"15720","FINAL_EMSDM_EMMEAN_SP_135470.parquet"
"15721","FINAL_EMSDM_EMMEAN_SP_135471.parquet"
"15722","FINAL_EMSDM_EMMEAN_SP_135479.parquet"
"15723","FINAL_EMSDM_EMMEAN_SP_135480.parquet"
"15724","FINAL_EMSDM_EMMEAN_SP_135482.parquet"
"15725","FINAL_EMSDM_EMMEAN_SP_135487.parquet"
"15726","FINAL_EMSDM_EMMEAN_SP_135488.parquet"
"15727","FINAL_EMSDM_EMMEAN_SP_135490.parquet"
"15728","FINAL_EMSDM_EMMEAN_SP_135493.parquet"
"15729","FINAL_EMSDM_EMMEAN_SP_135494.parquet"
"15730","FINAL_EMSDM_EMMEAN_SP_135495.parquet"
"15731","FINAL_EMSDM_EMMEAN_SP_135496.parquet"
"15732","FINAL_EMSDM_EMMEAN_SP_135497.parquet"
"15733","FINAL_EMSDM_EMMEAN_SP_135498.parquet"
"15734","FINAL_EMSDM_EMMEAN_SP_135501.parquet"
"15735","FINAL_EMSDM_EMMEAN_SP_135505.parquet"
"15736","FINAL_EMSDM_EMMEAN_SP_135506.parquet"
"15737","FINAL_EMSDM_EMMEAN_SP_1355594.parquet"
"15738","FINAL_EMSDM_EMMEAN_SP_1356177.parquet"
"15739","FINAL_EMSDM_EMMEAN_SP_1356300.parquet"
"15740","FINAL_EMSDM_EMMEAN_SP_135789.parquet"
"15741","FINAL_EMSDM_EMMEAN_SP_136032.parquet"
"15742","FINAL_EMSDM_EMMEAN_SP_136033.parquet"
"15743","FINAL_EMSDM_EMMEAN_SP_136034.parquet"
"15744","FINAL_EMSDM_EMMEAN_SP_136035.parquet"
"15745","FINAL_EMSDM_EMMEAN_SP_136038.parquet"
"15746","FINAL_EMSDM_EMMEAN_SP_136039.parquet"
"15747","FINAL_EMSDM_EMMEAN_SP_136051.parquet"
"15748","FINAL_EMSDM_EMMEAN_SP_136052.parquet"
"15749","FINAL_EMSDM_EMMEAN_SP_136054.parquet"
"15750","FINAL_EMSDM_EMMEAN_SP_136055.parquet"
"15751","FINAL_EMSDM_EMMEAN_SP_136056.parquet"
"15752","FINAL_EMSDM_EMMEAN_SP_136057.parquet"
"15753","FINAL_EMSDM_EMMEAN_SP_136058.parquet"
"15754","FINAL_EMSDM_EMMEAN_SP_136059.parquet"
"15755","FINAL_EMSDM_EMMEAN_SP_136060.parquet"
"15756","FINAL_EMSDM_EMMEAN_SP_136063.parquet"
"15757","FINAL_EMSDM_EMMEAN_SP_136064.parquet"
"15758","FINAL_EMSDM_EMMEAN_SP_136065.parquet"
"15759","FINAL_EMSDM_EMMEAN_SP_136074.parquet"
"15760","FINAL_EMSDM_EMMEAN_SP_136075.parquet"
"15761","FINAL_EMSDM_EMMEAN_SP_136077.parquet"
"15762","FINAL_EMSDM_EMMEAN_SP_136080.parquet"
"15763","FINAL_EMSDM_EMMEAN_SP_136081.parquet"
"15764","FINAL_EMSDM_EMMEAN_SP_136083.parquet"
"15765","FINAL_EMSDM_EMMEAN_SP_136084.parquet"
"15766","FINAL_EMSDM_EMMEAN_SP_136116.parquet"
"15767","FINAL_EMSDM_EMMEAN_SP_136135.parquet"
"15768","FINAL_EMSDM_EMMEAN_SP_136136.parquet"
"15769","FINAL_EMSDM_EMMEAN_SP_136137.parquet"
"15770","FINAL_EMSDM_EMMEAN_SP_1362560.parquet"
"15771","FINAL_EMSDM_EMMEAN_SP_136284.parquet"
"15772","FINAL_EMSDM_EMMEAN_SP_136285.parquet"
"15773","FINAL_EMSDM_EMMEAN_SP_136290.parquet"
"15774","FINAL_EMSDM_EMMEAN_SP_136305.parquet"
"15775","FINAL_EMSDM_EMMEAN_SP_136319.parquet"
"15776","FINAL_EMSDM_EMMEAN_SP_136321.parquet"
"15777","FINAL_EMSDM_EMMEAN_SP_136323.parquet"
"15778","FINAL_EMSDM_EMMEAN_SP_136329.parquet"
"15779","FINAL_EMSDM_EMMEAN_SP_136334.parquet"
"15780","FINAL_EMSDM_EMMEAN_SP_136336.parquet"
"15781","FINAL_EMSDM_EMMEAN_SP_136338.parquet"
"15782","FINAL_EMSDM_EMMEAN_SP_136344.parquet"
"15783","FINAL_EMSDM_EMMEAN_SP_136348.parquet"
"15784","FINAL_EMSDM_EMMEAN_SP_136357.parquet"
"15785","FINAL_EMSDM_EMMEAN_SP_136373.parquet"
"15786","FINAL_EMSDM_EMMEAN_SP_136381.parquet"
"15787","FINAL_EMSDM_EMMEAN_SP_136387.parquet"
"15788","FINAL_EMSDM_EMMEAN_SP_136431.parquet"
"15789","FINAL_EMSDM_EMMEAN_SP_136443.parquet"
"15790","FINAL_EMSDM_EMMEAN_SP_136454.parquet"
"15791","FINAL_EMSDM_EMMEAN_SP_136455.parquet"
"15792","FINAL_EMSDM_EMMEAN_SP_136457.parquet"
"15793","FINAL_EMSDM_EMMEAN_SP_136458.parquet"
"15794","FINAL_EMSDM_EMMEAN_SP_136466.parquet"
"15795","FINAL_EMSDM_EMMEAN_SP_136486.parquet"
"15796","FINAL_EMSDM_EMMEAN_SP_136546.parquet"
"15797","FINAL_EMSDM_EMMEAN_SP_1366035.parquet"
"15798","FINAL_EMSDM_EMMEAN_SP_1368332.parquet"
"15799","FINAL_EMSDM_EMMEAN_SP_137077.parquet"
"15800","FINAL_EMSDM_EMMEAN_SP_137078.parquet"
"15801","FINAL_EMSDM_EMMEAN_SP_137079.parquet"
"15802","FINAL_EMSDM_EMMEAN_SP_137080.parquet"
"15803","FINAL_EMSDM_EMMEAN_SP_137081.parquet"
"15804","FINAL_EMSDM_EMMEAN_SP_137084.parquet"
"15805","FINAL_EMSDM_EMMEAN_SP_137085.parquet"
"15806","FINAL_EMSDM_EMMEAN_SP_137241.parquet"
"15807","FINAL_EMSDM_EMMEAN_SP_137246.parquet"
"15808","FINAL_EMSDM_EMMEAN_SP_137247.parquet"
"15809","FINAL_EMSDM_EMMEAN_SP_137250.parquet"
"15810","FINAL_EMSDM_EMMEAN_SP_137256.parquet"
"15811","FINAL_EMSDM_EMMEAN_SP_137257.parquet"
"15812","FINAL_EMSDM_EMMEAN_SP_137261.parquet"
"15813","FINAL_EMSDM_EMMEAN_SP_137266.parquet"
"15814","FINAL_EMSDM_EMMEAN_SP_137268.parquet"
"15815","FINAL_EMSDM_EMMEAN_SP_137270.parquet"
"15816","FINAL_EMSDM_EMMEAN_SP_137272.parquet"
"15817","FINAL_EMSDM_EMMEAN_SP_137273.parquet"
"15818","FINAL_EMSDM_EMMEAN_SP_137275.parquet"
"15819","FINAL_EMSDM_EMMEAN_SP_137278.parquet"
"15820","FINAL_EMSDM_EMMEAN_SP_137279.parquet"
"15821","FINAL_EMSDM_EMMEAN_SP_137280.parquet"
"15822","FINAL_EMSDM_EMMEAN_SP_137281.parquet"
"15823","FINAL_EMSDM_EMMEAN_SP_137282.parquet"
"15824","FINAL_EMSDM_EMMEAN_SP_137402.parquet"
"15825","FINAL_EMSDM_EMMEAN_SP_137416.parquet"
"15826","FINAL_EMSDM_EMMEAN_SP_1374303.parquet"
"15827","FINAL_EMSDM_EMMEAN_SP_137438.parquet"
"15828","FINAL_EMSDM_EMMEAN_SP_137476.parquet"
"15829","FINAL_EMSDM_EMMEAN_SP_137493.parquet"
"15830","FINAL_EMSDM_EMMEAN_SP_137553.parquet"
"15831","FINAL_EMSDM_EMMEAN_SP_137569.parquet"
"15832","FINAL_EMSDM_EMMEAN_SP_137570.parquet"
"15833","FINAL_EMSDM_EMMEAN_SP_137572.parquet"
"15834","FINAL_EMSDM_EMMEAN_SP_137574.parquet"
"15835","FINAL_EMSDM_EMMEAN_SP_137576.parquet"
"15836","FINAL_EMSDM_EMMEAN_SP_137578.parquet"
"15837","FINAL_EMSDM_EMMEAN_SP_137584.parquet"
"15838","FINAL_EMSDM_EMMEAN_SP_137611.parquet"
"15839","FINAL_EMSDM_EMMEAN_SP_1376228.parquet"
"15840","FINAL_EMSDM_EMMEAN_SP_1376240.parquet"
"15841","FINAL_EMSDM_EMMEAN_SP_1379630.parquet"
"15842","FINAL_EMSDM_EMMEAN_SP_1379631.parquet"
"15843","FINAL_EMSDM_EMMEAN_SP_1381934.parquet"
"15844","FINAL_EMSDM_EMMEAN_SP_1384235.parquet"
"15845","FINAL_EMSDM_EMMEAN_SP_1384909.parquet"
"15846","FINAL_EMSDM_EMMEAN_SP_1385044.parquet"
"15847","FINAL_EMSDM_EMMEAN_SP_1385046.parquet"
"15848","FINAL_EMSDM_EMMEAN_SP_1385288.parquet"
"15849","FINAL_EMSDM_EMMEAN_SP_1385310.parquet"
"15850","FINAL_EMSDM_EMMEAN_SP_138675.parquet"
"15851","FINAL_EMSDM_EMMEAN_SP_138677.parquet"
"15852","FINAL_EMSDM_EMMEAN_SP_138680.parquet"
"15853","FINAL_EMSDM_EMMEAN_SP_138681.parquet"
"15854","FINAL_EMSDM_EMMEAN_SP_138682.parquet"
"15855","FINAL_EMSDM_EMMEAN_SP_138686.parquet"
"15856","FINAL_EMSDM_EMMEAN_SP_138691.parquet"
"15857","FINAL_EMSDM_EMMEAN_SP_138694.parquet"
"15858","FINAL_EMSDM_EMMEAN_SP_138706.parquet"
"15859","FINAL_EMSDM_EMMEAN_SP_138709.parquet"
"15860","FINAL_EMSDM_EMMEAN_SP_138710.parquet"
"15861","FINAL_EMSDM_EMMEAN_SP_138711.parquet"
"15862","FINAL_EMSDM_EMMEAN_SP_138734.parquet"
"15863","FINAL_EMSDM_EMMEAN_SP_138739.parquet"
"15864","FINAL_EMSDM_EMMEAN_SP_138746.parquet"
"15865","FINAL_EMSDM_EMMEAN_SP_138747.parquet"
"15866","FINAL_EMSDM_EMMEAN_SP_138748.parquet"
"15867","FINAL_EMSDM_EMMEAN_SP_138751.parquet"
"15868","FINAL_EMSDM_EMMEAN_SP_138752.parquet"
"15869","FINAL_EMSDM_EMMEAN_SP_138753.parquet"
"15870","FINAL_EMSDM_EMMEAN_SP_138754.parquet"
"15871","FINAL_EMSDM_EMMEAN_SP_138755.parquet"
"15872","FINAL_EMSDM_EMMEAN_SP_138756.parquet"
"15873","FINAL_EMSDM_EMMEAN_SP_138757.parquet"
"15874","FINAL_EMSDM_EMMEAN_SP_138758.parquet"
"15875","FINAL_EMSDM_EMMEAN_SP_138759.parquet"
"15876","FINAL_EMSDM_EMMEAN_SP_138761.parquet"
"15877","FINAL_EMSDM_EMMEAN_SP_138768.parquet"
"15878","FINAL_EMSDM_EMMEAN_SP_138774.parquet"
"15879","FINAL_EMSDM_EMMEAN_SP_138775.parquet"
"15880","FINAL_EMSDM_EMMEAN_SP_138783.parquet"
"15881","FINAL_EMSDM_EMMEAN_SP_138785.parquet"
"15882","FINAL_EMSDM_EMMEAN_SP_138788.parquet"
"15883","FINAL_EMSDM_EMMEAN_SP_138791.parquet"
"15884","FINAL_EMSDM_EMMEAN_SP_138793.parquet"
"15885","FINAL_EMSDM_EMMEAN_SP_138796.parquet"
"15886","FINAL_EMSDM_EMMEAN_SP_138797.parquet"
"15887","FINAL_EMSDM_EMMEAN_SP_138799.parquet"
"15888","FINAL_EMSDM_EMMEAN_SP_138800.parquet"
"15889","FINAL_EMSDM_EMMEAN_SP_138801.parquet"
"15890","FINAL_EMSDM_EMMEAN_SP_138802.parquet"
"15891","FINAL_EMSDM_EMMEAN_SP_138803.parquet"
"15892","FINAL_EMSDM_EMMEAN_SP_138804.parquet"
"15893","FINAL_EMSDM_EMMEAN_SP_138816.parquet"
"15894","FINAL_EMSDM_EMMEAN_SP_138819.parquet"
"15895","FINAL_EMSDM_EMMEAN_SP_138820.parquet"
"15896","FINAL_EMSDM_EMMEAN_SP_138825.parquet"
"15897","FINAL_EMSDM_EMMEAN_SP_138831.parquet"
"15898","FINAL_EMSDM_EMMEAN_SP_138838.parquet"
"15899","FINAL_EMSDM_EMMEAN_SP_138843.parquet"
"15900","FINAL_EMSDM_EMMEAN_SP_138848.parquet"
"15901","FINAL_EMSDM_EMMEAN_SP_138849.parquet"
"15902","FINAL_EMSDM_EMMEAN_SP_138852.parquet"
"15903","FINAL_EMSDM_EMMEAN_SP_138853.parquet"
"15904","FINAL_EMSDM_EMMEAN_SP_138855.parquet"
"15905","FINAL_EMSDM_EMMEAN_SP_138858.parquet"
"15906","FINAL_EMSDM_EMMEAN_SP_138860.parquet"
"15907","FINAL_EMSDM_EMMEAN_SP_138862.parquet"
"15908","FINAL_EMSDM_EMMEAN_SP_138864.parquet"
"15909","FINAL_EMSDM_EMMEAN_SP_138865.parquet"
"15910","FINAL_EMSDM_EMMEAN_SP_138866.parquet"
"15911","FINAL_EMSDM_EMMEAN_SP_138873.parquet"
"15912","FINAL_EMSDM_EMMEAN_SP_138875.parquet"
"15913","FINAL_EMSDM_EMMEAN_SP_138880.parquet"
"15914","FINAL_EMSDM_EMMEAN_SP_138899.parquet"
"15915","FINAL_EMSDM_EMMEAN_SP_138902.parquet"
"15916","FINAL_EMSDM_EMMEAN_SP_138903.parquet"
"15917","FINAL_EMSDM_EMMEAN_SP_138907.parquet"
"15918","FINAL_EMSDM_EMMEAN_SP_138912.parquet"
"15919","FINAL_EMSDM_EMMEAN_SP_138913.parquet"
"15920","FINAL_EMSDM_EMMEAN_SP_138915.parquet"
"15921","FINAL_EMSDM_EMMEAN_SP_138917.parquet"
"15922","FINAL_EMSDM_EMMEAN_SP_138918.parquet"
"15923","FINAL_EMSDM_EMMEAN_SP_138920.parquet"
"15924","FINAL_EMSDM_EMMEAN_SP_1389219.parquet"
"15925","FINAL_EMSDM_EMMEAN_SP_1389226.parquet"
"15926","FINAL_EMSDM_EMMEAN_SP_138923.parquet"
"15927","FINAL_EMSDM_EMMEAN_SP_138924.parquet"
"15928","FINAL_EMSDM_EMMEAN_SP_138930.parquet"
"15929","FINAL_EMSDM_EMMEAN_SP_138932.parquet"
"15930","FINAL_EMSDM_EMMEAN_SP_138933.parquet"
"15931","FINAL_EMSDM_EMMEAN_SP_138934.parquet"
"15932","FINAL_EMSDM_EMMEAN_SP_138936.parquet"
"15933","FINAL_EMSDM_EMMEAN_SP_138938.parquet"
"15934","FINAL_EMSDM_EMMEAN_SP_138940.parquet"
"15935","FINAL_EMSDM_EMMEAN_SP_138952.parquet"
"15936","FINAL_EMSDM_EMMEAN_SP_138955.parquet"
"15937","FINAL_EMSDM_EMMEAN_SP_138957.parquet"
"15938","FINAL_EMSDM_EMMEAN_SP_138961.parquet"
"15939","FINAL_EMSDM_EMMEAN_SP_138963.parquet"
"15940","FINAL_EMSDM_EMMEAN_SP_138965.parquet"
"15941","FINAL_EMSDM_EMMEAN_SP_138966.parquet"
"15942","FINAL_EMSDM_EMMEAN_SP_138969.parquet"
"15943","FINAL_EMSDM_EMMEAN_SP_1389718.parquet"
"15944","FINAL_EMSDM_EMMEAN_SP_138984.parquet"
"15945","FINAL_EMSDM_EMMEAN_SP_138985.parquet"
"15946","FINAL_EMSDM_EMMEAN_SP_1389884.parquet"
"15947","FINAL_EMSDM_EMMEAN_SP_138990.parquet"
"15948","FINAL_EMSDM_EMMEAN_SP_138993.parquet"
"15949","FINAL_EMSDM_EMMEAN_SP_138994.parquet"
"15950","FINAL_EMSDM_EMMEAN_SP_138996.parquet"
"15951","FINAL_EMSDM_EMMEAN_SP_138999.parquet"
"15952","FINAL_EMSDM_EMMEAN_SP_139000.parquet"
"15953","FINAL_EMSDM_EMMEAN_SP_139004.parquet"
"15954","FINAL_EMSDM_EMMEAN_SP_139006.parquet"
"15955","FINAL_EMSDM_EMMEAN_SP_139008.parquet"
"15956","FINAL_EMSDM_EMMEAN_SP_139012.parquet"
"15957","FINAL_EMSDM_EMMEAN_SP_139015.parquet"
"15958","FINAL_EMSDM_EMMEAN_SP_139016.parquet"
"15959","FINAL_EMSDM_EMMEAN_SP_139018.parquet"
"15960","FINAL_EMSDM_EMMEAN_SP_139023.parquet"
"15961","FINAL_EMSDM_EMMEAN_SP_139024.parquet"
"15962","FINAL_EMSDM_EMMEAN_SP_139025.parquet"
"15963","FINAL_EMSDM_EMMEAN_SP_139028.parquet"
"15964","FINAL_EMSDM_EMMEAN_SP_139029.parquet"
"15965","FINAL_EMSDM_EMMEAN_SP_139030.parquet"
"15966","FINAL_EMSDM_EMMEAN_SP_139031.parquet"
"15967","FINAL_EMSDM_EMMEAN_SP_139032.parquet"
"15968","FINAL_EMSDM_EMMEAN_SP_139033.parquet"
"15969","FINAL_EMSDM_EMMEAN_SP_139034.parquet"
"15970","FINAL_EMSDM_EMMEAN_SP_139035.parquet"
"15971","FINAL_EMSDM_EMMEAN_SP_139036.parquet"
"15972","FINAL_EMSDM_EMMEAN_SP_139039.parquet"
"15973","FINAL_EMSDM_EMMEAN_SP_139040.parquet"
"15974","FINAL_EMSDM_EMMEAN_SP_139043.parquet"
"15975","FINAL_EMSDM_EMMEAN_SP_139045.parquet"
"15976","FINAL_EMSDM_EMMEAN_SP_139047.parquet"
"15977","FINAL_EMSDM_EMMEAN_SP_139048.parquet"
"15978","FINAL_EMSDM_EMMEAN_SP_139051.parquet"
"15979","FINAL_EMSDM_EMMEAN_SP_139052.parquet"
"15980","FINAL_EMSDM_EMMEAN_SP_139054.parquet"
"15981","FINAL_EMSDM_EMMEAN_SP_139060.parquet"
"15982","FINAL_EMSDM_EMMEAN_SP_139061.parquet"
"15983","FINAL_EMSDM_EMMEAN_SP_139062.parquet"
"15984","FINAL_EMSDM_EMMEAN_SP_139065.parquet"
"15985","FINAL_EMSDM_EMMEAN_SP_139066.parquet"
"15986","FINAL_EMSDM_EMMEAN_SP_139067.parquet"
"15987","FINAL_EMSDM_EMMEAN_SP_139068.parquet"
"15988","FINAL_EMSDM_EMMEAN_SP_139072.parquet"
"15989","FINAL_EMSDM_EMMEAN_SP_139079.parquet"
"15990","FINAL_EMSDM_EMMEAN_SP_139085.parquet"
"15991","FINAL_EMSDM_EMMEAN_SP_139090.parquet"
"15992","FINAL_EMSDM_EMMEAN_SP_139097.parquet"
"15993","FINAL_EMSDM_EMMEAN_SP_139099.parquet"
"15994","FINAL_EMSDM_EMMEAN_SP_139106.parquet"
"15995","FINAL_EMSDM_EMMEAN_SP_139112.parquet"
"15996","FINAL_EMSDM_EMMEAN_SP_139115.parquet"
"15997","FINAL_EMSDM_EMMEAN_SP_139119.parquet"
"15998","FINAL_EMSDM_EMMEAN_SP_139122.parquet"
"15999","FINAL_EMSDM_EMMEAN_SP_139123.parquet"
"16000","FINAL_EMSDM_EMMEAN_SP_139124.parquet"
"16001","FINAL_EMSDM_EMMEAN_SP_139125.parquet"
"16002","FINAL_EMSDM_EMMEAN_SP_139134.parquet"
"16003","FINAL_EMSDM_EMMEAN_SP_139143.parquet"
"16004","FINAL_EMSDM_EMMEAN_SP_139151.parquet"
"16005","FINAL_EMSDM_EMMEAN_SP_1391526.parquet"
"16006","FINAL_EMSDM_EMMEAN_SP_139169.parquet"
"16007","FINAL_EMSDM_EMMEAN_SP_139174.parquet"
"16008","FINAL_EMSDM_EMMEAN_SP_1391797.parquet"
"16009","FINAL_EMSDM_EMMEAN_SP_139190.parquet"
"16010","FINAL_EMSDM_EMMEAN_SP_139200.parquet"
"16011","FINAL_EMSDM_EMMEAN_SP_139202.parquet"
"16012","FINAL_EMSDM_EMMEAN_SP_139207.parquet"
"16013","FINAL_EMSDM_EMMEAN_SP_139217.parquet"
"16014","FINAL_EMSDM_EMMEAN_SP_139222.parquet"
"16015","FINAL_EMSDM_EMMEAN_SP_139223.parquet"
"16016","FINAL_EMSDM_EMMEAN_SP_139224.parquet"
"16017","FINAL_EMSDM_EMMEAN_SP_1392276.parquet"
"16018","FINAL_EMSDM_EMMEAN_SP_139244.parquet"
"16019","FINAL_EMSDM_EMMEAN_SP_139246.parquet"
"16020","FINAL_EMSDM_EMMEAN_SP_139248.parquet"
"16021","FINAL_EMSDM_EMMEAN_SP_139255.parquet"
"16022","FINAL_EMSDM_EMMEAN_SP_139271.parquet"
"16023","FINAL_EMSDM_EMMEAN_SP_139272.parquet"
"16024","FINAL_EMSDM_EMMEAN_SP_1392940.parquet"
"16025","FINAL_EMSDM_EMMEAN_SP_139305.parquet"
"16026","FINAL_EMSDM_EMMEAN_SP_139312.parquet"
"16027","FINAL_EMSDM_EMMEAN_SP_139317.parquet"
"16028","FINAL_EMSDM_EMMEAN_SP_1393176.parquet"
"16029","FINAL_EMSDM_EMMEAN_SP_139320.parquet"
"16030","FINAL_EMSDM_EMMEAN_SP_139322.parquet"
"16031","FINAL_EMSDM_EMMEAN_SP_139328.parquet"
"16032","FINAL_EMSDM_EMMEAN_SP_139334.parquet"
"16033","FINAL_EMSDM_EMMEAN_SP_139352.parquet"
"16034","FINAL_EMSDM_EMMEAN_SP_139353.parquet"
"16035","FINAL_EMSDM_EMMEAN_SP_1393616.parquet"
"16036","FINAL_EMSDM_EMMEAN_SP_1393629.parquet"
"16037","FINAL_EMSDM_EMMEAN_SP_139379.parquet"
"16038","FINAL_EMSDM_EMMEAN_SP_139384.parquet"
"16039","FINAL_EMSDM_EMMEAN_SP_139385.parquet"
"16040","FINAL_EMSDM_EMMEAN_SP_139387.parquet"
"16041","FINAL_EMSDM_EMMEAN_SP_139388.parquet"
"16042","FINAL_EMSDM_EMMEAN_SP_139391.parquet"
"16043","FINAL_EMSDM_EMMEAN_SP_139399.parquet"
"16044","FINAL_EMSDM_EMMEAN_SP_139407.parquet"
"16045","FINAL_EMSDM_EMMEAN_SP_139411.parquet"
"16046","FINAL_EMSDM_EMMEAN_SP_139422.parquet"
"16047","FINAL_EMSDM_EMMEAN_SP_139425.parquet"
"16048","FINAL_EMSDM_EMMEAN_SP_139428.parquet"
"16049","FINAL_EMSDM_EMMEAN_SP_139429.parquet"
"16050","FINAL_EMSDM_EMMEAN_SP_139433.parquet"
"16051","FINAL_EMSDM_EMMEAN_SP_139436.parquet"
"16052","FINAL_EMSDM_EMMEAN_SP_139437.parquet"
"16053","FINAL_EMSDM_EMMEAN_SP_139440.parquet"
"16054","FINAL_EMSDM_EMMEAN_SP_139442.parquet"
"16055","FINAL_EMSDM_EMMEAN_SP_139445.parquet"
"16056","FINAL_EMSDM_EMMEAN_SP_139447.parquet"
"16057","FINAL_EMSDM_EMMEAN_SP_139449.parquet"
"16058","FINAL_EMSDM_EMMEAN_SP_139450.parquet"
"16059","FINAL_EMSDM_EMMEAN_SP_139452.parquet"
"16060","FINAL_EMSDM_EMMEAN_SP_139453.parquet"
"16061","FINAL_EMSDM_EMMEAN_SP_139454.parquet"
"16062","FINAL_EMSDM_EMMEAN_SP_139459.parquet"
"16063","FINAL_EMSDM_EMMEAN_SP_139462.parquet"
"16064","FINAL_EMSDM_EMMEAN_SP_139469.parquet"
"16065","FINAL_EMSDM_EMMEAN_SP_139470.parquet"
"16066","FINAL_EMSDM_EMMEAN_SP_139472.parquet"
"16067","FINAL_EMSDM_EMMEAN_SP_1394739.parquet"
"16068","FINAL_EMSDM_EMMEAN_SP_139474.parquet"
"16069","FINAL_EMSDM_EMMEAN_SP_139477.parquet"
"16070","FINAL_EMSDM_EMMEAN_SP_139486.parquet"
"16071","FINAL_EMSDM_EMMEAN_SP_139488.parquet"
"16072","FINAL_EMSDM_EMMEAN_SP_139489.parquet"
"16073","FINAL_EMSDM_EMMEAN_SP_139490.parquet"
"16074","FINAL_EMSDM_EMMEAN_SP_139493.parquet"
"16075","FINAL_EMSDM_EMMEAN_SP_139496.parquet"
"16076","FINAL_EMSDM_EMMEAN_SP_139499.parquet"
"16077","FINAL_EMSDM_EMMEAN_SP_139500.parquet"
"16078","FINAL_EMSDM_EMMEAN_SP_139502.parquet"
"16079","FINAL_EMSDM_EMMEAN_SP_139508.parquet"
"16080","FINAL_EMSDM_EMMEAN_SP_139510.parquet"
"16081","FINAL_EMSDM_EMMEAN_SP_139518.parquet"
"16082","FINAL_EMSDM_EMMEAN_SP_139519.parquet"
"16083","FINAL_EMSDM_EMMEAN_SP_139520.parquet"
"16084","FINAL_EMSDM_EMMEAN_SP_139523.parquet"
"16085","FINAL_EMSDM_EMMEAN_SP_139535.parquet"
"16086","FINAL_EMSDM_EMMEAN_SP_139542.parquet"
"16087","FINAL_EMSDM_EMMEAN_SP_139547.parquet"
"16088","FINAL_EMSDM_EMMEAN_SP_139552.parquet"
"16089","FINAL_EMSDM_EMMEAN_SP_139554.parquet"
"16090","FINAL_EMSDM_EMMEAN_SP_139557.parquet"
"16091","FINAL_EMSDM_EMMEAN_SP_139572.parquet"
"16092","FINAL_EMSDM_EMMEAN_SP_139580.parquet"
"16093","FINAL_EMSDM_EMMEAN_SP_139597.parquet"
"16094","FINAL_EMSDM_EMMEAN_SP_139601.parquet"
"16095","FINAL_EMSDM_EMMEAN_SP_139602.parquet"
"16096","FINAL_EMSDM_EMMEAN_SP_139603.parquet"
"16097","FINAL_EMSDM_EMMEAN_SP_139604.parquet"
"16098","FINAL_EMSDM_EMMEAN_SP_139610.parquet"
"16099","FINAL_EMSDM_EMMEAN_SP_139623.parquet"
"16100","FINAL_EMSDM_EMMEAN_SP_139631.parquet"
"16101","FINAL_EMSDM_EMMEAN_SP_139634.parquet"
"16102","FINAL_EMSDM_EMMEAN_SP_139640.parquet"
"16103","FINAL_EMSDM_EMMEAN_SP_139643.parquet"
"16104","FINAL_EMSDM_EMMEAN_SP_139644.parquet"
"16105","FINAL_EMSDM_EMMEAN_SP_139645.parquet"
"16106","FINAL_EMSDM_EMMEAN_SP_139647.parquet"
"16107","FINAL_EMSDM_EMMEAN_SP_139650.parquet"
"16108","FINAL_EMSDM_EMMEAN_SP_139655.parquet"
"16109","FINAL_EMSDM_EMMEAN_SP_139659.parquet"
"16110","FINAL_EMSDM_EMMEAN_SP_139663.parquet"
"16111","FINAL_EMSDM_EMMEAN_SP_139664.parquet"
"16112","FINAL_EMSDM_EMMEAN_SP_139673.parquet"
"16113","FINAL_EMSDM_EMMEAN_SP_1396825.parquet"
"16114","FINAL_EMSDM_EMMEAN_SP_139684.parquet"
"16115","FINAL_EMSDM_EMMEAN_SP_139686.parquet"
"16116","FINAL_EMSDM_EMMEAN_SP_139687.parquet"
"16117","FINAL_EMSDM_EMMEAN_SP_139688.parquet"
"16118","FINAL_EMSDM_EMMEAN_SP_139690.parquet"
"16119","FINAL_EMSDM_EMMEAN_SP_139691.parquet"
"16120","FINAL_EMSDM_EMMEAN_SP_139700.parquet"
"16121","FINAL_EMSDM_EMMEAN_SP_139717.parquet"
"16122","FINAL_EMSDM_EMMEAN_SP_139718.parquet"
"16123","FINAL_EMSDM_EMMEAN_SP_139720.parquet"
"16124","FINAL_EMSDM_EMMEAN_SP_139736.parquet"
"16125","FINAL_EMSDM_EMMEAN_SP_139738.parquet"
"16126","FINAL_EMSDM_EMMEAN_SP_139750.parquet"
"16127","FINAL_EMSDM_EMMEAN_SP_139761.parquet"
"16128","FINAL_EMSDM_EMMEAN_SP_139765.parquet"
"16129","FINAL_EMSDM_EMMEAN_SP_1397677.parquet"
"16130","FINAL_EMSDM_EMMEAN_SP_139771.parquet"
"16131","FINAL_EMSDM_EMMEAN_SP_139772.parquet"
"16132","FINAL_EMSDM_EMMEAN_SP_1397848.parquet"
"16133","FINAL_EMSDM_EMMEAN_SP_139786.parquet"
"16134","FINAL_EMSDM_EMMEAN_SP_139800.parquet"
"16135","FINAL_EMSDM_EMMEAN_SP_139805.parquet"
"16136","FINAL_EMSDM_EMMEAN_SP_139825.parquet"
"16137","FINAL_EMSDM_EMMEAN_SP_139832.parquet"
"16138","FINAL_EMSDM_EMMEAN_SP_139840.parquet"
"16139","FINAL_EMSDM_EMMEAN_SP_139849.parquet"
"16140","FINAL_EMSDM_EMMEAN_SP_139853.parquet"
"16141","FINAL_EMSDM_EMMEAN_SP_139859.parquet"
"16142","FINAL_EMSDM_EMMEAN_SP_1398867.parquet"
"16143","FINAL_EMSDM_EMMEAN_SP_139899.parquet"
"16144","FINAL_EMSDM_EMMEAN_SP_139903.parquet"
"16145","FINAL_EMSDM_EMMEAN_SP_139906.parquet"
"16146","FINAL_EMSDM_EMMEAN_SP_139907.parquet"
"16147","FINAL_EMSDM_EMMEAN_SP_139908.parquet"
"16148","FINAL_EMSDM_EMMEAN_SP_139939.parquet"
"16149","FINAL_EMSDM_EMMEAN_SP_139940.parquet"
"16150","FINAL_EMSDM_EMMEAN_SP_139942.parquet"
"16151","FINAL_EMSDM_EMMEAN_SP_139945.parquet"
"16152","FINAL_EMSDM_EMMEAN_SP_139947.parquet"
"16153","FINAL_EMSDM_EMMEAN_SP_139950.parquet"
"16154","FINAL_EMSDM_EMMEAN_SP_139951.parquet"
"16155","FINAL_EMSDM_EMMEAN_SP_139952.parquet"
"16156","FINAL_EMSDM_EMMEAN_SP_139954.parquet"
"16157","FINAL_EMSDM_EMMEAN_SP_139955.parquet"
"16158","FINAL_EMSDM_EMMEAN_SP_139957.parquet"
"16159","FINAL_EMSDM_EMMEAN_SP_139960.parquet"
"16160","FINAL_EMSDM_EMMEAN_SP_139962.parquet"
"16161","FINAL_EMSDM_EMMEAN_SP_139965.parquet"
"16162","FINAL_EMSDM_EMMEAN_SP_139969.parquet"
"16163","FINAL_EMSDM_EMMEAN_SP_139970.parquet"
"16164","FINAL_EMSDM_EMMEAN_SP_139972.parquet"
"16165","FINAL_EMSDM_EMMEAN_SP_139975.parquet"
"16166","FINAL_EMSDM_EMMEAN_SP_139978.parquet"
"16167","FINAL_EMSDM_EMMEAN_SP_139980.parquet"
"16168","FINAL_EMSDM_EMMEAN_SP_139981.parquet"
"16169","FINAL_EMSDM_EMMEAN_SP_139982.parquet"
"16170","FINAL_EMSDM_EMMEAN_SP_139983.parquet"
"16171","FINAL_EMSDM_EMMEAN_SP_139987.parquet"
"16172","FINAL_EMSDM_EMMEAN_SP_139988.parquet"
"16173","FINAL_EMSDM_EMMEAN_SP_139998.parquet"
"16174","FINAL_EMSDM_EMMEAN_SP_139999.parquet"
"16175","FINAL_EMSDM_EMMEAN_SP_140001.parquet"
"16176","FINAL_EMSDM_EMMEAN_SP_140002.parquet"
"16177","FINAL_EMSDM_EMMEAN_SP_140008.parquet"
"16178","FINAL_EMSDM_EMMEAN_SP_140010.parquet"
"16179","FINAL_EMSDM_EMMEAN_SP_140012.parquet"
"16180","FINAL_EMSDM_EMMEAN_SP_140014.parquet"
"16181","FINAL_EMSDM_EMMEAN_SP_140015.parquet"
"16182","FINAL_EMSDM_EMMEAN_SP_140022.parquet"
"16183","FINAL_EMSDM_EMMEAN_SP_140023.parquet"
"16184","FINAL_EMSDM_EMMEAN_SP_140024.parquet"
"16185","FINAL_EMSDM_EMMEAN_SP_140025.parquet"
"16186","FINAL_EMSDM_EMMEAN_SP_140027.parquet"
"16187","FINAL_EMSDM_EMMEAN_SP_140029.parquet"
"16188","FINAL_EMSDM_EMMEAN_SP_140035.parquet"
"16189","FINAL_EMSDM_EMMEAN_SP_140037.parquet"
"16190","FINAL_EMSDM_EMMEAN_SP_140043.parquet"
"16191","FINAL_EMSDM_EMMEAN_SP_140044.parquet"
"16192","FINAL_EMSDM_EMMEAN_SP_140048.parquet"
"16193","FINAL_EMSDM_EMMEAN_SP_140055.parquet"
"16194","FINAL_EMSDM_EMMEAN_SP_140058.parquet"
"16195","FINAL_EMSDM_EMMEAN_SP_140071.parquet"
"16196","FINAL_EMSDM_EMMEAN_SP_140074.parquet"
"16197","FINAL_EMSDM_EMMEAN_SP_140075.parquet"
"16198","FINAL_EMSDM_EMMEAN_SP_140082.parquet"
"16199","FINAL_EMSDM_EMMEAN_SP_140099.parquet"
"16200","FINAL_EMSDM_EMMEAN_SP_140102.parquet"
"16201","FINAL_EMSDM_EMMEAN_SP_140103.parquet"
"16202","FINAL_EMSDM_EMMEAN_SP_140104.parquet"
"16203","FINAL_EMSDM_EMMEAN_SP_140105.parquet"
"16204","FINAL_EMSDM_EMMEAN_SP_140108.parquet"
"16205","FINAL_EMSDM_EMMEAN_SP_140112.parquet"
"16206","FINAL_EMSDM_EMMEAN_SP_140115.parquet"
"16207","FINAL_EMSDM_EMMEAN_SP_140120.parquet"
"16208","FINAL_EMSDM_EMMEAN_SP_140121.parquet"
"16209","FINAL_EMSDM_EMMEAN_SP_140128.parquet"
"16210","FINAL_EMSDM_EMMEAN_SP_140129.parquet"
"16211","FINAL_EMSDM_EMMEAN_SP_140132.parquet"
"16212","FINAL_EMSDM_EMMEAN_SP_140151.parquet"
"16213","FINAL_EMSDM_EMMEAN_SP_140154.parquet"
"16214","FINAL_EMSDM_EMMEAN_SP_140155.parquet"
"16215","FINAL_EMSDM_EMMEAN_SP_140157.parquet"
"16216","FINAL_EMSDM_EMMEAN_SP_140160.parquet"
"16217","FINAL_EMSDM_EMMEAN_SP_140161.parquet"
"16218","FINAL_EMSDM_EMMEAN_SP_140166.parquet"
"16219","FINAL_EMSDM_EMMEAN_SP_140167.parquet"
"16220","FINAL_EMSDM_EMMEAN_SP_140168.parquet"
"16221","FINAL_EMSDM_EMMEAN_SP_140169.parquet"
"16222","FINAL_EMSDM_EMMEAN_SP_140170.parquet"
"16223","FINAL_EMSDM_EMMEAN_SP_140171.parquet"
"16224","FINAL_EMSDM_EMMEAN_SP_140172.parquet"
"16225","FINAL_EMSDM_EMMEAN_SP_140175.parquet"
"16226","FINAL_EMSDM_EMMEAN_SP_140176.parquet"
"16227","FINAL_EMSDM_EMMEAN_SP_140186.parquet"
"16228","FINAL_EMSDM_EMMEAN_SP_140187.parquet"
"16229","FINAL_EMSDM_EMMEAN_SP_140188.parquet"
"16230","FINAL_EMSDM_EMMEAN_SP_140193.parquet"
"16231","FINAL_EMSDM_EMMEAN_SP_140194.parquet"
"16232","FINAL_EMSDM_EMMEAN_SP_140198.parquet"
"16233","FINAL_EMSDM_EMMEAN_SP_140201.parquet"
"16234","FINAL_EMSDM_EMMEAN_SP_140210.parquet"
"16235","FINAL_EMSDM_EMMEAN_SP_140218.parquet"
"16236","FINAL_EMSDM_EMMEAN_SP_140222.parquet"
"16237","FINAL_EMSDM_EMMEAN_SP_140223.parquet"
"16238","FINAL_EMSDM_EMMEAN_SP_140226.parquet"
"16239","FINAL_EMSDM_EMMEAN_SP_140227.parquet"
"16240","FINAL_EMSDM_EMMEAN_SP_140229.parquet"
"16241","FINAL_EMSDM_EMMEAN_SP_140230.parquet"
"16242","FINAL_EMSDM_EMMEAN_SP_140231.parquet"
"16243","FINAL_EMSDM_EMMEAN_SP_140233.parquet"
"16244","FINAL_EMSDM_EMMEAN_SP_140235.parquet"
"16245","FINAL_EMSDM_EMMEAN_SP_140236.parquet"
"16246","FINAL_EMSDM_EMMEAN_SP_140237.parquet"
"16247","FINAL_EMSDM_EMMEAN_SP_140242.parquet"
"16248","FINAL_EMSDM_EMMEAN_SP_140243.parquet"
"16249","FINAL_EMSDM_EMMEAN_SP_140249.parquet"
"16250","FINAL_EMSDM_EMMEAN_SP_140250.parquet"
"16251","FINAL_EMSDM_EMMEAN_SP_140252.parquet"
"16252","FINAL_EMSDM_EMMEAN_SP_140253.parquet"
"16253","FINAL_EMSDM_EMMEAN_SP_140258.parquet"
"16254","FINAL_EMSDM_EMMEAN_SP_140260.parquet"
"16255","FINAL_EMSDM_EMMEAN_SP_140261.parquet"
"16256","FINAL_EMSDM_EMMEAN_SP_140263.parquet"
"16257","FINAL_EMSDM_EMMEAN_SP_140264.parquet"
"16258","FINAL_EMSDM_EMMEAN_SP_140266.parquet"
"16259","FINAL_EMSDM_EMMEAN_SP_140273.parquet"
"16260","FINAL_EMSDM_EMMEAN_SP_140274.parquet"
"16261","FINAL_EMSDM_EMMEAN_SP_140278.parquet"
"16262","FINAL_EMSDM_EMMEAN_SP_140282.parquet"
"16263","FINAL_EMSDM_EMMEAN_SP_140283.parquet"
"16264","FINAL_EMSDM_EMMEAN_SP_140287.parquet"
"16265","FINAL_EMSDM_EMMEAN_SP_140290.parquet"
"16266","FINAL_EMSDM_EMMEAN_SP_140291.parquet"
"16267","FINAL_EMSDM_EMMEAN_SP_140294.parquet"
"16268","FINAL_EMSDM_EMMEAN_SP_140295.parquet"
"16269","FINAL_EMSDM_EMMEAN_SP_140297.parquet"
"16270","FINAL_EMSDM_EMMEAN_SP_140299.parquet"
"16271","FINAL_EMSDM_EMMEAN_SP_140301.parquet"
"16272","FINAL_EMSDM_EMMEAN_SP_140306.parquet"
"16273","FINAL_EMSDM_EMMEAN_SP_140307.parquet"
"16274","FINAL_EMSDM_EMMEAN_SP_140314.parquet"
"16275","FINAL_EMSDM_EMMEAN_SP_140322.parquet"
"16276","FINAL_EMSDM_EMMEAN_SP_140330.parquet"
"16277","FINAL_EMSDM_EMMEAN_SP_140348.parquet"
"16278","FINAL_EMSDM_EMMEAN_SP_140349.parquet"
"16279","FINAL_EMSDM_EMMEAN_SP_140350.parquet"
"16280","FINAL_EMSDM_EMMEAN_SP_140365.parquet"
"16281","FINAL_EMSDM_EMMEAN_SP_140366.parquet"
"16282","FINAL_EMSDM_EMMEAN_SP_140377.parquet"
"16283","FINAL_EMSDM_EMMEAN_SP_140387.parquet"
"16284","FINAL_EMSDM_EMMEAN_SP_140388.parquet"
"16285","FINAL_EMSDM_EMMEAN_SP_140389.parquet"
"16286","FINAL_EMSDM_EMMEAN_SP_140391.parquet"
"16287","FINAL_EMSDM_EMMEAN_SP_140396.parquet"
"16288","FINAL_EMSDM_EMMEAN_SP_140398.parquet"
"16289","FINAL_EMSDM_EMMEAN_SP_140401.parquet"
"16290","FINAL_EMSDM_EMMEAN_SP_140405.parquet"
"16291","FINAL_EMSDM_EMMEAN_SP_140407.parquet"
"16292","FINAL_EMSDM_EMMEAN_SP_140415.parquet"
"16293","FINAL_EMSDM_EMMEAN_SP_140416.parquet"
"16294","FINAL_EMSDM_EMMEAN_SP_140417.parquet"
"16295","FINAL_EMSDM_EMMEAN_SP_140429.parquet"
"16296","FINAL_EMSDM_EMMEAN_SP_140431.parquet"
"16297","FINAL_EMSDM_EMMEAN_SP_140435.parquet"
"16298","FINAL_EMSDM_EMMEAN_SP_140440.parquet"
"16299","FINAL_EMSDM_EMMEAN_SP_140442.parquet"
"16300","FINAL_EMSDM_EMMEAN_SP_140447.parquet"
"16301","FINAL_EMSDM_EMMEAN_SP_140450.parquet"
"16302","FINAL_EMSDM_EMMEAN_SP_140452.parquet"
"16303","FINAL_EMSDM_EMMEAN_SP_140453.parquet"
"16304","FINAL_EMSDM_EMMEAN_SP_140454.parquet"
"16305","FINAL_EMSDM_EMMEAN_SP_140459.parquet"
"16306","FINAL_EMSDM_EMMEAN_SP_140462.parquet"
"16307","FINAL_EMSDM_EMMEAN_SP_140463.parquet"
"16308","FINAL_EMSDM_EMMEAN_SP_140464.parquet"
"16309","FINAL_EMSDM_EMMEAN_SP_140471.parquet"
"16310","FINAL_EMSDM_EMMEAN_SP_140474.parquet"
"16311","FINAL_EMSDM_EMMEAN_SP_140476.parquet"
"16312","FINAL_EMSDM_EMMEAN_SP_140477.parquet"
"16313","FINAL_EMSDM_EMMEAN_SP_140478.parquet"
"16314","FINAL_EMSDM_EMMEAN_SP_140481.parquet"
"16315","FINAL_EMSDM_EMMEAN_SP_140482.parquet"
"16316","FINAL_EMSDM_EMMEAN_SP_140483.parquet"
"16317","FINAL_EMSDM_EMMEAN_SP_140484.parquet"
"16318","FINAL_EMSDM_EMMEAN_SP_140491.parquet"
"16319","FINAL_EMSDM_EMMEAN_SP_140521.parquet"
"16320","FINAL_EMSDM_EMMEAN_SP_140524.parquet"
"16321","FINAL_EMSDM_EMMEAN_SP_140526.parquet"
"16322","FINAL_EMSDM_EMMEAN_SP_140528.parquet"
"16323","FINAL_EMSDM_EMMEAN_SP_140529.parquet"
"16324","FINAL_EMSDM_EMMEAN_SP_140531.parquet"
"16325","FINAL_EMSDM_EMMEAN_SP_140532.parquet"
"16326","FINAL_EMSDM_EMMEAN_SP_140533.parquet"
"16327","FINAL_EMSDM_EMMEAN_SP_140535.parquet"
"16328","FINAL_EMSDM_EMMEAN_SP_140549.parquet"
"16329","FINAL_EMSDM_EMMEAN_SP_140550.parquet"
"16330","FINAL_EMSDM_EMMEAN_SP_140558.parquet"
"16331","FINAL_EMSDM_EMMEAN_SP_140560.parquet"
"16332","FINAL_EMSDM_EMMEAN_SP_140561.parquet"
"16333","FINAL_EMSDM_EMMEAN_SP_140569.parquet"
"16334","FINAL_EMSDM_EMMEAN_SP_140570.parquet"
"16335","FINAL_EMSDM_EMMEAN_SP_140571.parquet"
"16336","FINAL_EMSDM_EMMEAN_SP_140577.parquet"
"16337","FINAL_EMSDM_EMMEAN_SP_140579.parquet"
"16338","FINAL_EMSDM_EMMEAN_SP_140580.parquet"
"16339","FINAL_EMSDM_EMMEAN_SP_140581.parquet"
"16340","FINAL_EMSDM_EMMEAN_SP_140583.parquet"
"16341","FINAL_EMSDM_EMMEAN_SP_140585.parquet"
"16342","FINAL_EMSDM_EMMEAN_SP_140588.parquet"
"16343","FINAL_EMSDM_EMMEAN_SP_140592.parquet"
"16344","FINAL_EMSDM_EMMEAN_SP_140593.parquet"
"16345","FINAL_EMSDM_EMMEAN_SP_140595.parquet"
"16346","FINAL_EMSDM_EMMEAN_SP_140596.parquet"
"16347","FINAL_EMSDM_EMMEAN_SP_140598.parquet"
"16348","FINAL_EMSDM_EMMEAN_SP_140601.parquet"
"16349","FINAL_EMSDM_EMMEAN_SP_140604.parquet"
"16350","FINAL_EMSDM_EMMEAN_SP_140606.parquet"
"16351","FINAL_EMSDM_EMMEAN_SP_140607.parquet"
"16352","FINAL_EMSDM_EMMEAN_SP_140609.parquet"
"16353","FINAL_EMSDM_EMMEAN_SP_140610.parquet"
"16354","FINAL_EMSDM_EMMEAN_SP_140614.parquet"
"16355","FINAL_EMSDM_EMMEAN_SP_140616.parquet"
"16356","FINAL_EMSDM_EMMEAN_SP_140623.parquet"
"16357","FINAL_EMSDM_EMMEAN_SP_140624.parquet"
"16358","FINAL_EMSDM_EMMEAN_SP_140627.parquet"
"16359","FINAL_EMSDM_EMMEAN_SP_140629.parquet"
"16360","FINAL_EMSDM_EMMEAN_SP_140630.parquet"
"16361","FINAL_EMSDM_EMMEAN_SP_140631.parquet"
"16362","FINAL_EMSDM_EMMEAN_SP_140640.parquet"
"16363","FINAL_EMSDM_EMMEAN_SP_140649.parquet"
"16364","FINAL_EMSDM_EMMEAN_SP_140650.parquet"
"16365","FINAL_EMSDM_EMMEAN_SP_140652.parquet"
"16366","FINAL_EMSDM_EMMEAN_SP_140657.parquet"
"16367","FINAL_EMSDM_EMMEAN_SP_140658.parquet"
"16368","FINAL_EMSDM_EMMEAN_SP_140661.parquet"
"16369","FINAL_EMSDM_EMMEAN_SP_140667.parquet"
"16370","FINAL_EMSDM_EMMEAN_SP_140673.parquet"
"16371","FINAL_EMSDM_EMMEAN_SP_140674.parquet"
"16372","FINAL_EMSDM_EMMEAN_SP_140675.parquet"
"16373","FINAL_EMSDM_EMMEAN_SP_140677.parquet"
"16374","FINAL_EMSDM_EMMEAN_SP_140679.parquet"
"16375","FINAL_EMSDM_EMMEAN_SP_140683.parquet"
"16376","FINAL_EMSDM_EMMEAN_SP_140684.parquet"
"16377","FINAL_EMSDM_EMMEAN_SP_140685.parquet"
"16378","FINAL_EMSDM_EMMEAN_SP_140692.parquet"
"16379","FINAL_EMSDM_EMMEAN_SP_140702.parquet"
"16380","FINAL_EMSDM_EMMEAN_SP_140703.parquet"
"16381","FINAL_EMSDM_EMMEAN_SP_140706.parquet"
"16382","FINAL_EMSDM_EMMEAN_SP_140708.parquet"
"16383","FINAL_EMSDM_EMMEAN_SP_140709.parquet"
"16384","FINAL_EMSDM_EMMEAN_SP_140710.parquet"
"16385","FINAL_EMSDM_EMMEAN_SP_140714.parquet"
"16386","FINAL_EMSDM_EMMEAN_SP_140716.parquet"
"16387","FINAL_EMSDM_EMMEAN_SP_140717.parquet"
"16388","FINAL_EMSDM_EMMEAN_SP_140718.parquet"
"16389","FINAL_EMSDM_EMMEAN_SP_140721.parquet"
"16390","FINAL_EMSDM_EMMEAN_SP_140726.parquet"
"16391","FINAL_EMSDM_EMMEAN_SP_140728.parquet"
"16392","FINAL_EMSDM_EMMEAN_SP_140729.parquet"
"16393","FINAL_EMSDM_EMMEAN_SP_140733.parquet"
"16394","FINAL_EMSDM_EMMEAN_SP_140734.parquet"
"16395","FINAL_EMSDM_EMMEAN_SP_140735.parquet"
"16396","FINAL_EMSDM_EMMEAN_SP_140736.parquet"
"16397","FINAL_EMSDM_EMMEAN_SP_140742.parquet"
"16398","FINAL_EMSDM_EMMEAN_SP_140744.parquet"
"16399","FINAL_EMSDM_EMMEAN_SP_140747.parquet"
"16400","FINAL_EMSDM_EMMEAN_SP_140758.parquet"
"16401","FINAL_EMSDM_EMMEAN_SP_140767.parquet"
"16402","FINAL_EMSDM_EMMEAN_SP_140768.parquet"
"16403","FINAL_EMSDM_EMMEAN_SP_140770.parquet"
"16404","FINAL_EMSDM_EMMEAN_SP_140771.parquet"
"16405","FINAL_EMSDM_EMMEAN_SP_140774.parquet"
"16406","FINAL_EMSDM_EMMEAN_SP_140779.parquet"
"16407","FINAL_EMSDM_EMMEAN_SP_140780.parquet"
"16408","FINAL_EMSDM_EMMEAN_SP_140781.parquet"
"16409","FINAL_EMSDM_EMMEAN_SP_140792.parquet"
"16410","FINAL_EMSDM_EMMEAN_SP_140812.parquet"
"16411","FINAL_EMSDM_EMMEAN_SP_140815.parquet"
"16412","FINAL_EMSDM_EMMEAN_SP_140817.parquet"
"16413","FINAL_EMSDM_EMMEAN_SP_140818.parquet"
"16414","FINAL_EMSDM_EMMEAN_SP_140819.parquet"
"16415","FINAL_EMSDM_EMMEAN_SP_140820.parquet"
"16416","FINAL_EMSDM_EMMEAN_SP_140823.parquet"
"16417","FINAL_EMSDM_EMMEAN_SP_140825.parquet"
"16418","FINAL_EMSDM_EMMEAN_SP_140826.parquet"
"16419","FINAL_EMSDM_EMMEAN_SP_140830.parquet"
"16420","FINAL_EMSDM_EMMEAN_SP_140834.parquet"
"16421","FINAL_EMSDM_EMMEAN_SP_140835.parquet"
"16422","FINAL_EMSDM_EMMEAN_SP_140838.parquet"
"16423","FINAL_EMSDM_EMMEAN_SP_140840.parquet"
"16424","FINAL_EMSDM_EMMEAN_SP_140843.parquet"
"16425","FINAL_EMSDM_EMMEAN_SP_140847.parquet"
"16426","FINAL_EMSDM_EMMEAN_SP_140849.parquet"
"16427","FINAL_EMSDM_EMMEAN_SP_140853.parquet"
"16428","FINAL_EMSDM_EMMEAN_SP_140854.parquet"
"16429","FINAL_EMSDM_EMMEAN_SP_140864.parquet"
"16430","FINAL_EMSDM_EMMEAN_SP_140868.parquet"
"16431","FINAL_EMSDM_EMMEAN_SP_140873.parquet"
"16432","FINAL_EMSDM_EMMEAN_SP_140880.parquet"
"16433","FINAL_EMSDM_EMMEAN_SP_140891.parquet"
"16434","FINAL_EMSDM_EMMEAN_SP_140892.parquet"
"16435","FINAL_EMSDM_EMMEAN_SP_140893.parquet"
"16436","FINAL_EMSDM_EMMEAN_SP_140894.parquet"
"16437","FINAL_EMSDM_EMMEAN_SP_140942.parquet"
"16438","FINAL_EMSDM_EMMEAN_SP_140953.parquet"
"16439","FINAL_EMSDM_EMMEAN_SP_140958.parquet"
"16440","FINAL_EMSDM_EMMEAN_SP_140973.parquet"
"16441","FINAL_EMSDM_EMMEAN_SP_140974.parquet"
"16442","FINAL_EMSDM_EMMEAN_SP_140976.parquet"
"16443","FINAL_EMSDM_EMMEAN_SP_141002.parquet"
"16444","FINAL_EMSDM_EMMEAN_SP_141010.parquet"
"16445","FINAL_EMSDM_EMMEAN_SP_141022.parquet"
"16446","FINAL_EMSDM_EMMEAN_SP_141025.parquet"
"16447","FINAL_EMSDM_EMMEAN_SP_141031.parquet"
"16448","FINAL_EMSDM_EMMEAN_SP_141033.parquet"
"16449","FINAL_EMSDM_EMMEAN_SP_141046.parquet"
"16450","FINAL_EMSDM_EMMEAN_SP_141052.parquet"
"16451","FINAL_EMSDM_EMMEAN_SP_141072.parquet"
"16452","FINAL_EMSDM_EMMEAN_SP_141097.parquet"
"16453","FINAL_EMSDM_EMMEAN_SP_141099.parquet"
"16454","FINAL_EMSDM_EMMEAN_SP_141101.parquet"
"16455","FINAL_EMSDM_EMMEAN_SP_141102.parquet"
"16456","FINAL_EMSDM_EMMEAN_SP_141114.parquet"
"16457","FINAL_EMSDM_EMMEAN_SP_141115.parquet"
"16458","FINAL_EMSDM_EMMEAN_SP_141131.parquet"
"16459","FINAL_EMSDM_EMMEAN_SP_141134.parquet"
"16460","FINAL_EMSDM_EMMEAN_SP_141138.parquet"
"16461","FINAL_EMSDM_EMMEAN_SP_141139.parquet"
"16462","FINAL_EMSDM_EMMEAN_SP_141143.parquet"
"16463","FINAL_EMSDM_EMMEAN_SP_141144.parquet"
"16464","FINAL_EMSDM_EMMEAN_SP_141147.parquet"
"16465","FINAL_EMSDM_EMMEAN_SP_141148.parquet"
"16466","FINAL_EMSDM_EMMEAN_SP_141149.parquet"
"16467","FINAL_EMSDM_EMMEAN_SP_141165.parquet"
"16468","FINAL_EMSDM_EMMEAN_SP_141166.parquet"
"16469","FINAL_EMSDM_EMMEAN_SP_141167.parquet"
"16470","FINAL_EMSDM_EMMEAN_SP_141168.parquet"
"16471","FINAL_EMSDM_EMMEAN_SP_141200.parquet"
"16472","FINAL_EMSDM_EMMEAN_SP_141203.parquet"
"16473","FINAL_EMSDM_EMMEAN_SP_141207.parquet"
"16474","FINAL_EMSDM_EMMEAN_SP_141211.parquet"
"16475","FINAL_EMSDM_EMMEAN_SP_141228.parquet"
"16476","FINAL_EMSDM_EMMEAN_SP_141230.parquet"
"16477","FINAL_EMSDM_EMMEAN_SP_141247.parquet"
"16478","FINAL_EMSDM_EMMEAN_SP_141251.parquet"
"16479","FINAL_EMSDM_EMMEAN_SP_141257.parquet"
"16480","FINAL_EMSDM_EMMEAN_SP_141261.parquet"
"16481","FINAL_EMSDM_EMMEAN_SP_141265.parquet"
"16482","FINAL_EMSDM_EMMEAN_SP_141268.parquet"
"16483","FINAL_EMSDM_EMMEAN_SP_141280.parquet"
"16484","FINAL_EMSDM_EMMEAN_SP_141291.parquet"
"16485","FINAL_EMSDM_EMMEAN_SP_141304.parquet"
"16486","FINAL_EMSDM_EMMEAN_SP_141308.parquet"
"16487","FINAL_EMSDM_EMMEAN_SP_141317.parquet"
"16488","FINAL_EMSDM_EMMEAN_SP_141320.parquet"
"16489","FINAL_EMSDM_EMMEAN_SP_141330.parquet"
"16490","FINAL_EMSDM_EMMEAN_SP_141334.parquet"
"16491","FINAL_EMSDM_EMMEAN_SP_141335.parquet"
"16492","FINAL_EMSDM_EMMEAN_SP_141341.parquet"
"16493","FINAL_EMSDM_EMMEAN_SP_141353.parquet"
"16494","FINAL_EMSDM_EMMEAN_SP_141358.parquet"
"16495","FINAL_EMSDM_EMMEAN_SP_141359.parquet"
"16496","FINAL_EMSDM_EMMEAN_SP_141365.parquet"
"16497","FINAL_EMSDM_EMMEAN_SP_141370.parquet"
"16498","FINAL_EMSDM_EMMEAN_SP_141372.parquet"
"16499","FINAL_EMSDM_EMMEAN_SP_141373.parquet"
"16500","FINAL_EMSDM_EMMEAN_SP_141374.parquet"
"16501","FINAL_EMSDM_EMMEAN_SP_141376.parquet"
"16502","FINAL_EMSDM_EMMEAN_SP_141404.parquet"
"16503","FINAL_EMSDM_EMMEAN_SP_141411.parquet"
"16504","FINAL_EMSDM_EMMEAN_SP_141420.parquet"
"16505","FINAL_EMSDM_EMMEAN_SP_141421.parquet"
"16506","FINAL_EMSDM_EMMEAN_SP_141424.parquet"
"16507","FINAL_EMSDM_EMMEAN_SP_141425.parquet"
"16508","FINAL_EMSDM_EMMEAN_SP_141426.parquet"
"16509","FINAL_EMSDM_EMMEAN_SP_141434.parquet"
"16510","FINAL_EMSDM_EMMEAN_SP_141437.parquet"
"16511","FINAL_EMSDM_EMMEAN_SP_141438.parquet"
"16512","FINAL_EMSDM_EMMEAN_SP_141439.parquet"
"16513","FINAL_EMSDM_EMMEAN_SP_141442.parquet"
"16514","FINAL_EMSDM_EMMEAN_SP_141446.parquet"
"16515","FINAL_EMSDM_EMMEAN_SP_141447.parquet"
"16516","FINAL_EMSDM_EMMEAN_SP_141448.parquet"
"16517","FINAL_EMSDM_EMMEAN_SP_141449.parquet"
"16518","FINAL_EMSDM_EMMEAN_SP_141450.parquet"
"16519","FINAL_EMSDM_EMMEAN_SP_141451.parquet"
"16520","FINAL_EMSDM_EMMEAN_SP_141452.parquet"
"16521","FINAL_EMSDM_EMMEAN_SP_141454.parquet"
"16522","FINAL_EMSDM_EMMEAN_SP_141456.parquet"
"16523","FINAL_EMSDM_EMMEAN_SP_141458.parquet"
"16524","FINAL_EMSDM_EMMEAN_SP_141459.parquet"
"16525","FINAL_EMSDM_EMMEAN_SP_141470.parquet"
"16526","FINAL_EMSDM_EMMEAN_SP_141471.parquet"
"16527","FINAL_EMSDM_EMMEAN_SP_141485.parquet"
"16528","FINAL_EMSDM_EMMEAN_SP_141519.parquet"
"16529","FINAL_EMSDM_EMMEAN_SP_141524.parquet"
"16530","FINAL_EMSDM_EMMEAN_SP_1415279.parquet"
"16531","FINAL_EMSDM_EMMEAN_SP_141530.parquet"
"16532","FINAL_EMSDM_EMMEAN_SP_141531.parquet"
"16533","FINAL_EMSDM_EMMEAN_SP_1415317.parquet"
"16534","FINAL_EMSDM_EMMEAN_SP_141538.parquet"
"16535","FINAL_EMSDM_EMMEAN_SP_141539.parquet"
"16536","FINAL_EMSDM_EMMEAN_SP_141541.parquet"
"16537","FINAL_EMSDM_EMMEAN_SP_141543.parquet"
"16538","FINAL_EMSDM_EMMEAN_SP_141544.parquet"
"16539","FINAL_EMSDM_EMMEAN_SP_141546.parquet"
"16540","FINAL_EMSDM_EMMEAN_SP_141548.parquet"
"16541","FINAL_EMSDM_EMMEAN_SP_141549.parquet"
"16542","FINAL_EMSDM_EMMEAN_SP_141552.parquet"
"16543","FINAL_EMSDM_EMMEAN_SP_141555.parquet"
"16544","FINAL_EMSDM_EMMEAN_SP_141565.parquet"
"16545","FINAL_EMSDM_EMMEAN_SP_141577.parquet"
"16546","FINAL_EMSDM_EMMEAN_SP_141578.parquet"
"16547","FINAL_EMSDM_EMMEAN_SP_141580.parquet"
"16548","FINAL_EMSDM_EMMEAN_SP_141598.parquet"
"16549","FINAL_EMSDM_EMMEAN_SP_141600.parquet"
"16550","FINAL_EMSDM_EMMEAN_SP_141602.parquet"
"16551","FINAL_EMSDM_EMMEAN_SP_141607.parquet"
"16552","FINAL_EMSDM_EMMEAN_SP_141611.parquet"
"16553","FINAL_EMSDM_EMMEAN_SP_141627.parquet"
"16554","FINAL_EMSDM_EMMEAN_SP_141638.parquet"
"16555","FINAL_EMSDM_EMMEAN_SP_141639.parquet"
"16556","FINAL_EMSDM_EMMEAN_SP_141641.parquet"
"16557","FINAL_EMSDM_EMMEAN_SP_141643.parquet"
"16558","FINAL_EMSDM_EMMEAN_SP_141644.parquet"
"16559","FINAL_EMSDM_EMMEAN_SP_141646.parquet"
"16560","FINAL_EMSDM_EMMEAN_SP_141647.parquet"
"16561","FINAL_EMSDM_EMMEAN_SP_141648.parquet"
"16562","FINAL_EMSDM_EMMEAN_SP_141650.parquet"
"16563","FINAL_EMSDM_EMMEAN_SP_141651.parquet"
"16564","FINAL_EMSDM_EMMEAN_SP_141652.parquet"
"16565","FINAL_EMSDM_EMMEAN_SP_141655.parquet"
"16566","FINAL_EMSDM_EMMEAN_SP_141663.parquet"
"16567","FINAL_EMSDM_EMMEAN_SP_141668.parquet"
"16568","FINAL_EMSDM_EMMEAN_SP_1416698.parquet"
"16569","FINAL_EMSDM_EMMEAN_SP_141672.parquet"
"16570","FINAL_EMSDM_EMMEAN_SP_1416720.parquet"
"16571","FINAL_EMSDM_EMMEAN_SP_141675.parquet"
"16572","FINAL_EMSDM_EMMEAN_SP_141676.parquet"
"16573","FINAL_EMSDM_EMMEAN_SP_141677.parquet"
"16574","FINAL_EMSDM_EMMEAN_SP_141680.parquet"
"16575","FINAL_EMSDM_EMMEAN_SP_141681.parquet"
"16576","FINAL_EMSDM_EMMEAN_SP_141686.parquet"
"16577","FINAL_EMSDM_EMMEAN_SP_141687.parquet"
"16578","FINAL_EMSDM_EMMEAN_SP_141690.parquet"
"16579","FINAL_EMSDM_EMMEAN_SP_141693.parquet"
"16580","FINAL_EMSDM_EMMEAN_SP_141694.parquet"
"16581","FINAL_EMSDM_EMMEAN_SP_141700.parquet"
"16582","FINAL_EMSDM_EMMEAN_SP_141702.parquet"
"16583","FINAL_EMSDM_EMMEAN_SP_141703.parquet"
"16584","FINAL_EMSDM_EMMEAN_SP_141707.parquet"
"16585","FINAL_EMSDM_EMMEAN_SP_141714.parquet"
"16586","FINAL_EMSDM_EMMEAN_SP_141715.parquet"
"16587","FINAL_EMSDM_EMMEAN_SP_141720.parquet"
"16588","FINAL_EMSDM_EMMEAN_SP_141741.parquet"
"16589","FINAL_EMSDM_EMMEAN_SP_1417438.parquet"
"16590","FINAL_EMSDM_EMMEAN_SP_141744.parquet"
"16591","FINAL_EMSDM_EMMEAN_SP_1417516.parquet"
"16592","FINAL_EMSDM_EMMEAN_SP_141752.parquet"
"16593","FINAL_EMSDM_EMMEAN_SP_141753.parquet"
"16594","FINAL_EMSDM_EMMEAN_SP_141759.parquet"
"16595","FINAL_EMSDM_EMMEAN_SP_1417611.parquet"
"16596","FINAL_EMSDM_EMMEAN_SP_1417617.parquet"
"16597","FINAL_EMSDM_EMMEAN_SP_141765.parquet"
"16598","FINAL_EMSDM_EMMEAN_SP_141768.parquet"
"16599","FINAL_EMSDM_EMMEAN_SP_141771.parquet"
"16600","FINAL_EMSDM_EMMEAN_SP_141772.parquet"
"16601","FINAL_EMSDM_EMMEAN_SP_141773.parquet"
"16602","FINAL_EMSDM_EMMEAN_SP_141774.parquet"
"16603","FINAL_EMSDM_EMMEAN_SP_141780.parquet"
"16604","FINAL_EMSDM_EMMEAN_SP_141787.parquet"
"16605","FINAL_EMSDM_EMMEAN_SP_141788.parquet"
"16606","FINAL_EMSDM_EMMEAN_SP_141790.parquet"
"16607","FINAL_EMSDM_EMMEAN_SP_141819.parquet"
"16608","FINAL_EMSDM_EMMEAN_SP_141820.parquet"
"16609","FINAL_EMSDM_EMMEAN_SP_141821.parquet"
"16610","FINAL_EMSDM_EMMEAN_SP_141822.parquet"
"16611","FINAL_EMSDM_EMMEAN_SP_141823.parquet"
"16612","FINAL_EMSDM_EMMEAN_SP_141831.parquet"
"16613","FINAL_EMSDM_EMMEAN_SP_141832.parquet"
"16614","FINAL_EMSDM_EMMEAN_SP_141833.parquet"
"16615","FINAL_EMSDM_EMMEAN_SP_141840.parquet"
"16616","FINAL_EMSDM_EMMEAN_SP_141846.parquet"
"16617","FINAL_EMSDM_EMMEAN_SP_141850.parquet"
"16618","FINAL_EMSDM_EMMEAN_SP_141852.parquet"
"16619","FINAL_EMSDM_EMMEAN_SP_141855.parquet"
"16620","FINAL_EMSDM_EMMEAN_SP_141858.parquet"
"16621","FINAL_EMSDM_EMMEAN_SP_141859.parquet"
"16622","FINAL_EMSDM_EMMEAN_SP_141861.parquet"
"16623","FINAL_EMSDM_EMMEAN_SP_141862.parquet"
"16624","FINAL_EMSDM_EMMEAN_SP_141864.parquet"
"16625","FINAL_EMSDM_EMMEAN_SP_141866.parquet"
"16626","FINAL_EMSDM_EMMEAN_SP_141874.parquet"
"16627","FINAL_EMSDM_EMMEAN_SP_141875.parquet"
"16628","FINAL_EMSDM_EMMEAN_SP_141877.parquet"
"16629","FINAL_EMSDM_EMMEAN_SP_141879.parquet"
"16630","FINAL_EMSDM_EMMEAN_SP_141883.parquet"
"16631","FINAL_EMSDM_EMMEAN_SP_141887.parquet"
"16632","FINAL_EMSDM_EMMEAN_SP_141896.parquet"
"16633","FINAL_EMSDM_EMMEAN_SP_141899.parquet"
"16634","FINAL_EMSDM_EMMEAN_SP_141902.parquet"
"16635","FINAL_EMSDM_EMMEAN_SP_141905.parquet"
"16636","FINAL_EMSDM_EMMEAN_SP_141906.parquet"
"16637","FINAL_EMSDM_EMMEAN_SP_141909.parquet"
"16638","FINAL_EMSDM_EMMEAN_SP_141910.parquet"
"16639","FINAL_EMSDM_EMMEAN_SP_141911.parquet"
"16640","FINAL_EMSDM_EMMEAN_SP_141914.parquet"
"16641","FINAL_EMSDM_EMMEAN_SP_141916.parquet"
"16642","FINAL_EMSDM_EMMEAN_SP_141917.parquet"
"16643","FINAL_EMSDM_EMMEAN_SP_141918.parquet"
"16644","FINAL_EMSDM_EMMEAN_SP_141919.parquet"
"16645","FINAL_EMSDM_EMMEAN_SP_141926.parquet"
"16646","FINAL_EMSDM_EMMEAN_SP_141934.parquet"
"16647","FINAL_EMSDM_EMMEAN_SP_141935.parquet"
"16648","FINAL_EMSDM_EMMEAN_SP_141936.parquet"
"16649","FINAL_EMSDM_EMMEAN_SP_141944.parquet"
"16650","FINAL_EMSDM_EMMEAN_SP_141947.parquet"
"16651","FINAL_EMSDM_EMMEAN_SP_141953.parquet"
"16652","FINAL_EMSDM_EMMEAN_SP_141954.parquet"
"16653","FINAL_EMSDM_EMMEAN_SP_141958.parquet"
"16654","FINAL_EMSDM_EMMEAN_SP_141961.parquet"
"16655","FINAL_EMSDM_EMMEAN_SP_141962.parquet"
"16656","FINAL_EMSDM_EMMEAN_SP_141965.parquet"
"16657","FINAL_EMSDM_EMMEAN_SP_141968.parquet"
"16658","FINAL_EMSDM_EMMEAN_SP_1419699.parquet"
"16659","FINAL_EMSDM_EMMEAN_SP_141976.parquet"
"16660","FINAL_EMSDM_EMMEAN_SP_141985.parquet"
"16661","FINAL_EMSDM_EMMEAN_SP_141987.parquet"
"16662","FINAL_EMSDM_EMMEAN_SP_141989.parquet"
"16663","FINAL_EMSDM_EMMEAN_SP_141992.parquet"
"16664","FINAL_EMSDM_EMMEAN_SP_141993.parquet"
"16665","FINAL_EMSDM_EMMEAN_SP_141996.parquet"
"16666","FINAL_EMSDM_EMMEAN_SP_141998.parquet"
"16667","FINAL_EMSDM_EMMEAN_SP_141999.parquet"
"16668","FINAL_EMSDM_EMMEAN_SP_142000.parquet"
"16669","FINAL_EMSDM_EMMEAN_SP_142001.parquet"
"16670","FINAL_EMSDM_EMMEAN_SP_142004.parquet"
"16671","FINAL_EMSDM_EMMEAN_SP_142005.parquet"
"16672","FINAL_EMSDM_EMMEAN_SP_142006.parquet"
"16673","FINAL_EMSDM_EMMEAN_SP_142010.parquet"
"16674","FINAL_EMSDM_EMMEAN_SP_1420120.parquet"
"16675","FINAL_EMSDM_EMMEAN_SP_1420845.parquet"
"16676","FINAL_EMSDM_EMMEAN_SP_1421060.parquet"
"16677","FINAL_EMSDM_EMMEAN_SP_1421335.parquet"
"16678","FINAL_EMSDM_EMMEAN_SP_1421341.parquet"
"16679","FINAL_EMSDM_EMMEAN_SP_1421344.parquet"
"16680","FINAL_EMSDM_EMMEAN_SP_1421345.parquet"
"16681","FINAL_EMSDM_EMMEAN_SP_1421809.parquet"
"16682","FINAL_EMSDM_EMMEAN_SP_1424275.parquet"
"16683","FINAL_EMSDM_EMMEAN_SP_1424481.parquet"
"16684","FINAL_EMSDM_EMMEAN_SP_1424750.parquet"
"16685","FINAL_EMSDM_EMMEAN_SP_1424755.parquet"
"16686","FINAL_EMSDM_EMMEAN_SP_1425469.parquet"
"16687","FINAL_EMSDM_EMMEAN_SP_1425549.parquet"
"16688","FINAL_EMSDM_EMMEAN_SP_142820.parquet"
"16689","FINAL_EMSDM_EMMEAN_SP_142827.parquet"
"16690","FINAL_EMSDM_EMMEAN_SP_1429769.parquet"
"16691","FINAL_EMSDM_EMMEAN_SP_1429775.parquet"
"16692","FINAL_EMSDM_EMMEAN_SP_1429790.parquet"
"16693","FINAL_EMSDM_EMMEAN_SP_1429806.parquet"
"16694","FINAL_EMSDM_EMMEAN_SP_1430277.parquet"
"16695","FINAL_EMSDM_EMMEAN_SP_1432147.parquet"
"16696","FINAL_EMSDM_EMMEAN_SP_1432965.parquet"
"16697","FINAL_EMSDM_EMMEAN_SP_1433335.parquet"
"16698","FINAL_EMSDM_EMMEAN_SP_1433349.parquet"
"16699","FINAL_EMSDM_EMMEAN_SP_143647.parquet"
"16700","FINAL_EMSDM_EMMEAN_SP_1437797.parquet"
"16701","FINAL_EMSDM_EMMEAN_SP_1441101.parquet"
"16702","FINAL_EMSDM_EMMEAN_SP_1445254.parquet"
"16703","FINAL_EMSDM_EMMEAN_SP_1445470.parquet"
"16704","FINAL_EMSDM_EMMEAN_SP_1446522.parquet"
"16705","FINAL_EMSDM_EMMEAN_SP_1446727.parquet"
"16706","FINAL_EMSDM_EMMEAN_SP_1446760.parquet"
"16707","FINAL_EMSDM_EMMEAN_SP_1447184.parquet"
"16708","FINAL_EMSDM_EMMEAN_SP_1451963.parquet"
"16709","FINAL_EMSDM_EMMEAN_SP_1452326.parquet"
"16710","FINAL_EMSDM_EMMEAN_SP_1452502.parquet"
"16711","FINAL_EMSDM_EMMEAN_SP_1456273.parquet"
"16712","FINAL_EMSDM_EMMEAN_SP_1456812.parquet"
"16713","FINAL_EMSDM_EMMEAN_SP_1457762.parquet"
"16714","FINAL_EMSDM_EMMEAN_SP_1458825.parquet"
"16715","FINAL_EMSDM_EMMEAN_SP_1461135.parquet"
"16716","FINAL_EMSDM_EMMEAN_SP_1461136.parquet"
"16717","FINAL_EMSDM_EMMEAN_SP_1461354.parquet"
"16718","FINAL_EMSDM_EMMEAN_SP_1463210.parquet"
"16719","FINAL_EMSDM_EMMEAN_SP_1463944.parquet"
"16720","FINAL_EMSDM_EMMEAN_SP_1464388.parquet"
"16721","FINAL_EMSDM_EMMEAN_SP_1464472.parquet"
"16722","FINAL_EMSDM_EMMEAN_SP_146474.parquet"
"16723","FINAL_EMSDM_EMMEAN_SP_146502.parquet"
"16724","FINAL_EMSDM_EMMEAN_SP_146504.parquet"
"16725","FINAL_EMSDM_EMMEAN_SP_146524.parquet"
"16726","FINAL_EMSDM_EMMEAN_SP_146532.parquet"
"16727","FINAL_EMSDM_EMMEAN_SP_146533.parquet"
"16728","FINAL_EMSDM_EMMEAN_SP_1466422.parquet"
"16729","FINAL_EMSDM_EMMEAN_SP_1466446.parquet"
"16730","FINAL_EMSDM_EMMEAN_SP_1466498.parquet"
"16731","FINAL_EMSDM_EMMEAN_SP_146732.parquet"
"16732","FINAL_EMSDM_EMMEAN_SP_146733.parquet"
"16733","FINAL_EMSDM_EMMEAN_SP_146738.parquet"
"16734","FINAL_EMSDM_EMMEAN_SP_146741.parquet"
"16735","FINAL_EMSDM_EMMEAN_SP_146768.parquet"
"16736","FINAL_EMSDM_EMMEAN_SP_146774.parquet"
"16737","FINAL_EMSDM_EMMEAN_SP_146780.parquet"
"16738","FINAL_EMSDM_EMMEAN_SP_146801.parquet"
"16739","FINAL_EMSDM_EMMEAN_SP_146821.parquet"
"16740","FINAL_EMSDM_EMMEAN_SP_146824.parquet"
"16741","FINAL_EMSDM_EMMEAN_SP_146830.parquet"
"16742","FINAL_EMSDM_EMMEAN_SP_1468433.parquet"
"16743","FINAL_EMSDM_EMMEAN_SP_146844.parquet"
"16744","FINAL_EMSDM_EMMEAN_SP_146845.parquet"
"16745","FINAL_EMSDM_EMMEAN_SP_146851.parquet"
"16746","FINAL_EMSDM_EMMEAN_SP_146862.parquet"
"16747","FINAL_EMSDM_EMMEAN_SP_1468835.parquet"
"16748","FINAL_EMSDM_EMMEAN_SP_1468915.parquet"
"16749","FINAL_EMSDM_EMMEAN_SP_1468928.parquet"
"16750","FINAL_EMSDM_EMMEAN_SP_146895.parquet"
"16751","FINAL_EMSDM_EMMEAN_SP_146905.parquet"
"16752","FINAL_EMSDM_EMMEAN_SP_146917.parquet"
"16753","FINAL_EMSDM_EMMEAN_SP_146922.parquet"
"16754","FINAL_EMSDM_EMMEAN_SP_146932.parquet"
"16755","FINAL_EMSDM_EMMEAN_SP_146941.parquet"
"16756","FINAL_EMSDM_EMMEAN_SP_146943.parquet"
"16757","FINAL_EMSDM_EMMEAN_SP_1469443.parquet"
"16758","FINAL_EMSDM_EMMEAN_SP_1469662.parquet"
"16759","FINAL_EMSDM_EMMEAN_SP_1469667.parquet"
"16760","FINAL_EMSDM_EMMEAN_SP_1469679.parquet"
"16761","FINAL_EMSDM_EMMEAN_SP_146978.parquet"
"16762","FINAL_EMSDM_EMMEAN_SP_1469828.parquet"
"16763","FINAL_EMSDM_EMMEAN_SP_1469962.parquet"
"16764","FINAL_EMSDM_EMMEAN_SP_146999.parquet"
"16765","FINAL_EMSDM_EMMEAN_SP_147007.parquet"
"16766","FINAL_EMSDM_EMMEAN_SP_147008.parquet"
"16767","FINAL_EMSDM_EMMEAN_SP_147021.parquet"
"16768","FINAL_EMSDM_EMMEAN_SP_147026.parquet"
"16769","FINAL_EMSDM_EMMEAN_SP_147027.parquet"
"16770","FINAL_EMSDM_EMMEAN_SP_147032.parquet"
"16771","FINAL_EMSDM_EMMEAN_SP_147084.parquet"
"16772","FINAL_EMSDM_EMMEAN_SP_1471155.parquet"
"16773","FINAL_EMSDM_EMMEAN_SP_1471362.parquet"
"16774","FINAL_EMSDM_EMMEAN_SP_147146.parquet"
"16775","FINAL_EMSDM_EMMEAN_SP_147154.parquet"
"16776","FINAL_EMSDM_EMMEAN_SP_1471945.parquet"
"16777","FINAL_EMSDM_EMMEAN_SP_1472093.parquet"
"16778","FINAL_EMSDM_EMMEAN_SP_1472098.parquet"
"16779","FINAL_EMSDM_EMMEAN_SP_1472100.parquet"
"16780","FINAL_EMSDM_EMMEAN_SP_1472292.parquet"
"16781","FINAL_EMSDM_EMMEAN_SP_1472303.parquet"
"16782","FINAL_EMSDM_EMMEAN_SP_1472304.parquet"
"16783","FINAL_EMSDM_EMMEAN_SP_1472316.parquet"
"16784","FINAL_EMSDM_EMMEAN_SP_1472318.parquet"
"16785","FINAL_EMSDM_EMMEAN_SP_1472329.parquet"
"16786","FINAL_EMSDM_EMMEAN_SP_147240.parquet"
"16787","FINAL_EMSDM_EMMEAN_SP_1472449.parquet"
"16788","FINAL_EMSDM_EMMEAN_SP_147322.parquet"
"16789","FINAL_EMSDM_EMMEAN_SP_1473437.parquet"
"16790","FINAL_EMSDM_EMMEAN_SP_1473600.parquet"
"16791","FINAL_EMSDM_EMMEAN_SP_1474372.parquet"
"16792","FINAL_EMSDM_EMMEAN_SP_1474379.parquet"
"16793","FINAL_EMSDM_EMMEAN_SP_147459.parquet"
"16794","FINAL_EMSDM_EMMEAN_SP_1474757.parquet"
"16795","FINAL_EMSDM_EMMEAN_SP_1475028.parquet"
"16796","FINAL_EMSDM_EMMEAN_SP_1475062.parquet"
"16797","FINAL_EMSDM_EMMEAN_SP_1475553.parquet"
"16798","FINAL_EMSDM_EMMEAN_SP_148114.parquet"
"16799","FINAL_EMSDM_EMMEAN_SP_1481885.parquet"
"16800","FINAL_EMSDM_EMMEAN_SP_148418.parquet"
"16801","FINAL_EMSDM_EMMEAN_SP_148516.parquet"
"16802","FINAL_EMSDM_EMMEAN_SP_148560.parquet"
"16803","FINAL_EMSDM_EMMEAN_SP_148592.parquet"
"16804","FINAL_EMSDM_EMMEAN_SP_148594.parquet"
"16805","FINAL_EMSDM_EMMEAN_SP_148603.parquet"
"16806","FINAL_EMSDM_EMMEAN_SP_148604.parquet"
"16807","FINAL_EMSDM_EMMEAN_SP_148637.parquet"
"16808","FINAL_EMSDM_EMMEAN_SP_148671.parquet"
"16809","FINAL_EMSDM_EMMEAN_SP_1486843.parquet"
"16810","FINAL_EMSDM_EMMEAN_SP_1486848.parquet"
"16811","FINAL_EMSDM_EMMEAN_SP_1486849.parquet"
"16812","FINAL_EMSDM_EMMEAN_SP_1486865.parquet"
"16813","FINAL_EMSDM_EMMEAN_SP_148698.parquet"
"16814","FINAL_EMSDM_EMMEAN_SP_148701.parquet"
"16815","FINAL_EMSDM_EMMEAN_SP_148703.parquet"
"16816","FINAL_EMSDM_EMMEAN_SP_148732.parquet"
"16817","FINAL_EMSDM_EMMEAN_SP_148752.parquet"
"16818","FINAL_EMSDM_EMMEAN_SP_148759.parquet"
"16819","FINAL_EMSDM_EMMEAN_SP_148769.parquet"
"16820","FINAL_EMSDM_EMMEAN_SP_148773.parquet"
"16821","FINAL_EMSDM_EMMEAN_SP_148777.parquet"
"16822","FINAL_EMSDM_EMMEAN_SP_148820.parquet"
"16823","FINAL_EMSDM_EMMEAN_SP_148821.parquet"
"16824","FINAL_EMSDM_EMMEAN_SP_148822.parquet"
"16825","FINAL_EMSDM_EMMEAN_SP_1493128.parquet"
"16826","FINAL_EMSDM_EMMEAN_SP_1493817.parquet"
"16827","FINAL_EMSDM_EMMEAN_SP_1493834.parquet"
"16828","FINAL_EMSDM_EMMEAN_SP_1493873.parquet"
"16829","FINAL_EMSDM_EMMEAN_SP_1493874.parquet"
"16830","FINAL_EMSDM_EMMEAN_SP_1495431.parquet"
"16831","FINAL_EMSDM_EMMEAN_SP_1495499.parquet"
"16832","FINAL_EMSDM_EMMEAN_SP_1496012.parquet"
"16833","FINAL_EMSDM_EMMEAN_SP_149682.parquet"
"16834","FINAL_EMSDM_EMMEAN_SP_149752.parquet"
"16835","FINAL_EMSDM_EMMEAN_SP_149756.parquet"
"16836","FINAL_EMSDM_EMMEAN_SP_149789.parquet"
"16837","FINAL_EMSDM_EMMEAN_SP_149872.parquet"
"16838","FINAL_EMSDM_EMMEAN_SP_149876.parquet"
"16839","FINAL_EMSDM_EMMEAN_SP_149880.parquet"
"16840","FINAL_EMSDM_EMMEAN_SP_149884.parquet"
"16841","FINAL_EMSDM_EMMEAN_SP_149897.parquet"
"16842","FINAL_EMSDM_EMMEAN_SP_149898.parquet"
"16843","FINAL_EMSDM_EMMEAN_SP_149903.parquet"
"16844","FINAL_EMSDM_EMMEAN_SP_149906.parquet"
"16845","FINAL_EMSDM_EMMEAN_SP_149908.parquet"
"16846","FINAL_EMSDM_EMMEAN_SP_150105.parquet"
"16847","FINAL_EMSDM_EMMEAN_SP_150237.parquet"
"16848","FINAL_EMSDM_EMMEAN_SP_150239.parquet"
"16849","FINAL_EMSDM_EMMEAN_SP_150256.parquet"
"16850","FINAL_EMSDM_EMMEAN_SP_150457.parquet"
"16851","FINAL_EMSDM_EMMEAN_SP_150520.parquet"
"16852","FINAL_EMSDM_EMMEAN_SP_150523.parquet"
"16853","FINAL_EMSDM_EMMEAN_SP_150542.parquet"
"16854","FINAL_EMSDM_EMMEAN_SP_150563.parquet"
"16855","FINAL_EMSDM_EMMEAN_SP_150630.parquet"
"16856","FINAL_EMSDM_EMMEAN_SP_150637.parquet"
"16857","FINAL_EMSDM_EMMEAN_SP_150648.parquet"
"16858","FINAL_EMSDM_EMMEAN_SP_150672.parquet"
"16859","FINAL_EMSDM_EMMEAN_SP_150697.parquet"
"16860","FINAL_EMSDM_EMMEAN_SP_1507520.parquet"
"16861","FINAL_EMSDM_EMMEAN_SP_1507530.parquet"
"16862","FINAL_EMSDM_EMMEAN_SP_1507531.parquet"
"16863","FINAL_EMSDM_EMMEAN_SP_1507962.parquet"
"16864","FINAL_EMSDM_EMMEAN_SP_1507964.parquet"
"16865","FINAL_EMSDM_EMMEAN_SP_1507966.parquet"
"16866","FINAL_EMSDM_EMMEAN_SP_1508787.parquet"
"16867","FINAL_EMSDM_EMMEAN_SP_1509188.parquet"
"16868","FINAL_EMSDM_EMMEAN_SP_1509482.parquet"
"16869","FINAL_EMSDM_EMMEAN_SP_1509483.parquet"
"16870","FINAL_EMSDM_EMMEAN_SP_1509599.parquet"
"16871","FINAL_EMSDM_EMMEAN_SP_1512070.parquet"
"16872","FINAL_EMSDM_EMMEAN_SP_1512071.parquet"
"16873","FINAL_EMSDM_EMMEAN_SP_1513041.parquet"
"16874","FINAL_EMSDM_EMMEAN_SP_1513444.parquet"
"16875","FINAL_EMSDM_EMMEAN_SP_151374.parquet"
"16876","FINAL_EMSDM_EMMEAN_SP_1514879.parquet"
"16877","FINAL_EMSDM_EMMEAN_SP_151520.parquet"
"16878","FINAL_EMSDM_EMMEAN_SP_151541.parquet"
"16879","FINAL_EMSDM_EMMEAN_SP_151616.parquet"
"16880","FINAL_EMSDM_EMMEAN_SP_151628.parquet"
"16881","FINAL_EMSDM_EMMEAN_SP_151718.parquet"
"16882","FINAL_EMSDM_EMMEAN_SP_1518242.parquet"
"16883","FINAL_EMSDM_EMMEAN_SP_151860.parquet"
"16884","FINAL_EMSDM_EMMEAN_SP_1518612.parquet"
"16885","FINAL_EMSDM_EMMEAN_SP_151929.parquet"
"16886","FINAL_EMSDM_EMMEAN_SP_152189.parquet"
"16887","FINAL_EMSDM_EMMEAN_SP_1521915.parquet"
"16888","FINAL_EMSDM_EMMEAN_SP_152203.parquet"
"16889","FINAL_EMSDM_EMMEAN_SP_152217.parquet"
"16890","FINAL_EMSDM_EMMEAN_SP_152220.parquet"
"16891","FINAL_EMSDM_EMMEAN_SP_152234.parquet"
"16892","FINAL_EMSDM_EMMEAN_SP_152249.parquet"
"16893","FINAL_EMSDM_EMMEAN_SP_152250.parquet"
"16894","FINAL_EMSDM_EMMEAN_SP_152254.parquet"
"16895","FINAL_EMSDM_EMMEAN_SP_152259.parquet"
"16896","FINAL_EMSDM_EMMEAN_SP_152260.parquet"
"16897","FINAL_EMSDM_EMMEAN_SP_152267.parquet"
"16898","FINAL_EMSDM_EMMEAN_SP_152272.parquet"
"16899","FINAL_EMSDM_EMMEAN_SP_152276.parquet"
"16900","FINAL_EMSDM_EMMEAN_SP_152282.parquet"
"16901","FINAL_EMSDM_EMMEAN_SP_152304.parquet"
"16902","FINAL_EMSDM_EMMEAN_SP_152312.parquet"
"16903","FINAL_EMSDM_EMMEAN_SP_152314.parquet"
"16904","FINAL_EMSDM_EMMEAN_SP_1523229.parquet"
"16905","FINAL_EMSDM_EMMEAN_SP_152357.parquet"
"16906","FINAL_EMSDM_EMMEAN_SP_152370.parquet"
"16907","FINAL_EMSDM_EMMEAN_SP_152389.parquet"
"16908","FINAL_EMSDM_EMMEAN_SP_152393.parquet"
"16909","FINAL_EMSDM_EMMEAN_SP_152396.parquet"
"16910","FINAL_EMSDM_EMMEAN_SP_152397.parquet"
"16911","FINAL_EMSDM_EMMEAN_SP_152398.parquet"
"16912","FINAL_EMSDM_EMMEAN_SP_1524161.parquet"
"16913","FINAL_EMSDM_EMMEAN_SP_1524223.parquet"
"16914","FINAL_EMSDM_EMMEAN_SP_152424.parquet"
"16915","FINAL_EMSDM_EMMEAN_SP_1524260.parquet"
"16916","FINAL_EMSDM_EMMEAN_SP_1524323.parquet"
"16917","FINAL_EMSDM_EMMEAN_SP_1524345.parquet"
"16918","FINAL_EMSDM_EMMEAN_SP_152451.parquet"
"16919","FINAL_EMSDM_EMMEAN_SP_152454.parquet"
"16920","FINAL_EMSDM_EMMEAN_SP_1524912.parquet"
"16921","FINAL_EMSDM_EMMEAN_SP_1524920.parquet"
"16922","FINAL_EMSDM_EMMEAN_SP_152501.parquet"
"16923","FINAL_EMSDM_EMMEAN_SP_1525284.parquet"
"16924","FINAL_EMSDM_EMMEAN_SP_152547.parquet"
"16925","FINAL_EMSDM_EMMEAN_SP_1525479.parquet"
"16926","FINAL_EMSDM_EMMEAN_SP_152553.parquet"
"16927","FINAL_EMSDM_EMMEAN_SP_152559.parquet"
"16928","FINAL_EMSDM_EMMEAN_SP_152565.parquet"
"16929","FINAL_EMSDM_EMMEAN_SP_1525690.parquet"
"16930","FINAL_EMSDM_EMMEAN_SP_1525793.parquet"
"16931","FINAL_EMSDM_EMMEAN_SP_1525942.parquet"
"16932","FINAL_EMSDM_EMMEAN_SP_1526203.parquet"
"16933","FINAL_EMSDM_EMMEAN_SP_1526241.parquet"
"16934","FINAL_EMSDM_EMMEAN_SP_152651.parquet"
"16935","FINAL_EMSDM_EMMEAN_SP_152774.parquet"
"16936","FINAL_EMSDM_EMMEAN_SP_152817.parquet"
"16937","FINAL_EMSDM_EMMEAN_SP_152852.parquet"
"16938","FINAL_EMSDM_EMMEAN_SP_152894.parquet"
"16939","FINAL_EMSDM_EMMEAN_SP_152905.parquet"
"16940","FINAL_EMSDM_EMMEAN_SP_153060.parquet"
"16941","FINAL_EMSDM_EMMEAN_SP_153063.parquet"
"16942","FINAL_EMSDM_EMMEAN_SP_1530663.parquet"
"16943","FINAL_EMSDM_EMMEAN_SP_153083.parquet"
"16944","FINAL_EMSDM_EMMEAN_SP_153087.parquet"
"16945","FINAL_EMSDM_EMMEAN_SP_153095.parquet"
"16946","FINAL_EMSDM_EMMEAN_SP_153122.parquet"
"16947","FINAL_EMSDM_EMMEAN_SP_153130.parquet"
"16948","FINAL_EMSDM_EMMEAN_SP_153134.parquet"
"16949","FINAL_EMSDM_EMMEAN_SP_153142.parquet"
"16950","FINAL_EMSDM_EMMEAN_SP_153151.parquet"
"16951","FINAL_EMSDM_EMMEAN_SP_1533655.parquet"
"16952","FINAL_EMSDM_EMMEAN_SP_153375.parquet"
"16953","FINAL_EMSDM_EMMEAN_SP_1533866.parquet"
"16954","FINAL_EMSDM_EMMEAN_SP_153430.parquet"
"16955","FINAL_EMSDM_EMMEAN_SP_153439.parquet"
"16956","FINAL_EMSDM_EMMEAN_SP_153453.parquet"
"16957","FINAL_EMSDM_EMMEAN_SP_153456.parquet"
"16958","FINAL_EMSDM_EMMEAN_SP_153465.parquet"
"16959","FINAL_EMSDM_EMMEAN_SP_153527.parquet"
"16960","FINAL_EMSDM_EMMEAN_SP_153552.parquet"
"16961","FINAL_EMSDM_EMMEAN_SP_1536423.parquet"
"16962","FINAL_EMSDM_EMMEAN_SP_1536612.parquet"
"16963","FINAL_EMSDM_EMMEAN_SP_153717.parquet"
"16964","FINAL_EMSDM_EMMEAN_SP_153755.parquet"
"16965","FINAL_EMSDM_EMMEAN_SP_153847.parquet"
"16966","FINAL_EMSDM_EMMEAN_SP_1538958.parquet"
"16967","FINAL_EMSDM_EMMEAN_SP_153949.parquet"
"16968","FINAL_EMSDM_EMMEAN_SP_153952.parquet"
"16969","FINAL_EMSDM_EMMEAN_SP_1539550.parquet"
"16970","FINAL_EMSDM_EMMEAN_SP_1540924.parquet"
"16971","FINAL_EMSDM_EMMEAN_SP_1541252.parquet"
"16972","FINAL_EMSDM_EMMEAN_SP_154127.parquet"
"16973","FINAL_EMSDM_EMMEAN_SP_1543205.parquet"
"16974","FINAL_EMSDM_EMMEAN_SP_1543266.parquet"
"16975","FINAL_EMSDM_EMMEAN_SP_1543478.parquet"
"16976","FINAL_EMSDM_EMMEAN_SP_1543511.parquet"
"16977","FINAL_EMSDM_EMMEAN_SP_1543665.parquet"
"16978","FINAL_EMSDM_EMMEAN_SP_1543700.parquet"
"16979","FINAL_EMSDM_EMMEAN_SP_1544114.parquet"
"16980","FINAL_EMSDM_EMMEAN_SP_1544593.parquet"
"16981","FINAL_EMSDM_EMMEAN_SP_1544948.parquet"
"16982","FINAL_EMSDM_EMMEAN_SP_154570.parquet"
"16983","FINAL_EMSDM_EMMEAN_SP_154675.parquet"
"16984","FINAL_EMSDM_EMMEAN_SP_1546891.parquet"
"16985","FINAL_EMSDM_EMMEAN_SP_154784.parquet"
"16986","FINAL_EMSDM_EMMEAN_SP_154825.parquet"
"16987","FINAL_EMSDM_EMMEAN_SP_1548265.parquet"
"16988","FINAL_EMSDM_EMMEAN_SP_1548267.parquet"
"16989","FINAL_EMSDM_EMMEAN_SP_1548432.parquet"
"16990","FINAL_EMSDM_EMMEAN_SP_1548543.parquet"
"16991","FINAL_EMSDM_EMMEAN_SP_1549091.parquet"
"16992","FINAL_EMSDM_EMMEAN_SP_154965.parquet"
"16993","FINAL_EMSDM_EMMEAN_SP_154972.parquet"
"16994","FINAL_EMSDM_EMMEAN_SP_1550666.parquet"
"16995","FINAL_EMSDM_EMMEAN_SP_155098.parquet"
"16996","FINAL_EMSDM_EMMEAN_SP_155103.parquet"
"16997","FINAL_EMSDM_EMMEAN_SP_155127.parquet"
"16998","FINAL_EMSDM_EMMEAN_SP_155171.parquet"
"16999","FINAL_EMSDM_EMMEAN_SP_155194.parquet"
"17000","FINAL_EMSDM_EMMEAN_SP_155207.parquet"
"17001","FINAL_EMSDM_EMMEAN_SP_155221.parquet"
"17002","FINAL_EMSDM_EMMEAN_SP_155223.parquet"
"17003","FINAL_EMSDM_EMMEAN_SP_155243.parquet"
"17004","FINAL_EMSDM_EMMEAN_SP_155282.parquet"
"17005","FINAL_EMSDM_EMMEAN_SP_155298.parquet"
"17006","FINAL_EMSDM_EMMEAN_SP_155375.parquet"
"17007","FINAL_EMSDM_EMMEAN_SP_155380.parquet"
"17008","FINAL_EMSDM_EMMEAN_SP_155413.parquet"
"17009","FINAL_EMSDM_EMMEAN_SP_155417.parquet"
"17010","FINAL_EMSDM_EMMEAN_SP_1554433.parquet"
"17011","FINAL_EMSDM_EMMEAN_SP_155459.parquet"
"17012","FINAL_EMSDM_EMMEAN_SP_155463.parquet"
"17013","FINAL_EMSDM_EMMEAN_SP_155473.parquet"
"17014","FINAL_EMSDM_EMMEAN_SP_1555260.parquet"
"17015","FINAL_EMSDM_EMMEAN_SP_1557227.parquet"
"17016","FINAL_EMSDM_EMMEAN_SP_1557228.parquet"
"17017","FINAL_EMSDM_EMMEAN_SP_1557229.parquet"
"17018","FINAL_EMSDM_EMMEAN_SP_155836.parquet"
"17019","FINAL_EMSDM_EMMEAN_SP_155928.parquet"
"17020","FINAL_EMSDM_EMMEAN_SP_155995.parquet"
"17021","FINAL_EMSDM_EMMEAN_SP_156066.parquet"
"17022","FINAL_EMSDM_EMMEAN_SP_156070.parquet"
"17023","FINAL_EMSDM_EMMEAN_SP_156073.parquet"
"17024","FINAL_EMSDM_EMMEAN_SP_156074.parquet"
"17025","FINAL_EMSDM_EMMEAN_SP_156084.parquet"
"17026","FINAL_EMSDM_EMMEAN_SP_156090.parquet"
"17027","FINAL_EMSDM_EMMEAN_SP_156101.parquet"
"17028","FINAL_EMSDM_EMMEAN_SP_156105.parquet"
"17029","FINAL_EMSDM_EMMEAN_SP_156142.parquet"
"17030","FINAL_EMSDM_EMMEAN_SP_156196.parquet"
"17031","FINAL_EMSDM_EMMEAN_SP_156202.parquet"
"17032","FINAL_EMSDM_EMMEAN_SP_1562041.parquet"
"17033","FINAL_EMSDM_EMMEAN_SP_156207.parquet"
"17034","FINAL_EMSDM_EMMEAN_SP_156209.parquet"
"17035","FINAL_EMSDM_EMMEAN_SP_156211.parquet"
"17036","FINAL_EMSDM_EMMEAN_SP_156214.parquet"
"17037","FINAL_EMSDM_EMMEAN_SP_156226.parquet"
"17038","FINAL_EMSDM_EMMEAN_SP_156227.parquet"
"17039","FINAL_EMSDM_EMMEAN_SP_156231.parquet"
"17040","FINAL_EMSDM_EMMEAN_SP_156232.parquet"
"17041","FINAL_EMSDM_EMMEAN_SP_156249.parquet"
"17042","FINAL_EMSDM_EMMEAN_SP_156257.parquet"
"17043","FINAL_EMSDM_EMMEAN_SP_156259.parquet"
"17044","FINAL_EMSDM_EMMEAN_SP_156264.parquet"
"17045","FINAL_EMSDM_EMMEAN_SP_156266.parquet"
"17046","FINAL_EMSDM_EMMEAN_SP_156304.parquet"
"17047","FINAL_EMSDM_EMMEAN_SP_156326.parquet"
"17048","FINAL_EMSDM_EMMEAN_SP_156370.parquet"
"17049","FINAL_EMSDM_EMMEAN_SP_156376.parquet"
"17050","FINAL_EMSDM_EMMEAN_SP_156379.parquet"
"17051","FINAL_EMSDM_EMMEAN_SP_156433.parquet"
"17052","FINAL_EMSDM_EMMEAN_SP_156445.parquet"
"17053","FINAL_EMSDM_EMMEAN_SP_156446.parquet"
"17054","FINAL_EMSDM_EMMEAN_SP_156447.parquet"
"17055","FINAL_EMSDM_EMMEAN_SP_156454.parquet"
"17056","FINAL_EMSDM_EMMEAN_SP_156465.parquet"
"17057","FINAL_EMSDM_EMMEAN_SP_156589.parquet"
"17058","FINAL_EMSDM_EMMEAN_SP_1566163.parquet"
"17059","FINAL_EMSDM_EMMEAN_SP_156668.parquet"
"17060","FINAL_EMSDM_EMMEAN_SP_156674.parquet"
"17061","FINAL_EMSDM_EMMEAN_SP_156679.parquet"
"17062","FINAL_EMSDM_EMMEAN_SP_156680.parquet"
"17063","FINAL_EMSDM_EMMEAN_SP_156699.parquet"
"17064","FINAL_EMSDM_EMMEAN_SP_156710.parquet"
"17065","FINAL_EMSDM_EMMEAN_SP_156712.parquet"
"17066","FINAL_EMSDM_EMMEAN_SP_156730.parquet"
"17067","FINAL_EMSDM_EMMEAN_SP_156732.parquet"
"17068","FINAL_EMSDM_EMMEAN_SP_156734.parquet"
"17069","FINAL_EMSDM_EMMEAN_SP_156737.parquet"
"17070","FINAL_EMSDM_EMMEAN_SP_156745.parquet"
"17071","FINAL_EMSDM_EMMEAN_SP_156746.parquet"
"17072","FINAL_EMSDM_EMMEAN_SP_156747.parquet"
"17073","FINAL_EMSDM_EMMEAN_SP_156749.parquet"
"17074","FINAL_EMSDM_EMMEAN_SP_156750.parquet"
"17075","FINAL_EMSDM_EMMEAN_SP_156753.parquet"
"17076","FINAL_EMSDM_EMMEAN_SP_156768.parquet"
"17077","FINAL_EMSDM_EMMEAN_SP_156770.parquet"
"17078","FINAL_EMSDM_EMMEAN_SP_156773.parquet"
"17079","FINAL_EMSDM_EMMEAN_SP_156776.parquet"
"17080","FINAL_EMSDM_EMMEAN_SP_1567760.parquet"
"17081","FINAL_EMSDM_EMMEAN_SP_156782.parquet"
"17082","FINAL_EMSDM_EMMEAN_SP_156786.parquet"
"17083","FINAL_EMSDM_EMMEAN_SP_156787.parquet"
"17084","FINAL_EMSDM_EMMEAN_SP_156789.parquet"
"17085","FINAL_EMSDM_EMMEAN_SP_156793.parquet"
"17086","FINAL_EMSDM_EMMEAN_SP_156797.parquet"
"17087","FINAL_EMSDM_EMMEAN_SP_156803.parquet"
"17088","FINAL_EMSDM_EMMEAN_SP_156805.parquet"
"17089","FINAL_EMSDM_EMMEAN_SP_156808.parquet"
"17090","FINAL_EMSDM_EMMEAN_SP_156811.parquet"
"17091","FINAL_EMSDM_EMMEAN_SP_156817.parquet"
"17092","FINAL_EMSDM_EMMEAN_SP_156821.parquet"
"17093","FINAL_EMSDM_EMMEAN_SP_156826.parquet"
"17094","FINAL_EMSDM_EMMEAN_SP_156832.parquet"
"17095","FINAL_EMSDM_EMMEAN_SP_156840.parquet"
"17096","FINAL_EMSDM_EMMEAN_SP_156843.parquet"
"17097","FINAL_EMSDM_EMMEAN_SP_156859.parquet"
"17098","FINAL_EMSDM_EMMEAN_SP_156861.parquet"
"17099","FINAL_EMSDM_EMMEAN_SP_156863.parquet"
"17100","FINAL_EMSDM_EMMEAN_SP_156870.parquet"
"17101","FINAL_EMSDM_EMMEAN_SP_156909.parquet"
"17102","FINAL_EMSDM_EMMEAN_SP_156916.parquet"
"17103","FINAL_EMSDM_EMMEAN_SP_156917.parquet"
"17104","FINAL_EMSDM_EMMEAN_SP_156923.parquet"
"17105","FINAL_EMSDM_EMMEAN_SP_156924.parquet"
"17106","FINAL_EMSDM_EMMEAN_SP_156932.parquet"
"17107","FINAL_EMSDM_EMMEAN_SP_156934.parquet"
"17108","FINAL_EMSDM_EMMEAN_SP_156935.parquet"
"17109","FINAL_EMSDM_EMMEAN_SP_156939.parquet"
"17110","FINAL_EMSDM_EMMEAN_SP_156958.parquet"
"17111","FINAL_EMSDM_EMMEAN_SP_156961.parquet"
"17112","FINAL_EMSDM_EMMEAN_SP_156967.parquet"
"17113","FINAL_EMSDM_EMMEAN_SP_156977.parquet"
"17114","FINAL_EMSDM_EMMEAN_SP_156994.parquet"
"17115","FINAL_EMSDM_EMMEAN_SP_156995.parquet"
"17116","FINAL_EMSDM_EMMEAN_SP_156996.parquet"
"17117","FINAL_EMSDM_EMMEAN_SP_156999.parquet"
"17118","FINAL_EMSDM_EMMEAN_SP_157001.parquet"
"17119","FINAL_EMSDM_EMMEAN_SP_157005.parquet"
"17120","FINAL_EMSDM_EMMEAN_SP_157006.parquet"
"17121","FINAL_EMSDM_EMMEAN_SP_157007.parquet"
"17122","FINAL_EMSDM_EMMEAN_SP_157010.parquet"
"17123","FINAL_EMSDM_EMMEAN_SP_157011.parquet"
"17124","FINAL_EMSDM_EMMEAN_SP_157019.parquet"
"17125","FINAL_EMSDM_EMMEAN_SP_157022.parquet"
"17126","FINAL_EMSDM_EMMEAN_SP_157024.parquet"
"17127","FINAL_EMSDM_EMMEAN_SP_157028.parquet"
"17128","FINAL_EMSDM_EMMEAN_SP_157029.parquet"
"17129","FINAL_EMSDM_EMMEAN_SP_157031.parquet"
"17130","FINAL_EMSDM_EMMEAN_SP_157032.parquet"
"17131","FINAL_EMSDM_EMMEAN_SP_157036.parquet"
"17132","FINAL_EMSDM_EMMEAN_SP_157037.parquet"
"17133","FINAL_EMSDM_EMMEAN_SP_157145.parquet"
"17134","FINAL_EMSDM_EMMEAN_SP_157147.parquet"
"17135","FINAL_EMSDM_EMMEAN_SP_157168.parquet"
"17136","FINAL_EMSDM_EMMEAN_SP_157174.parquet"
"17137","FINAL_EMSDM_EMMEAN_SP_157179.parquet"
"17138","FINAL_EMSDM_EMMEAN_SP_157181.parquet"
"17139","FINAL_EMSDM_EMMEAN_SP_157182.parquet"
"17140","FINAL_EMSDM_EMMEAN_SP_157189.parquet"
"17141","FINAL_EMSDM_EMMEAN_SP_1571903.parquet"
"17142","FINAL_EMSDM_EMMEAN_SP_1571913.parquet"
"17143","FINAL_EMSDM_EMMEAN_SP_1571978.parquet"
"17144","FINAL_EMSDM_EMMEAN_SP_157203.parquet"
"17145","FINAL_EMSDM_EMMEAN_SP_157214.parquet"
"17146","FINAL_EMSDM_EMMEAN_SP_157219.parquet"
"17147","FINAL_EMSDM_EMMEAN_SP_157220.parquet"
"17148","FINAL_EMSDM_EMMEAN_SP_1572271.parquet"
"17149","FINAL_EMSDM_EMMEAN_SP_157288.parquet"
"17150","FINAL_EMSDM_EMMEAN_SP_157290.parquet"
"17151","FINAL_EMSDM_EMMEAN_SP_157292.parquet"
"17152","FINAL_EMSDM_EMMEAN_SP_157298.parquet"
"17153","FINAL_EMSDM_EMMEAN_SP_157317.parquet"
"17154","FINAL_EMSDM_EMMEAN_SP_157322.parquet"
"17155","FINAL_EMSDM_EMMEAN_SP_157324.parquet"
"17156","FINAL_EMSDM_EMMEAN_SP_157337.parquet"
"17157","FINAL_EMSDM_EMMEAN_SP_157339.parquet"
"17158","FINAL_EMSDM_EMMEAN_SP_157340.parquet"
"17159","FINAL_EMSDM_EMMEAN_SP_157341.parquet"
"17160","FINAL_EMSDM_EMMEAN_SP_157357.parquet"
"17161","FINAL_EMSDM_EMMEAN_SP_157358.parquet"
"17162","FINAL_EMSDM_EMMEAN_SP_157374.parquet"
"17163","FINAL_EMSDM_EMMEAN_SP_157378.parquet"
"17164","FINAL_EMSDM_EMMEAN_SP_157381.parquet"
"17165","FINAL_EMSDM_EMMEAN_SP_157388.parquet"
"17166","FINAL_EMSDM_EMMEAN_SP_157392.parquet"
"17167","FINAL_EMSDM_EMMEAN_SP_157393.parquet"
"17168","FINAL_EMSDM_EMMEAN_SP_157394.parquet"
"17169","FINAL_EMSDM_EMMEAN_SP_157395.parquet"
"17170","FINAL_EMSDM_EMMEAN_SP_157398.parquet"
"17171","FINAL_EMSDM_EMMEAN_SP_157399.parquet"
"17172","FINAL_EMSDM_EMMEAN_SP_157400.parquet"
"17173","FINAL_EMSDM_EMMEAN_SP_157407.parquet"
"17174","FINAL_EMSDM_EMMEAN_SP_157411.parquet"
"17175","FINAL_EMSDM_EMMEAN_SP_157414.parquet"
"17176","FINAL_EMSDM_EMMEAN_SP_157415.parquet"
"17177","FINAL_EMSDM_EMMEAN_SP_157436.parquet"
"17178","FINAL_EMSDM_EMMEAN_SP_157441.parquet"
"17179","FINAL_EMSDM_EMMEAN_SP_157447.parquet"
"17180","FINAL_EMSDM_EMMEAN_SP_157450.parquet"
"17181","FINAL_EMSDM_EMMEAN_SP_157465.parquet"
"17182","FINAL_EMSDM_EMMEAN_SP_157470.parquet"
"17183","FINAL_EMSDM_EMMEAN_SP_157472.parquet"
"17184","FINAL_EMSDM_EMMEAN_SP_157482.parquet"
"17185","FINAL_EMSDM_EMMEAN_SP_157483.parquet"
"17186","FINAL_EMSDM_EMMEAN_SP_157485.parquet"
"17187","FINAL_EMSDM_EMMEAN_SP_157486.parquet"
"17188","FINAL_EMSDM_EMMEAN_SP_157487.parquet"
"17189","FINAL_EMSDM_EMMEAN_SP_157490.parquet"
"17190","FINAL_EMSDM_EMMEAN_SP_157496.parquet"
"17191","FINAL_EMSDM_EMMEAN_SP_157499.parquet"
"17192","FINAL_EMSDM_EMMEAN_SP_157501.parquet"
"17193","FINAL_EMSDM_EMMEAN_SP_157502.parquet"
"17194","FINAL_EMSDM_EMMEAN_SP_157503.parquet"
"17195","FINAL_EMSDM_EMMEAN_SP_157504.parquet"
"17196","FINAL_EMSDM_EMMEAN_SP_1575119.parquet"
"17197","FINAL_EMSDM_EMMEAN_SP_157521.parquet"
"17198","FINAL_EMSDM_EMMEAN_SP_157522.parquet"
"17199","FINAL_EMSDM_EMMEAN_SP_157523.parquet"
"17200","FINAL_EMSDM_EMMEAN_SP_157524.parquet"
"17201","FINAL_EMSDM_EMMEAN_SP_157526.parquet"
"17202","FINAL_EMSDM_EMMEAN_SP_157530.parquet"
"17203","FINAL_EMSDM_EMMEAN_SP_157532.parquet"
"17204","FINAL_EMSDM_EMMEAN_SP_157534.parquet"
"17205","FINAL_EMSDM_EMMEAN_SP_157540.parquet"
"17206","FINAL_EMSDM_EMMEAN_SP_157541.parquet"
"17207","FINAL_EMSDM_EMMEAN_SP_157542.parquet"
"17208","FINAL_EMSDM_EMMEAN_SP_157543.parquet"
"17209","FINAL_EMSDM_EMMEAN_SP_157545.parquet"
"17210","FINAL_EMSDM_EMMEAN_SP_157550.parquet"
"17211","FINAL_EMSDM_EMMEAN_SP_157554.parquet"
"17212","FINAL_EMSDM_EMMEAN_SP_157555.parquet"
"17213","FINAL_EMSDM_EMMEAN_SP_157560.parquet"
"17214","FINAL_EMSDM_EMMEAN_SP_157565.parquet"
"17215","FINAL_EMSDM_EMMEAN_SP_157566.parquet"
"17216","FINAL_EMSDM_EMMEAN_SP_157567.parquet"
"17217","FINAL_EMSDM_EMMEAN_SP_157568.parquet"
"17218","FINAL_EMSDM_EMMEAN_SP_157569.parquet"
"17219","FINAL_EMSDM_EMMEAN_SP_157570.parquet"
"17220","FINAL_EMSDM_EMMEAN_SP_157572.parquet"
"17221","FINAL_EMSDM_EMMEAN_SP_157573.parquet"
"17222","FINAL_EMSDM_EMMEAN_SP_157575.parquet"
"17223","FINAL_EMSDM_EMMEAN_SP_157579.parquet"
"17224","FINAL_EMSDM_EMMEAN_SP_157676.parquet"
"17225","FINAL_EMSDM_EMMEAN_SP_1577238.parquet"
"17226","FINAL_EMSDM_EMMEAN_SP_1577318.parquet"
"17227","FINAL_EMSDM_EMMEAN_SP_1577319.parquet"
"17228","FINAL_EMSDM_EMMEAN_SP_1577326.parquet"
"17229","FINAL_EMSDM_EMMEAN_SP_1577333.parquet"
"17230","FINAL_EMSDM_EMMEAN_SP_1577348.parquet"
"17231","FINAL_EMSDM_EMMEAN_SP_1577362.parquet"
"17232","FINAL_EMSDM_EMMEAN_SP_157793.parquet"
"17233","FINAL_EMSDM_EMMEAN_SP_157807.parquet"
"17234","FINAL_EMSDM_EMMEAN_SP_157810.parquet"
"17235","FINAL_EMSDM_EMMEAN_SP_157812.parquet"
"17236","FINAL_EMSDM_EMMEAN_SP_157815.parquet"
"17237","FINAL_EMSDM_EMMEAN_SP_157816.parquet"
"17238","FINAL_EMSDM_EMMEAN_SP_157817.parquet"
"17239","FINAL_EMSDM_EMMEAN_SP_157820.parquet"
"17240","FINAL_EMSDM_EMMEAN_SP_1578296.parquet"
"17241","FINAL_EMSDM_EMMEAN_SP_157834.parquet"
"17242","FINAL_EMSDM_EMMEAN_SP_157836.parquet"
"17243","FINAL_EMSDM_EMMEAN_SP_157839.parquet"
"17244","FINAL_EMSDM_EMMEAN_SP_157842.parquet"
"17245","FINAL_EMSDM_EMMEAN_SP_157847.parquet"
"17246","FINAL_EMSDM_EMMEAN_SP_157854.parquet"
"17247","FINAL_EMSDM_EMMEAN_SP_157858.parquet"
"17248","FINAL_EMSDM_EMMEAN_SP_157861.parquet"
"17249","FINAL_EMSDM_EMMEAN_SP_157869.parquet"
"17250","FINAL_EMSDM_EMMEAN_SP_1578714.parquet"
"17251","FINAL_EMSDM_EMMEAN_SP_157883.parquet"
"17252","FINAL_EMSDM_EMMEAN_SP_157884.parquet"
"17253","FINAL_EMSDM_EMMEAN_SP_157885.parquet"
"17254","FINAL_EMSDM_EMMEAN_SP_157887.parquet"
"17255","FINAL_EMSDM_EMMEAN_SP_157888.parquet"
"17256","FINAL_EMSDM_EMMEAN_SP_157891.parquet"
"17257","FINAL_EMSDM_EMMEAN_SP_157901.parquet"
"17258","FINAL_EMSDM_EMMEAN_SP_157903.parquet"
"17259","FINAL_EMSDM_EMMEAN_SP_157908.parquet"
"17260","FINAL_EMSDM_EMMEAN_SP_157912.parquet"
"17261","FINAL_EMSDM_EMMEAN_SP_157917.parquet"
"17262","FINAL_EMSDM_EMMEAN_SP_157919.parquet"
"17263","FINAL_EMSDM_EMMEAN_SP_1579237.parquet"
"17264","FINAL_EMSDM_EMMEAN_SP_157924.parquet"
"17265","FINAL_EMSDM_EMMEAN_SP_157927.parquet"
"17266","FINAL_EMSDM_EMMEAN_SP_157933.parquet"
"17267","FINAL_EMSDM_EMMEAN_SP_157947.parquet"
"17268","FINAL_EMSDM_EMMEAN_SP_157951.parquet"
"17269","FINAL_EMSDM_EMMEAN_SP_157965.parquet"
"17270","FINAL_EMSDM_EMMEAN_SP_1579720.parquet"
"17271","FINAL_EMSDM_EMMEAN_SP_1580005.parquet"
"17272","FINAL_EMSDM_EMMEAN_SP_158014.parquet"
"17273","FINAL_EMSDM_EMMEAN_SP_158015.parquet"
"17274","FINAL_EMSDM_EMMEAN_SP_158020.parquet"
"17275","FINAL_EMSDM_EMMEAN_SP_158021.parquet"
"17276","FINAL_EMSDM_EMMEAN_SP_158022.parquet"
"17277","FINAL_EMSDM_EMMEAN_SP_158023.parquet"
"17278","FINAL_EMSDM_EMMEAN_SP_158026.parquet"
"17279","FINAL_EMSDM_EMMEAN_SP_1580287.parquet"
"17280","FINAL_EMSDM_EMMEAN_SP_158032.parquet"
"17281","FINAL_EMSDM_EMMEAN_SP_158034.parquet"
"17282","FINAL_EMSDM_EMMEAN_SP_158036.parquet"
"17283","FINAL_EMSDM_EMMEAN_SP_158037.parquet"
"17284","FINAL_EMSDM_EMMEAN_SP_158041.parquet"
"17285","FINAL_EMSDM_EMMEAN_SP_158042.parquet"
"17286","FINAL_EMSDM_EMMEAN_SP_158044.parquet"
"17287","FINAL_EMSDM_EMMEAN_SP_158046.parquet"
"17288","FINAL_EMSDM_EMMEAN_SP_158049.parquet"
"17289","FINAL_EMSDM_EMMEAN_SP_158052.parquet"
"17290","FINAL_EMSDM_EMMEAN_SP_158053.parquet"
"17291","FINAL_EMSDM_EMMEAN_SP_158055.parquet"
"17292","FINAL_EMSDM_EMMEAN_SP_158058.parquet"
"17293","FINAL_EMSDM_EMMEAN_SP_158062.parquet"
"17294","FINAL_EMSDM_EMMEAN_SP_158065.parquet"
"17295","FINAL_EMSDM_EMMEAN_SP_158067.parquet"
"17296","FINAL_EMSDM_EMMEAN_SP_158072.parquet"
"17297","FINAL_EMSDM_EMMEAN_SP_158078.parquet"
"17298","FINAL_EMSDM_EMMEAN_SP_158082.parquet"
"17299","FINAL_EMSDM_EMMEAN_SP_158087.parquet"
"17300","FINAL_EMSDM_EMMEAN_SP_158093.parquet"
"17301","FINAL_EMSDM_EMMEAN_SP_158094.parquet"
"17302","FINAL_EMSDM_EMMEAN_SP_158096.parquet"
"17303","FINAL_EMSDM_EMMEAN_SP_158102.parquet"
"17304","FINAL_EMSDM_EMMEAN_SP_158130.parquet"
"17305","FINAL_EMSDM_EMMEAN_SP_158134.parquet"
"17306","FINAL_EMSDM_EMMEAN_SP_158137.parquet"
"17307","FINAL_EMSDM_EMMEAN_SP_158146.parquet"
"17308","FINAL_EMSDM_EMMEAN_SP_158149.parquet"
"17309","FINAL_EMSDM_EMMEAN_SP_158154.parquet"
"17310","FINAL_EMSDM_EMMEAN_SP_158156.parquet"
"17311","FINAL_EMSDM_EMMEAN_SP_158157.parquet"
"17312","FINAL_EMSDM_EMMEAN_SP_158172.parquet"
"17313","FINAL_EMSDM_EMMEAN_SP_158186.parquet"
"17314","FINAL_EMSDM_EMMEAN_SP_158188.parquet"
"17315","FINAL_EMSDM_EMMEAN_SP_158196.parquet"
"17316","FINAL_EMSDM_EMMEAN_SP_158198.parquet"
"17317","FINAL_EMSDM_EMMEAN_SP_158210.parquet"
"17318","FINAL_EMSDM_EMMEAN_SP_158212.parquet"
"17319","FINAL_EMSDM_EMMEAN_SP_158235.parquet"
"17320","FINAL_EMSDM_EMMEAN_SP_158245.parquet"
"17321","FINAL_EMSDM_EMMEAN_SP_158251.parquet"
"17322","FINAL_EMSDM_EMMEAN_SP_158254.parquet"
"17323","FINAL_EMSDM_EMMEAN_SP_158258.parquet"
"17324","FINAL_EMSDM_EMMEAN_SP_158261.parquet"
"17325","FINAL_EMSDM_EMMEAN_SP_158266.parquet"
"17326","FINAL_EMSDM_EMMEAN_SP_158282.parquet"
"17327","FINAL_EMSDM_EMMEAN_SP_158286.parquet"
"17328","FINAL_EMSDM_EMMEAN_SP_158288.parquet"
"17329","FINAL_EMSDM_EMMEAN_SP_1583115.parquet"
"17330","FINAL_EMSDM_EMMEAN_SP_158326.parquet"
"17331","FINAL_EMSDM_EMMEAN_SP_158327.parquet"
"17332","FINAL_EMSDM_EMMEAN_SP_158338.parquet"
"17333","FINAL_EMSDM_EMMEAN_SP_158340.parquet"
"17334","FINAL_EMSDM_EMMEAN_SP_158342.parquet"
"17335","FINAL_EMSDM_EMMEAN_SP_158344.parquet"
"17336","FINAL_EMSDM_EMMEAN_SP_158348.parquet"
"17337","FINAL_EMSDM_EMMEAN_SP_158349.parquet"
"17338","FINAL_EMSDM_EMMEAN_SP_158357.parquet"
"17339","FINAL_EMSDM_EMMEAN_SP_158360.parquet"
"17340","FINAL_EMSDM_EMMEAN_SP_158361.parquet"
"17341","FINAL_EMSDM_EMMEAN_SP_158362.parquet"
"17342","FINAL_EMSDM_EMMEAN_SP_158365.parquet"
"17343","FINAL_EMSDM_EMMEAN_SP_158366.parquet"
"17344","FINAL_EMSDM_EMMEAN_SP_158367.parquet"
"17345","FINAL_EMSDM_EMMEAN_SP_158368.parquet"
"17346","FINAL_EMSDM_EMMEAN_SP_158373.parquet"
"17347","FINAL_EMSDM_EMMEAN_SP_158376.parquet"
"17348","FINAL_EMSDM_EMMEAN_SP_158379.parquet"
"17349","FINAL_EMSDM_EMMEAN_SP_158382.parquet"
"17350","FINAL_EMSDM_EMMEAN_SP_158385.parquet"
"17351","FINAL_EMSDM_EMMEAN_SP_158389.parquet"
"17352","FINAL_EMSDM_EMMEAN_SP_158393.parquet"
"17353","FINAL_EMSDM_EMMEAN_SP_158394.parquet"
"17354","FINAL_EMSDM_EMMEAN_SP_158400.parquet"
"17355","FINAL_EMSDM_EMMEAN_SP_158401.parquet"
"17356","FINAL_EMSDM_EMMEAN_SP_158402.parquet"
"17357","FINAL_EMSDM_EMMEAN_SP_158403.parquet"
"17358","FINAL_EMSDM_EMMEAN_SP_158404.parquet"
"17359","FINAL_EMSDM_EMMEAN_SP_158406.parquet"
"17360","FINAL_EMSDM_EMMEAN_SP_158410.parquet"
"17361","FINAL_EMSDM_EMMEAN_SP_158412.parquet"
"17362","FINAL_EMSDM_EMMEAN_SP_158414.parquet"
"17363","FINAL_EMSDM_EMMEAN_SP_158416.parquet"
"17364","FINAL_EMSDM_EMMEAN_SP_158417.parquet"
"17365","FINAL_EMSDM_EMMEAN_SP_158420.parquet"
"17366","FINAL_EMSDM_EMMEAN_SP_158422.parquet"
"17367","FINAL_EMSDM_EMMEAN_SP_158424.parquet"
"17368","FINAL_EMSDM_EMMEAN_SP_158429.parquet"
"17369","FINAL_EMSDM_EMMEAN_SP_158431.parquet"
"17370","FINAL_EMSDM_EMMEAN_SP_158432.parquet"
"17371","FINAL_EMSDM_EMMEAN_SP_158434.parquet"
"17372","FINAL_EMSDM_EMMEAN_SP_158435.parquet"
"17373","FINAL_EMSDM_EMMEAN_SP_158436.parquet"
"17374","FINAL_EMSDM_EMMEAN_SP_158440.parquet"
"17375","FINAL_EMSDM_EMMEAN_SP_158443.parquet"
"17376","FINAL_EMSDM_EMMEAN_SP_158456.parquet"
"17377","FINAL_EMSDM_EMMEAN_SP_158460.parquet"
"17378","FINAL_EMSDM_EMMEAN_SP_158465.parquet"
"17379","FINAL_EMSDM_EMMEAN_SP_158466.parquet"
"17380","FINAL_EMSDM_EMMEAN_SP_158476.parquet"
"17381","FINAL_EMSDM_EMMEAN_SP_158478.parquet"
"17382","FINAL_EMSDM_EMMEAN_SP_158485.parquet"
"17383","FINAL_EMSDM_EMMEAN_SP_158488.parquet"
"17384","FINAL_EMSDM_EMMEAN_SP_158489.parquet"
"17385","FINAL_EMSDM_EMMEAN_SP_158490.parquet"
"17386","FINAL_EMSDM_EMMEAN_SP_158491.parquet"
"17387","FINAL_EMSDM_EMMEAN_SP_158493.parquet"
"17388","FINAL_EMSDM_EMMEAN_SP_158496.parquet"
"17389","FINAL_EMSDM_EMMEAN_SP_158497.parquet"
"17390","FINAL_EMSDM_EMMEAN_SP_158532.parquet"
"17391","FINAL_EMSDM_EMMEAN_SP_158534.parquet"
"17392","FINAL_EMSDM_EMMEAN_SP_158559.parquet"
"17393","FINAL_EMSDM_EMMEAN_SP_158717.parquet"
"17394","FINAL_EMSDM_EMMEAN_SP_1587902.parquet"
"17395","FINAL_EMSDM_EMMEAN_SP_158954.parquet"
"17396","FINAL_EMSDM_EMMEAN_SP_158956.parquet"
"17397","FINAL_EMSDM_EMMEAN_SP_158978.parquet"
"17398","FINAL_EMSDM_EMMEAN_SP_1589839.parquet"
"17399","FINAL_EMSDM_EMMEAN_SP_1589840.parquet"
"17400","FINAL_EMSDM_EMMEAN_SP_1589844.parquet"
"17401","FINAL_EMSDM_EMMEAN_SP_1589847.parquet"
"17402","FINAL_EMSDM_EMMEAN_SP_1589849.parquet"
"17403","FINAL_EMSDM_EMMEAN_SP_1589851.parquet"
"17404","FINAL_EMSDM_EMMEAN_SP_1589852.parquet"
"17405","FINAL_EMSDM_EMMEAN_SP_158988.parquet"
"17406","FINAL_EMSDM_EMMEAN_SP_159021.parquet"
"17407","FINAL_EMSDM_EMMEAN_SP_1590627.parquet"
"17408","FINAL_EMSDM_EMMEAN_SP_1590933.parquet"
"17409","FINAL_EMSDM_EMMEAN_SP_1590972.parquet"
"17410","FINAL_EMSDM_EMMEAN_SP_1591149.parquet"
"17411","FINAL_EMSDM_EMMEAN_SP_1591579.parquet"
"17412","FINAL_EMSDM_EMMEAN_SP_159184.parquet"
"17413","FINAL_EMSDM_EMMEAN_SP_159209.parquet"
"17414","FINAL_EMSDM_EMMEAN_SP_1592294.parquet"
"17415","FINAL_EMSDM_EMMEAN_SP_1592359.parquet"
"17416","FINAL_EMSDM_EMMEAN_SP_1592404.parquet"
"17417","FINAL_EMSDM_EMMEAN_SP_159257.parquet"
"17418","FINAL_EMSDM_EMMEAN_SP_1592576.parquet"
"17419","FINAL_EMSDM_EMMEAN_SP_159258.parquet"
"17420","FINAL_EMSDM_EMMEAN_SP_159266.parquet"
"17421","FINAL_EMSDM_EMMEAN_SP_159267.parquet"
"17422","FINAL_EMSDM_EMMEAN_SP_159294.parquet"
"17423","FINAL_EMSDM_EMMEAN_SP_159298.parquet"
"17424","FINAL_EMSDM_EMMEAN_SP_1593008.parquet"
"17425","FINAL_EMSDM_EMMEAN_SP_159306.parquet"
"17426","FINAL_EMSDM_EMMEAN_SP_1593939.parquet"
"17427","FINAL_EMSDM_EMMEAN_SP_159451.parquet"
"17428","FINAL_EMSDM_EMMEAN_SP_159459.parquet"
"17429","FINAL_EMSDM_EMMEAN_SP_159463.parquet"
"17430","FINAL_EMSDM_EMMEAN_SP_159484.parquet"
"17431","FINAL_EMSDM_EMMEAN_SP_1594964.parquet"
"17432","FINAL_EMSDM_EMMEAN_SP_159509.parquet"
"17433","FINAL_EMSDM_EMMEAN_SP_159518.parquet"
"17434","FINAL_EMSDM_EMMEAN_SP_159519.parquet"
"17435","FINAL_EMSDM_EMMEAN_SP_159520.parquet"
"17436","FINAL_EMSDM_EMMEAN_SP_159521.parquet"
"17437","FINAL_EMSDM_EMMEAN_SP_159523.parquet"
"17438","FINAL_EMSDM_EMMEAN_SP_159524.parquet"
"17439","FINAL_EMSDM_EMMEAN_SP_159525.parquet"
"17440","FINAL_EMSDM_EMMEAN_SP_159526.parquet"
"17441","FINAL_EMSDM_EMMEAN_SP_159528.parquet"
"17442","FINAL_EMSDM_EMMEAN_SP_159529.parquet"
"17443","FINAL_EMSDM_EMMEAN_SP_159531.parquet"
"17444","FINAL_EMSDM_EMMEAN_SP_1595562.parquet"
"17445","FINAL_EMSDM_EMMEAN_SP_1595687.parquet"
"17446","FINAL_EMSDM_EMMEAN_SP_159587.parquet"
"17447","FINAL_EMSDM_EMMEAN_SP_159600.parquet"
"17448","FINAL_EMSDM_EMMEAN_SP_159675.parquet"
"17449","FINAL_EMSDM_EMMEAN_SP_159713.parquet"
"17450","FINAL_EMSDM_EMMEAN_SP_159757.parquet"
"17451","FINAL_EMSDM_EMMEAN_SP_159770.parquet"
"17452","FINAL_EMSDM_EMMEAN_SP_159777.parquet"
"17453","FINAL_EMSDM_EMMEAN_SP_159817.parquet"
"17454","FINAL_EMSDM_EMMEAN_SP_159819.parquet"
"17455","FINAL_EMSDM_EMMEAN_SP_159821.parquet"
"17456","FINAL_EMSDM_EMMEAN_SP_159828.parquet"
"17457","FINAL_EMSDM_EMMEAN_SP_159846.parquet"
"17458","FINAL_EMSDM_EMMEAN_SP_159876.parquet"
"17459","FINAL_EMSDM_EMMEAN_SP_159895.parquet"
"17460","FINAL_EMSDM_EMMEAN_SP_159903.parquet"
"17461","FINAL_EMSDM_EMMEAN_SP_159918.parquet"
"17462","FINAL_EMSDM_EMMEAN_SP_159921.parquet"
"17463","FINAL_EMSDM_EMMEAN_SP_159928.parquet"
"17464","FINAL_EMSDM_EMMEAN_SP_159949.parquet"
"17465","FINAL_EMSDM_EMMEAN_SP_159968.parquet"
"17466","FINAL_EMSDM_EMMEAN_SP_159998.parquet"
"17467","FINAL_EMSDM_EMMEAN_SP_160012.parquet"
"17468","FINAL_EMSDM_EMMEAN_SP_160028.parquet"
"17469","FINAL_EMSDM_EMMEAN_SP_160029.parquet"
"17470","FINAL_EMSDM_EMMEAN_SP_160031.parquet"
"17471","FINAL_EMSDM_EMMEAN_SP_160051.parquet"
"17472","FINAL_EMSDM_EMMEAN_SP_160053.parquet"
"17473","FINAL_EMSDM_EMMEAN_SP_1600548.parquet"
"17474","FINAL_EMSDM_EMMEAN_SP_160060.parquet"
"17475","FINAL_EMSDM_EMMEAN_SP_160063.parquet"
"17476","FINAL_EMSDM_EMMEAN_SP_160065.parquet"
"17477","FINAL_EMSDM_EMMEAN_SP_1600668.parquet"
"17478","FINAL_EMSDM_EMMEAN_SP_160074.parquet"
"17479","FINAL_EMSDM_EMMEAN_SP_160082.parquet"
"17480","FINAL_EMSDM_EMMEAN_SP_1600935.parquet"
"17481","FINAL_EMSDM_EMMEAN_SP_160102.parquet"
"17482","FINAL_EMSDM_EMMEAN_SP_160106.parquet"
"17483","FINAL_EMSDM_EMMEAN_SP_160108.parquet"
"17484","FINAL_EMSDM_EMMEAN_SP_160112.parquet"
"17485","FINAL_EMSDM_EMMEAN_SP_160127.parquet"
"17486","FINAL_EMSDM_EMMEAN_SP_160147.parquet"
"17487","FINAL_EMSDM_EMMEAN_SP_160149.parquet"
"17488","FINAL_EMSDM_EMMEAN_SP_160161.parquet"
"17489","FINAL_EMSDM_EMMEAN_SP_160172.parquet"
"17490","FINAL_EMSDM_EMMEAN_SP_160174.parquet"
"17491","FINAL_EMSDM_EMMEAN_SP_160185.parquet"
"17492","FINAL_EMSDM_EMMEAN_SP_160192.parquet"
"17493","FINAL_EMSDM_EMMEAN_SP_160193.parquet"
"17494","FINAL_EMSDM_EMMEAN_SP_160194.parquet"
"17495","FINAL_EMSDM_EMMEAN_SP_160204.parquet"
"17496","FINAL_EMSDM_EMMEAN_SP_160212.parquet"
"17497","FINAL_EMSDM_EMMEAN_SP_160214.parquet"
"17498","FINAL_EMSDM_EMMEAN_SP_160215.parquet"
"17499","FINAL_EMSDM_EMMEAN_SP_160222.parquet"
"17500","FINAL_EMSDM_EMMEAN_SP_160227.parquet"
"17501","FINAL_EMSDM_EMMEAN_SP_1602278.parquet"
"17502","FINAL_EMSDM_EMMEAN_SP_160228.parquet"
"17503","FINAL_EMSDM_EMMEAN_SP_1602294.parquet"
"17504","FINAL_EMSDM_EMMEAN_SP_160230.parquet"
"17505","FINAL_EMSDM_EMMEAN_SP_160233.parquet"
"17506","FINAL_EMSDM_EMMEAN_SP_160240.parquet"
"17507","FINAL_EMSDM_EMMEAN_SP_160242.parquet"
"17508","FINAL_EMSDM_EMMEAN_SP_160246.parquet"
"17509","FINAL_EMSDM_EMMEAN_SP_160248.parquet"
"17510","FINAL_EMSDM_EMMEAN_SP_160251.parquet"
"17511","FINAL_EMSDM_EMMEAN_SP_160259.parquet"
"17512","FINAL_EMSDM_EMMEAN_SP_160265.parquet"
"17513","FINAL_EMSDM_EMMEAN_SP_160267.parquet"
"17514","FINAL_EMSDM_EMMEAN_SP_160289.parquet"
"17515","FINAL_EMSDM_EMMEAN_SP_160293.parquet"
"17516","FINAL_EMSDM_EMMEAN_SP_160295.parquet"
"17517","FINAL_EMSDM_EMMEAN_SP_160297.parquet"
"17518","FINAL_EMSDM_EMMEAN_SP_160307.parquet"
"17519","FINAL_EMSDM_EMMEAN_SP_160308.parquet"
"17520","FINAL_EMSDM_EMMEAN_SP_160311.parquet"
"17521","FINAL_EMSDM_EMMEAN_SP_160314.parquet"
"17522","FINAL_EMSDM_EMMEAN_SP_160315.parquet"
"17523","FINAL_EMSDM_EMMEAN_SP_160323.parquet"
"17524","FINAL_EMSDM_EMMEAN_SP_160328.parquet"
"17525","FINAL_EMSDM_EMMEAN_SP_160330.parquet"
"17526","FINAL_EMSDM_EMMEAN_SP_160335.parquet"
"17527","FINAL_EMSDM_EMMEAN_SP_160348.parquet"
"17528","FINAL_EMSDM_EMMEAN_SP_160363.parquet"
"17529","FINAL_EMSDM_EMMEAN_SP_160368.parquet"
"17530","FINAL_EMSDM_EMMEAN_SP_160395.parquet"
"17531","FINAL_EMSDM_EMMEAN_SP_160407.parquet"
"17532","FINAL_EMSDM_EMMEAN_SP_160414.parquet"
"17533","FINAL_EMSDM_EMMEAN_SP_160421.parquet"
"17534","FINAL_EMSDM_EMMEAN_SP_160435.parquet"
"17535","FINAL_EMSDM_EMMEAN_SP_160440.parquet"
"17536","FINAL_EMSDM_EMMEAN_SP_160441.parquet"
"17537","FINAL_EMSDM_EMMEAN_SP_160446.parquet"
"17538","FINAL_EMSDM_EMMEAN_SP_160448.parquet"
"17539","FINAL_EMSDM_EMMEAN_SP_160450.parquet"
"17540","FINAL_EMSDM_EMMEAN_SP_160451.parquet"
"17541","FINAL_EMSDM_EMMEAN_SP_160455.parquet"
"17542","FINAL_EMSDM_EMMEAN_SP_160456.parquet"
"17543","FINAL_EMSDM_EMMEAN_SP_160476.parquet"
"17544","FINAL_EMSDM_EMMEAN_SP_160477.parquet"
"17545","FINAL_EMSDM_EMMEAN_SP_160478.parquet"
"17546","FINAL_EMSDM_EMMEAN_SP_160496.parquet"
"17547","FINAL_EMSDM_EMMEAN_SP_160514.parquet"
"17548","FINAL_EMSDM_EMMEAN_SP_1605250.parquet"
"17549","FINAL_EMSDM_EMMEAN_SP_1605251.parquet"
"17550","FINAL_EMSDM_EMMEAN_SP_1605253.parquet"
"17551","FINAL_EMSDM_EMMEAN_SP_1605255.parquet"
"17552","FINAL_EMSDM_EMMEAN_SP_1605269.parquet"
"17553","FINAL_EMSDM_EMMEAN_SP_1605304.parquet"
"17554","FINAL_EMSDM_EMMEAN_SP_1605307.parquet"
"17555","FINAL_EMSDM_EMMEAN_SP_160539.parquet"
"17556","FINAL_EMSDM_EMMEAN_SP_1605413.parquet"
"17557","FINAL_EMSDM_EMMEAN_SP_1606053.parquet"
"17558","FINAL_EMSDM_EMMEAN_SP_1607102.parquet"
"17559","FINAL_EMSDM_EMMEAN_SP_1607481.parquet"
"17560","FINAL_EMSDM_EMMEAN_SP_160759.parquet"
"17561","FINAL_EMSDM_EMMEAN_SP_160762.parquet"
"17562","FINAL_EMSDM_EMMEAN_SP_160763.parquet"
"17563","FINAL_EMSDM_EMMEAN_SP_160764.parquet"
"17564","FINAL_EMSDM_EMMEAN_SP_160766.parquet"
"17565","FINAL_EMSDM_EMMEAN_SP_160768.parquet"
"17566","FINAL_EMSDM_EMMEAN_SP_160769.parquet"
"17567","FINAL_EMSDM_EMMEAN_SP_160770.parquet"
"17568","FINAL_EMSDM_EMMEAN_SP_160771.parquet"
"17569","FINAL_EMSDM_EMMEAN_SP_160773.parquet"
"17570","FINAL_EMSDM_EMMEAN_SP_160774.parquet"
"17571","FINAL_EMSDM_EMMEAN_SP_160775.parquet"
"17572","FINAL_EMSDM_EMMEAN_SP_160777.parquet"
"17573","FINAL_EMSDM_EMMEAN_SP_160778.parquet"
"17574","FINAL_EMSDM_EMMEAN_SP_160780.parquet"
"17575","FINAL_EMSDM_EMMEAN_SP_160781.parquet"
"17576","FINAL_EMSDM_EMMEAN_SP_160784.parquet"
"17577","FINAL_EMSDM_EMMEAN_SP_160786.parquet"
"17578","FINAL_EMSDM_EMMEAN_SP_160787.parquet"
"17579","FINAL_EMSDM_EMMEAN_SP_160788.parquet"
"17580","FINAL_EMSDM_EMMEAN_SP_160789.parquet"
"17581","FINAL_EMSDM_EMMEAN_SP_160790.parquet"
"17582","FINAL_EMSDM_EMMEAN_SP_160791.parquet"
"17583","FINAL_EMSDM_EMMEAN_SP_160792.parquet"
"17584","FINAL_EMSDM_EMMEAN_SP_160793.parquet"
"17585","FINAL_EMSDM_EMMEAN_SP_160796.parquet"
"17586","FINAL_EMSDM_EMMEAN_SP_160798.parquet"
"17587","FINAL_EMSDM_EMMEAN_SP_160799.parquet"
"17588","FINAL_EMSDM_EMMEAN_SP_160800.parquet"
"17589","FINAL_EMSDM_EMMEAN_SP_160801.parquet"
"17590","FINAL_EMSDM_EMMEAN_SP_160803.parquet"
"17591","FINAL_EMSDM_EMMEAN_SP_160808.parquet"
"17592","FINAL_EMSDM_EMMEAN_SP_160809.parquet"
"17593","FINAL_EMSDM_EMMEAN_SP_160810.parquet"
"17594","FINAL_EMSDM_EMMEAN_SP_160811.parquet"
"17595","FINAL_EMSDM_EMMEAN_SP_160812.parquet"
