aphiaid,current_area_km2,scenario,scenario_area_km2,area_change
1006797,457017.77754330845,RCP45_2050,465672.6773480048,expansion
1006797,457017.77754330845,RCP45_2100,475544.2659836063,expansion
1006797,457017.77754330845,RCP85_2050,476761.9252632926,expansion
1006797,457017.77754330845,RCP85_2100,502434.0373105851,expansion
1006832,714939.322467937,RCP45_2050,697786.7310856186,contraction
1006832,714939.322467937,RCP45_2100,692527.972786376,contraction
1006832,714939.322467937,RCP85_2050,682534.0143242129,contraction
1006832,714939.322467937,RCP85_2100,674628.1957891535,contraction
101172,809337.3680657726,RCP45_2050,1015738.5163097626,expansion
101172,809337.3680657726,RCP45_2100,1046292.453250601,expansion
101172,809337.3680657726,RCP85_2050,1011430.5123985391,expansion
101172,809337.3680657726,RCP85_2100,1102361.704542099,expansion
1011795,700835.4389481936,RCP45_2050,707438.3885660019,expansion
1011795,700835.4389481936,RCP45_2100,730341.7664127857,expansion
1011795,700835.4389481936,RCP85_2050,717165.4703746618,expansion
1011795,700835.4389481936,RCP85_2100,757055.5750816845,expansion
1012968,746440.5329443382,RCP45_2050,643725.1095419186,contraction
1012968,746440.5329443382,RCP45_2100,630921.3145576953,contraction
1012968,746440.5329443382,RCP85_2050,655054.2946097504,contraction
1012968,746440.5329443382,RCP85_2100,689544.5159671609,contraction
1013687,1933081.6041050546,RCP45_2050,1895019.2596497124,contraction
1013687,1933081.6041050546,RCP45_2100,1882987.8080571573,contraction
1013687,1933081.6041050546,RCP85_2050,1906976.3414596475,contraction
1013687,1933081.6041050546,RCP85_2100,1957028.4376740055,expansion
1014949,355384.8570905134,RCP45_2050,219492.49932675163,contraction
1014949,355384.8570905134,RCP45_2100,148498.10038923498,contraction
1014949,355384.8570905134,RCP85_2050,177328.19878798907,contraction
1014949,355384.8570905134,RCP85_2100,85866.69420754974,contraction
1015739,1671657.7303641783,RCP45_2050,1672729.2783878017,expansion
1015739,1671657.7303641783,RCP45_2100,1738761.556738213,expansion
1015739,1671657.7303641783,RCP85_2050,1676076.5964526155,expansion
1015739,1671657.7303641783,RCP85_2100,1742986.0781425731,expansion
1016062,2592355.543225241,RCP45_2050,3047571.10071033,expansion
1016062,2592355.543225241,RCP45_2100,3199461.8471709243,expansion
1016062,2592355.543225241,RCP85_2050,3035389.0398652996,expansion
1016062,2592355.543225241,RCP85_2100,3195208.6359491884,expansion
1016263,105947.26313149682,RCP45_2050,65504.617153697,contraction
1016263,105947.26313149682,RCP45_2100,63589.4984448419,contraction
1016263,105947.26313149682,RCP85_2050,65138.940062420035,contraction
1016263,105947.26313149682,RCP85_2100,58221.08642408867,contraction
1016293,401035.33234012476,RCP45_2050,409059.01191022,expansion
1016293,401035.33234012476,RCP45_2100,416151.2613912734,expansion
1016293,401035.33234012476,RCP85_2050,410541.80176552286,expansion
1016293,401035.33234012476,RCP85_2100,422905.9428807751,expansion
1016599,120885.17436193374,RCP45_2050,120807.93458265373,contraction
1016599,120885.17436193374,RCP45_2100,123520.19006007285,expansion
1016599,120885.17436193374,RCP85_2050,121501.82143380078,expansion
1016599,120885.17436193374,RCP85_2100,129623.82344888014,expansion
1017389,996416.2599226064,RCP45_2050,928962.2937006544,contraction
1017389,996416.2599226064,RCP45_2100,894929.5885454386,contraction
1017389,996416.2599226064,RCP85_2050,902281.1564157413,contraction
1017389,996416.2599226064,RCP85_2100,839368.088208068,contraction
1018707,3539492.5529347914,RCP45_2050,3072537.55764894,contraction
1018707,3539492.5529347914,RCP45_2100,2707930.3864992936,contraction
1018707,3539492.5529347914,RCP85_2050,2908951.060544634,contraction
1018707,3539492.5529347914,RCP85_2100,2255048.8045652453,contraction
1019871,142157.11436438203,RCP45_2050,129398.80328147998,contraction
1019871,142157.11436438203,RCP45_2100,125248.23690783945,contraction
1019871,142157.11436438203,RCP85_2050,126996.75262370429,contraction
1019871,142157.11436438203,RCP85_2100,143488.87903345848,expansion
1019891,6758390.81719517,RCP45_2050,6696811.692137557,contraction
1019891,6758390.81719517,RCP45_2100,6565938.156552286,contraction
1019891,6758390.81719517,RCP85_2050,6695799.065719355,contraction
1019891,6758390.81719517,RCP85_2100,6503628.229968639,contraction
1021742,3504210.9787068316,RCP45_2050,3442152.2351822453,contraction
1021742,3504210.9787068316,RCP45_2100,3423805.079402545,contraction
1021742,3504210.9787068316,RCP85_2050,3434144.0911304173,contraction
1021742,3504210.9787068316,RCP85_2100,3362241.153014109,contraction
1022265,1279594.6360024435,RCP45_2050,1436540.3204285344,expansion
1022265,1279594.6360024435,RCP45_2100,1457009.3449659594,expansion
1022265,1279594.6360024435,RCP85_2050,1430924.8479580008,expansion
1022265,1279594.6360024435,RCP85_2100,1395139.3920369882,expansion
1022437,319122.8929657223,RCP45_2050,247852.4156571941,contraction
1022437,319122.8929657223,RCP45_2100,194210.9390226258,contraction
1022437,319122.8929657223,RCP85_2050,223825.40367780166,contraction
1022437,319122.8929657223,RCP85_2100,140784.11568874744,contraction
1022438,528569.4568298965,RCP45_2050,739521.8853706224,expansion
1022438,528569.4568298965,RCP45_2100,752752.642443867,expansion
1022438,528569.4568298965,RCP85_2050,734163.2194754899,expansion
1022438,528569.4568298965,RCP85_2100,644727.8327009225,expansion
1022441,97116.43553409816,RCP45_2050,2662.616653350541,contraction
1022441,97116.43553409816,RCP45_2100,857.662170766832,contraction
1022441,97116.43553409816,RCP85_2050,1163.3876878327815,contraction
1022441,97116.43553409816,RCP85_2100,0,spp range loss
1026118,19839700.627480365,RCP45_2050,16309753.352560561,contraction
1026118,19839700.627480365,RCP45_2100,16193725.873451887,contraction
1026118,19839700.627480365,RCP85_2050,15978847.295514466,contraction
1026118,19839700.627480365,RCP85_2100,15998498.555919966,contraction
1042728,439550.44967100787,RCP45_2050,437412.2281593186,contraction
1042728,439550.44967100787,RCP45_2100,440760.5211471876,expansion
1042728,439550.44967100787,RCP85_2050,437865.302680236,contraction
1042728,439550.44967100787,RCP85_2100,439467.9816440935,contraction
1042747,668152.1173833472,RCP45_2050,740897.1888297112,expansion
1042747,668152.1173833472,RCP45_2100,691508.034727194,expansion
1042747,668152.1173833472,RCP85_2050,710012.7973241755,expansion
1042747,668152.1173833472,RCP85_2100,564570.9376767683,contraction
1042822,1767666.1752832131,RCP45_2050,1818724.754838194,expansion
1042822,1767666.1752832131,RCP45_2100,1907347.6265322163,expansion
1042822,1767666.1752832131,RCP85_2050,1851396.0427048365,expansion
1042822,1767666.1752832131,RCP85_2100,2011628.8898422509,expansion
1042823,1667272.1163022127,RCP45_2050,1650595.0915231714,contraction
1042823,1667272.1163022127,RCP45_2100,1650880.3803409238,contraction
1042823,1667272.1163022127,RCP85_2050,1644152.8657431048,contraction
1042823,1667272.1163022127,RCP85_2100,1682883.1606742144,expansion
1042825,31249.93080917248,RCP45_2050,29010.420477419862,contraction
1042825,31249.93080917248,RCP45_2100,26923.824796274082,contraction
1042825,31249.93080917248,RCP85_2050,28089.528465923144,contraction
1042825,31249.93080917248,RCP85_2100,29297.09953596105,contraction
1042826,1616606.5876899709,RCP45_2050,1735188.941924606,expansion
1042826,1616606.5876899709,RCP45_2100,1742862.207903797,expansion
1042826,1616606.5876899709,RCP85_2050,1710228.9247175986,expansion
1042826,1616606.5876899709,RCP85_2100,1655999.140775244,expansion
1042830,8123636.54349634,RCP45_2050,7095376.905380024,contraction
1042830,8123636.54349634,RCP45_2100,7610984.624689663,contraction
1042830,8123636.54349634,RCP85_2050,7403688.85015427,contraction
1042830,8123636.54349634,RCP85_2100,7809253.143915573,contraction
1042832,1434139.9563339397,RCP45_2050,1763036.6752419386,expansion
1042832,1434139.9563339397,RCP45_2100,1995269.9625426854,expansion
1042832,1434139.9563339397,RCP85_2050,1801477.4040996882,expansion
1042832,1434139.9563339397,RCP85_2100,2115401.804125364,expansion
1042836,217877.19449191954,RCP45_2050,2359364.4133288674,expansion
1042836,217877.19449191954,RCP45_2100,2221979.274774911,expansion
1042836,217877.19449191954,RCP85_2050,2375909.9233862855,expansion
1042836,217877.19449191954,RCP85_2100,1732871.5859658776,expansion
1042837,544321.6607288041,RCP45_2050,503350.61264954635,contraction
1042837,544321.6607288041,RCP45_2100,467001.03893939033,contraction
1042837,544321.6607288041,RCP85_2050,494703.0933030375,contraction
1042837,544321.6607288041,RCP85_2100,350737.8606543692,contraction
1042838,718120.8095741168,RCP45_2050,703825.3565880407,contraction
1042838,718120.8095741168,RCP45_2100,723407.0418989378,expansion
1042838,718120.8095741168,RCP85_2050,732619.1557962656,expansion
1042838,718120.8095741168,RCP85_2100,743218.7754567437,expansion
1042839,425999.53508570866,RCP45_2050,482332.43808940746,expansion
1042839,425999.53508570866,RCP45_2100,485496.6429636492,expansion
1042839,425999.53508570866,RCP85_2050,484717.0088224273,expansion
1042839,425999.53508570866,RCP85_2100,482024.82405114867,expansion
1042845,1486650.0519944234,RCP45_2050,1547839.990858237,expansion
1042845,1486650.0519944234,RCP45_2100,1596952.9642257313,expansion
1042845,1486650.0519944234,RCP85_2050,1556189.6564466497,expansion
1042845,1486650.0519944234,RCP85_2100,1723121.3203558647,expansion
1042846,707131.5148026798,RCP45_2050,488289.05330482253,contraction
1042846,707131.5148026798,RCP45_2100,358651.1086936743,contraction
1042846,707131.5148026798,RCP85_2050,442944.9495893294,contraction
1042846,707131.5148026798,RCP85_2100,306322.62644392706,contraction
1042847,648870.3801071402,RCP45_2050,1021469.0609374177,expansion
1042847,648870.3801071402,RCP45_2100,815290.4743111056,expansion
1042847,648870.3801071402,RCP85_2050,593295.0717716704,contraction
1042847,648870.3801071402,RCP85_2100,571912.3040305593,contraction
1042848,549918.9056249547,RCP45_2050,599844.2177568558,expansion
1042848,549918.9056249547,RCP45_2100,649391.3686203046,expansion
1042848,549918.9056249547,RCP85_2050,625140.8088585032,expansion
1042848,549918.9056249547,RCP85_2100,801226.1488023896,expansion
1042850,384644.49283287383,RCP45_2050,365978.32003827736,contraction
1042850,384644.49283287383,RCP45_2100,375330.00739004585,contraction
1042850,384644.49283287383,RCP85_2050,371050.7148257977,contraction
1042850,384644.49283287383,RCP85_2100,430838.65751074435,expansion
1042851,288342.05703815573,RCP45_2050,145100.41637305036,contraction
1042851,288342.05703815573,RCP45_2100,74075.86654910936,contraction
1042851,288342.05703815573,RCP85_2050,64192.94787425717,contraction
1042851,288342.05703815573,RCP85_2100,1528.0795651365374,contraction
1042852,847488.9510511883,RCP45_2050,683171.5220208983,contraction
1042852,847488.9510511883,RCP45_2100,642586.3310513856,contraction
1042852,847488.9510511883,RCP85_2050,711271.2158154221,contraction
1042852,847488.9510511883,RCP85_2100,632479.2411018547,contraction
1042853,260506.9757558779,RCP45_2050,211698.3728695108,contraction
1042853,260506.9757558779,RCP45_2100,239155.74678536505,contraction
1042853,260506.9757558779,RCP85_2050,197058.12529871697,contraction
1042853,260506.9757558779,RCP85_2100,238926.57200313782,contraction
1042854,518343.0990008312,RCP45_2050,514475.0173319769,contraction
1042854,518343.0990008312,RCP45_2100,491670.88688729575,contraction
1042854,518343.0990008312,RCP85_2050,485625.4108754926,contraction
1042854,518343.0990008312,RCP85_2100,439948.41157604894,contraction
1042856,1708010.961206116,RCP45_2050,1501230.3400641417,contraction
1042856,1708010.961206116,RCP45_2100,1410110.2641090516,contraction
1042856,1708010.961206116,RCP85_2050,1445541.4513261502,contraction
1042856,1708010.961206116,RCP85_2100,1211574.269596644,contraction
1042857,1608206.7165082912,RCP45_2050,2184514.563466932,expansion
1042857,1608206.7165082912,RCP45_2100,2815972.451541671,expansion
1042857,1608206.7165082912,RCP85_2050,1545648.5209737897,contraction
1042857,1608206.7165082912,RCP85_2100,2078912.3248319915,expansion
1042858,1720738.440297778,RCP45_2050,1938270.301940699,expansion
1042858,1720738.440297778,RCP45_2100,2072443.1188373344,expansion
1042858,1720738.440297778,RCP85_2050,1973553.2411099474,expansion
1042858,1720738.440297778,RCP85_2100,2180266.8011313463,expansion
1042860,890978.3529075449,RCP45_2050,1154515.3600304055,expansion
1042860,890978.3529075449,RCP45_2100,1380499.7812615891,expansion
1042860,890978.3529075449,RCP85_2050,874013.1984409093,contraction
1042860,890978.3529075449,RCP85_2100,1112003.3674567114,expansion
1042862,357866.87824834796,RCP45_2050,331994.4670464447,contraction
1042862,357866.87824834796,RCP45_2100,198927.33125673176,contraction
1042862,357866.87824834796,RCP85_2050,217124.8544665026,contraction
1042862,357866.87824834796,RCP85_2100,148814.085752156,contraction
1042863,325092.3563016611,RCP45_2050,359701.0696072703,expansion
1042863,325092.3563016611,RCP45_2100,358968.52856137074,expansion
1042863,325092.3563016611,RCP85_2050,361547.21075351944,expansion
1042863,325092.3563016611,RCP85_2100,347231.2795299016,expansion
1042865,1364748.914025857,RCP45_2050,1121847.2203033234,contraction
1042865,1364748.914025857,RCP45_2100,1027304.3918311686,contraction
1042865,1364748.914025857,RCP85_2050,1040080.0315646558,contraction
1042865,1364748.914025857,RCP85_2100,844884.902642961,contraction
1042866,1792636.4704243755,RCP45_2050,1558994.647826437,contraction
1042866,1792636.4704243755,RCP45_2100,1180640.5706516672,contraction
1042866,1792636.4704243755,RCP85_2050,1249763.7978625188,contraction
1042866,1792636.4704243755,RCP85_2100,698065.6436186593,contraction
1042867,3427942.6018667165,RCP45_2050,3475063.1373279076,expansion
1042867,3427942.6018667165,RCP45_2100,3489741.571894678,expansion
1042867,3427942.6018667165,RCP85_2050,3492464.63173856,expansion
1042867,3427942.6018667165,RCP85_2100,3489485.366445174,expansion
1042868,2023966.7064804505,RCP45_2050,2184426.18823758,expansion
1042868,2023966.7064804505,RCP45_2100,2202243.5753760496,expansion
1042868,2023966.7064804505,RCP85_2050,2192273.8136384757,expansion
1042868,2023966.7064804505,RCP85_2100,2235752.2852675305,expansion
1042871,12582697.771908676,RCP45_2050,13484715.827378549,expansion
1042871,12582697.771908676,RCP45_2100,13493856.888556086,expansion
1042871,12582697.771908676,RCP85_2050,13452819.686302053,expansion
1042871,12582697.771908676,RCP85_2100,13600191.966517894,expansion
1042877,730767.7083088359,RCP45_2050,733015.6743146077,expansion
1042877,730767.7083088359,RCP45_2100,725915.6388038321,contraction
1042877,730767.7083088359,RCP85_2050,750826.60443796206,expansion
1042877,730767.7083088359,RCP85_2100,791302.9419524419,expansion
1043412,2364019.8924977263,RCP45_2050,2488353.1485867607,expansion
1043412,2364019.8924977263,RCP45_2100,2592762.065516711,expansion
1043412,2364019.8924977263,RCP85_2050,2526294.074010177,expansion
1043412,2364019.8924977263,RCP85_2100,2718740.61609513,expansion
1043413,1708866.5932105568,RCP45_2050,1850410.3776037272,expansion
1043413,1708866.5932105568,RCP45_2100,1867296.4888877284,expansion
1043413,1708866.5932105568,RCP85_2050,1801222.0691575094,expansion
1043413,1708866.5932105568,RCP85_2100,1732138.325750838,expansion
1043414,1104438.2210439271,RCP45_2050,1103820.1553858747,contraction
1043414,1104438.2210439271,RCP45_2100,996618.3354532364,contraction
1043414,1104438.2210439271,RCP85_2050,1020427.3603267133,contraction
1043414,1104438.2210439271,RCP85_2100,905745.0630787264,contraction
1043416,7590111.976769679,RCP45_2050,6831589.900524433,contraction
1043416,7590111.976769679,RCP45_2100,6720597.24174559,contraction
1043416,7590111.976769679,RCP85_2050,6770836.903332181,contraction
1043416,7590111.976769679,RCP85_2100,6468815.17679502,contraction
1043417,572071.0143058473,RCP45_2050,653660.8100781009,expansion
1043417,572071.0143058473,RCP45_2100,563212.37019965,contraction
1043417,572071.0143058473,RCP85_2050,503393.5260834131,contraction
1043417,572071.0143058473,RCP85_2100,317417.8448651792,contraction
1043435,82629.72944477457,RCP45_2050,7404.12196820994,contraction
1043435,82629.72944477457,RCP45_2100,9678.31643473676,contraction
1043435,82629.72944477457,RCP85_2050,69300.91104177496,contraction
1043435,82629.72944477457,RCP85_2100,49950.96092854722,contraction
1043465,229222.00701216894,RCP45_2050,260171.17363918418,expansion
1043465,229222.00701216894,RCP45_2100,254663.1987603768,expansion
1043465,229222.00701216894,RCP85_2050,254387.48227372987,expansion
1043465,229222.00701216894,RCP85_2100,256503.78922628204,expansion
1043469,214463.64547034222,RCP45_2050,230121.71450519827,expansion
1043469,214463.64547034222,RCP45_2100,232277.23355297488,expansion
1043469,214463.64547034222,RCP85_2050,231201.35747644564,expansion
1043469,214463.64547034222,RCP85_2100,234721.17154515506,expansion
1043479,1254099.6613980697,RCP45_2050,1130696.4075856053,contraction
1043479,1254099.6613980697,RCP45_2100,1097207.6291434055,contraction
1043479,1254099.6613980697,RCP85_2050,1104301.189533132,contraction
1043479,1254099.6613980697,RCP85_2100,998757.2900910082,contraction
1043480,460533.8457007672,RCP45_2050,479088.35259068484,expansion
1043480,460533.8457007672,RCP45_2100,548374.4144558528,expansion
1043480,460533.8457007672,RCP85_2050,452147.27994641376,contraction
1043480,460533.8457007672,RCP85_2100,485371.71990423667,expansion
1043484,440881.0413497291,RCP45_2050,455947.3057242767,expansion
1043484,440881.0413497291,RCP45_2100,468189.2024194818,expansion
1043484,440881.0413497291,RCP85_2050,452939.8868293154,expansion
1043484,440881.0413497291,RCP85_2100,473349.3988393399,expansion
1043486,803034.969856767,RCP45_2050,810765.2512741802,expansion
1043486,803034.969856767,RCP45_2100,823053.5712551489,expansion
1043486,803034.969856767,RCP85_2050,812804.4294373608,expansion
1043486,803034.969856767,RCP85_2100,824498.7340379794,expansion
1043487,296329.9666785771,RCP45_2050,218426.61744920505,contraction
1043487,296329.9666785771,RCP45_2100,161140.40455703437,contraction
1043487,296329.9666785771,RCP85_2050,188326.50136562387,contraction
1043487,296329.9666785771,RCP85_2100,74636.75825599315,contraction
1043490,582424.9429859704,RCP45_2050,385397.1320624715,contraction
1043490,582424.9429859704,RCP45_2100,341695.0850664286,contraction
1043490,582424.9429859704,RCP85_2050,368935.717844945,contraction
1043490,582424.9429859704,RCP85_2100,372071.51093592274,contraction
1043598,604490.753646494,RCP45_2050,750620.0474999936,expansion
1043598,604490.753646494,RCP45_2100,700743.2633277766,expansion
1043598,604490.753646494,RCP85_2050,705878.202393909,expansion
1043598,604490.753646494,RCP85_2100,598097.3395047552,contraction
1043607,1880517.608063248,RCP45_2050,1862545.62604327,contraction
1043607,1880517.608063248,RCP45_2100,1721885.0842717048,contraction
1043607,1880517.608063248,RCP85_2050,1818073.4808744795,contraction
1043607,1880517.608063248,RCP85_2100,1570291.9392201337,contraction
1043608,1299091.900165364,RCP45_2050,1392402.7182610098,expansion
1043608,1299091.900165364,RCP45_2100,1363043.330291011,expansion
1043608,1299091.900165364,RCP85_2050,1407440.0839367954,expansion
1043608,1299091.900165364,RCP85_2100,1347418.5698565824,expansion
1043626,2349174.0221846565,RCP45_2050,3570302.567219416,expansion
1043626,2349174.0221846565,RCP45_2100,2479657.92021303,expansion
1043626,2349174.0221846565,RCP85_2050,3369513.1828784393,expansion
1043626,2349174.0221846565,RCP85_2100,2378139.2830631584,expansion
1044127,7632882.439356342,RCP45_2050,5387147.237962936,contraction
1044127,7632882.439356342,RCP45_2100,4532914.143464721,contraction
1044127,7632882.439356342,RCP85_2050,5510017.2949467935,contraction
1044127,7632882.439356342,RCP85_2100,3718497.786258628,contraction
105787,17999348.879868902,RCP45_2050,17077080.989269484,contraction
105787,17999348.879868902,RCP45_2100,17070067.967914995,contraction
105787,17999348.879868902,RCP85_2050,16653542.800902048,contraction
105787,17999348.879868902,RCP85_2100,16543565.672559857,contraction
105788,8691262.562210198,RCP45_2050,7365631.553760473,contraction
105788,8691262.562210198,RCP45_2100,6379766.430007264,contraction
105788,8691262.562210198,RCP85_2050,6781463.25869458,contraction
105788,8691262.562210198,RCP85_2100,5048232.027066254,contraction
105789,75409080.22149396,RCP45_2050,73851252.20316063,contraction
105789,75409080.22149396,RCP45_2100,76212153.11399443,expansion
105789,75409080.22149396,RCP85_2050,73288109.86917396,contraction
105789,75409080.22149396,RCP85_2100,74892937.1125576,contraction
105791,610074.9817587464,RCP45_2050,360375.4113914935,contraction
105791,610074.9817587464,RCP45_2100,302353.3009136688,contraction
105791,610074.9817587464,RCP85_2050,309073.06870410277,contraction
105791,610074.9817587464,RCP85_2100,244949.55339315618,contraction
105792,10484755.30392572,RCP45_2050,8705989.812375652,contraction
105792,10484755.30392572,RCP45_2100,7941202.344407783,contraction
105792,10484755.30392572,RCP85_2050,8019391.138351628,contraction
105792,10484755.30392572,RCP85_2100,7027476.685288873,contraction
105793,23371440.277717274,RCP45_2050,24050448.131349374,expansion
105793,23371440.277717274,RCP45_2100,23544707.604322672,expansion
105793,23371440.277717274,RCP85_2050,23798335.601064306,expansion
105793,23371440.277717274,RCP85_2100,23475878.51621753,expansion
105794,122534824.4363263,RCP45_2050,95539401.74104601,contraction
105794,122534824.4363263,RCP45_2100,53461567.77401253,contraction
105794,122534824.4363263,RCP85_2050,64228810.26366717,contraction
105794,122534824.4363263,RCP85_2100,17175150.41838937,contraction
105795,10153538.049918381,RCP45_2050,9316675.382306905,contraction
105795,10153538.049918381,RCP45_2100,9369721.521015186,contraction
105795,10153538.049918381,RCP85_2050,9224857.944037858,contraction
105795,10153538.049918381,RCP85_2100,9561951.864435816,contraction
105796,16955067.405889533,RCP45_2050,15839912.861973364,contraction
105796,16955067.405889533,RCP45_2100,14217570.502566343,contraction
105796,16955067.405889533,RCP85_2050,15311512.662408624,contraction
105796,16955067.405889533,RCP85_2100,12563508.545337062,contraction
105797,19676092.697258245,RCP45_2050,18688653.236434106,contraction
105797,19676092.697258245,RCP45_2100,17941318.073158637,contraction
105797,19676092.697258245,RCP85_2050,17949232.06122478,contraction
105797,19676092.697258245,RCP85_2100,16473097.418452792,contraction
105798,4222218.180249258,RCP45_2050,3167713.5096163545,contraction
105798,4222218.180249258,RCP45_2100,3160777.925865399,contraction
105798,4222218.180249258,RCP85_2050,3108363.7603790974,contraction
105798,4222218.180249258,RCP85_2100,3178578.298562365,contraction
105799,23785968.64614405,RCP45_2050,20831296.86736364,contraction
105799,23785968.64614405,RCP45_2100,20086020.190201502,contraction
105799,23785968.64614405,RCP85_2050,20414628.094528046,contraction
105799,23785968.64614405,RCP85_2100,19138788.789446373,contraction
105800,3770702.411400183,RCP45_2050,3230136.713068118,contraction
105800,3770702.411400183,RCP45_2100,3144940.626052157,contraction
105800,3770702.411400183,RCP85_2050,3152211.1531107225,contraction
105800,3770702.411400183,RCP85_2100,2750215.8208057843,contraction
105801,146002728.29513437,RCP45_2050,101045666.37592876,contraction
105801,146002728.29513437,RCP45_2100,85888273.05258924,contraction
105801,146002728.29513437,RCP85_2050,89346189.28937349,contraction
105801,146002728.29513437,RCP85_2100,75262979.70281886,contraction
105802,5494686.057106099,RCP45_2050,4998987.088962113,contraction
105802,5494686.057106099,RCP45_2100,4648134.004240854,contraction
105802,5494686.057106099,RCP85_2050,4788681.530600021,contraction
105802,5494686.057106099,RCP85_2100,3822611.8175212867,contraction
105803,703423.7967495689,RCP45_2050,686239.0650193839,contraction
105803,703423.7967495689,RCP45_2100,687442.6174536517,contraction
105803,703423.7967495689,RCP85_2050,696600.3737587704,contraction
105803,703423.7967495689,RCP85_2100,687520.1618516722,contraction
105804,615844.8818523829,RCP45_2050,630036.8865395334,expansion
105804,615844.8818523829,RCP45_2100,638693.6976170511,expansion
105804,615844.8818523829,RCP85_2050,632821.6671946963,expansion
105804,615844.8818523829,RCP85_2100,644037.4814234793,expansion
105811,206150.78839910572,RCP45_2050,138810.54993239357,contraction
105811,206150.78839910572,RCP45_2100,129397.7597347623,contraction
105811,206150.78839910572,RCP85_2050,135117.43841674502,contraction
105811,206150.78839910572,RCP85_2100,60150.45019802041,contraction
105815,1211534.8579065078,RCP45_2050,1302646.5059316931,expansion
105815,1211534.8579065078,RCP45_2100,1351467.5353267961,expansion
105815,1211534.8579065078,RCP85_2050,1323813.7760625982,expansion
105815,1211534.8579065078,RCP85_2100,1449709.6924102022,expansion
105816,26259038.180546522,RCP45_2050,18902104.514940947,contraction
105816,26259038.180546522,RCP45_2100,14619583.373447739,contraction
105816,26259038.180546522,RCP85_2050,17205798.264700677,contraction
105816,26259038.180546522,RCP85_2100,9686170.94955148,contraction
105817,65690003.762786955,RCP45_2050,39176727.088462375,contraction
105817,65690003.762786955,RCP45_2100,25705674.382380616,contraction
105817,65690003.762786955,RCP85_2050,28735855.78965262,contraction
105817,65690003.762786955,RCP85_2100,15533341.403740726,contraction
105818,1382275.5418285292,RCP45_2050,1466959.1708652705,expansion
105818,1382275.5418285292,RCP45_2100,1494133.9207025778,expansion
105818,1382275.5418285292,RCP85_2050,1480793.277469014,expansion
105818,1382275.5418285292,RCP85_2100,1556773.2371576694,expansion
105819,25802234.386080813,RCP45_2050,63300321.97874437,expansion
105819,25802234.386080813,RCP45_2100,43370905.26196407,expansion
105819,25802234.386080813,RCP85_2050,48816227.878775686,expansion
105819,25802234.386080813,RCP85_2100,27855247.088050563,expansion
105820,4750693.292788949,RCP45_2050,5190958.561720888,expansion
105820,4750693.292788949,RCP45_2100,5382408.618042908,expansion
105820,4750693.292788949,RCP85_2050,5330345.684996596,expansion
105820,4750693.292788949,RCP85_2100,5526757.393633776,expansion
105821,1577435.436140166,RCP45_2050,2030094.1339570873,expansion
105821,1577435.436140166,RCP45_2100,2148744.9724326516,expansion
105821,1577435.436140166,RCP85_2050,1979909.1244985505,expansion
105821,1577435.436140166,RCP85_2100,2140428.498878997,expansion
105822,2263447.832305253,RCP45_2050,2234197.66974725,contraction
105822,2263447.832305253,RCP45_2100,2168522.9910832895,contraction
105822,2263447.832305253,RCP85_2050,2268195.466236926,expansion
105822,2263447.832305253,RCP85_2100,2089708.2669198378,contraction
105823,1360002.473867863,RCP45_2050,1432526.2662719944,expansion
105823,1360002.473867863,RCP45_2100,1474685.205800898,expansion
105823,1360002.473867863,RCP85_2050,1448711.5107700122,expansion
105823,1360002.473867863,RCP85_2100,1491011.3288400718,expansion
105824,3095482.3638339126,RCP45_2050,3122184.8592568333,expansion
105824,3095482.3638339126,RCP45_2100,3226945.5531651024,expansion
105824,3095482.3638339126,RCP85_2050,3199408.879134036,expansion
105824,3095482.3638339126,RCP85_2100,3657841.8413224253,expansion
105832,13418024.192144053,RCP45_2050,13075133.516179867,contraction
105832,13418024.192144053,RCP45_2100,12933043.745146928,contraction
105832,13418024.192144053,RCP85_2050,12980998.315252949,contraction
105832,13418024.192144053,RCP85_2100,12761101.744866274,contraction
105833,11862124.825336834,RCP45_2050,11343117.875092505,contraction
105833,11862124.825336834,RCP45_2100,10964020.804789014,contraction
105833,11862124.825336834,RCP85_2050,11242648.473752119,contraction
105833,11862124.825336834,RCP85_2100,10578602.402800705,contraction
105834,6351625.948286843,RCP45_2050,5142996.600160582,contraction
105834,6351625.948286843,RCP45_2100,5131333.109453147,contraction
105834,6351625.948286843,RCP85_2050,5147917.199672465,contraction
105834,6351625.948286843,RCP85_2100,4833870.86930479,contraction
105835,102404117.4449613,RCP45_2050,97214330.86317614,contraction
105835,102404117.4449613,RCP45_2100,70184723.19555661,contraction
105835,102404117.4449613,RCP85_2050,78141768.0237162,contraction
105835,102404117.4449613,RCP85_2100,41091207.75379401,contraction
105836,23787299.557930533,RCP45_2050,42598216.60309706,expansion
105836,23787299.557930533,RCP45_2100,37402765.43400895,expansion
105836,23787299.557930533,RCP85_2050,38629393.17652436,expansion
105836,23787299.557930533,RCP85_2100,29887927.524613198,expansion
105837,46948820.09160894,RCP45_2050,37672099.81830589,contraction
105837,46948820.09160894,RCP45_2100,32880423.739434708,contraction
105837,46948820.09160894,RCP85_2050,36791500.90461273,contraction
105837,46948820.09160894,RCP85_2100,8451563.628307758,contraction
105838,99473485.86864725,RCP45_2050,37603384.73328075,contraction
105838,99473485.86864725,RCP45_2100,18418030.256077643,contraction
105838,99473485.86864725,RCP85_2050,20350881.785057202,contraction
105838,99473485.86864725,RCP85_2100,21208255.716164246,contraction
105839,102180517.19990008,RCP45_2050,64430476.68296039,contraction
105839,102180517.19990008,RCP45_2100,65500009.539448924,contraction
105839,102180517.19990008,RCP85_2050,66777508.65131609,contraction
105839,102180517.19990008,RCP85_2100,59654750.928492926,contraction
105840,111999765.11988978,RCP45_2050,30381190.434938814,contraction
105840,111999765.11988978,RCP45_2100,6051268.592338939,contraction
105840,111999765.11988978,RCP85_2050,10691866.367108965,contraction
105840,111999765.11988978,RCP85_2100,543042.3682003131,contraction
105841,72259829.0428295,RCP45_2050,37769204.94808254,contraction
105841,72259829.0428295,RCP45_2100,32606111.579167627,contraction
105841,72259829.0428295,RCP85_2050,34556061.68989606,contraction
105841,72259829.0428295,RCP85_2100,11581575.66196578,contraction
105843,8215826.1222458305,RCP45_2050,7513722.119889275,contraction
105843,8215826.1222458305,RCP45_2100,7034863.449292745,contraction
105843,8215826.1222458305,RCP85_2050,7029869.71498162,contraction
105843,8215826.1222458305,RCP85_2100,6252992.026618429,contraction
105844,26729709.088178743,RCP45_2050,29243334.99244337,expansion
105844,26729709.088178743,RCP45_2100,29132507.531642575,expansion
105844,26729709.088178743,RCP85_2050,29152262.23447969,expansion
105844,26729709.088178743,RCP85_2100,28965079.546924096,expansion
105846,2789668.6257728045,RCP45_2050,2803369.0270177377,expansion
105846,2789668.6257728045,RCP45_2100,2828528.7569610276,expansion
105846,2789668.6257728045,RCP85_2050,2817223.9824503036,expansion
105846,2789668.6257728045,RCP85_2100,2807208.0758247063,expansion
105847,130803096.43235867,RCP45_2050,18425637.584156003,contraction
105847,130803096.43235867,RCP45_2100,341731.4237514462,contraction
105847,130803096.43235867,RCP85_2050,666351.1045967292,contraction
105847,130803096.43235867,RCP85_2100,0,spp range loss
105848,2499364.071387122,RCP45_2050,2058976.4894405366,contraction
105848,2499364.071387122,RCP45_2100,1794847.4535380371,contraction
105848,2499364.071387122,RCP85_2050,1881443.2880823691,contraction
105848,2499364.071387122,RCP85_2100,1557861.0890973238,contraction
105849,9538352.187823031,RCP45_2050,9772573.101465847,expansion
105849,9538352.187823031,RCP45_2100,9742404.265385656,expansion
105849,9538352.187823031,RCP85_2050,9739062.25906718,expansion
105849,9538352.187823031,RCP85_2100,9527977.941428417,contraction
105851,3980823.3926563463,RCP45_2050,5024407.101591225,expansion
105851,3980823.3926563463,RCP45_2100,5434953.228343346,expansion
105851,3980823.3926563463,RCP85_2050,5054255.834138428,expansion
105851,3980823.3926563463,RCP85_2100,5737374.699917381,expansion
105854,5610863.645642306,RCP45_2050,5353723.878956921,contraction
105854,5610863.645642306,RCP45_2100,5264132.3142577205,contraction
105854,5610863.645642306,RCP85_2050,5359183.137853568,contraction
105854,5610863.645642306,RCP85_2100,5169452.057720917,contraction
105856,1600984.5109556725,RCP45_2050,1712356.9285315583,expansion
105856,1600984.5109556725,RCP45_2100,1778023.5531786974,expansion
105856,1600984.5109556725,RCP85_2050,1711225.072275957,expansion
105856,1600984.5109556725,RCP85_2100,1787991.2565195402,expansion
105858,80149420.57673867,RCP45_2050,73607519.18710911,contraction
105858,80149420.57673867,RCP45_2100,56053056.96154474,contraction
105858,80149420.57673867,RCP85_2050,61420824.83656476,contraction
105858,80149420.57673867,RCP85_2100,35407667.30492127,contraction
105859,11240524.293554245,RCP45_2050,12859048.334514229,expansion
105859,11240524.293554245,RCP45_2100,13600148.187074497,expansion
105859,11240524.293554245,RCP85_2050,12744308.092448799,expansion
105859,11240524.293554245,RCP85_2100,13444343.833938891,expansion
105860,4433586.841751009,RCP45_2050,5335160.312510228,expansion
105860,4433586.841751009,RCP45_2100,5641708.781792644,expansion
105860,4433586.841751009,RCP85_2050,5440182.474577517,expansion
105860,4433586.841751009,RCP85_2100,5987129.167716482,expansion
105862,1250708.1637144126,RCP45_2050,1344472.2710363618,expansion
105862,1250708.1637144126,RCP45_2100,1377195.0868722685,expansion
105862,1250708.1637144126,RCP85_2050,1368856.7744675286,expansion
105862,1250708.1637144126,RCP85_2100,1496087.5856714365,expansion
105865,4120784.564153549,RCP45_2050,5012933.977232836,expansion
105865,4120784.564153549,RCP45_2100,5508356.2970729135,expansion
105865,4120784.564153549,RCP85_2050,5271134.70796499,expansion
105865,4120784.564153549,RCP85_2100,5532664.24829757,expansion
105868,2933310.3020030814,RCP45_2050,1104506.589616386,contraction
105868,2933310.3020030814,RCP45_2100,962994.9961699243,contraction
105868,2933310.3020030814,RCP85_2050,1085845.1329149676,contraction
105868,2933310.3020030814,RCP85_2100,660039.1179616767,contraction
105869,1421088.3839113198,RCP45_2050,1354441.2531177963,contraction
105869,1421088.3839113198,RCP45_2100,1448996.0835596074,expansion
105869,1421088.3839113198,RCP85_2050,1449648.3483234812,expansion
105869,1421088.3839113198,RCP85_2100,1519506.973433693,expansion
105871,3042801.814225998,RCP45_2050,2754279.2877146984,contraction
105871,3042801.814225998,RCP45_2100,2686011.5947634885,contraction
105871,3042801.814225998,RCP85_2050,2782317.7365864734,contraction
105871,3042801.814225998,RCP85_2100,2758699.960962658,contraction
105872,3928044.407586012,RCP45_2050,3276628.224914842,contraction
105872,3928044.407586012,RCP45_2100,2981391.965341607,contraction
105872,3928044.407586012,RCP85_2050,3331591.3390178843,contraction
105872,3928044.407586012,RCP85_2100,2693973.4180941856,contraction
105873,2145346.425109362,RCP45_2050,1808112.5162312593,contraction
105873,2145346.425109362,RCP45_2100,1806488.5824227275,contraction
105873,2145346.425109362,RCP85_2050,1870847.3333570978,contraction
105873,2145346.425109362,RCP85_2100,1787242.3457046684,contraction
105874,1431063.91990226,RCP45_2050,1334422.0183503882,contraction
105874,1431063.91990226,RCP45_2100,1459408.7618621741,expansion
105874,1431063.91990226,RCP85_2050,1502781.1365550188,expansion
105874,1431063.91990226,RCP85_2100,1846438.6927287907,expansion
105875,513345.88170773204,RCP45_2050,237263.22426309125,contraction
105875,513345.88170773204,RCP45_2100,204796.8297090791,contraction
105875,513345.88170773204,RCP85_2050,230561.9819024137,contraction
105875,513345.88170773204,RCP85_2100,141021.26082288756,contraction
105876,1460854.387313145,RCP45_2050,1339088.7892945257,contraction
105876,1460854.387313145,RCP45_2100,1402415.8701666244,contraction
105876,1460854.387313145,RCP85_2050,1414026.4837563387,contraction
105876,1460854.387313145,RCP85_2100,1330347.3977276233,contraction
105883,3302255.956525681,RCP45_2050,3224759.9270408084,contraction
105883,3302255.956525681,RCP45_2100,3213462.872317197,contraction
105883,3302255.956525681,RCP85_2050,3234355.4376548124,contraction
105883,3302255.956525681,RCP85_2100,3223596.541231255,contraction
105884,373712.54277938,RCP45_2050,265762.43469814694,contraction
105884,373712.54277938,RCP45_2100,183345.92183533133,contraction
105884,373712.54277938,RCP85_2050,227044.54247359763,contraction
105884,373712.54277938,RCP85_2100,183512.0484221243,contraction
105885,533899.0251823922,RCP45_2050,553340.0416897159,expansion
105885,533899.0251823922,RCP45_2100,576492.9506980138,expansion
105885,533899.0251823922,RCP85_2050,595465.1660555453,expansion
105885,533899.0251823922,RCP85_2100,726724.708918687,expansion
105889,674874.5007787584,RCP45_2050,840444.4596982528,expansion
105889,674874.5007787584,RCP45_2100,803024.7311911802,expansion
105889,674874.5007787584,RCP85_2050,814293.886886937,expansion
105889,674874.5007787584,RCP85_2100,871203.0451791297,expansion
105891,790750.8840957887,RCP45_2050,718648.4201717271,contraction
105891,790750.8840957887,RCP45_2100,724349.163262253,contraction
105891,790750.8840957887,RCP85_2050,742136.0876983188,contraction
105891,790750.8840957887,RCP85_2100,828635.0496324119,expansion
105896,2781576.922314505,RCP45_2050,2933799.66125909,expansion
105896,2781576.922314505,RCP45_2100,3124887.2110880157,expansion
105896,2781576.922314505,RCP85_2050,3009107.6416049697,expansion
105896,2781576.922314505,RCP85_2100,3346790.1333604488,expansion
105898,1395490.6434559019,RCP45_2050,1521031.3691579371,expansion
105898,1395490.6434559019,RCP45_2100,1640751.847109455,expansion
105898,1395490.6434559019,RCP85_2050,1568443.7979711774,expansion
105898,1395490.6434559019,RCP85_2100,1827535.440152607,expansion
105899,9719910.532421129,RCP45_2050,9337071.397844993,contraction
105899,9719910.532421129,RCP45_2100,9491250.054491436,contraction
105899,9719910.532421129,RCP85_2050,9150489.256476715,contraction
105899,9719910.532421129,RCP85_2100,9393296.88501922,contraction
105901,11973666.728363995,RCP45_2050,11507020.747958686,contraction
105901,11973666.728363995,RCP45_2100,11413953.822393605,contraction
105901,11973666.728363995,RCP85_2050,11512614.95474335,contraction
105901,11973666.728363995,RCP85_2100,11028917.677164637,contraction
105902,8022535.1905127475,RCP45_2050,7776274.175882992,contraction
105902,8022535.1905127475,RCP45_2100,8145791.380720261,expansion
105902,8022535.1905127475,RCP85_2050,7909217.09833554,contraction
105902,8022535.1905127475,RCP85_2100,8872316.155392207,expansion
105905,4042015.058305409,RCP45_2050,3745490.4089655653,contraction
105905,4042015.058305409,RCP45_2100,3751875.5914377877,contraction
105905,4042015.058305409,RCP85_2050,3715030.3436308918,contraction
105905,4042015.058305409,RCP85_2100,3846416.9534438085,contraction
105907,13467913.279229617,RCP45_2050,13865737.269745788,expansion
105907,13467913.279229617,RCP45_2100,14412676.863439988,expansion
105907,13467913.279229617,RCP85_2050,14078794.425843958,expansion
105907,13467913.279229617,RCP85_2100,15358446.920530016,expansion
105910,8184551.300389168,RCP45_2050,8021152.079983808,contraction
105910,8184551.300389168,RCP45_2100,8109976.034020541,contraction
105910,8184551.300389168,RCP85_2050,8029981.497243941,contraction
105910,8184551.300389168,RCP85_2100,7891816.3299840735,contraction
105913,3180404.372380494,RCP45_2050,3446509.3075821972,expansion
105913,3180404.372380494,RCP45_2100,3666657.0258530006,expansion
105913,3180404.372380494,RCP85_2050,3513228.466744859,expansion
105913,3180404.372380494,RCP85_2100,4128594.519007163,expansion
105914,5841576.667038869,RCP45_2050,6125016.110076488,expansion
105914,5841576.667038869,RCP45_2100,6534293.138484731,expansion
105914,5841576.667038869,RCP85_2050,6177550.947963534,expansion
105914,5841576.667038869,RCP85_2100,6971450.489921822,expansion
105915,941081.4821556782,RCP45_2050,806145.1776927066,contraction
105915,941081.4821556782,RCP45_2100,809038.3931402325,contraction
105915,941081.4821556782,RCP85_2050,850035.6714874418,contraction
105915,941081.4821556782,RCP85_2100,911771.1416954899,contraction
105918,3302285.0612803213,RCP45_2050,1262744.171961285,contraction
105918,3302285.0612803213,RCP45_2100,874528.7991374626,contraction
105918,3302285.0612803213,RCP85_2050,1459819.1629303042,contraction
105918,3302285.0612803213,RCP85_2100,695683.6812859628,contraction
105919,4817152.796723314,RCP45_2050,5825398.375001576,expansion
105919,4817152.796723314,RCP45_2100,6677751.640768392,expansion
105919,4817152.796723314,RCP85_2050,5796020.754188163,expansion
105919,4817152.796723314,RCP85_2100,6715578.748916851,expansion
105922,9559556.798603415,RCP45_2050,9986616.631200215,expansion
105922,9559556.798603415,RCP45_2100,10260933.24501167,expansion
105922,9559556.798603415,RCP85_2050,10144596.714271655,expansion
105922,9559556.798603415,RCP85_2100,10668694.884812394,expansion
105923,7895059.962021324,RCP45_2050,8031705.13633655,expansion
105923,7895059.962021324,RCP45_2100,8272851.717973429,expansion
105923,7895059.962021324,RCP85_2050,8178723.9096137425,expansion
105923,7895059.962021324,RCP85_2100,9099691.645057103,expansion
105926,2975626.0136198103,RCP45_2050,3547845.044069658,expansion
105926,2975626.0136198103,RCP45_2100,4332390.685042026,expansion
105926,2975626.0136198103,RCP85_2050,3495787.851921869,expansion
105926,2975626.0136198103,RCP85_2100,4148636.7917072494,expansion
105927,1455058.232314193,RCP45_2050,1761863.8662316299,expansion
105927,1455058.232314193,RCP45_2100,1902426.359613061,expansion
105927,1455058.232314193,RCP85_2050,1780665.547353712,expansion
105927,1455058.232314193,RCP85_2100,2063438.6101808806,expansion
105928,882443.588631231,RCP45_2050,848145.6222967489,contraction
105928,882443.588631231,RCP45_2100,865704.4980049703,contraction
105928,882443.588631231,RCP85_2050,877658.3067270463,contraction
105928,882443.588631231,RCP85_2100,1110998.9884704165,expansion
107703,1804551.0185873054,RCP45_2050,1574305.7964364046,contraction
107703,1804551.0185873054,RCP45_2100,1632652.4256485915,contraction
107703,1804551.0185873054,RCP85_2050,1680774.3769060078,contraction
107703,1804551.0185873054,RCP85_2100,1369558.0250344325,contraction
125366,966754.2909800392,RCP45_2050,901745.6875849237,contraction
125366,966754.2909800392,RCP45_2100,892279.1828038316,contraction
125366,966754.2909800392,RCP85_2050,953007.6620591835,contraction
125366,966754.2909800392,RCP85_2100,1040326.3414035684,expansion
125411,4089802.3773242445,RCP45_2050,4813718.657487121,expansion
125411,4089802.3773242445,RCP45_2100,5392276.253574763,expansion
125411,4089802.3773242445,RCP85_2050,4975142.673669134,expansion
125411,4089802.3773242445,RCP85_2100,6432343.098165891,expansion
125418,8063321.447656094,RCP45_2050,10176764.224975005,expansion
125418,8063321.447656094,RCP45_2100,11439597.104320213,expansion
125418,8063321.447656094,RCP85_2050,10214643.04926638,expansion
125418,8063321.447656094,RCP85_2100,12180950.234556928,expansion
125419,16903003.343396686,RCP45_2050,16285485.323156416,contraction
125419,16903003.343396686,RCP45_2100,16074080.529801384,contraction
125419,16903003.343396686,RCP85_2050,16235809.571995726,contraction
125419,16903003.343396686,RCP85_2100,16093838.850792754,contraction
126275,201121.56748310413,RCP45_2050,166335.8958274786,contraction
126275,201121.56748310413,RCP45_2100,161984.96608308298,contraction
126275,201121.56748310413,RCP85_2050,166358.8982010372,contraction
126275,201121.56748310413,RCP85_2100,158650.4047789663,contraction
126276,172932.2692316691,RCP45_2050,80908.58684310874,contraction
126276,172932.2692316691,RCP45_2100,97795.40981198178,contraction
126276,172932.2692316691,RCP85_2050,93422.1683194197,contraction
126276,172932.2692316691,RCP85_2100,61254.011382788856,contraction
126277,269718.84214995534,RCP45_2050,201175.49368339192,contraction
126277,269718.84214995534,RCP45_2100,177880.27581539252,contraction
126277,269718.84214995534,RCP85_2050,197606.0368442442,contraction
126277,269718.84214995534,RCP85_2100,163382.95192693974,contraction
126278,455481.95183015225,RCP45_2050,455504.5528859328,expansion
126278,455481.95183015225,RCP45_2100,455504.5528859328,expansion
126278,455481.95183015225,RCP85_2050,455504.5528859328,expansion
126278,455481.95183015225,RCP85_2100,455178.6673933195,contraction
126279,597074.49782886,RCP45_2050,618112.2334706563,expansion
126279,597074.49782886,RCP45_2100,622935.2333970666,expansion
126279,597074.49782886,RCP85_2050,625161.3911635466,expansion
126279,597074.49782886,RCP85_2100,628725.0112744188,expansion
126280,521503.0011120614,RCP45_2050,454403.5489405944,contraction
126280,521503.0011120614,RCP45_2100,323048.0180347729,contraction
126280,521503.0011120614,RCP85_2050,376263.0239365354,contraction
126280,521503.0011120614,RCP85_2100,74463.59804614226,contraction
126281,7064876.000250965,RCP45_2050,6883691.641596513,contraction
126281,7064876.000250965,RCP45_2100,6891409.825358662,contraction
126281,7064876.000250965,RCP85_2050,6957859.058540045,contraction
126281,7064876.000250965,RCP85_2100,6920174.756084907,contraction
126413,1712818.1783110749,RCP45_2050,1624367.1033189828,contraction
126413,1712818.1783110749,RCP45_2100,1845870.528190255,expansion
126413,1712818.1783110749,RCP85_2050,1858103.5410260982,expansion
126413,1712818.1783110749,RCP85_2100,1801246.557189196,expansion
126423,5190018.103196013,RCP45_2050,14644696.29498668,expansion
126423,5190018.103196013,RCP45_2100,15262969.086320957,expansion
126423,5190018.103196013,RCP85_2050,15165328.783478828,expansion
126423,5190018.103196013,RCP85_2100,16543402.651051799,expansion
126430,3474696.553470293,RCP45_2050,2912110.6979806293,contraction
126430,3474696.553470293,RCP45_2100,2761481.9570876663,contraction
126430,3474696.553470293,RCP85_2050,2904925.793087482,contraction
126430,3474696.553470293,RCP85_2100,2380077.1182643226,contraction
126436,6704528.580931642,RCP45_2050,7637988.841093845,expansion
126436,6704528.580931642,RCP45_2100,7998272.1638334105,expansion
126436,6704528.580931642,RCP85_2050,7763990.879808614,expansion
126436,6704528.580931642,RCP85_2100,8328123.923058663,expansion
126437,6216813.6383625185,RCP45_2050,6214130.067338525,contraction
126437,6216813.6383625185,RCP45_2100,6484070.683721416,expansion
126437,6216813.6383625185,RCP85_2050,6503287.292792532,expansion
126437,6216813.6383625185,RCP85_2100,7292559.8191654505,expansion
126485,757231.1765216541,RCP45_2050,788579.2229660607,expansion
126485,757231.1765216541,RCP45_2100,842315.8415930048,expansion
126485,757231.1765216541,RCP85_2050,792891.5926949333,expansion
126485,757231.1765216541,RCP85_2100,848881.6885596635,expansion
126822,3978176.9185885894,RCP45_2050,3749585.806307975,contraction
126822,3978176.9185885894,RCP45_2100,2947767.561227095,contraction
126822,3978176.9185885894,RCP85_2050,3633645.009214735,contraction
126822,3978176.9185885894,RCP85_2100,2450049.818063232,contraction
126943,530238.8483031833,RCP45_2050,623354.616821874,expansion
126943,530238.8483031833,RCP45_2100,643530.7671830918,expansion
126943,530238.8483031833,RCP85_2050,654705.0215688975,expansion
126943,530238.8483031833,RCP85_2100,691846.716730103,expansion
126950,152216126.88800308,RCP45_2050,134004178.11240906,contraction
126950,152216126.88800308,RCP45_2100,109015430.50362155,contraction
126950,152216126.88800308,RCP85_2050,116465734.30907647,contraction
126950,152216126.88800308,RCP85_2100,78360544.41777845,contraction
126958,1803999.2448368238,RCP45_2050,1662983.1033172794,contraction
126958,1803999.2448368238,RCP45_2100,1614152.4845763466,contraction
126958,1803999.2448368238,RCP85_2050,1663392.5647840586,contraction
126958,1803999.2448368238,RCP85_2100,1721000.1441750936,contraction
126968,667250.6930891454,RCP45_2050,488586.8507674509,contraction
126968,667250.6930891454,RCP45_2100,429382.16156453174,contraction
126968,667250.6930891454,RCP85_2050,502096.73778211034,contraction
126968,667250.6930891454,RCP85_2100,437114.17670892685,contraction
126975,1012044.6201178883,RCP45_2050,926877.4632648347,contraction
126975,1012044.6201178883,RCP45_2100,890547.8811958112,contraction
126975,1012044.6201178883,RCP85_2050,937193.8623042987,contraction
126975,1012044.6201178883,RCP85_2100,879399.4721511827,contraction
126977,1791115.6387605586,RCP45_2050,1912301.7576000923,expansion
126977,1791115.6387605586,RCP45_2100,2034343.056585785,expansion
126977,1791115.6387605586,RCP85_2050,1980222.4214668942,expansion
126977,1791115.6387605586,RCP85_2100,2415530.698251619,expansion
126987,4989861.050060366,RCP45_2050,6386437.560421034,expansion
126987,4989861.050060366,RCP45_2100,6646670.632653179,expansion
126987,4989861.050060366,RCP85_2050,6357821.015159063,expansion
126987,4989861.050060366,RCP85_2100,6803506.449067993,expansion
126997,834779.2836502538,RCP45_2050,848606.4756311653,expansion
126997,834779.2836502538,RCP45_2100,859530.8859891334,expansion
126997,834779.2836502538,RCP85_2050,850494.7350859635,expansion
126997,834779.2836502538,RCP85_2100,884811.9307357791,expansion
127008,1875293.072640189,RCP45_2050,1305411.6449864851,contraction
127008,1875293.072640189,RCP45_2100,1497383.5382478372,contraction
127008,1875293.072640189,RCP85_2050,1502946.6257382617,contraction
127008,1875293.072640189,RCP85_2100,1642739.1658149897,contraction
127010,1952415.2897800687,RCP45_2050,2324888.3703516796,expansion
127010,1952415.2897800687,RCP45_2100,2711578.56155231,expansion
127010,1952415.2897800687,RCP85_2050,2360799.5794366426,expansion
127010,1952415.2897800687,RCP85_2100,2789356.2563045532,expansion
127012,1189858.6565581707,RCP45_2050,1387358.9854468901,expansion
127012,1189858.6565581707,RCP45_2100,1437022.8016495071,expansion
127012,1189858.6565581707,RCP85_2050,1413094.7452213895,expansion
127012,1189858.6565581707,RCP85_2100,1587506.1515145986,expansion
127024,34838529.74689184,RCP45_2050,9775580.182358477,contraction
127024,34838529.74689184,RCP45_2100,5605110.244873977,contraction
127024,34838529.74689184,RCP85_2050,7022368.467884159,contraction
127024,34838529.74689184,RCP85_2100,3637249.643761536,contraction
127028,193157032.67288068,RCP45_2050,47972646.1325553,contraction
127028,193157032.67288068,RCP45_2100,1452493.09980831,contraction
127028,193157032.67288068,RCP85_2050,3114085.685414622,contraction
127028,193157032.67288068,RCP85_2100,0,spp range loss
127032,1678743.1101262574,RCP45_2050,2179497.6969470666,expansion
127032,1678743.1101262574,RCP45_2100,2296567.777782273,expansion
127032,1678743.1101262574,RCP85_2050,2195797.477958782,expansion
127032,1678743.1101262574,RCP85_2100,2377438.8969540563,expansion
127036,7232475.417654059,RCP45_2050,7556609.252628065,expansion
127036,7232475.417654059,RCP45_2100,7940881.708940389,expansion
127036,7232475.417654059,RCP85_2050,7624057.304284545,expansion
127036,7232475.417654059,RCP85_2100,8369406.279732079,expansion
127038,1786924.6377976888,RCP45_2050,1669848.2051255908,contraction
127038,1786924.6377976888,RCP45_2100,1711469.2317940206,contraction
127038,1786924.6377976888,RCP85_2050,1664647.966085429,contraction
127038,1786924.6377976888,RCP85_2100,1791916.459933863,expansion
127059,2068323.6143689484,RCP45_2050,1729415.6024937853,contraction
127059,2068323.6143689484,RCP45_2100,1750148.170267521,contraction
127059,2068323.6143689484,RCP85_2050,1829609.967617984,contraction
127059,2068323.6143689484,RCP85_2100,2013934.9216313786,contraction
127094,208474327.26121438,RCP45_2050,138381669.07150987,contraction
127094,208474327.26121438,RCP45_2100,101047315.23563771,contraction
127094,208474327.26121438,RCP85_2050,100693481.55378528,contraction
127094,208474327.26121438,RCP85_2100,81445882.56850667,contraction
127136,3413125.459481102,RCP45_2050,4129067.589569322,expansion
127136,3413125.459481102,RCP45_2100,4610373.141443945,expansion
127136,3413125.459481102,RCP85_2050,4228729.128768901,expansion
127136,3413125.459481102,RCP85_2100,5054393.715659174,expansion
127137,5090409.7195779,RCP45_2050,5349795.973450292,expansion
127137,5090409.7195779,RCP45_2100,5487041.058832491,expansion
127137,5090409.7195779,RCP85_2050,5373815.347532297,expansion
127137,5090409.7195779,RCP85_2100,5235777.631544398,expansion
127138,3609531.583018061,RCP45_2050,4346795.067476405,expansion
127138,3609531.583018061,RCP45_2100,5404217.929265826,expansion
127138,3609531.583018061,RCP85_2050,4628544.19367209,expansion
127138,3609531.583018061,RCP85_2100,5947560.324060854,expansion
127144,6689863.982399673,RCP45_2050,7740885.709430002,expansion
127144,6689863.982399673,RCP45_2100,8359084.1594612235,expansion
127144,6689863.982399673,RCP85_2050,7970313.198661031,expansion
127144,6689863.982399673,RCP85_2100,8432566.527800811,expansion
127186,4218536.20036895,RCP45_2050,4427149.6877640085,expansion
127186,4218536.20036895,RCP45_2100,4553940.893175985,expansion
127186,4218536.20036895,RCP85_2050,4645757.018269904,expansion
127186,4218536.20036895,RCP85_2100,5478181.082177324,expansion
127189,294859.07744031586,RCP45_2050,298668.4782108091,expansion
127189,294859.07744031586,RCP45_2100,288208.54693863395,contraction
127189,294859.07744031586,RCP85_2050,307889.17804070207,expansion
127189,294859.07744031586,RCP85_2100,327628.0558774574,expansion
127252,827740.5568473843,RCP45_2050,1026228.2545606494,expansion
127252,827740.5568473843,RCP45_2100,1112673.6606721464,expansion
127252,827740.5568473843,RCP85_2050,1070041.3064134903,expansion
127252,827740.5568473843,RCP85_2100,1348320.468303838,expansion
127396,3211883.8290069364,RCP45_2050,3208479.9016513326,contraction
127396,3211883.8290069364,RCP45_2100,3343708.6686012466,expansion
127396,3211883.8290069364,RCP85_2050,3202928.4267609688,contraction
127396,3211883.8290069364,RCP85_2100,3357474.092559123,expansion
127397,3986494.496640117,RCP45_2050,4587265.896258354,expansion
127397,3986494.496640117,RCP45_2100,5276630.551042997,expansion
127397,3986494.496640117,RCP85_2050,4642859.371267923,expansion
127397,3986494.496640117,RCP85_2100,5344161.382227061,expansion
127405,92728204.24610008,RCP45_2050,81553203.66025989,contraction
127405,92728204.24610008,RCP45_2100,70732494.60391732,contraction
127405,92728204.24610008,RCP85_2050,74994043.08898109,contraction
127405,92728204.24610008,RCP85_2100,55170110.42352665,contraction
127412,566090.0899160062,RCP45_2050,345592.3148301332,contraction
127412,566090.0899160062,RCP45_2100,330624.6573516936,contraction
127412,566090.0899160062,RCP85_2050,343661.43515290425,contraction
127412,566090.0899160062,RCP85_2100,314189.03307910217,contraction
128515,2182729.388667381,RCP45_2050,2482747.0824059015,expansion
128515,2182729.388667381,RCP45_2100,2871294.139271978,expansion
128515,2182729.388667381,RCP85_2050,2448181.339501206,expansion
128515,2182729.388667381,RCP85_2100,3485010.435267284,expansion
128517,4204665.562026223,RCP45_2050,4313124.512049084,expansion
128517,4204665.562026223,RCP45_2100,4480557.162555586,expansion
128517,4204665.562026223,RCP85_2050,4361327.544418036,expansion
128517,4204665.562026223,RCP85_2100,5020755.120724025,expansion
1297575,1550134.408502291,RCP45_2050,1588562.0772471959,expansion
1297575,1550134.408502291,RCP45_2100,1605766.0679199796,expansion
1297575,1550134.408502291,RCP85_2050,1605958.2755072142,expansion
1297575,1550134.408502291,RCP85_2100,1658454.4437275166,expansion
1297576,269096.7645056848,RCP45_2050,262503.92232054676,contraction
1297576,269096.7645056848,RCP45_2100,276800.0225955292,expansion
1297576,269096.7645056848,RCP85_2050,257339.04834505197,contraction
1297576,269096.7645056848,RCP85_2100,264911.9621991317,contraction
1344208,831187.4835798073,RCP45_2050,482058.6933323531,contraction
1344208,831187.4835798073,RCP45_2100,375514.43816483585,contraction
1344208,831187.4835798073,RCP85_2050,475249.504018635,contraction
1344208,831187.4835798073,RCP85_2100,329419.78395345074,contraction
135146,679665.6106383238,RCP45_2050,401420.13681237877,contraction
135146,679665.6106383238,RCP45_2100,344786.68232157826,contraction
135146,679665.6106383238,RCP85_2050,386644.87183730904,contraction
135146,679665.6106383238,RCP85_2100,240060.09219830923,contraction
135180,365821.1971732374,RCP45_2050,202866.5110343868,contraction
135180,365821.1971732374,RCP45_2100,167554.42703408262,contraction
135180,365821.1971732374,RCP85_2050,180558.66798315942,contraction
135180,365821.1971732374,RCP85_2100,96698.73900416732,contraction
137077,2869831.9382499196,RCP45_2050,3011326.925505834,expansion
137077,2869831.9382499196,RCP45_2100,2778718.176243965,contraction
137077,2869831.9382499196,RCP85_2050,2936409.868162347,expansion
137077,2869831.9382499196,RCP85_2100,2566553.9849012513,contraction
137078,3899318.020949728,RCP45_2050,3183569.3012358574,contraction
137078,3899318.020949728,RCP45_2100,3735492.5067308987,contraction
137078,3899318.020949728,RCP85_2050,3291649.606825007,contraction
137078,3899318.020949728,RCP85_2100,3759415.765544294,contraction
137079,4820613.376497889,RCP45_2050,5412118.3833328765,expansion
137079,4820613.376497889,RCP45_2100,4856244.3371222485,expansion
137079,4820613.376497889,RCP85_2050,5028066.454940845,expansion
137079,4820613.376497889,RCP85_2100,2628478.042194978,contraction
137081,1966375.6741653527,RCP45_2050,1353502.685120269,contraction
137081,1966375.6741653527,RCP45_2100,1254528.6069754888,contraction
137081,1966375.6741653527,RCP85_2050,1437414.4672042385,contraction
137081,1966375.6741653527,RCP85_2100,1230152.9576493339,contraction
137085,5550386.608469262,RCP45_2050,5274264.289397244,contraction
137085,5550386.608469262,RCP45_2100,4268102.596200277,contraction
137085,5550386.608469262,RCP85_2050,4827148.808845103,contraction
137085,5550386.608469262,RCP85_2100,2526301.5005329615,contraction
137088,116132004.0664888,RCP45_2050,41340816.337840386,contraction
137088,116132004.0664888,RCP45_2100,49917609.20737712,contraction
137088,116132004.0664888,RCP85_2050,48751555.292812146,contraction
137088,116132004.0664888,RCP85_2100,51777612.96168305,contraction
137090,154339417.55086076,RCP45_2050,146827238.61174655,contraction
137090,154339417.55086076,RCP45_2100,140630683.75728607,contraction
137090,154339417.55086076,RCP85_2050,142087894.64593294,contraction
137090,154339417.55086076,RCP85_2100,132185298.60859741,contraction
137091,126864847.31001398,RCP45_2050,98468899.34869207,contraction
137091,126864847.31001398,RCP45_2100,90418982.83791375,contraction
137091,126864847.31001398,RCP85_2050,91389205.5513112,contraction
137091,126864847.31001398,RCP85_2100,96791202.28433028,contraction
137104,178197248.4054885,RCP45_2050,42363096.46471503,contraction
137104,178197248.4054885,RCP45_2100,1727011.7613074288,contraction
137104,178197248.4054885,RCP85_2050,3545174.9141253,contraction
137104,178197248.4054885,RCP85_2100,4297.916923839645,contraction
137119,236409938.26976937,RCP45_2050,185117248.5619012,contraction
137119,236409938.26976937,RCP45_2100,132789665.63507256,contraction
137119,236409938.26976937,RCP85_2050,139600684.5173199,contraction
137119,236409938.26976937,RCP85_2100,126266470.31091501,contraction
137205,68037771.72024965,RCP45_2050,69607577.66663489,expansion
137205,68037771.72024965,RCP45_2100,70878446.54146443,expansion
137205,68037771.72024965,RCP85_2050,68925616.65490472,expansion
137205,68037771.72024965,RCP85_2100,69631485.40443917,expansion
137207,37347647.0247344,RCP45_2050,39354740.65859793,expansion
137207,37347647.0247344,RCP45_2100,39991308.134321444,expansion
137207,37347647.0247344,RCP85_2050,39349649.780088194,expansion
137207,37347647.0247344,RCP85_2100,41246747.83012384,expansion
137208,2236377.5252230777,RCP45_2050,1621008.3962643656,contraction
137208,2236377.5252230777,RCP45_2100,1442522.1860522823,contraction
137208,2236377.5252230777,RCP85_2050,1606473.1382221882,contraction
137208,2236377.5252230777,RCP85_2100,1508630.1039290668,contraction
137209,77038554.14425549,RCP45_2050,79892192.71202804,expansion
137209,77038554.14425549,RCP45_2100,77675405.82158478,expansion
137209,77038554.14425549,RCP85_2050,79907653.36548261,expansion
137209,77038554.14425549,RCP85_2100,76475684.93243004,contraction
1374498,147011.6815128124,RCP45_2050,147349.98800079632,expansion
1374498,147011.6815128124,RCP45_2100,151589.2857548754,expansion
1374498,147011.6815128124,RCP85_2050,147170.28834041228,expansion
1374498,147011.6815128124,RCP85_2100,153137.26225391845,expansion
1382142,1849141.3915243726,RCP45_2050,1480491.34963982,contraction
1382142,1849141.3915243726,RCP45_2100,1044023.6091921697,contraction
1382142,1849141.3915243726,RCP85_2050,1146959.1379776024,contraction
1382142,1849141.3915243726,RCP85_2100,508349.5141687006,contraction
1385041,272909.9283657079,RCP45_2050,280994.5661358149,expansion
1385041,272909.9283657079,RCP45_2100,284983.4330895703,expansion
1385041,272909.9283657079,RCP85_2050,282791.5938216301,expansion
1385041,272909.9283657079,RCP85_2100,298282.2269258558,expansion
1385174,491006.0351120148,RCP45_2050,439467.48071696353,contraction
1385174,491006.0351120148,RCP45_2100,410098.0330558966,contraction
1385174,491006.0351120148,RCP85_2050,418760.32884846383,contraction
1385174,491006.0351120148,RCP85_2100,330409.3680936281,contraction
1385219,1063818.816007022,RCP45_2050,641192.878788397,contraction
1385219,1063818.816007022,RCP45_2100,608851.5042250447,contraction
1385219,1063818.816007022,RCP85_2050,622791.1095682121,contraction
1385219,1063818.816007022,RCP85_2100,540213.3316855617,contraction
140059,1753236.6772629118,RCP45_2050,2007645.6994491993,expansion
140059,1753236.6772629118,RCP45_2100,2129505.552812235,expansion
140059,1753236.6772629118,RCP85_2050,2026413.240791149,expansion
140059,1753236.6772629118,RCP85_2100,2148182.5238781995,expansion
140780,608008.8906947954,RCP45_2050,527827.3209182698,contraction
140780,608008.8906947954,RCP45_2100,498947.9685359275,contraction
140780,608008.8906947954,RCP85_2050,525852.2010144932,contraction
140780,608008.8906947954,RCP85_2100,441549.5444310734,contraction
1419311,627047.7246639429,RCP45_2050,686222.3281048759,expansion
1419311,627047.7246639429,RCP45_2100,677327.5186065842,expansion
1419311,627047.7246639429,RCP85_2050,689192.0481018983,expansion
1419311,627047.7246639429,RCP85_2100,785702.643004091,expansion
1429769,1553554.5975594104,RCP45_2050,1431625.2836964403,contraction
1429769,1553554.5975594104,RCP45_2100,1546044.245336195,contraction
1429769,1553554.5975594104,RCP85_2050,1468601.2349503103,contraction
1429769,1553554.5975594104,RCP85_2100,1344119.7588564383,contraction
1447975,1246715.7760100788,RCP45_2050,138645.03984469426,contraction
1447975,1246715.7760100788,RCP45_2100,56430.05301337909,contraction
1447975,1246715.7760100788,RCP85_2050,123113.02153352715,contraction
1447975,1246715.7760100788,RCP85_2100,0,spp range loss
1448888,1124575.050422399,RCP45_2050,1182666.3402414788,expansion
1448888,1124575.050422399,RCP45_2100,1211243.8333608494,expansion
1448888,1124575.050422399,RCP85_2050,1198076.4454378588,expansion
1448888,1124575.050422399,RCP85_2100,1161660.5635666137,expansion
1456340,471237.04592181323,RCP45_2050,486655.2825740448,expansion
1456340,471237.04592181323,RCP45_2100,502406.46943954396,expansion
1456340,471237.04592181323,RCP85_2050,497589.4351994664,expansion
1456340,471237.04592181323,RCP85_2100,543319.1702666626,expansion
1468723,3133017.1052782414,RCP45_2050,3097482.4773331354,contraction
1468723,3133017.1052782414,RCP45_2100,3166519.445064154,expansion
1468723,3133017.1052782414,RCP85_2050,3206753.8116156883,expansion
1468723,3133017.1052782414,RCP85_2100,3279875.540581042,expansion
1470546,125654.19030507178,RCP45_2050,113831.76714939317,contraction
1470546,125654.19030507178,RCP45_2100,109241.17404175378,contraction
1470546,125654.19030507178,RCP85_2050,116990.6993382003,contraction
1470546,125654.19030507178,RCP85_2100,107757.38907522823,contraction
148732,1431028.1610788098,RCP45_2050,1905423.0314280554,expansion
148732,1431028.1610788098,RCP45_2100,1929696.3123767907,expansion
148732,1431028.1610788098,RCP85_2050,2105893.8047359427,expansion
148732,1431028.1610788098,RCP85_2100,2221420.4744986137,expansion
148846,6302069.420294903,RCP45_2050,5332542.972158986,contraction
148846,6302069.420294903,RCP45_2100,4531922.737291328,contraction
148846,6302069.420294903,RCP85_2050,4827715.843578317,contraction
148846,6302069.420294903,RCP85_2100,3040322.1180153224,contraction
1493649,641083.1645450639,RCP45_2050,592578.236135413,contraction
1493649,641083.1645450639,RCP45_2100,571902.3095749563,contraction
1493649,641083.1645450639,RCP85_2050,575842.2350920455,contraction
1493649,641083.1645450639,RCP85_2100,435524.9811182668,contraction
1493758,173305.87302056813,RCP45_2050,170247.89837567726,contraction
1493758,173305.87302056813,RCP45_2100,182964.3212138319,expansion
1493758,173305.87302056813,RCP85_2050,173685.46314023514,expansion
1493758,173305.87302056813,RCP85_2100,203820.22398340792,expansion
1493960,402207.0536307306,RCP45_2050,291754.793980753,contraction
1493960,402207.0536307306,RCP45_2100,255703.12085206757,contraction
1493960,402207.0536307306,RCP85_2050,280436.0346689719,contraction
1493960,402207.0536307306,RCP85_2100,213711.4777278758,contraction
1494072,213482.30993062118,RCP45_2050,179806.67394723202,contraction
1494072,213482.30993062118,RCP45_2100,150519.90987813595,contraction
1494072,213482.30993062118,RCP85_2050,181174.48963833402,contraction
1494072,213482.30993062118,RCP85_2100,140286.96702535002,contraction
1494182,28929.474462338585,RCP45_2050,28803.093406205608,contraction
1494182,28929.474462338585,RCP45_2100,29693.87682093994,expansion
1494182,28929.474462338585,RCP85_2050,29023.924477947206,expansion
1494182,28929.474462338585,RCP85_2100,29719.43505982084,expansion
151482,41912247.0189099,RCP45_2050,36823897.046140395,contraction
151482,41912247.0189099,RCP45_2100,33762867.328951076,contraction
151482,41912247.0189099,RCP85_2050,32329972.117321093,contraction
151482,41912247.0189099,RCP85_2100,29239792.182860848,contraction
151802,467038.4800778345,RCP45_2050,465035.76492734684,contraction
151802,467038.4800778345,RCP45_2100,504935.17522510863,expansion
151802,467038.4800778345,RCP85_2050,463528.8077107949,contraction
151802,467038.4800778345,RCP85_2100,620792.5163287704,expansion
1523828,201899.46122130423,RCP45_2050,0,spp range loss
1523828,201899.46122130423,RCP45_2100,0,spp range loss
1523828,201899.46122130423,RCP85_2050,0,spp range loss
1523828,201899.46122130423,RCP85_2100,0,spp range loss
1523902,926286.3149678367,RCP45_2050,754435.5381422475,contraction
1523902,926286.3149678367,RCP45_2100,682318.6756558989,contraction
1523902,926286.3149678367,RCP85_2050,698405.2162422584,contraction
1523902,926286.3149678367,RCP85_2100,590254.9830758673,contraction
1524746,248755.8963131493,RCP45_2050,111116.12268156822,contraction
1524746,248755.8963131493,RCP45_2100,93083.13508632816,contraction
1524746,248755.8963131493,RCP85_2050,100596.42492326393,contraction
1524746,248755.8963131493,RCP85_2100,57226.92755869128,contraction
1526035,658439.7246113373,RCP45_2050,478244.1527511969,contraction
1526035,658439.7246113373,RCP45_2100,354933.89845993376,contraction
1526035,658439.7246113373,RCP85_2050,434043.81443872995,contraction
1526035,658439.7246113373,RCP85_2100,261340.68426516338,contraction
153060,9272203.011723643,RCP45_2050,10662276.064150555,expansion
153060,9272203.011723643,RCP45_2100,11543440.74436272,expansion
153060,9272203.011723643,RCP85_2050,10454221.050464379,expansion
153060,9272203.011723643,RCP85_2100,11632087.475250406,expansion
1536470,474924.78233077837,RCP45_2050,655352.8154029081,expansion
1536470,474924.78233077837,RCP45_2100,687937.5213451217,expansion
1536470,474924.78233077837,RCP85_2050,691416.656883153,expansion
1536470,474924.78233077837,RCP85_2100,645109.2724601228,expansion
154721,12530673.99641178,RCP45_2050,12562337.139579326,expansion
154721,12530673.99641178,RCP45_2100,12780238.948821487,expansion
154721,12530673.99641178,RCP85_2050,12661526.5358905,expansion
154721,12530673.99641178,RCP85_2100,13011252.123816395,expansion
1571969,1121875.6369278303,RCP45_2050,1211979.0325038934,expansion
1571969,1121875.6369278303,RCP45_2100,1254367.5988254095,expansion
1571969,1121875.6369278303,RCP85_2050,1235880.9540068575,expansion
1571969,1121875.6369278303,RCP85_2100,1284401.5493151683,expansion
1576133,150522.92438361025,RCP45_2050,84526.4907047197,contraction
1576133,150522.92438361025,RCP45_2100,43674.61122755862,contraction
1576133,150522.92438361025,RCP85_2050,44695.960920489066,contraction
1576133,150522.92438361025,RCP85_2100,0,spp range loss
1577313,3510564.5517760734,RCP45_2050,3084625.5092555056,contraction
1577313,3510564.5517760734,RCP45_2100,2873611.5069163023,contraction
1577313,3510564.5517760734,RCP85_2050,2878907.3259760793,contraction
1577313,3510564.5517760734,RCP85_2100,2580012.683439957,contraction
1577317,456117.7672022108,RCP45_2050,464963.3315865549,expansion
1577317,456117.7672022108,RCP45_2100,468667.2908437533,expansion
1577317,456117.7672022108,RCP85_2050,467462.36081908765,expansion
1577317,456117.7672022108,RCP85_2100,471265.3884634487,expansion
1577331,199891.00030678537,RCP45_2050,215967.09948500298,expansion
1577331,199891.00030678537,RCP45_2100,242680.3015495133,expansion
1577331,199891.00030678537,RCP85_2050,179015.43747199402,contraction
1577331,199891.00030678537,RCP85_2100,222310.50828484495,expansion
1577342,2269160.787905789,RCP45_2050,2101359.9182328316,contraction
1577342,2269160.787905789,RCP45_2100,1826556.971620601,contraction
1577342,2269160.787905789,RCP85_2050,2019050.3973099978,contraction
1577342,2269160.787905789,RCP85_2100,1414948.4914567356,contraction
1577351,505395.83419067995,RCP45_2050,496079.94499785325,contraction
1577351,505395.83419067995,RCP45_2100,507721.92042466195,expansion
1577351,505395.83419067995,RCP85_2050,490313.9446594579,contraction
1577351,505395.83419067995,RCP85_2100,508717.3290647754,expansion
157866,370757.7275597842,RCP45_2050,387149.8644089893,expansion
157866,370757.7275597842,RCP45_2100,403358.51491788885,expansion
157866,370757.7275597842,RCP85_2050,397769.63257425197,expansion
157866,370757.7275597842,RCP85_2100,449897.3754334967,expansion
157869,1207052.538732821,RCP45_2050,1208714.5566544333,expansion
157869,1207052.538732821,RCP45_2100,1211634.8604119653,expansion
157869,1207052.538732821,RCP85_2050,1212671.0992774314,expansion
157869,1207052.538732821,RCP85_2100,1212841.159079713,expansion
157965,1988421.1823579597,RCP45_2050,2374115.7854346237,expansion
157965,1988421.1823579597,RCP45_2100,2951994.1424090527,expansion
157965,1988421.1823579597,RCP85_2050,2396692.637761215,expansion
157965,1988421.1823579597,RCP85_2100,3028439.150441177,expansion
158508,1794725.4248845684,RCP45_2050,1534174.213178438,contraction
158508,1794725.4248845684,RCP45_2100,1446813.3196451517,contraction
158508,1794725.4248845684,RCP85_2050,1455022.2234132679,contraction
158508,1794725.4248845684,RCP85_2100,1330648.5413707497,contraction
158517,2147804.6595326895,RCP45_2050,2097881.5760786133,contraction
158517,2147804.6595326895,RCP45_2100,2025382.3498254886,contraction
158517,2147804.6595326895,RCP85_2050,2047979.211843341,contraction
158517,2147804.6595326895,RCP85_2100,2040457.525093273,contraction
158518,2206261.594492436,RCP45_2050,2223092.8069307464,expansion
158518,2206261.594492436,RCP45_2100,2244400.8863832937,expansion
158518,2206261.594492436,RCP85_2050,2195390.9864219376,contraction
158518,2206261.594492436,RCP85_2100,2269332.4439146835,expansion
158529,1094594.918080951,RCP45_2050,1126608.1533348053,expansion
158529,1094594.918080951,RCP45_2100,1204688.1581099813,expansion
158529,1094594.918080951,RCP85_2050,1149569.0000542374,expansion
158529,1094594.918080951,RCP85_2100,1286832.5976160604,expansion
158530,30329514.57252168,RCP45_2050,29719338.78600324,contraction
158530,30329514.57252168,RCP45_2100,28353228.659039605,contraction
158530,30329514.57252168,RCP85_2050,28184426.921956386,contraction
158530,30329514.57252168,RCP85_2100,28108027.51676305,contraction
158544,1346837.7766807375,RCP45_2050,1155541.3616174588,contraction
158544,1346837.7766807375,RCP45_2100,1043302.3150770783,contraction
158544,1346837.7766807375,RCP85_2050,1089857.5911811541,contraction
158544,1346837.7766807375,RCP85_2100,827382.2921016144,contraction
158553,1255026.897711241,RCP45_2050,1593976.681862192,expansion
158553,1255026.897711241,RCP45_2100,1759827.9609364101,expansion
158553,1255026.897711241,RCP85_2050,1679994.243466501,expansion
158553,1255026.897711241,RCP85_2100,1978361.2153041642,expansion
158554,1233262.6343466777,RCP45_2050,1390309.6026317426,expansion
158554,1233262.6343466777,RCP45_2100,1504319.5110815682,expansion
158554,1233262.6343466777,RCP85_2050,1487888.892123188,expansion
158554,1233262.6343466777,RCP85_2100,1545953.5197495935,expansion
158562,5435007.762737471,RCP45_2050,2880018.987164986,contraction
158562,5435007.762737471,RCP45_2100,2605721.3607486687,contraction
158562,5435007.762737471,RCP85_2050,2958368.049297109,contraction
158562,5435007.762737471,RCP85_2100,2771744.3945085867,contraction
158656,4448873.830476579,RCP45_2050,4321185.7901842715,contraction
158656,4448873.830476579,RCP45_2100,4333479.458474,contraction
158656,4448873.830476579,RCP85_2050,4297793.12571965,contraction
158656,4448873.830476579,RCP85_2100,4283519.807371201,contraction
158667,376394.2260018164,RCP45_2050,223265.48535370946,contraction
158667,376394.2260018164,RCP45_2100,152820.45934955758,contraction
158667,376394.2260018164,RCP85_2050,187632.34615048917,contraction
158667,376394.2260018164,RCP85_2100,65628.95623305072,contraction
158812,138672482.20040786,RCP45_2050,102205922.3216341,contraction
158812,138672482.20040786,RCP45_2100,75067156.60364552,contraction
158812,138672482.20040786,RCP85_2050,85521520.51663426,contraction
158812,138672482.20040786,RCP85_2100,36088887.23307654,contraction
158822,1702448.646956255,RCP45_2050,1276365.7891877473,contraction
158822,1702448.646956255,RCP45_2100,1147189.4284679934,contraction
158822,1702448.646956255,RCP85_2050,1239471.4247039512,contraction
158822,1702448.646956255,RCP85_2100,921067.9095914504,contraction
158829,591031.4755910005,RCP45_2050,437632.0191078426,contraction
158829,591031.4755910005,RCP45_2100,381099.5376065524,contraction
158829,591031.4755910005,RCP85_2050,402607.9437360924,contraction
158829,591031.4755910005,RCP85_2100,259969.96746040622,contraction
158830,254250.89188512095,RCP45_2050,240523.08780941923,contraction
158830,254250.89188512095,RCP45_2100,258455.4997085555,expansion
158830,254250.89188512095,RCP85_2050,248919.01788076665,contraction
158830,254250.89188512095,RCP85_2100,299531.08172410884,expansion
158885,796853.2528146937,RCP45_2050,936346.6916432577,expansion
158885,796853.2528146937,RCP45_2100,1032266.3254552198,expansion
158885,796853.2528146937,RCP85_2050,1001439.8743513784,expansion
158885,796853.2528146937,RCP85_2100,1264712.8924762357,expansion
158960,5475770.203634848,RCP45_2050,4734511.234135127,contraction
158960,5475770.203634848,RCP45_2100,5988618.701347845,expansion
158960,5475770.203634848,RCP85_2050,5799046.183563767,expansion
158960,5475770.203634848,RCP85_2100,8225855.444806088,expansion
158962,1331681.800414201,RCP45_2050,1554138.2859030853,expansion
158962,1331681.800414201,RCP45_2100,1626595.8745571754,expansion
158962,1331681.800414201,RCP85_2050,1626603.6429832513,expansion
158962,1331681.800414201,RCP85_2100,1809065.2909102608,expansion
159019,4491214.825998371,RCP45_2050,4574964.726003108,expansion
159019,4491214.825998371,RCP45_2100,4687700.606736027,expansion
159019,4491214.825998371,RCP85_2050,4545110.144648086,expansion
159019,4491214.825998371,RCP85_2100,4584112.827908089,expansion
159023,2785251.804324621,RCP45_2050,2721350.1776350983,contraction
159023,2785251.804324621,RCP45_2100,2348248.789216426,contraction
159023,2785251.804324621,RCP85_2050,2653205.786745939,contraction
159023,2785251.804324621,RCP85_2100,2463492.966714424,contraction
159222,1802544.1084834787,RCP45_2050,1635687.7862238497,contraction
159222,1802544.1084834787,RCP45_2100,2032829.656756542,expansion
159222,1802544.1084834787,RCP85_2050,1703624.7939230462,contraction
159222,1802544.1084834787,RCP85_2100,1929157.2303578584,expansion
159231,4763408.968417272,RCP45_2050,5347393.94057637,expansion
159231,4763408.968417272,RCP45_2100,5762859.149825211,expansion
159231,4763408.968417272,RCP85_2050,5392373.660888198,expansion
159231,4763408.968417272,RCP85_2100,5808418.009305167,expansion
159313,406890.24872077483,RCP45_2050,418142.30519321613,expansion
159313,406890.24872077483,RCP45_2100,429405.1760401971,expansion
159313,406890.24872077483,RCP85_2050,430366.7718366428,expansion
159313,406890.24872077483,RCP85_2100,438359.4672090113,expansion
159353,2535604.8881506845,RCP45_2050,2545528.7290708083,expansion
159353,2535604.8881506845,RCP45_2100,2596321.2470314438,expansion
159353,2535604.8881506845,RCP85_2050,2549646.4686275404,expansion
159353,2535604.8881506845,RCP85_2100,2631821.4418089623,expansion
159354,1567260.2723203043,RCP45_2050,1305448.91500407,contraction
159354,1567260.2723203043,RCP45_2100,1121516.302637817,contraction
159354,1567260.2723203043,RCP85_2050,1233095.7049130262,contraction
159354,1567260.2723203043,RCP85_2100,844880.1599098165,contraction
159406,1203802.3307873553,RCP45_2050,1169848.8645621967,contraction
159406,1203802.3307873553,RCP45_2100,1152799.4731518773,contraction
159406,1203802.3307873553,RCP85_2050,1131799.4987728565,contraction
159406,1203802.3307873553,RCP85_2100,1107980.7498426212,contraction
159445,2962969.5829757145,RCP45_2050,2714168.5642402456,contraction
159445,2962969.5829757145,RCP45_2100,2588554.2278613932,contraction
159445,2962969.5829757145,RCP85_2050,2589046.334157103,contraction
159445,2962969.5829757145,RCP85_2100,2331586.519381807,contraction
159446,2345068.193997862,RCP45_2050,1923654.085740733,contraction
159446,2345068.193997862,RCP45_2100,1803406.1072708564,contraction
159446,2345068.193997862,RCP85_2050,1897382.9583347414,contraction
159446,2345068.193997862,RCP85_2100,1397924.448445891,contraction
159509,1470373.0948422416,RCP45_2050,922835.1901914453,contraction
159509,1470373.0948422416,RCP45_2100,735858.4946316979,contraction
159509,1470373.0948422416,RCP85_2050,796678.0361339506,contraction
159509,1470373.0948422416,RCP85_2100,465620.76636142994,contraction
159792,2381604.960132122,RCP45_2050,2263436.8925773506,contraction
159792,2381604.960132122,RCP45_2100,2196318.3190519637,contraction
159792,2381604.960132122,RCP85_2050,2237850.62701317,contraction
159792,2381604.960132122,RCP85_2100,1954142.467843342,contraction
159795,962495.1476607914,RCP45_2050,1058139.7803525089,expansion
159795,962495.1476607914,RCP45_2100,891385.9330262349,contraction
159795,962495.1476607914,RCP85_2050,1010651.8953420139,expansion
159795,962495.1476607914,RCP85_2100,786193.8696105408,contraction
159796,2588105.349908752,RCP45_2050,2524403.4558169455,contraction
159796,2588105.349908752,RCP45_2100,2696159.9878349365,expansion
159796,2588105.349908752,RCP85_2050,2557429.556671193,contraction
159796,2588105.349908752,RCP85_2100,2406356.688464964,contraction
159800,2998271.136016523,RCP45_2050,3218460.9473608565,expansion
159800,2998271.136016523,RCP45_2100,3379955.321251142,expansion
159800,2998271.136016523,RCP85_2050,3263080.06620987,expansion
159800,2998271.136016523,RCP85_2100,3462124.7486358895,expansion
159807,3796069.6542535382,RCP45_2050,4909513.793665457,expansion
159807,3796069.6542535382,RCP45_2100,5482010.274592547,expansion
159807,3796069.6542535382,RCP85_2050,4837829.748567923,expansion
159807,3796069.6542535382,RCP85_2100,5536824.922483765,expansion
159811,469702.72149422363,RCP45_2050,493645.9108823617,expansion
159811,469702.72149422363,RCP45_2100,502681.2100253403,expansion
159811,469702.72149422363,RCP85_2050,501816.384709382,expansion
159811,469702.72149422363,RCP85_2100,515590.3326306032,expansion
1605268,2002042.6881167938,RCP45_2050,1890699.2756041987,contraction
1605268,2002042.6881167938,RCP45_2100,1929020.1800573966,contraction
1605268,2002042.6881167938,RCP85_2050,1881882.5398950758,contraction
1605268,2002042.6881167938,RCP85_2100,2045904.8705191894,expansion
1605273,143992.73111935196,RCP45_2050,34412.67510062038,contraction
1605273,143992.73111935196,RCP45_2100,35410.42783116559,contraction
1605273,143992.73111935196,RCP85_2050,32065.364649342795,contraction
1605273,143992.73111935196,RCP85_2100,36807.83397256892,contraction
1605275,3365127.3672932656,RCP45_2050,4095461.8517665947,expansion
1605275,3365127.3672932656,RCP45_2100,4403432.933697705,expansion
1605275,3365127.3672932656,RCP85_2050,4091081.5392805017,expansion
1605275,3365127.3672932656,RCP85_2100,4545300.2881423775,expansion
1605277,806088.4270411491,RCP45_2050,2411344.785991756,expansion
1605277,806088.4270411491,RCP45_2100,2585721.788122325,expansion
1605277,806088.4270411491,RCP85_2050,892112.2994755288,expansion
1605277,806088.4270411491,RCP85_2100,1572598.9239492395,expansion
1617333,2463353.1785900686,RCP45_2050,2500041.363508712,expansion
1617333,2463353.1785900686,RCP45_2100,2451713.149131907,contraction
1617333,2463353.1785900686,RCP85_2050,2494916.9120930647,expansion
1617333,2463353.1785900686,RCP85_2100,2458940.350185755,contraction
1663107,995392.9994064197,RCP45_2050,1083568.4149303117,expansion
1663107,995392.9994064197,RCP45_2100,1163459.8500250494,expansion
1663107,995392.9994064197,RCP85_2050,1075842.455287395,expansion
1663107,995392.9994064197,RCP85_2100,1187832.481898401,expansion
1667997,355944.36029109353,RCP45_2050,310194.2344118394,contraction
1667997,355944.36029109353,RCP45_2100,241037.19758159242,contraction
1667997,355944.36029109353,RCP85_2050,273471.02440368885,contraction
1667997,355944.36029109353,RCP85_2100,103178.25741716179,contraction
1670924,504688.3013935062,RCP45_2050,467427.5651147354,contraction
1670924,504688.3013935062,RCP45_2100,448676.0570191756,contraction
1670924,504688.3013935062,RCP85_2050,457088.3208767686,contraction
1670924,504688.3013935062,RCP85_2100,444708.2808978629,contraction
1672770,7773995.2142454,RCP45_2050,7410498.931636633,contraction
1672770,7773995.2142454,RCP45_2100,7328241.361957422,contraction
1672770,7773995.2142454,RCP85_2050,7391765.438755304,contraction
1672770,7773995.2142454,RCP85_2100,7245883.4245471815,contraction
1672772,6453105.018369976,RCP45_2050,6855617.0207105,expansion
1672772,6453105.018369976,RCP45_2100,6861725.161592375,expansion
1672772,6453105.018369976,RCP85_2050,6849339.729013979,expansion
1672772,6453105.018369976,RCP85_2100,6992405.92335867,expansion
1672780,5536887.347170399,RCP45_2050,5612865.710385966,expansion
1672780,5536887.347170399,RCP45_2100,5113868.919980499,contraction
1672780,5536887.347170399,RCP85_2050,5430058.021065441,contraction
1672780,5536887.347170399,RCP85_2100,4831281.97284771,contraction
180882,332083.653942942,RCP45_2050,169223.93476958026,contraction
180882,332083.653942942,RCP45_2100,128017.29102921426,contraction
180882,332083.653942942,RCP85_2050,170804.12856486274,contraction
180882,332083.653942942,RCP85_2100,86437.29775708335,contraction
206953,10567719.500041224,RCP45_2050,10719671.005199317,expansion
206953,10567719.500041224,RCP45_2100,10711830.68201974,expansion
206953,10567719.500041224,RCP85_2050,10715600.434356892,expansion
206953,10567719.500041224,RCP85_2100,10581492.7896088,expansion
206954,10573127.929308256,RCP45_2050,9679177.361376785,contraction
206954,10573127.929308256,RCP45_2100,9721398.715729734,contraction
206954,10573127.929308256,RCP85_2050,9584598.656179408,contraction
206954,10573127.929308256,RCP85_2100,9653608.75023058,contraction
206956,5970051.534650439,RCP45_2050,5786234.571605476,contraction
206956,5970051.534650439,RCP45_2100,5825625.721257783,contraction
206956,5970051.534650439,RCP85_2050,5787791.124327499,contraction
206956,5970051.534650439,RCP85_2100,5853754.687371656,contraction
206959,883605.0555560737,RCP45_2050,870418.9026547625,contraction
206959,883605.0555560737,RCP45_2100,952208.4678431961,expansion
206959,883605.0555560737,RCP85_2050,868754.9905686133,contraction
206959,883605.0555560737,RCP85_2100,974565.0315849584,expansion
206964,7018965.533771906,RCP45_2050,6717354.198548321,contraction
206964,7018965.533771906,RCP45_2100,6851369.437461452,contraction
206964,7018965.533771906,RCP85_2050,6658688.911023314,contraction
206964,7018965.533771906,RCP85_2100,6937810.618733075,contraction
206969,8568835.792758005,RCP45_2050,7964241.646681028,contraction
206969,8568835.792758005,RCP45_2100,7455963.660088883,contraction
206969,8568835.792758005,RCP85_2050,7613426.353853286,contraction
206969,8568835.792758005,RCP85_2100,6960376.725526766,contraction
206973,5336357.707350234,RCP45_2050,5082062.409718205,contraction
206973,5336357.707350234,RCP45_2100,4865705.8258731235,contraction
206973,5336357.707350234,RCP85_2050,4933476.717208486,contraction
206973,5336357.707350234,RCP85_2100,4677125.379268202,contraction
206974,16226193.221180117,RCP45_2050,16939570.805831805,expansion
206974,16226193.221180117,RCP45_2100,17796979.035790868,expansion
206974,16226193.221180117,RCP85_2050,17192236.977990642,expansion
206974,16226193.221180117,RCP85_2100,17548274.79445437,expansion
206976,3225704.211727802,RCP45_2050,3946899.615584982,expansion
206976,3225704.211727802,RCP45_2100,4111739.289143682,expansion
206976,3225704.211727802,RCP85_2050,4125784.9417269216,expansion
206976,3225704.211727802,RCP85_2100,4522544.366760735,expansion
206977,2746690.14451804,RCP45_2050,3190173.5740539655,expansion
206977,2746690.14451804,RCP45_2100,3055895.671712496,expansion
206977,2746690.14451804,RCP85_2050,3142608.811081831,expansion
206977,2746690.14451804,RCP85_2100,3085681.158043336,expansion
206980,23738864.771331355,RCP45_2050,22804732.78279995,contraction
206980,23738864.771331355,RCP45_2100,21918423.925215457,contraction
206980,23738864.771331355,RCP85_2050,22842102.613167647,contraction
206980,23738864.771331355,RCP85_2100,20683936.338511154,contraction
206982,8116307.5604733825,RCP45_2050,8333447.321019633,expansion
206982,8116307.5604733825,RCP45_2100,8194545.743922845,expansion
206982,8116307.5604733825,RCP85_2050,8057401.078293907,contraction
206982,8116307.5604733825,RCP85_2100,7743015.357780638,contraction
206984,1271721.5722188202,RCP45_2050,1335659.264736741,expansion
206984,1271721.5722188202,RCP45_2100,1299982.2539373857,expansion
206984,1271721.5722188202,RCP85_2050,1351336.944546582,expansion
206984,1271721.5722188202,RCP85_2100,1307399.9847061362,expansion
206985,1418644.473266558,RCP45_2050,1574800.470901427,expansion
206985,1418644.473266558,RCP45_2100,1816239.1010622622,expansion
206985,1418644.473266558,RCP85_2050,1585770.0183676057,expansion
206985,1418644.473266558,RCP85_2100,1819372.9552302682,expansion
206989,1236345.893828518,RCP45_2050,1331060.3814303565,expansion
206989,1236345.893828518,RCP45_2100,1193711.3654793047,contraction
206989,1236345.893828518,RCP85_2050,1339215.8371593645,expansion
206989,1236345.893828518,RCP85_2100,1178879.7005152786,contraction
206991,6784475.911429022,RCP45_2050,5793622.551358842,contraction
206991,6784475.911429022,RCP45_2100,5195127.238771463,contraction
206991,6784475.911429022,RCP85_2050,5390664.161595361,contraction
206991,6784475.911429022,RCP85_2100,4339995.986758762,contraction
206994,16593840.749103257,RCP45_2050,16279579.90246312,contraction
206994,16593840.749103257,RCP45_2100,18001040.4377322,expansion
206994,16593840.749103257,RCP85_2050,18325198.144777,expansion
206994,16593840.749103257,RCP85_2100,21424467.533729944,expansion
206995,6236889.252808501,RCP45_2050,5719635.596994838,contraction
206995,6236889.252808501,RCP45_2100,5472312.522855738,contraction
206995,6236889.252808501,RCP85_2050,5559490.468687362,contraction
206995,6236889.252808501,RCP85_2100,5294863.915761464,contraction
206999,7387991.300522579,RCP45_2050,7194996.794599171,contraction
206999,7387991.300522579,RCP45_2100,6568238.306350605,contraction
206999,7387991.300522579,RCP85_2050,6639841.539272914,contraction
206999,7387991.300522579,RCP85_2100,5802069.926097273,contraction
207000,10946462.110673178,RCP45_2050,9766964.558855848,contraction
207000,10946462.110673178,RCP45_2100,10053077.445309086,contraction
207000,10946462.110673178,RCP85_2050,9817982.546597326,contraction
207000,10946462.110673178,RCP85_2100,10479041.93541667,contraction
207006,6298180.866718652,RCP45_2050,5611672.39110541,contraction
207006,6298180.866718652,RCP45_2100,5196914.255849234,contraction
207006,6298180.866718652,RCP85_2050,5324745.858288697,contraction
207006,6298180.866718652,RCP85_2100,4992330.042017206,contraction
207007,13137486.93141682,RCP45_2050,13336133.763391469,expansion
207007,13137486.93141682,RCP45_2100,14324591.907997213,expansion
207007,13137486.93141682,RCP85_2050,13664949.376814727,expansion
207007,13137486.93141682,RCP85_2100,16357801.653317,expansion
207008,6005226.742381848,RCP45_2050,5242817.491650115,contraction
207008,6005226.742381848,RCP45_2100,5122338.479963978,contraction
207008,6005226.742381848,RCP85_2050,4998196.633936709,contraction
207008,6005226.742381848,RCP85_2100,5003262.234075482,contraction
207009,12869985.938705642,RCP45_2050,12439600.308231825,contraction
207009,12869985.938705642,RCP45_2100,12778905.243668173,contraction
207009,12869985.938705642,RCP85_2050,12820018.732428214,contraction
207009,12869985.938705642,RCP85_2100,13877089.512830954,expansion
207011,7810345.206394124,RCP45_2050,7324932.485846319,contraction
207011,7810345.206394124,RCP45_2100,6848318.162479892,contraction
207011,7810345.206394124,RCP85_2050,6829190.760534094,contraction
207011,7810345.206394124,RCP85_2100,6116540.786991971,contraction
207015,6321265.6457566265,RCP45_2050,5946842.8609189,contraction
207015,6321265.6457566265,RCP45_2100,5883900.933498537,contraction
207015,6321265.6457566265,RCP85_2050,5977511.155263664,contraction
207015,6321265.6457566265,RCP85_2100,5671482.70810429,contraction
207016,8853193.211532457,RCP45_2050,8709430.084077666,contraction
207016,8853193.211532457,RCP45_2100,8546064.157212636,contraction
207016,8853193.211532457,RCP85_2050,8564792.610121168,contraction
207016,8853193.211532457,RCP85_2100,8268611.600096289,contraction
207017,5780013.339153239,RCP45_2050,4743425.360146785,contraction
207017,5780013.339153239,RCP45_2100,4177239.731157466,contraction
207017,5780013.339153239,RCP85_2050,4386560.502193083,contraction
207017,5780013.339153239,RCP85_2100,3719091.486322804,contraction
207020,7065841.796972519,RCP45_2050,6300130.78557841,contraction
207020,7065841.796972519,RCP45_2100,6270425.231980309,contraction
207020,7065841.796972519,RCP85_2050,6178282.538192701,contraction
207020,7065841.796972519,RCP85_2100,6434656.195964482,contraction
207023,5788041.232810856,RCP45_2050,5256175.108318322,contraction
207023,5788041.232810856,RCP45_2100,5016644.7047588,contraction
207023,5788041.232810856,RCP85_2050,5186438.273752488,contraction
207023,5788041.232810856,RCP85_2100,4959600.697276644,contraction
207024,6622440.289907305,RCP45_2050,6191305.652353887,contraction
207024,6622440.289907305,RCP45_2100,5988228.384062423,contraction
207024,6622440.289907305,RCP85_2050,6061895.01512912,contraction
207024,6622440.289907305,RCP85_2100,5564954.779667923,contraction
207031,5095665.473130557,RCP45_2050,4370676.158050849,contraction
207031,5095665.473130557,RCP45_2100,3923539.00890033,contraction
207031,5095665.473130557,RCP85_2050,4034772.583163238,contraction
207031,5095665.473130557,RCP85_2100,3254475.6383433877,contraction
207032,6133847.124434246,RCP45_2050,5303079.4156839885,contraction
207032,6133847.124434246,RCP45_2100,4602515.224563206,contraction
207032,6133847.124434246,RCP85_2050,4884327.8519290425,contraction
207032,6133847.124434246,RCP85_2100,3799738.0792510635,contraction
207035,9597690.515049135,RCP45_2050,9176574.147171138,contraction
207035,9597690.515049135,RCP45_2100,9073670.918775653,contraction
207035,9597690.515049135,RCP85_2050,9075937.320623947,contraction
207035,9597690.515049135,RCP85_2100,9158682.78720183,contraction
207039,13765654.561750086,RCP45_2050,13540911.08947399,contraction
207039,13765654.561750086,RCP45_2100,14402059.783428581,expansion
207039,13765654.561750086,RCP85_2050,14243511.741535552,expansion
207039,13765654.561750086,RCP85_2100,16150423.610597728,expansion
207040,7221999.143593579,RCP45_2050,6654846.164650885,contraction
207040,7221999.143593579,RCP45_2100,6361755.301041293,contraction
207040,7221999.143593579,RCP85_2050,6431093.875779502,contraction
207040,7221999.143593579,RCP85_2100,6229206.923692565,contraction
207044,10127394.70356116,RCP45_2050,9236556.49685655,contraction
207044,10127394.70356116,RCP45_2100,8873219.567804646,contraction
207044,10127394.70356116,RCP85_2050,9053857.06970091,contraction
207044,10127394.70356116,RCP85_2100,8336490.218727332,contraction
207045,8717165.441168703,RCP45_2050,7803266.62108109,contraction
207045,8717165.441168703,RCP45_2100,7548819.637558871,contraction
207045,8717165.441168703,RCP85_2050,7575016.944540482,contraction
207045,8717165.441168703,RCP85_2100,7356381.088086969,contraction
207046,6414271.753258607,RCP45_2050,5906911.103978131,contraction
207046,6414271.753258607,RCP45_2100,5435724.442422701,contraction
207046,6414271.753258607,RCP85_2050,5569672.461971688,contraction
207046,6414271.753258607,RCP85_2100,4717072.509529382,contraction
207049,26201727.548305746,RCP45_2050,27342154.38792306,expansion
207049,26201727.548305746,RCP45_2100,28233493.2858896,expansion
207049,26201727.548305746,RCP85_2050,27402904.536528617,expansion
207049,26201727.548305746,RCP85_2100,30149520.97821367,expansion
207050,5286830.588565632,RCP45_2050,4356769.8752914,contraction
207050,5286830.588565632,RCP45_2100,4252415.048635486,contraction
207050,5286830.588565632,RCP85_2050,4160649.769204808,contraction
207050,5286830.588565632,RCP85_2100,4018094.3634422384,contraction
207052,7535544.4505296,RCP45_2050,6524375.84270586,contraction
207052,7535544.4505296,RCP45_2100,5939433.131297469,contraction
207052,7535544.4505296,RCP85_2050,6164480.764664906,contraction
207052,7535544.4505296,RCP85_2100,4651786.269218511,contraction
207053,5326557.579843833,RCP45_2050,5695328.8742291685,expansion
207053,5326557.579843833,RCP45_2100,5557929.666477826,expansion
207053,5326557.579843833,RCP85_2050,5703331.278776421,expansion
207053,5326557.579843833,RCP85_2100,5589726.990894232,expansion
207055,7961853.975844755,RCP45_2050,7142894.161243852,contraction
207055,7961853.975844755,RCP45_2100,6914170.195481438,contraction
207055,7961853.975844755,RCP85_2050,7120277.195511954,contraction
207055,7961853.975844755,RCP85_2100,6741685.857170917,contraction
207057,8791217.781176854,RCP45_2050,8300845.788635561,contraction
207057,8791217.781176854,RCP45_2100,8305146.076224845,contraction
207057,8791217.781176854,RCP85_2050,8192858.514313195,contraction
207057,8791217.781176854,RCP85_2100,8371171.001592433,contraction
207058,7104421.475875185,RCP45_2050,6825864.301883451,contraction
207058,7104421.475875185,RCP45_2100,6342243.607172599,contraction
207058,7104421.475875185,RCP85_2050,6633388.890446568,contraction
207058,7104421.475875185,RCP85_2100,5672362.8685937235,contraction
207059,7085439.020704013,RCP45_2050,7488933.263007315,expansion
207059,7085439.020704013,RCP45_2100,7398532.3493900355,expansion
207059,7085439.020704013,RCP85_2050,7449435.795852697,expansion
207059,7085439.020704013,RCP85_2100,7390057.21727782,expansion
207069,7507169.304124093,RCP45_2050,8356454.482521237,expansion
207069,7507169.304124093,RCP45_2100,8381773.812510589,expansion
207069,7507169.304124093,RCP85_2050,8406512.238541774,expansion
207069,7507169.304124093,RCP85_2100,8409801.763944693,expansion
207072,9192544.525810571,RCP45_2050,8174609.516749998,contraction
207072,9192544.525810571,RCP45_2100,7899672.3529676,contraction
207072,9192544.525810571,RCP85_2050,8001839.72874221,contraction
207072,9192544.525810571,RCP85_2100,7776753.052412237,contraction
207074,6563111.305426898,RCP45_2050,6008338.82085347,contraction
207074,6563111.305426898,RCP45_2100,5791052.395943595,contraction
207074,6563111.305426898,RCP85_2050,5712003.153822021,contraction
207074,6563111.305426898,RCP85_2100,5429426.692655491,contraction
207075,6763348.761711947,RCP45_2050,5283185.032957032,contraction
207075,6763348.761711947,RCP45_2100,4848719.736450675,contraction
207075,6763348.761711947,RCP85_2050,4745367.7255296605,contraction
207075,6763348.761711947,RCP85_2100,4438549.341278079,contraction
207080,7966549.689859458,RCP45_2050,7311294.947500896,contraction
207080,7966549.689859458,RCP45_2100,7032908.190700237,contraction
207080,7966549.689859458,RCP85_2050,7023594.786428829,contraction
207080,7966549.689859458,RCP85_2100,6897720.407019523,contraction
207081,8976274.647967568,RCP45_2050,8848818.255390646,contraction
207081,8976274.647967568,RCP45_2100,8861806.47118951,contraction
207081,8976274.647967568,RCP85_2050,8835220.317264793,contraction
207081,8976274.647967568,RCP85_2100,8850103.908922305,contraction
207083,14149766.387139985,RCP45_2050,12980321.289886009,contraction
207083,14149766.387139985,RCP45_2100,13989001.665024836,contraction
207083,14149766.387139985,RCP85_2050,13269961.596531553,contraction
207083,14149766.387139985,RCP85_2100,16009012.631221898,expansion
207087,8283447.924237426,RCP45_2050,8171938.840214443,contraction
207087,8283447.924237426,RCP45_2100,8103112.361246053,contraction
207087,8283447.924237426,RCP85_2050,8155480.255976022,contraction
207087,8283447.924237426,RCP85_2100,8057323.9385981215,contraction
207093,9928632.556797795,RCP45_2050,10080977.437463798,expansion
207093,9928632.556797795,RCP45_2100,10094316.271716807,expansion
207093,9928632.556797795,RCP85_2050,10021616.899168551,expansion
207093,9928632.556797795,RCP85_2100,10197265.915729202,expansion
207094,8417504.627627952,RCP45_2050,7221343.316570718,contraction
207094,8417504.627627952,RCP45_2100,6985481.132935054,contraction
207094,8417504.627627952,RCP85_2050,7037580.8864015,contraction
207094,8417504.627627952,RCP85_2100,6497643.333328247,contraction
207095,8514873.325172128,RCP45_2050,7005191.357292681,contraction
207095,8514873.325172128,RCP45_2100,6588029.771231258,contraction
207095,8514873.325172128,RCP85_2050,6611145.413149983,contraction
207095,8514873.325172128,RCP85_2100,5988534.436229188,contraction
207097,8106865.713610412,RCP45_2050,7869449.119914316,contraction
207097,8106865.713610412,RCP45_2100,7702713.689840248,contraction
207097,8106865.713610412,RCP85_2050,7642217.18514422,contraction
207097,8106865.713610412,RCP85_2100,7454381.914021032,contraction
207100,8484612.139524987,RCP45_2050,8314331.525275058,contraction
207100,8484612.139524987,RCP45_2100,8292661.164048827,contraction
207100,8484612.139524987,RCP85_2050,8337676.585493782,contraction
207100,8484612.139524987,RCP85_2100,8470822.162185764,contraction
207101,7539727.630733378,RCP45_2050,5901001.612303678,contraction
207101,7539727.630733378,RCP45_2100,5700639.9164521275,contraction
207101,7539727.630733378,RCP85_2050,5662552.388214488,contraction
207101,7539727.630733378,RCP85_2100,5425547.692712746,contraction
207103,9911946.532048294,RCP45_2050,9537865.40455058,contraction
207103,9911946.532048294,RCP45_2100,9346560.930048177,contraction
207103,9911946.532048294,RCP85_2050,9260811.904114246,contraction
207103,9911946.532048294,RCP85_2100,8989429.997789625,contraction
207105,7624278.294406264,RCP45_2050,7150091.599961279,contraction
207105,7624278.294406264,RCP45_2100,6944562.631882634,contraction
207105,7624278.294406264,RCP85_2050,7001998.943238734,contraction
207105,7624278.294406264,RCP85_2100,6508229.00668168,contraction
207106,6208958.142340997,RCP45_2050,5489384.215240711,contraction
207106,6208958.142340997,RCP45_2100,5155685.820858668,contraction
207106,6208958.142340997,RCP85_2050,5243897.343540161,contraction
207106,6208958.142340997,RCP85_2100,4550092.152130183,contraction
207108,455344.67912697105,RCP45_2050,462624.6120231466,expansion
207108,455344.67912697105,RCP45_2100,465242.53445341554,expansion
207108,455344.67912697105,RCP85_2050,463916.5146223995,expansion
207108,455344.67912697105,RCP85_2100,465395.7100738246,expansion
207113,7017750.715752,RCP45_2050,6422640.302277851,contraction
207113,7017750.715752,RCP45_2100,6039010.3558827825,contraction
207113,7017750.715752,RCP85_2050,6163406.383926557,contraction
207113,7017750.715752,RCP85_2100,5863860.822455674,contraction
207114,6882577.518808776,RCP45_2050,6854307.134103796,contraction
207114,6882577.518808776,RCP45_2100,6881301.999844837,contraction
207114,6882577.518808776,RCP85_2050,6881598.90345954,contraction
207114,6882577.518808776,RCP85_2100,7116464.673282741,expansion
207125,11753267.567150632,RCP45_2050,11598869.256419357,contraction
207125,11753267.567150632,RCP45_2100,11677029.194792466,contraction
207125,11753267.567150632,RCP85_2050,11543284.652343586,contraction
207125,11753267.567150632,RCP85_2100,11782683.44178899,expansion
207127,8252192.613862333,RCP45_2050,8640812.980854362,expansion
207127,8252192.613862333,RCP45_2100,9284028.159732677,expansion
207127,8252192.613862333,RCP85_2050,8940742.528355712,expansion
207127,8252192.613862333,RCP85_2100,10752077.506395543,expansion
207129,22288471.962520167,RCP45_2050,22577395.142569344,expansion
207129,22288471.962520167,RCP45_2100,22092980.252775688,contraction
207129,22288471.962520167,RCP85_2050,22554314.725682095,expansion
207129,22288471.962520167,RCP85_2100,20553540.9370657,contraction
207131,9334991.01901194,RCP45_2050,9883247.337000567,expansion
207131,9334991.01901194,RCP45_2100,10504445.27315644,expansion
207131,9334991.01901194,RCP85_2050,10163063.91179512,expansion
207131,9334991.01901194,RCP85_2100,11188101.750517435,expansion
207133,7094857.245769796,RCP45_2050,6336089.935194673,contraction
207133,7094857.245769796,RCP45_2100,5957502.774887035,contraction
207133,7094857.245769796,RCP85_2050,6005133.787614013,contraction
207133,7094857.245769796,RCP85_2100,5504414.362884332,contraction
207135,4918754.648835255,RCP45_2050,4462184.535426408,contraction
207135,4918754.648835255,RCP45_2100,4058096.503298075,contraction
207135,4918754.648835255,RCP85_2050,4094651.1488944907,contraction
207135,4918754.648835255,RCP85_2100,3303100.4071866754,contraction
207136,8500379.685017018,RCP45_2050,9078943.517966019,expansion
207136,8500379.685017018,RCP45_2100,8717154.611242112,expansion
207136,8500379.685017018,RCP85_2050,8907583.018248647,expansion
207136,8500379.685017018,RCP85_2100,8797579.762599565,expansion
207137,5819324.634440213,RCP45_2050,5217055.247717808,contraction
207137,5819324.634440213,RCP45_2100,4912257.989636537,contraction
207137,5819324.634440213,RCP85_2050,5029574.423653252,contraction
207137,5819324.634440213,RCP85_2100,4665179.966028422,contraction
207138,8455081.584221464,RCP45_2050,8480343.73214745,expansion
207138,8455081.584221464,RCP45_2100,8482801.249893313,expansion
207138,8455081.584221464,RCP85_2050,8358873.799925665,contraction
207138,8455081.584221464,RCP85_2100,8506179.641075768,expansion
207139,8610880.300485427,RCP45_2050,7808962.873542497,contraction
207139,8610880.300485427,RCP45_2100,7591670.697887646,contraction
207139,8610880.300485427,RCP85_2050,7761563.518957519,contraction
207139,8610880.300485427,RCP85_2100,7461248.940755273,contraction
207141,15946161.985322952,RCP45_2050,15267469.209005728,contraction
207141,15946161.985322952,RCP45_2100,13493670.89454967,contraction
207141,15946161.985322952,RCP85_2050,15632240.618231889,contraction
207141,15946161.985322952,RCP85_2100,14051121.728773938,contraction
207142,7657203.74209284,RCP45_2050,7173726.064579899,contraction
207142,7657203.74209284,RCP45_2100,6727648.631009819,contraction
207142,7657203.74209284,RCP85_2050,6780089.757140242,contraction
207142,7657203.74209284,RCP85_2100,6444503.508258605,contraction
207144,7932873.959926671,RCP45_2050,6729036.448782223,contraction
207144,7932873.959926671,RCP45_2100,6264409.777296233,contraction
207144,7932873.959926671,RCP85_2050,6347222.254972093,contraction
207144,7932873.959926671,RCP85_2100,5435168.369961799,contraction
207146,9118587.060920186,RCP45_2050,8467802.762861028,contraction
207146,9118587.060920186,RCP45_2100,8067420.269554935,contraction
207146,9118587.060920186,RCP85_2050,7984421.549916168,contraction
207146,9118587.060920186,RCP85_2100,7396963.698454162,contraction
207149,197176.15176847053,RCP45_2050,194554.4369301557,contraction
207149,197176.15176847053,RCP45_2100,193390.8507847117,contraction
207149,197176.15176847053,RCP85_2050,194233.3856124948,contraction
207149,197176.15176847053,RCP85_2100,193478.93383694146,contraction
207150,1388370.1879643393,RCP45_2050,1500840.1144054167,expansion
207150,1388370.1879643393,RCP45_2100,1483022.172830259,expansion
207150,1388370.1879643393,RCP85_2050,1503405.638835914,expansion
207150,1388370.1879643393,RCP85_2100,1494401.5872476571,expansion
207152,6052090.158551337,RCP45_2050,5054501.965005425,contraction
207152,6052090.158551337,RCP45_2100,4563144.661947045,contraction
207152,6052090.158551337,RCP85_2050,4713317.478847629,contraction
207152,6052090.158551337,RCP85_2100,3930655.078018079,contraction
207153,6159335.148491546,RCP45_2050,5660924.411750972,contraction
207153,6159335.148491546,RCP45_2100,5188040.878531779,contraction
207153,6159335.148491546,RCP85_2050,5454706.837879642,contraction
207153,6159335.148491546,RCP85_2100,4459564.79065288,contraction
207156,7944948.63457179,RCP45_2050,7590090.850891247,contraction
207156,7944948.63457179,RCP45_2100,7404162.31766473,contraction
207156,7944948.63457179,RCP85_2050,7339441.781106902,contraction
207156,7944948.63457179,RCP85_2100,7150137.724130692,contraction
207163,6959515.411154357,RCP45_2050,6305636.796397931,contraction
207163,6959515.411154357,RCP45_2100,5789599.750850348,contraction
207163,6959515.411154357,RCP85_2050,5816920.840387904,contraction
207163,6959515.411154357,RCP85_2100,4997503.810051331,contraction
207164,7596685.555655066,RCP45_2050,6963176.691705927,contraction
207164,7596685.555655066,RCP45_2100,6803302.591248386,contraction
207164,7596685.555655066,RCP85_2050,6820408.913774976,contraction
207164,7596685.555655066,RCP85_2100,6722992.08971496,contraction
207165,14906213.279727103,RCP45_2050,15959276.937126689,expansion
207165,14906213.279727103,RCP45_2100,16561248.664989559,expansion
207165,14906213.279727103,RCP85_2050,16429356.504597237,expansion
207165,14906213.279727103,RCP85_2100,17113882.12469467,expansion
207167,6673450.734529931,RCP45_2050,5661200.804677736,contraction
207167,6673450.734529931,RCP45_2100,5023688.916704415,contraction
207167,6673450.734529931,RCP85_2050,5241659.4825754445,contraction
207167,6673450.734529931,RCP85_2100,4175211.772627707,contraction
207168,1016263.0005479633,RCP45_2050,1036699.8730792282,expansion
207168,1016263.0005479633,RCP45_2100,1035812.2997702475,expansion
207168,1016263.0005479633,RCP85_2050,1039849.8200943209,expansion
207168,1016263.0005479633,RCP85_2100,1045257.3730229273,expansion
207169,24730939.866018303,RCP45_2050,25678836.476215202,expansion
207169,24730939.866018303,RCP45_2100,25901784.391980775,expansion
207169,24730939.866018303,RCP85_2050,25900530.040420726,expansion
207169,24730939.866018303,RCP85_2100,26651050.04486202,expansion
207174,1506569.1685067168,RCP45_2050,1982509.7592705016,expansion
207174,1506569.1685067168,RCP45_2100,2005231.937826829,expansion
207174,1506569.1685067168,RCP85_2050,1988443.8186862208,expansion
207174,1506569.1685067168,RCP85_2100,2053335.5830550364,expansion
207179,4223771.494562582,RCP45_2050,3861663.741471118,contraction
207179,4223771.494562582,RCP45_2100,3553526.048934911,contraction
207179,4223771.494562582,RCP85_2050,3653668.3851379384,contraction
207179,4223771.494562582,RCP85_2100,3117349.291980346,contraction
207180,8075938.599382547,RCP45_2050,7863300.604431631,contraction
207180,8075938.599382547,RCP45_2100,7494192.983540765,contraction
207180,8075938.599382547,RCP85_2050,7459714.814945214,contraction
207180,8075938.599382547,RCP85_2100,7061176.922206419,contraction
207182,8133742.917624478,RCP45_2050,7220297.568644156,contraction
207182,8133742.917624478,RCP45_2100,6932758.456400945,contraction
207182,8133742.917624478,RCP85_2050,6937600.707132683,contraction
207182,8133742.917624478,RCP85_2100,6799297.976244132,contraction
207185,7419579.637545118,RCP45_2050,7030533.081638291,contraction
207185,7419579.637545118,RCP45_2100,6851444.432957996,contraction
207185,7419579.637545118,RCP85_2050,7018900.867892864,contraction
207185,7419579.637545118,RCP85_2100,6912268.830096248,contraction
207186,9197640.330135532,RCP45_2050,8798638.144950287,contraction
207186,9197640.330135532,RCP45_2100,8658989.255690759,contraction
207186,9197640.330135532,RCP85_2050,8560730.812845085,contraction
207186,9197640.330135532,RCP85_2100,8655254.387263265,contraction
207188,4701304.640946682,RCP45_2050,4872897.32224524,expansion
207188,4701304.640946682,RCP45_2100,5352032.848517968,expansion
207188,4701304.640946682,RCP85_2050,4945264.9298120495,expansion
207188,4701304.640946682,RCP85_2100,5775749.162679112,expansion
207190,7563903.565420841,RCP45_2050,6180069.340571224,contraction
207190,7563903.565420841,RCP45_2100,5872948.051851795,contraction
207190,7563903.565420841,RCP85_2050,5940006.75421996,contraction
207190,7563903.565420841,RCP85_2100,5603459.674699021,contraction
207192,27872448.94273778,RCP45_2050,28975276.15647595,expansion
207192,27872448.94273778,RCP45_2100,30100549.91921728,expansion
207192,27872448.94273778,RCP85_2050,29480172.697218485,expansion
207192,27872448.94273778,RCP85_2100,31413861.896866236,expansion
207196,23108155.45849721,RCP45_2050,23759496.958233785,expansion
207196,23108155.45849721,RCP45_2100,23712363.1799752,expansion
207196,23108155.45849721,RCP85_2050,23756741.589335438,expansion
207196,23108155.45849721,RCP85_2100,23806907.276165947,expansion
207198,30145255.12748008,RCP45_2050,30434447.118404374,expansion
207198,30145255.12748008,RCP45_2100,30585985.61866926,expansion
207198,30145255.12748008,RCP85_2050,30640250.4453089,expansion
207198,30145255.12748008,RCP85_2100,30714773.096565466,expansion
207200,14294579.635781508,RCP45_2050,15558798.98458482,expansion
207200,14294579.635781508,RCP45_2100,15829828.413688485,expansion
207200,14294579.635781508,RCP85_2050,15560574.365682943,expansion
207200,14294579.635781508,RCP85_2100,15916140.18762625,expansion
207201,23625789.577445246,RCP45_2050,23568887.72466886,contraction
207201,23625789.577445246,RCP45_2100,23304478.06221309,contraction
207201,23625789.577445246,RCP85_2050,23707351.71087748,expansion
207201,23625789.577445246,RCP85_2100,23603742.242648467,contraction
207202,10863606.54968187,RCP45_2050,9692219.927101655,contraction
207202,10863606.54968187,RCP45_2100,9074438.967317365,contraction
207202,10863606.54968187,RCP85_2050,9592948.591574678,contraction
207202,10863606.54968187,RCP85_2100,6621915.005732119,contraction
207203,6779047.071055956,RCP45_2050,6951690.218145355,expansion
207203,6779047.071055956,RCP45_2100,7375594.889345166,expansion
207203,6779047.071055956,RCP85_2050,6861639.972641454,expansion
207203,6779047.071055956,RCP85_2100,7387899.676554887,expansion
207228,7396706.649547307,RCP45_2050,6354767.809633951,contraction
207228,7396706.649547307,RCP45_2100,6175523.845346606,contraction
207228,7396706.649547307,RCP85_2050,6209873.812204535,contraction
207228,7396706.649547307,RCP85_2100,5950910.739602158,contraction
207237,5385196.631967166,RCP45_2050,4451036.914983841,contraction
207237,5385196.631967166,RCP45_2100,4931402.552958579,contraction
207237,5385196.631967166,RCP85_2050,4361481.272016794,contraction
207237,5385196.631967166,RCP85_2100,6995702.645116071,expansion
207312,10088656.595435744,RCP45_2050,9977602.296658935,contraction
207312,10088656.595435744,RCP45_2100,9757414.139673302,contraction
207312,10088656.595435744,RCP85_2050,9800294.046348404,contraction
207312,10088656.595435744,RCP85_2100,9670612.471922927,contraction
207315,8934007.474316541,RCP45_2050,9058455.645958133,expansion
207315,8934007.474316541,RCP45_2100,8890960.236596588,contraction
207315,8934007.474316541,RCP85_2050,8875724.355321473,contraction
207315,8934007.474316541,RCP85_2100,8506033.788346468,contraction
207317,8148901.457896499,RCP45_2050,6508245.344755397,contraction
207317,8148901.457896499,RCP45_2100,5897243.059655862,contraction
207317,8148901.457896499,RCP85_2050,5909837.088791574,contraction
207317,8148901.457896499,RCP85_2100,5089672.906879017,contraction
207378,8054021.687520974,RCP45_2050,7332214.782151318,contraction
207378,8054021.687520974,RCP45_2100,6614531.751222087,contraction
207378,8054021.687520974,RCP85_2050,6956709.058852537,contraction
207378,8054021.687520974,RCP85_2100,5667630.325655199,contraction
207389,17877686.40511632,RCP45_2050,17893406.053463105,expansion
207389,17877686.40511632,RCP45_2100,17488922.575878505,contraction
207389,17877686.40511632,RCP85_2050,17817709.66329668,contraction
207389,17877686.40511632,RCP85_2100,16059290.80533591,contraction
207391,7895927.242119369,RCP45_2050,7746621.174183678,contraction
207391,7895927.242119369,RCP45_2100,7451304.416705954,contraction
207391,7895927.242119369,RCP85_2050,7402579.241783052,contraction
207391,7895927.242119369,RCP85_2100,6867044.603173682,contraction
207392,7957538.882581794,RCP45_2050,7348809.610296178,contraction
207392,7957538.882581794,RCP45_2100,6975781.142037045,contraction
207392,7957538.882581794,RCP85_2050,7018182.440961014,contraction
207392,7957538.882581794,RCP85_2100,6262196.575202805,contraction
207421,7383381.9971270105,RCP45_2050,6953864.492886788,contraction
207421,7383381.9971270105,RCP45_2100,6732969.528840507,contraction
207421,7383381.9971270105,RCP85_2050,6684668.117046046,contraction
207421,7383381.9971270105,RCP85_2100,6526048.1822919715,contraction
207485,7952879.137281506,RCP45_2050,7390150.972143136,contraction
207485,7952879.137281506,RCP45_2100,6825520.606023593,contraction
207485,7952879.137281506,RCP85_2050,6847064.959574171,contraction
207485,7952879.137281506,RCP85_2100,6001709.863376168,contraction
207516,1936249.4622109835,RCP45_2050,1919983.6748533794,contraction
207516,1936249.4622109835,RCP45_2100,2078359.2624827712,expansion
207516,1936249.4622109835,RCP85_2050,1915507.7196650505,contraction
207516,1936249.4622109835,RCP85_2100,1442425.1311194825,contraction
207660,157293.69221677788,RCP45_2050,160473.11143140047,expansion
207660,157293.69221677788,RCP45_2100,160827.09422888933,expansion
207660,157293.69221677788,RCP85_2050,157270.81730805314,contraction
207660,157293.69221677788,RCP85_2100,160237.76381240983,expansion
207664,298504.6484839816,RCP45_2050,454441.8647436463,expansion
207664,298504.6484839816,RCP45_2100,450989.9063624665,expansion
207664,298504.6484839816,RCP85_2050,447429.72952667717,expansion
207664,298504.6484839816,RCP85_2100,419827.2769711576,expansion
207670,6110774.888085811,RCP45_2050,6443893.58390646,expansion
207670,6110774.888085811,RCP45_2100,6443980.417369053,expansion
207670,6110774.888085811,RCP85_2050,6367216.663785256,expansion
207670,6110774.888085811,RCP85_2100,6671604.158528221,expansion
208947,9343671.82599781,RCP45_2050,9364864.183704171,expansion
208947,9343671.82599781,RCP45_2100,9460047.528543882,expansion
208947,9343671.82599781,RCP85_2050,9183817.249287916,contraction
208947,9343671.82599781,RCP85_2100,9597335.804426895,expansion
208949,6536402.944215462,RCP45_2050,6277202.855794511,contraction
208949,6536402.944215462,RCP45_2100,6188865.512594266,contraction
208949,6536402.944215462,RCP85_2050,6160788.543278227,contraction
208949,6536402.944215462,RCP85_2100,6133340.999054313,contraction
208956,9361556.70298645,RCP45_2050,9745726.699274817,expansion
208956,9361556.70298645,RCP45_2100,9850434.349529564,expansion
208956,9361556.70298645,RCP85_2050,9697181.421881266,expansion
208956,9361556.70298645,RCP85_2100,10053428.078053188,expansion
210726,2423857.888751168,RCP45_2050,2628466.6860326617,expansion
210726,2423857.888751168,RCP45_2100,2818946.9394504144,expansion
210726,2423857.888751168,RCP85_2050,2681030.1018720926,expansion
210726,2423857.888751168,RCP85_2100,2803547.398353112,expansion
210727,14980421.50785242,RCP45_2050,15243126.457935737,expansion
210727,14980421.50785242,RCP45_2100,16365313.923481822,expansion
210727,14980421.50785242,RCP85_2050,15365195.672646597,expansion
210727,14980421.50785242,RCP85_2100,17494974.259036,expansion
210728,20513964.46486563,RCP45_2050,20330993.828729462,contraction
210728,20513964.46486563,RCP45_2100,20070602.694658402,contraction
210728,20513964.46486563,RCP85_2050,20352261.359332487,contraction
210728,20513964.46486563,RCP85_2100,19053984.926837537,contraction
210729,23598267.158237297,RCP45_2050,24759732.716929812,expansion
210729,23598267.158237297,RCP45_2100,24642178.196057726,expansion
210729,23598267.158237297,RCP85_2050,24638471.94054161,expansion
210729,23598267.158237297,RCP85_2100,22840028.993163858,contraction
210730,10766013.608643522,RCP45_2050,10219458.881144298,contraction
210730,10766013.608643522,RCP45_2100,9940836.94728477,contraction
210730,10766013.608643522,RCP85_2050,9832353.018253729,contraction
210730,10766013.608643522,RCP85_2100,9145012.26810035,contraction
210733,17705278.514329705,RCP45_2050,18413944.55604031,expansion
210733,17705278.514329705,RCP45_2100,18133443.37944699,expansion
210733,17705278.514329705,RCP85_2050,18370398.92845487,expansion
210733,17705278.514329705,RCP85_2100,16947762.645777952,contraction
210906,1510692.1106502414,RCP45_2050,1839250.3459815837,expansion
210906,1510692.1106502414,RCP45_2100,1833878.0836133014,expansion
210906,1510692.1106502414,RCP85_2050,1667987.1455675915,expansion
210906,1510692.1106502414,RCP85_2100,1873080.6643517881,expansion
210916,9835392.405681465,RCP45_2050,9917365.588182133,expansion
210916,9835392.405681465,RCP45_2100,9935426.598143991,expansion
210916,9835392.405681465,RCP85_2050,9955143.04664686,expansion
210916,9835392.405681465,RCP85_2100,9993106.502505476,expansion
211419,855066.9123598498,RCP45_2050,695023.8038225145,contraction
211419,855066.9123598498,RCP45_2100,709889.9430560414,contraction
211419,855066.9123598498,RCP85_2050,695848.1425456309,contraction
211419,855066.9123598498,RCP85_2100,716176.5671729406,contraction
212075,2252218.8683990147,RCP45_2050,2241371.502505239,contraction
212075,2252218.8683990147,RCP45_2100,2244449.073422202,contraction
212075,2252218.8683990147,RCP85_2050,2245564.5039068684,contraction
212075,2252218.8683990147,RCP85_2100,2198490.947149774,contraction
212177,20404956.515538204,RCP45_2050,20896565.630342294,expansion
212177,20404956.515538204,RCP45_2100,20510906.54751864,expansion
212177,20404956.515538204,RCP85_2050,20881046.592643347,expansion
212177,20404956.515538204,RCP85_2100,19219589.60139867,contraction
212232,6425648.927047944,RCP45_2050,5905852.312245164,contraction
212232,6425648.927047944,RCP45_2100,5751360.615297088,contraction
212232,6425648.927047944,RCP85_2050,5814392.3074365,contraction
212232,6425648.927047944,RCP85_2100,5501315.595485211,contraction
212234,99735.56611077618,RCP45_2050,100079.36943887148,expansion
212234,99735.56611077618,RCP45_2100,99764.44010876662,expansion
212234,99735.56611077618,RCP85_2050,100386.25214238015,expansion
212234,99735.56611077618,RCP85_2100,98437.20011934807,contraction
212235,400509.77576645237,RCP45_2050,414952.202241073,expansion
212235,400509.77576645237,RCP45_2100,361316.3184710941,contraction
212235,400509.77576645237,RCP85_2050,407529.5429417385,expansion
212235,400509.77576645237,RCP85_2100,291855.02557268785,contraction
212236,13807794.44281279,RCP45_2050,13486309.535984285,contraction
212236,13807794.44281279,RCP45_2100,13884323.846203988,expansion
212236,13807794.44281279,RCP85_2050,13525287.163927535,contraction
212236,13807794.44281279,RCP85_2100,13923573.998339783,expansion
212237,9495794.40760689,RCP45_2050,8851902.038894465,contraction
212237,9495794.40760689,RCP45_2100,8836283.090169923,contraction
212237,9495794.40760689,RCP85_2050,8851245.99453273,contraction
212237,9495794.40760689,RCP85_2100,8818547.411760239,contraction
212239,6634611.291676037,RCP45_2050,5618872.769125604,contraction
212239,6634611.291676037,RCP45_2100,4881992.403429622,contraction
212239,6634611.291676037,RCP85_2050,5127303.196645072,contraction
212239,6634611.291676037,RCP85_2100,3986769.2425782545,contraction
212250,215023.1718052765,RCP45_2050,217443.24226706207,expansion
212250,215023.1718052765,RCP45_2100,220729.60864553702,expansion
212250,215023.1718052765,RCP85_2050,210299.72678480315,contraction
212250,215023.1718052765,RCP85_2100,212695.6059405611,contraction
212256,1623347.2436424557,RCP45_2050,1465130.8272730226,contraction
212256,1623347.2436424557,RCP45_2100,1634470.9729026177,expansion
212256,1623347.2436424557,RCP85_2050,1503532.333998866,contraction
212256,1623347.2436424557,RCP85_2100,1692783.84053048,expansion
212855,7111842.964837395,RCP45_2050,7271187.039640827,expansion
212855,7111842.964837395,RCP45_2100,7215919.324414944,expansion
212855,7111842.964837395,RCP85_2050,7212054.647464777,expansion
212855,7111842.964837395,RCP85_2100,7251413.735789272,expansion
213640,951399.9585889803,RCP45_2050,839746.7961980781,contraction
213640,951399.9585889803,RCP45_2100,787247.6256230185,contraction
213640,951399.9585889803,RCP85_2050,814940.0369956238,contraction
213640,951399.9585889803,RCP85_2100,710955.5352625998,contraction
213641,1610541.7394142381,RCP45_2050,1698457.7543796021,expansion
213641,1610541.7394142381,RCP45_2100,1701468.863219572,expansion
213641,1610541.7394142381,RCP85_2050,1664618.6798329274,expansion
213641,1610541.7394142381,RCP85_2100,1615213.882650255,expansion
214557,9851490.467450887,RCP45_2050,9426470.56683645,contraction
214557,9851490.467450887,RCP45_2100,9329256.203246927,contraction
214557,9851490.467450887,RCP85_2050,9361798.144133411,contraction
214557,9851490.467450887,RCP85_2100,9252682.859618349,contraction
214558,1820359.1771595567,RCP45_2050,1738162.233976312,contraction
214558,1820359.1771595567,RCP45_2100,1755256.3244869444,contraction
214558,1820359.1771595567,RCP85_2050,1744320.0900576499,contraction
214558,1820359.1771595567,RCP85_2100,1804968.6519779568,contraction
214561,2484581.891755191,RCP45_2050,2289670.8127131797,contraction
214561,2484581.891755191,RCP45_2100,2230446.345624049,contraction
214561,2484581.891755191,RCP85_2050,2245395.2967659626,contraction
214561,2484581.891755191,RCP85_2100,2072466.667147154,contraction
215548,591672.52485462185,RCP45_2050,664299.5608103807,expansion
215548,591672.52485462185,RCP45_2100,609177.6149175571,expansion
215548,591672.52485462185,RCP85_2050,674249.3043905738,expansion
215548,591672.52485462185,RCP85_2100,601251.3182472528,expansion
215571,503764.6278811996,RCP45_2050,469966.4750823963,contraction
215571,503764.6278811996,RCP45_2100,475031.42429047223,contraction
215571,503764.6278811996,RCP85_2050,479811.5752668801,contraction
215571,503764.6278811996,RCP85_2100,477977.65551401593,contraction
215598,2925605.6828403,RCP45_2050,2376180.74969105,contraction
215598,2925605.6828403,RCP45_2100,2260839.025311274,contraction
215598,2925605.6828403,RCP85_2050,2275875.594831958,contraction
215598,2925605.6828403,RCP85_2100,2063737.1509478122,contraction
215609,1023311.3968856907,RCP45_2050,973564.9407845417,contraction
215609,1023311.3968856907,RCP45_2100,949229.7407375459,contraction
215609,1023311.3968856907,RCP85_2050,961381.0555362529,contraction
215609,1023311.3968856907,RCP85_2100,848773.479841006,contraction
215611,4444605.907368759,RCP45_2050,4561036.969872659,expansion
215611,4444605.907368759,RCP45_2100,4643799.101347311,expansion
215611,4444605.907368759,RCP85_2050,4606728.141718773,expansion
215611,4444605.907368759,RCP85_2100,4874584.243860623,expansion
216135,1260048.5311904754,RCP45_2050,1223452.39124415,contraction
216135,1260048.5311904754,RCP45_2100,1125872.2940498188,contraction
216135,1260048.5311904754,RCP85_2050,1197622.7074441947,contraction
216135,1260048.5311904754,RCP85_2100,930631.1818957853,contraction
216411,5140573.659726105,RCP45_2050,4752130.928748053,contraction
216411,5140573.659726105,RCP45_2100,4751966.056057364,contraction
216411,5140573.659726105,RCP85_2050,4672993.24501863,contraction
216411,5140573.659726105,RCP85_2100,4817825.649404667,contraction
217335,2961969.975035185,RCP45_2050,2574217.6078525106,contraction
217335,2961969.975035185,RCP45_2100,2146136.5889164913,contraction
217335,2961969.975035185,RCP85_2050,2455010.357246398,contraction
217335,2961969.975035185,RCP85_2100,1232890.925003604,contraction
217336,4182073.123557979,RCP45_2050,4070340.118381117,contraction
217336,4182073.123557979,RCP45_2100,4088614.3212806233,contraction
217336,4182073.123557979,RCP85_2050,4116891.2247937745,contraction
217336,4182073.123557979,RCP85_2100,4219965.392450221,expansion
217337,8312571.54926495,RCP45_2050,7222667.491716259,contraction
217337,8312571.54926495,RCP45_2100,6919238.970875349,contraction
217337,8312571.54926495,RCP85_2050,7045482.822135249,contraction
217337,8312571.54926495,RCP85_2100,6305494.609085214,contraction
217339,5246685.3604977485,RCP45_2050,4803191.43529327,contraction
217339,5246685.3604977485,RCP45_2100,4283635.726712759,contraction
217339,5246685.3604977485,RCP85_2050,4463141.420361169,contraction
217339,5246685.3604977485,RCP85_2100,3047467.844557918,contraction
217340,4227746.6762352735,RCP45_2050,3130717.0758101996,contraction
217340,4227746.6762352735,RCP45_2100,2601527.694986998,contraction
217340,4227746.6762352735,RCP85_2050,2865534.7266974677,contraction
217340,4227746.6762352735,RCP85_2100,1599147.663398574,contraction
217341,7013603.299338668,RCP45_2050,7018736.504937915,expansion
217341,7013603.299338668,RCP45_2100,7393844.904427395,expansion
217341,7013603.299338668,RCP85_2050,7001682.065161409,contraction
217341,7013603.299338668,RCP85_2100,6927367.491030684,contraction
217342,2136998.673642437,RCP45_2050,2180241.2098002867,expansion
217342,2136998.673642437,RCP45_2100,2201122.588791524,expansion
217342,2136998.673642437,RCP85_2050,2187688.786588252,expansion
217342,2136998.673642437,RCP85_2100,2211496.9338509063,expansion
217347,1329659.5490481774,RCP45_2050,1491550.416367853,expansion
217347,1329659.5490481774,RCP45_2100,1522343.8421095083,expansion
217347,1329659.5490481774,RCP85_2050,1481166.654916147,expansion
217347,1329659.5490481774,RCP85_2100,1485629.8751883225,expansion
217348,6310830.8885096125,RCP45_2050,7203153.887705465,expansion
217348,6310830.8885096125,RCP45_2100,7726137.335055627,expansion
217348,6310830.8885096125,RCP85_2050,7407861.428975026,expansion
217348,6310830.8885096125,RCP85_2100,8020505.307629375,expansion
217350,10968464.697738392,RCP45_2050,6342330.183090436,contraction
217350,10968464.697738392,RCP45_2100,4454134.605361797,contraction
217350,10968464.697738392,RCP85_2050,5294477.392349584,contraction
217350,10968464.697738392,RCP85_2100,3489741.267228854,contraction
217352,18761072.794357028,RCP45_2050,19146663.50644506,expansion
217352,18761072.794357028,RCP45_2100,19458242.880153254,expansion
217352,18761072.794357028,RCP85_2050,19268977.143171918,expansion
217352,18761072.794357028,RCP85_2100,21022753.44642315,expansion
217355,5807230.5713123,RCP45_2050,4793410.295357976,contraction
217355,5807230.5713123,RCP45_2100,4239411.275526473,contraction
217355,5807230.5713123,RCP85_2050,4290000.828987458,contraction
217355,5807230.5713123,RCP85_2100,3688342.978586363,contraction
217356,8551514.718467306,RCP45_2050,8205323.85337237,contraction
217356,8551514.718467306,RCP45_2100,8333128.209437973,contraction
217356,8551514.718467306,RCP85_2050,8253877.353646466,contraction
217356,8551514.718467306,RCP85_2100,8929839.276370727,expansion
217359,3243006.5146854795,RCP45_2050,3214014.937503062,contraction
217359,3243006.5146854795,RCP45_2100,3197298.4443389345,contraction
217359,3243006.5146854795,RCP85_2050,3181079.4557034713,contraction
217359,3243006.5146854795,RCP85_2100,3109114.5816270546,contraction
217364,1380361.1435101964,RCP45_2050,1345437.0810347847,contraction
217364,1380361.1435101964,RCP45_2100,1363199.374044289,contraction
217364,1380361.1435101964,RCP85_2050,1344327.8691986245,contraction
217364,1380361.1435101964,RCP85_2100,1368272.6619268495,contraction
217367,1777442.484519047,RCP45_2050,1713791.5710342645,contraction
217367,1777442.484519047,RCP45_2100,1687839.5040791887,contraction
217367,1777442.484519047,RCP85_2050,1691029.0542201856,contraction
217367,1777442.484519047,RCP85_2100,1629363.1656244944,contraction
217371,1689758.805034348,RCP45_2050,1677606.5057407964,contraction
217371,1689758.805034348,RCP45_2100,1654867.1196072237,contraction
217371,1689758.805034348,RCP85_2050,1643946.8021666892,contraction
217371,1689758.805034348,RCP85_2100,1577849.9845809347,contraction
217373,1835195.2868966977,RCP45_2050,1826885.393593559,contraction
217373,1835195.2868966977,RCP45_2100,1861127.6845212574,expansion
217373,1835195.2868966977,RCP85_2050,1866306.4777895766,expansion
217373,1835195.2868966977,RCP85_2100,2000489.390865403,expansion
217374,6756605.356978801,RCP45_2050,6651343.1902199695,contraction
217374,6756605.356978801,RCP45_2100,6516354.693359553,contraction
217374,6756605.356978801,RCP85_2050,6547515.594086443,contraction
217374,6756605.356978801,RCP85_2100,6167601.496883803,contraction
217375,3569203.88407869,RCP45_2050,2992813.9041944593,contraction
217375,3569203.88407869,RCP45_2100,2577121.942655557,contraction
217375,3569203.88407869,RCP85_2050,2770387.6147385337,contraction
217375,3569203.88407869,RCP85_2100,1935349.93132403,contraction
217378,1146983.6568908768,RCP45_2050,1084377.1013584042,contraction
217378,1146983.6568908768,RCP45_2100,1069314.5933556648,contraction
217378,1146983.6568908768,RCP85_2050,1079916.7656678078,contraction
217378,1146983.6568908768,RCP85_2100,1045078.0805525909,contraction
217381,1047153.4593266977,RCP45_2050,998905.9134087302,contraction
217381,1047153.4593266977,RCP45_2100,996187.5796916377,contraction
217381,1047153.4593266977,RCP85_2050,984324.2598619075,contraction
217381,1047153.4593266977,RCP85_2100,908946.8629886955,contraction
217388,204360.73372632553,RCP45_2050,201189.14831258866,contraction
217388,204360.73372632553,RCP45_2100,203780.1233733875,contraction
217388,204360.73372632553,RCP85_2050,203100.92834396605,contraction
217388,204360.73372632553,RCP85_2100,202677.79732876323,contraction
217393,189284.54517382046,RCP45_2050,191586.63612204415,expansion
217393,189284.54517382046,RCP45_2100,192809.94345393364,expansion
217393,189284.54517382046,RCP85_2050,190765.75309635416,expansion
217393,189284.54517382046,RCP85_2100,194294.86331850872,expansion
217396,526199.2130841982,RCP45_2050,535936.6186974364,expansion
217396,526199.2130841982,RCP45_2100,779297.8906053145,expansion
217396,526199.2130841982,RCP85_2050,646921.7675857036,expansion
217396,526199.2130841982,RCP85_2100,778232.8012248978,expansion
217400,1435305.6508881114,RCP45_2050,1419645.816370627,contraction
217400,1435305.6508881114,RCP45_2100,1411890.9100179737,contraction
217400,1435305.6508881114,RCP85_2050,1427965.6827048634,contraction
217400,1435305.6508881114,RCP85_2100,1412030.7821945834,contraction
217413,2744799.068362005,RCP45_2050,2922404.203787205,expansion
217413,2744799.068362005,RCP45_2100,3113014.7356989356,expansion
217413,2744799.068362005,RCP85_2050,3131559.4220343106,expansion
217413,2744799.068362005,RCP85_2100,3419128.789216069,expansion
217419,1359552.3757566353,RCP45_2050,1223824.2468956863,contraction
217419,1359552.3757566353,RCP45_2100,1201560.4194420574,contraction
217419,1359552.3757566353,RCP85_2050,1222432.9341519945,contraction
217419,1359552.3757566353,RCP85_2100,1207471.8333228806,contraction
217424,13353662.208864989,RCP45_2050,12669721.970320905,contraction
217424,13353662.208864989,RCP45_2100,12299338.240313599,contraction
217424,13353662.208864989,RCP85_2050,12667603.436073786,contraction
217424,13353662.208864989,RCP85_2100,12129578.991670515,contraction
217426,2872527.0238186507,RCP45_2050,2374728.071671431,contraction
217426,2872527.0238186507,RCP45_2100,2153178.8285210677,contraction
217426,2872527.0238186507,RCP85_2050,2324682.2405362986,contraction
217426,2872527.0238186507,RCP85_2100,1531337.8436466446,contraction
217427,6232677.490257271,RCP45_2050,6020835.670228861,contraction
217427,6232677.490257271,RCP45_2100,5815725.726338142,contraction
217427,6232677.490257271,RCP85_2050,5879991.2076504445,contraction
217427,6232677.490257271,RCP85_2100,5051232.472959516,contraction
217428,2429512.6303033535,RCP45_2050,2526291.484762377,expansion
217428,2429512.6303033535,RCP45_2100,2568125.8961831145,expansion
217428,2429512.6303033535,RCP85_2050,2563071.6692582103,expansion
217428,2429512.6303033535,RCP85_2100,2725512.5222619567,expansion
217429,4629536.00548913,RCP45_2050,4708914.527845863,expansion
217429,4629536.00548913,RCP45_2100,4711532.242174229,expansion
217429,4629536.00548913,RCP85_2050,4736014.892859794,expansion
217429,4629536.00548913,RCP85_2100,4807485.578895692,expansion
217430,39275357.65666712,RCP45_2050,88856031.67089553,expansion
217430,39275357.65666712,RCP45_2100,120921765.37605284,expansion
217430,39275357.65666712,RCP85_2050,119828245.00778869,expansion
217430,39275357.65666712,RCP85_2100,216518820.54140824,expansion
217434,24853852.042825136,RCP45_2050,12539404.598305082,contraction
217434,24853852.042825136,RCP45_2100,8339673.851739814,contraction
217434,24853852.042825136,RCP85_2050,9761751.928213218,contraction
217434,24853852.042825136,RCP85_2100,5169624.004645263,contraction
217436,32049218.09647462,RCP45_2050,817812.932250032,contraction
217436,32049218.09647462,RCP45_2100,483313.9542699371,contraction
217436,32049218.09647462,RCP85_2050,723239.5303115693,contraction
217436,32049218.09647462,RCP85_2100,285058.8220211567,contraction
217438,2728081.5522084204,RCP45_2050,2472083.8076951033,contraction
217438,2728081.5522084204,RCP45_2100,2569986.4623388606,contraction
217438,2728081.5522084204,RCP85_2050,2474760.459407453,contraction
217438,2728081.5522084204,RCP85_2100,2555495.388526401,contraction
217454,282560.5310589957,RCP45_2050,2261820.128886356,expansion
217454,282560.5310589957,RCP45_2100,2344337.2254721075,expansion
217454,282560.5310589957,RCP85_2050,2356169.847531005,expansion
217454,282560.5310589957,RCP85_2100,2352862.7907964406,expansion
217455,12392280.03276286,RCP45_2050,11591445.812401984,contraction
217455,12392280.03276286,RCP45_2100,11921288.695842698,contraction
217455,12392280.03276286,RCP85_2050,11629764.210325098,contraction
217455,12392280.03276286,RCP85_2100,13728448.894680277,expansion
217456,5585678.151428795,RCP45_2050,5468572.627197976,contraction
217456,5585678.151428795,RCP45_2100,5325727.514373137,contraction
217456,5585678.151428795,RCP85_2050,5487775.903216808,contraction
217456,5585678.151428795,RCP85_2100,5127211.890140743,contraction
217458,2262588.5835566283,RCP45_2050,2280288.5195452385,expansion
217458,2262588.5835566283,RCP45_2100,2257165.1103142067,contraction
217458,2262588.5835566283,RCP85_2050,2273970.446813487,expansion
217458,2262588.5835566283,RCP85_2100,2245964.046031631,contraction
217628,3782481.648233155,RCP45_2050,3753794.1618833495,contraction
217628,3782481.648233155,RCP45_2100,3932318.511495966,expansion
217628,3782481.648233155,RCP85_2050,3769945.3697101735,contraction
217628,3782481.648233155,RCP85_2100,4041914.533889545,expansion
217637,601976.6105122743,RCP45_2050,484264.30979954905,contraction
217637,601976.6105122743,RCP45_2100,463531.75078280654,contraction
217637,601976.6105122743,RCP85_2050,478730.0773706056,contraction
217637,601976.6105122743,RCP85_2100,418244.11500617396,contraction
217638,391488.49140756845,RCP45_2050,378231.6699628416,contraction
217638,391488.49140756845,RCP45_2100,355258.26454279607,contraction
217638,391488.49140756845,RCP85_2050,377326.4267541954,contraction
217638,391488.49140756845,RCP85_2100,351870.68385455926,contraction
217643,168950.05606056176,RCP45_2050,158243.82445069164,contraction
217643,168950.05606056176,RCP45_2100,151940.9547091938,contraction
217643,168950.05606056176,RCP85_2050,154307.3582121445,contraction
217643,168950.05606056176,RCP85_2100,170031.85555460595,expansion
217644,135077.6062657565,RCP45_2050,129064.9119502343,contraction
217644,135077.6062657565,RCP45_2100,129402.54674683616,contraction
217644,135077.6062657565,RCP85_2050,128584.62054403739,contraction
217644,135077.6062657565,RCP85_2100,129042.77786206489,contraction
217646,184911.02662674643,RCP45_2050,185843.12467960242,expansion
217646,184911.02662674643,RCP45_2100,202274.67466613546,expansion
217646,184911.02662674643,RCP85_2050,189777.17364760753,expansion
217646,184911.02662674643,RCP85_2100,234335.25467661463,expansion
217647,212827.83364867012,RCP45_2050,198279.3194253297,contraction
217647,212827.83364867012,RCP45_2100,194280.84833525078,contraction
217647,212827.83364867012,RCP85_2050,196299.09391804208,contraction
217647,212827.83364867012,RCP85_2100,172487.57201752506,contraction
217652,510109.8275118382,RCP45_2050,504936.33188430633,contraction
217652,510109.8275118382,RCP45_2100,523841.75996190455,expansion
217652,510109.8275118382,RCP85_2050,514289.6417882572,expansion
217652,510109.8275118382,RCP85_2100,545236.887247061,expansion
217661,8865060.91551536,RCP45_2050,9288407.684539238,expansion
217661,8865060.91551536,RCP45_2100,9463890.560780922,expansion
217661,8865060.91551536,RCP85_2050,9314123.321594225,expansion
217661,8865060.91551536,RCP85_2100,9489734.403667439,expansion
217839,736745.0835341449,RCP45_2050,693677.9747433981,contraction
217839,736745.0835341449,RCP45_2100,675039.0273872317,contraction
217839,736745.0835341449,RCP85_2050,697030.0710000684,contraction
217839,736745.0835341449,RCP85_2100,683140.46984509,contraction
218197,8872298.196958158,RCP45_2050,8594621.819303872,contraction
218197,8872298.196958158,RCP45_2100,8767858.817051582,contraction
218197,8872298.196958158,RCP85_2050,8598058.910021868,contraction
218197,8872298.196958158,RCP85_2100,9128639.235373182,expansion
218218,8733436.848807357,RCP45_2050,8109269.12801461,contraction
218218,8733436.848807357,RCP45_2100,8153365.469825357,contraction
218218,8733436.848807357,RCP85_2050,8086980.766034622,contraction
218218,8733436.848807357,RCP85_2100,8267801.4839727115,contraction
218263,5968228.627562033,RCP45_2050,5607620.153014122,contraction
218263,5968228.627562033,RCP45_2100,5538704.388303098,contraction
218263,5968228.627562033,RCP85_2050,5365165.914242427,contraction
218263,5968228.627562033,RCP85_2100,5543487.163800815,contraction
218443,2138211.464137019,RCP45_2050,2196893.995704253,expansion
218443,2138211.464137019,RCP45_2100,2205926.9031291334,expansion
218443,2138211.464137019,RCP85_2050,2161358.5236607706,expansion
218443,2138211.464137019,RCP85_2100,2089104.3082978046,contraction
218595,222592.43073178417,RCP45_2050,218018.41253616763,contraction
218595,222592.43073178417,RCP45_2100,219155.71452586653,contraction
218595,222592.43073178417,RCP85_2050,215262.67673324796,contraction
218595,222592.43073178417,RCP85_2100,230296.04347967982,expansion
218597,212792.06556564878,RCP45_2050,217910.90714050684,expansion
218597,212792.06556564878,RCP45_2100,231330.34471101884,expansion
218597,212792.06556564878,RCP85_2050,216480.1453990798,expansion
218597,212792.06556564878,RCP85_2100,259433.16111480707,expansion
218598,327034.2686784123,RCP45_2050,320197.8164076336,contraction
218598,327034.2686784123,RCP45_2100,322030.8149003774,contraction
218598,327034.2686784123,RCP85_2050,322210.3070739564,contraction
218598,327034.2686784123,RCP85_2100,321626.1517205701,contraction
218601,289798.99771094153,RCP45_2050,287811.58059345285,contraction
218601,289798.99771094153,RCP45_2100,288279.97802692116,contraction
218601,289798.99771094153,RCP85_2050,289138.2569670125,contraction
218601,289798.99771094153,RCP85_2100,288821.3510664184,contraction
218604,284409.0678141191,RCP45_2050,309532.6286599925,expansion
218604,284409.0678141191,RCP45_2100,331146.09667616326,expansion
218604,284409.0678141191,RCP85_2050,311510.2230913584,expansion
218604,284409.0678141191,RCP85_2100,369834.29189171165,expansion
218605,518349.10552609694,RCP45_2050,539299.727272059,expansion
218605,518349.10552609694,RCP45_2100,559922.5869668234,expansion
218605,518349.10552609694,RCP85_2050,507219.23565051414,contraction
218605,518349.10552609694,RCP85_2100,516786.1758842462,contraction
218611,328153.9519299838,RCP45_2050,326736.73021505127,contraction
218611,328153.9519299838,RCP45_2100,333432.53572977346,expansion
218611,328153.9519299838,RCP85_2050,341137.31907510955,expansion
218611,328153.9519299838,RCP85_2100,370903.0406209797,expansion
218616,405603.24195513653,RCP45_2050,129748.44150649983,contraction
218616,405603.24195513653,RCP45_2100,114458.14902463576,contraction
218616,405603.24195513653,RCP85_2050,119530.822099346,contraction
218616,405603.24195513653,RCP85_2100,83472.08109207971,contraction
218617,353313.3771691571,RCP45_2050,151127.6571895881,contraction
218617,353313.3771691571,RCP45_2100,152630.7512278816,contraction
218617,353313.3771691571,RCP85_2050,153071.48772588323,contraction
218617,353313.3771691571,RCP85_2100,143643.90041574193,contraction
218624,446043.33304111275,RCP45_2050,434439.12321270286,contraction
218624,446043.33304111275,RCP45_2100,428333.0977813054,contraction
218624,446043.33304111275,RCP85_2050,445218.126291651,contraction
218624,446043.33304111275,RCP85_2100,421060.88180549705,contraction
218627,271363.3018110041,RCP45_2050,288302.0839601479,expansion
218627,271363.3018110041,RCP45_2100,296993.12453435507,expansion
218627,271363.3018110041,RCP85_2050,291367.6929081324,expansion
218627,271363.3018110041,RCP85_2100,317679.8014728082,expansion
218629,86232.55853067953,RCP45_2050,85864.66376112474,contraction
218629,86232.55853067953,RCP45_2100,85952.89637007905,contraction
218629,86232.55853067953,RCP85_2050,85801.02254582728,contraction
218629,86232.55853067953,RCP85_2100,87486.21762548076,expansion
218630,535417.3492172101,RCP45_2050,448602.80902171344,contraction
218630,535417.3492172101,RCP45_2100,473547.83272228314,contraction
218630,535417.3492172101,RCP85_2050,479139.7771233872,contraction
218630,535417.3492172101,RCP85_2100,464216.1191808195,contraction
218633,2444232.9434303585,RCP45_2050,2427030.4690108513,contraction
218633,2444232.9434303585,RCP45_2100,2396103.3825604385,contraction
218633,2444232.9434303585,RCP85_2050,2426136.0133202695,contraction
218633,2444232.9434303585,RCP85_2100,2324886.9005114157,contraction
218634,193266.74752214653,RCP45_2050,184905.3070887985,contraction
218634,193266.74752214653,RCP45_2100,183730.68288854143,contraction
218634,193266.74752214653,RCP85_2050,180108.03246843582,contraction
218634,193266.74752214653,RCP85_2100,194471.9369950686,expansion
218662,344021.14454969956,RCP45_2050,364331.7298206611,expansion
218662,344021.14454969956,RCP45_2100,372049.6294055847,expansion
218662,344021.14454969956,RCP85_2050,364135.19809891743,expansion
218662,344021.14454969956,RCP85_2100,372105.02316431556,expansion
218719,9452501.656616785,RCP45_2050,9311598.974124607,contraction
218719,9452501.656616785,RCP45_2100,9232316.337298667,contraction
218719,9452501.656616785,RCP85_2050,9269136.52418575,contraction
218719,9452501.656616785,RCP85_2100,9101685.919513213,contraction
218945,6839932.755749835,RCP45_2050,6018218.647717284,contraction
218945,6839932.755749835,RCP45_2100,6130247.966342253,contraction
218945,6839932.755749835,RCP85_2050,5896417.151362051,contraction
218945,6839932.755749835,RCP85_2100,6485579.419520511,contraction
218951,2764123.732386878,RCP45_2050,2074848.4437572248,contraction
218951,2764123.732386878,RCP45_2100,1522665.6033576739,contraction
218951,2764123.732386878,RCP85_2050,1668406.1492440237,contraction
218951,2764123.732386878,RCP85_2100,1076477.2332136729,contraction
219074,9589797.925073167,RCP45_2050,8983449.897475371,contraction
219074,9589797.925073167,RCP45_2100,8810518.856192889,contraction
219074,9589797.925073167,RCP85_2050,8918396.25871399,contraction
219074,9589797.925073167,RCP85_2100,8692366.170296231,contraction
219195,69712.55914535875,RCP45_2050,53223.58510086381,contraction
219195,69712.55914535875,RCP45_2100,68031.5743811235,contraction
219195,69712.55914535875,RCP85_2050,63814.629597020124,contraction
219195,69712.55914535875,RCP85_2100,73470.09982979168,expansion
219321,210926.82552073908,RCP45_2050,261203.14688961665,expansion
219321,210926.82552073908,RCP45_2100,237983.39510730992,expansion
219321,210926.82552073908,RCP85_2050,239491.85270894272,expansion
219321,210926.82552073908,RCP85_2100,195089.92157001453,contraction
219323,91558.94370309444,RCP45_2050,75060.11932391877,contraction
219323,91558.94370309444,RCP45_2100,75605.808841676,contraction
219323,91558.94370309444,RCP85_2050,72629.37583586105,contraction
219323,91558.94370309444,RCP85_2100,60916.59663889522,contraction
219393,6704426.55873415,RCP45_2050,5924091.487557331,contraction
219393,6704426.55873415,RCP45_2100,6021651.533259253,contraction
219393,6704426.55873415,RCP85_2050,5836820.960374888,contraction
219393,6704426.55873415,RCP85_2100,6117458.530029206,contraction
219480,727553.8009389119,RCP45_2050,845405.5645035976,expansion
219480,727553.8009389119,RCP45_2100,860265.5309350702,expansion
219480,727553.8009389119,RCP85_2050,857449.3284123148,expansion
219480,727553.8009389119,RCP85_2100,823642.98774258,expansion
219482,8528347.940947676,RCP45_2050,9231145.708610643,expansion
219482,8528347.940947676,RCP45_2100,9775170.261897366,expansion
219482,8528347.940947676,RCP85_2050,9217402.37520373,expansion
219482,8528347.940947676,RCP85_2100,10533489.008842018,expansion
219720,87293004.95997803,RCP45_2050,17116457.96415342,contraction
219720,87293004.95997803,RCP45_2100,29474569.165361624,contraction
219720,87293004.95997803,RCP85_2050,29143617.63987044,contraction
219720,87293004.95997803,RCP85_2100,12630939.41676548,contraction
219826,702343.9517589423,RCP45_2050,466028.98363417404,contraction
219826,702343.9517589423,RCP45_2100,470661.3467231624,contraction
219826,702343.9517589423,RCP85_2050,487938.2067628685,contraction
219826,702343.9517589423,RCP85_2100,446695.42839069,contraction
219923,252200.90860501793,RCP45_2050,120062.812800154,contraction
219923,252200.90860501793,RCP45_2100,118319.19846386142,contraction
219923,252200.90860501793,RCP85_2050,119595.13029109116,contraction
219923,252200.90860501793,RCP85_2100,111851.27984181506,contraction
220019,51579926.10830707,RCP45_2050,51594160.6128606,expansion
220019,51579926.10830707,RCP45_2100,35495637.88483945,contraction
220019,51579926.10830707,RCP85_2050,42404516.78379666,contraction
220019,51579926.10830707,RCP85_2100,16448432.448482245,contraction
220022,144010.79528830247,RCP45_2050,123067.68754553587,contraction
220022,144010.79528830247,RCP45_2100,123578.85710144068,contraction
220022,144010.79528830247,RCP85_2050,123311.40999181037,contraction
220022,144010.79528830247,RCP85_2100,124161.80855703959,contraction
220025,322087.2316323596,RCP45_2050,302672.7916357957,contraction
220025,322087.2316323596,RCP45_2100,257417.9066495775,contraction
220025,322087.2316323596,RCP85_2050,283535.8154631159,contraction
220025,322087.2316323596,RCP85_2100,168000.91627366233,contraction
220030,9160367.947650563,RCP45_2050,8229847.735474282,contraction
220030,9160367.947650563,RCP45_2100,8128822.541813614,contraction
220030,9160367.947650563,RCP85_2050,8225916.123037792,contraction
220030,9160367.947650563,RCP85_2100,8341690.300427323,contraction
220031,361502.51968941395,RCP45_2050,349578.81144491176,contraction
220031,361502.51968941395,RCP45_2100,348943.32067440485,contraction
220031,361502.51968941395,RCP85_2050,347761.0382569734,contraction
220031,361502.51968941395,RCP85_2100,350058.74070347624,contraction
220063,5484376.539977836,RCP45_2050,4868342.474447785,contraction
220063,5484376.539977836,RCP45_2100,4577139.12170334,contraction
220063,5484376.539977836,RCP85_2050,4562573.20873755,contraction
220063,5484376.539977836,RCP85_2100,4178935.153646251,contraction
220064,459270.2038161995,RCP45_2050,466437.5691578216,expansion
220064,459270.2038161995,RCP45_2100,470205.7909346618,expansion
220064,459270.2038161995,RCP85_2050,468756.4826123051,expansion
220064,459270.2038161995,RCP85_2100,473181.6799991666,expansion
220226,13670235.117483532,RCP45_2050,9683922.241704607,contraction
220226,13670235.117483532,RCP45_2100,8013947.987240743,contraction
220226,13670235.117483532,RCP85_2050,9282223.069642002,contraction
220226,13670235.117483532,RCP85_2100,6451344.005318262,contraction
220227,3239322.6972314357,RCP45_2050,3017011.029506354,contraction
220227,3239322.6972314357,RCP45_2100,2374174.132144875,contraction
220227,3239322.6972314357,RCP85_2050,2641006.4539839886,contraction
220227,3239322.6972314357,RCP85_2100,1323337.8954364809,contraction
220293,25197239.469280664,RCP45_2050,27408272.883172676,expansion
220293,25197239.469280664,RCP45_2100,29352869.133207142,expansion
220293,25197239.469280664,RCP85_2050,26969663.000293266,expansion
220293,25197239.469280664,RCP85_2100,28447036.39252542,expansion
220971,192381.57880421006,RCP45_2050,181730.24665746206,contraction
220971,192381.57880421006,RCP45_2100,166079.46308250033,contraction
220971,192381.57880421006,RCP85_2050,175026.352666138,contraction
220971,192381.57880421006,RCP85_2100,145979.0884723935,contraction
221461,2718474.999435421,RCP45_2050,2374206.4072795226,contraction
221461,2718474.999435421,RCP45_2100,2263029.7146257246,contraction
221461,2718474.999435421,RCP85_2050,2365409.7073285254,contraction
221461,2718474.999435421,RCP85_2100,2113133.5695264786,contraction
224280,222509.09226913165,RCP45_2050,181128.55868024228,contraction
224280,222509.09226913165,RCP45_2100,160732.18348548334,contraction
224280,222509.09226913165,RCP85_2050,179362.79662895194,contraction
224280,222509.09226913165,RCP85_2100,134183.2651221821,contraction
224286,256424.8661996636,RCP45_2050,220316.6387730868,contraction
224286,256424.8661996636,RCP45_2100,203371.06574118778,contraction
224286,256424.8661996636,RCP85_2050,220259.35813000292,contraction
224286,256424.8661996636,RCP85_2100,182284.7514294731,contraction
224287,148486.10241412697,RCP45_2050,106675.78158054396,contraction
224287,148486.10241412697,RCP45_2100,77943.48659577243,contraction
224287,148486.10241412697,RCP85_2050,105873.45964813133,contraction
224287,148486.10241412697,RCP85_2100,65814.85678594833,contraction
224297,221724.5150119912,RCP45_2050,222544.4892748632,expansion
224297,221724.5150119912,RCP45_2100,229586.6812101355,expansion
224297,221724.5150119912,RCP85_2050,223480.76790542432,expansion
224297,221724.5150119912,RCP85_2100,243263.86785443226,expansion
224304,176421.992291412,RCP45_2050,168486.9484882945,contraction
224304,176421.992291412,RCP45_2100,162287.44634576654,contraction
224304,176421.992291412,RCP85_2050,167669.6587646503,contraction
224304,176421.992291412,RCP85_2100,157658.00467587422,contraction
224480,156465.83291519972,RCP45_2050,127634.10373795855,contraction
224480,156465.83291519972,RCP45_2100,114497.29141068364,contraction
224480,156465.83291519972,RCP85_2050,129438.35811324825,contraction
224480,156465.83291519972,RCP85_2100,111085.59617616888,contraction
224487,214924.82026928323,RCP45_2050,227940.5116815183,expansion
224487,214924.82026928323,RCP45_2100,219638.75067768217,expansion
224487,214924.82026928323,RCP85_2050,226363.7952800784,expansion
224487,214924.82026928323,RCP85_2100,221649.31580199237,expansion
231405,94998769.46400198,RCP45_2050,70962795.02803041,contraction
231405,94998769.46400198,RCP45_2100,67773277.78017034,contraction
231405,94998769.46400198,RCP85_2050,68163201.20190385,contraction
231405,94998769.46400198,RCP85_2100,59005751.58563457,contraction
231422,276783.0805926634,RCP45_2050,259859.95144361298,contraction
231422,276783.0805926634,RCP45_2100,217946.64008168047,contraction
231422,276783.0805926634,RCP85_2050,227891.93559978245,contraction
231422,276783.0805926634,RCP85_2100,132680.75804919619,contraction
234586,1113866.2671468034,RCP45_2050,981038.655142952,contraction
234586,1113866.2671468034,RCP45_2100,925147.0625474097,contraction
234586,1113866.2671468034,RCP85_2050,955811.8575700514,contraction
234586,1113866.2671468034,RCP85_2100,796874.0555522603,contraction
234667,732720.2790312137,RCP45_2050,589838.3894178943,contraction
234667,732720.2790312137,RCP45_2100,739040.4119788518,expansion
234667,732720.2790312137,RCP85_2050,605032.6885563792,contraction
234667,732720.2790312137,RCP85_2100,921660.7649374199,expansion
234719,539982.4574126209,RCP45_2050,286623.76598863746,contraction
234719,539982.4574126209,RCP45_2100,271838.8916102943,contraction
234719,539982.4574126209,RCP85_2050,257861.99166996236,contraction
234719,539982.4574126209,RCP85_2100,220278.03449899875,contraction
234725,1003360.4845745146,RCP45_2050,951082.8071196732,contraction
234725,1003360.4845745146,RCP45_2100,932058.9291480496,contraction
234725,1003360.4845745146,RCP85_2050,958684.5786522335,contraction
234725,1003360.4845745146,RCP85_2100,1105061.824894046,expansion
234785,317054.60072236374,RCP45_2050,300710.42193101195,contraction
234785,317054.60072236374,RCP45_2100,298230.0131380952,contraction
234785,317054.60072236374,RCP85_2050,284936.46678697766,contraction
234785,317054.60072236374,RCP85_2100,269417.39434926916,contraction
238270,4047657.772440264,RCP45_2050,3965078.5090107126,contraction
238270,4047657.772440264,RCP45_2100,3966113.0567110386,contraction
238270,4047657.772440264,RCP85_2050,3957420.075434579,contraction
238270,4047657.772440264,RCP85_2100,4044063.55162465,contraction
238345,98975.92426006074,RCP45_2050,139295.52954446326,expansion
238345,98975.92426006074,RCP45_2100,170764.67792540745,expansion
238345,98975.92426006074,RCP85_2050,150145.70213445573,expansion
238345,98975.92426006074,RCP85_2100,212670.3256258085,expansion
240764,646803.0601202921,RCP45_2050,861499.321050251,expansion
240764,646803.0601202921,RCP45_2100,1086169.926578944,expansion
240764,646803.0601202921,RCP85_2050,996114.8056923712,expansion
240764,646803.0601202921,RCP85_2100,1381531.3389926795,expansion
241297,638263.9883627672,RCP45_2050,569435.0298502662,contraction
241297,638263.9883627672,RCP45_2100,533274.6530278237,contraction
241297,638263.9883627672,RCP85_2050,581008.67244846,contraction
241297,638263.9883627672,RCP85_2100,576606.3756752117,contraction
241776,1030818.8371227885,RCP45_2050,0,spp range loss
241776,1030818.8371227885,RCP45_2100,0,spp range loss
241776,1030818.8371227885,RCP85_2050,0,spp range loss
241776,1030818.8371227885,RCP85_2100,0,spp range loss
242598,977641.180749278,RCP45_2050,1226112.2306947166,expansion
242598,977641.180749278,RCP45_2100,1666674.36269908,expansion
242598,977641.180749278,RCP85_2050,1381700.9138813277,expansion
242598,977641.180749278,RCP85_2100,2988853.743179372,expansion
254964,851235.3434543825,RCP45_2050,2142087.7613148107,expansion
254964,851235.3434543825,RCP45_2100,2340415.530717831,expansion
254964,851235.3434543825,RCP85_2050,2236981.7652566764,expansion
254964,851235.3434543825,RCP85_2100,2408733.473540456,expansion
254974,10127521.697746426,RCP45_2050,8355513.879587947,contraction
254974,10127521.697746426,RCP45_2100,8796395.659161123,contraction
254974,10127521.697746426,RCP85_2050,8224137.723881352,contraction
254974,10127521.697746426,RCP85_2100,6898665.739707653,contraction
254978,267462.7692921035,RCP45_2050,259328.4016653313,contraction
254978,267462.7692921035,RCP45_2100,312668.3794679789,expansion
254978,267462.7692921035,RCP85_2050,246995.60748379835,contraction
254978,267462.7692921035,RCP85_2100,263235.32298124844,contraction
254979,159206.63070387274,RCP45_2050,124565.82838266497,contraction
254979,159206.63070387274,RCP45_2100,120938.69664399329,contraction
254979,159206.63070387274,RCP85_2050,132701.9279187025,contraction
254979,159206.63070387274,RCP85_2100,80254.11065280925,contraction
254983,28046526.874043282,RCP45_2050,1415838.578468673,contraction
254983,28046526.874043282,RCP45_2100,907465.678462491,contraction
254983,28046526.874043282,RCP85_2050,1018995.2160622111,contraction
254983,28046526.874043282,RCP85_2100,745969.8475289876,contraction
254985,6870065.271575351,RCP45_2050,2927830.27820612,contraction
254985,6870065.271575351,RCP45_2100,1681596.9717185348,contraction
254985,6870065.271575351,RCP85_2050,2098396.340956411,contraction
254985,6870065.271575351,RCP85_2100,714018.8937220958,contraction
254991,13530689.524643235,RCP45_2050,11425154.71007051,contraction
254991,13530689.524643235,RCP45_2100,10000116.351356782,contraction
254991,13530689.524643235,RCP85_2050,11027247.247447114,contraction
254991,13530689.524643235,RCP85_2100,7307131.855052607,contraction
254992,2935663.901915474,RCP45_2050,2528384.6943286224,contraction
254992,2935663.901915474,RCP45_2100,2013005.6725441916,contraction
254992,2935663.901915474,RCP85_2050,2339623.9964070697,contraction
254992,2935663.901915474,RCP85_2100,727124.1371546519,contraction
254997,5538858.656398551,RCP45_2050,5409869.554572479,contraction
254997,5538858.656398551,RCP45_2100,5645578.997000835,expansion
254997,5538858.656398551,RCP85_2050,4998832.845343468,contraction
254997,5538858.656398551,RCP85_2100,5722341.356734855,expansion
254999,2521429.473354669,RCP45_2050,3844074.5354111944,expansion
254999,2521429.473354669,RCP45_2100,4734899.752228642,expansion
254999,2521429.473354669,RCP85_2050,4249408.343356121,expansion
254999,2521429.473354669,RCP85_2100,6217192.897543527,expansion
255005,1034294.909997831,RCP45_2050,1053243.0056937512,expansion
255005,1034294.909997831,RCP45_2100,1132256.058275728,expansion
255005,1034294.909997831,RCP85_2050,943492.7419378265,contraction
255005,1034294.909997831,RCP85_2100,1061771.528091482,expansion
255008,1091318.1968399668,RCP45_2050,1080767.6290313366,contraction
255008,1091318.1968399668,RCP45_2100,1259886.799349802,expansion
255008,1091318.1968399668,RCP85_2050,931757.6206684511,contraction
255008,1091318.1968399668,RCP85_2100,1116095.617097245,expansion
271303,3027873.9502066323,RCP45_2050,3196305.667421374,expansion
271303,3027873.9502066323,RCP45_2100,3448212.3435252076,expansion
271303,3027873.9502066323,RCP85_2050,3257355.4728623736,expansion
271303,3027873.9502066323,RCP85_2100,3798767.494396379,expansion
271319,410586.3738419859,RCP45_2050,588899.0007037495,expansion
271319,410586.3738419859,RCP45_2100,608016.3399900448,expansion
271319,410586.3738419859,RCP85_2050,585185.4944775176,expansion
271319,410586.3738419859,RCP85_2100,540624.0512176869,expansion
271322,3045211.188009543,RCP45_2050,2403932.545208506,contraction
271322,3045211.188009543,RCP45_2100,2059172.835272433,contraction
271322,3045211.188009543,RCP85_2050,2095782.9893166644,contraction
271322,3045211.188009543,RCP85_2100,1363783.3040484262,contraction
271323,795551.9474488518,RCP45_2050,791696.0773619848,contraction
271323,795551.9474488518,RCP45_2100,712004.7965664349,contraction
271323,795551.9474488518,RCP85_2050,735484.8095543464,contraction
271323,795551.9474488518,RCP85_2100,587146.3413830326,contraction
271324,2160877.2111527,RCP45_2050,1539985.104004247,contraction
271324,2160877.2111527,RCP45_2100,1678485.7893093503,contraction
271324,2160877.2111527,RCP85_2050,1496136.440582222,contraction
271324,2160877.2111527,RCP85_2100,1431356.4694790123,contraction
271326,1260948.0714769298,RCP45_2050,1288866.4125109506,expansion
271326,1260948.0714769298,RCP45_2100,1279291.86056391,expansion
271326,1260948.0714769298,RCP85_2050,1289743.7932217275,expansion
271326,1260948.0714769298,RCP85_2100,1278428.222992576,expansion
271327,928459.6708563092,RCP45_2050,972849.5904797491,expansion
271327,928459.6708563092,RCP45_2100,991511.3156750186,expansion
271327,928459.6708563092,RCP85_2050,967976.8988425097,expansion
271327,928459.6708563092,RCP85_2100,992143.698741392,expansion
271328,4876299.190291316,RCP45_2050,5254027.234504048,expansion
271328,4876299.190291316,RCP45_2100,5862365.121833895,expansion
271328,4876299.190291316,RCP85_2050,5181229.207835254,expansion
271328,4876299.190291316,RCP85_2100,5877599.329944231,expansion
271331,728754.4906594675,RCP45_2050,649312.1776266899,contraction
271331,728754.4906594675,RCP45_2100,602614.0254794968,contraction
271331,728754.4906594675,RCP85_2050,657732.7840752202,contraction
271331,728754.4906594675,RCP85_2100,537493.3634033536,contraction
271361,100585.04996840516,RCP45_2050,45822.48518224761,contraction
271361,100585.04996840516,RCP45_2100,32711.8745886936,contraction
271361,100585.04996840516,RCP85_2050,40872.05658468076,contraction
271361,100585.04996840516,RCP85_2100,24704.52926050303,contraction
271364,1732724.0009545274,RCP45_2050,2028996.3624821913,expansion
271364,1732724.0009545274,RCP45_2100,2145732.047068712,expansion
271364,1732724.0009545274,RCP85_2050,2002799.3500892024,expansion
271364,1732724.0009545274,RCP85_2100,2109037.3958498132,expansion
271377,723339.147966602,RCP45_2050,820234.0070514835,expansion
271377,723339.147966602,RCP45_2100,920361.9452847844,expansion
271377,723339.147966602,RCP85_2050,692080.835917464,contraction
271377,723339.147966602,RCP85_2100,806356.3667369523,expansion
271379,5675384.186701601,RCP45_2050,5788423.720064331,expansion
271379,5675384.186701601,RCP45_2100,6129153.055539814,expansion
271379,5675384.186701601,RCP85_2050,5645018.912955668,contraction
271379,5675384.186701601,RCP85_2100,6086136.394757201,expansion
271382,340375.9965545568,RCP45_2050,362077.39211215,expansion
271382,340375.9965545568,RCP45_2100,353195.66001723625,expansion
271382,340375.9965545568,RCP85_2050,360052.5748269056,expansion
271382,340375.9965545568,RCP85_2100,351177.0077077066,expansion
271383,554912.0281246874,RCP45_2050,360321.5220214732,contraction
271383,554912.0281246874,RCP45_2100,341230.5469047928,contraction
271383,554912.0281246874,RCP85_2050,354877.01976149913,contraction
271383,554912.0281246874,RCP85_2100,341818.88148415374,contraction
271384,1771704.7348260384,RCP45_2050,1693490.5744610021,contraction
271384,1771704.7348260384,RCP45_2100,1573411.4024190067,contraction
271384,1771704.7348260384,RCP85_2050,1617651.268362279,contraction
271384,1771704.7348260384,RCP85_2100,1346020.927007576,contraction
271387,2019872.127433565,RCP45_2050,1938983.7768885337,contraction
271387,2019872.127433565,RCP45_2100,1904837.464182401,contraction
271387,2019872.127433565,RCP85_2050,1954076.5870269323,contraction
271387,2019872.127433565,RCP85_2100,1934296.1717883812,contraction
271389,496103.72493233107,RCP45_2050,431797.09340150113,contraction
271389,496103.72493233107,RCP45_2100,434972.2330931791,contraction
271389,496103.72493233107,RCP85_2050,426033.939899724,contraction
271389,496103.72493233107,RCP85_2100,429200.11781470285,contraction
271390,656413.0421173506,RCP45_2050,836423.5585243593,expansion
271390,656413.0421173506,RCP45_2100,994879.0350472172,expansion
271390,656413.0421173506,RCP85_2050,909084.4724765942,expansion
271390,656413.0421173506,RCP85_2100,1169025.2950006106,expansion
271391,419609.99787809345,RCP45_2050,354528.9473269911,contraction
271391,419609.99787809345,RCP45_2100,319155.69374916126,contraction
271391,419609.99787809345,RCP85_2050,337822.0992527908,contraction
271391,419609.99787809345,RCP85_2100,251944.23886361523,contraction
271392,1590039.8200376201,RCP45_2050,1619021.5512137427,expansion
271392,1590039.8200376201,RCP45_2100,1417363.5353953678,contraction
271392,1590039.8200376201,RCP85_2050,1548714.5889991173,contraction
271392,1590039.8200376201,RCP85_2100,1095486.6434907129,contraction
271393,751516.5893113398,RCP45_2050,778323.2955742155,expansion
271393,751516.5893113398,RCP45_2100,858011.8989557612,expansion
271393,751516.5893113398,RCP85_2050,815928.3509577895,expansion
271393,751516.5893113398,RCP85_2100,1063079.703037921,expansion
271395,186846.7231462417,RCP45_2050,188829.4948060052,expansion
271395,186846.7231462417,RCP45_2100,193313.7675915578,expansion
271395,186846.7231462417,RCP85_2050,186518.54660635334,contraction
271395,186846.7231462417,RCP85_2100,193324.63655441214,expansion
271401,1993474.3215135818,RCP45_2050,1395954.9094454392,contraction
271401,1993474.3215135818,RCP45_2100,1332500.1811567289,contraction
271401,1993474.3215135818,RCP85_2050,1395791.5081323718,contraction
271401,1993474.3215135818,RCP85_2100,1237982.881215373,contraction
271412,150177.58658298338,RCP45_2050,142007.4244858908,contraction
271412,150177.58658298338,RCP45_2100,157859.78165154374,expansion
271412,150177.58658298338,RCP85_2050,140377.96520469704,contraction
271412,150177.58658298338,RCP85_2100,159091.42141885668,expansion
271414,1841808.133722843,RCP45_2050,764955.9686864065,contraction
271414,1841808.133722843,RCP45_2100,775508.5692887013,contraction
271414,1841808.133722843,RCP85_2050,755830.4322899921,contraction
271414,1841808.133722843,RCP85_2100,1118188.8476199473,contraction
271422,1973135.3817733894,RCP45_2050,2193482.11030143,expansion
271422,1973135.3817733894,RCP45_2100,2285194.141968452,expansion
271422,1973135.3817733894,RCP85_2050,2259722.517475618,expansion
271422,1973135.3817733894,RCP85_2100,2395204.1659184857,expansion
271436,466241.16094506276,RCP45_2050,480484.90711985534,expansion
271436,466241.16094506276,RCP45_2100,496326.5324876075,expansion
271436,466241.16094506276,RCP85_2050,489667.1184455316,expansion
271436,466241.16094506276,RCP85_2100,551344.6086133332,expansion
271445,1576426.5676560835,RCP45_2050,1627022.460067752,expansion
271445,1576426.5676560835,RCP45_2100,1670838.2383758943,expansion
271445,1576426.5676560835,RCP85_2050,1641559.518970677,expansion
271445,1576426.5676560835,RCP85_2100,1690826.8423324637,expansion
271476,547737.4961916335,RCP45_2050,545909.7727513245,contraction
271476,547737.4961916335,RCP45_2100,556271.0884846307,expansion
271476,547737.4961916335,RCP85_2050,534261.5289349698,contraction
271476,547737.4961916335,RCP85_2100,552058.3327839233,expansion
271479,454657.70134850877,RCP45_2050,455639.52085161256,expansion
271479,454657.70134850877,RCP45_2100,458554.12438554096,expansion
271479,454657.70134850877,RCP85_2050,455076.08236001333,expansion
271479,454657.70134850877,RCP85_2100,458339.805997932,expansion
271482,8228183.547042029,RCP45_2050,4991336.679482449,contraction
271482,8228183.547042029,RCP45_2100,2157772.378582548,contraction
271482,8228183.547042029,RCP85_2050,2722745.661830405,contraction
271482,8228183.547042029,RCP85_2100,868261.6869402729,contraction
271486,225907.16472260345,RCP45_2050,238180.01403060358,expansion
271486,225907.16472260345,RCP45_2100,243688.85686313856,expansion
271486,225907.16472260345,RCP85_2050,239633.95577136977,expansion
271486,225907.16472260345,RCP85_2100,245274.53336874902,expansion
271487,665800.1364561152,RCP45_2050,745020.9990169627,expansion
271487,665800.1364561152,RCP45_2100,734204.3858428691,expansion
271487,665800.1364561152,RCP85_2050,755580.8377667416,expansion
271487,665800.1364561152,RCP85_2100,717862.2843014434,expansion
271488,2399305.473564561,RCP45_2050,2189282.2704695477,contraction
271488,2399305.473564561,RCP45_2100,2282709.247074165,contraction
271488,2399305.473564561,RCP85_2050,2168718.8837546767,contraction
271488,2399305.473564561,RCP85_2100,2376833.7110051666,contraction
271489,496342.4286942494,RCP45_2050,494600.66696820396,contraction
271489,496342.4286942494,RCP45_2100,498027.5575632692,expansion
271489,496342.4286942494,RCP85_2050,470754.62815683754,contraction
271489,496342.4286942494,RCP85_2100,479381.7217332375,contraction
271490,197846.7249874725,RCP45_2050,203587.07799043157,expansion
271490,197846.7249874725,RCP45_2100,207559.27800817767,expansion
271490,197846.7249874725,RCP85_2050,200836.38852046843,expansion
271490,197846.7249874725,RCP85_2100,204771.80523291463,expansion
271492,917733.7723421982,RCP45_2050,950733.7909738092,expansion
271492,917733.7723421982,RCP45_2100,968208.366392804,expansion
271492,917733.7723421982,RCP85_2050,955325.5727694205,expansion
271492,917733.7723421982,RCP85_2100,1043443.4906114013,expansion
271495,1559528.084518594,RCP45_2050,1719841.599930871,expansion
271495,1559528.084518594,RCP45_2100,1731535.2359922829,expansion
271495,1559528.084518594,RCP85_2050,1740452.6102592165,expansion
271495,1559528.084518594,RCP85_2100,1715106.9578732396,expansion
271496,4916157.262583378,RCP45_2050,5030322.026808982,expansion
271496,4916157.262583378,RCP45_2100,5041001.936767975,expansion
271496,4916157.262583378,RCP85_2050,5102885.876483259,expansion
271496,4916157.262583378,RCP85_2100,5177715.137816003,expansion
271498,810921.8401566967,RCP45_2050,751968.7588750285,contraction
271498,810921.8401566967,RCP45_2100,759436.2340699135,contraction
271498,810921.8401566967,RCP85_2050,737460.979675108,contraction
271498,810921.8401566967,RCP85_2100,754354.658374052,contraction
271501,381534.4817484228,RCP45_2050,410638.0394431788,expansion
271501,381534.4817484228,RCP45_2100,418504.4615781045,expansion
271501,381534.4817484228,RCP85_2050,406262.8963196317,expansion
271501,381534.4817484228,RCP85_2100,422526.87384262047,expansion
271505,1453884.8619316176,RCP45_2050,1318851.5754572519,contraction
271505,1453884.8619316176,RCP45_2100,1249407.3256328653,contraction
271505,1453884.8619316176,RCP85_2050,1271137.472667928,contraction
271505,1453884.8619316176,RCP85_2100,1112257.2332044058,contraction
271509,1311814.0585094723,RCP45_2050,1251800.944413371,contraction
271509,1311814.0585094723,RCP45_2100,1195383.7516369696,contraction
271509,1311814.0585094723,RCP85_2050,1218259.4066542878,contraction
271509,1311814.0585094723,RCP85_2100,1012606.617341316,contraction
271519,1019337.2655977072,RCP45_2050,977473.3843722744,contraction
271519,1019337.2655977072,RCP45_2100,934763.7117657753,contraction
271519,1019337.2655977072,RCP85_2050,944990.5420336055,contraction
271519,1019337.2655977072,RCP85_2100,745672.8780468683,contraction
271525,1486067.2597220542,RCP45_2050,1535761.0630286166,expansion
271525,1486067.2597220542,RCP45_2100,1510260.9235700306,expansion
271525,1486067.2597220542,RCP85_2050,1517140.0687241424,expansion
271525,1486067.2597220542,RCP85_2100,1451392.8618313887,contraction
271535,1744386.0733242077,RCP45_2050,1245306.9148486413,contraction
271535,1744386.0733242077,RCP45_2100,1074698.143181254,contraction
271535,1744386.0733242077,RCP85_2050,1238410.3618733068,contraction
271535,1744386.0733242077,RCP85_2100,689114.9633296614,contraction
271537,284621.12484884827,RCP45_2050,361933.05273970246,expansion
271537,284621.12484884827,RCP45_2100,441611.5687524334,expansion
271537,284621.12484884827,RCP85_2050,380470.7653676459,expansion
271537,284621.12484884827,RCP85_2100,459078.3199243054,expansion
271542,234032.45600361656,RCP45_2050,235740.35565275262,expansion
271542,234032.45600361656,RCP45_2100,234651.25715317042,expansion
271542,234032.45600361656,RCP85_2050,234311.45670162505,expansion
271542,234032.45600361656,RCP85_2100,239554.1040601543,expansion
271547,582669.078145653,RCP45_2050,186371.18874542502,contraction
271547,582669.078145653,RCP45_2100,171336.64050833366,contraction
271547,582669.078145653,RCP85_2050,166667.8645943801,contraction
271547,582669.078145653,RCP85_2100,142812.4241922226,contraction
271548,696984.1620026956,RCP45_2050,619273.68101106,contraction
271548,696984.1620026956,RCP45_2100,705441.2835148937,expansion
271548,696984.1620026956,RCP85_2050,613373.8845427544,contraction
271548,696984.1620026956,RCP85_2100,827801.5278765616,expansion
271552,337457.93283287366,RCP45_2050,343511.518617069,expansion
271552,337457.93283287366,RCP45_2100,284105.62405192334,contraction
271552,337457.93283287366,RCP85_2050,320709.4853067989,contraction
271552,337457.93283287366,RCP85_2100,325721.31576949416,contraction
271553,581178.321429488,RCP45_2050,402168.97966783325,contraction
271553,581178.321429488,RCP45_2100,414703.74697709363,contraction
271553,581178.321429488,RCP85_2050,392706.84547078493,contraction
271553,581178.321429488,RCP85_2100,402970.26404597046,contraction
271554,185112.55113950156,RCP45_2050,80036.77247337,contraction
271554,185112.55113950156,RCP45_2100,55686.96734664815,contraction
271554,185112.55113950156,RCP85_2050,62472.76402046626,contraction
271554,185112.55113950156,RCP85_2100,39856.098336767485,contraction
271561,1056420.0139308074,RCP45_2050,1029560.5776248602,contraction
271561,1056420.0139308074,RCP45_2100,967708.4977930897,contraction
271561,1056420.0139308074,RCP85_2050,987432.7937632559,contraction
271561,1056420.0139308074,RCP85_2100,810104.6369251441,contraction
271562,528774.6466648713,RCP45_2050,853823.0932471084,expansion
271562,528774.6466648713,RCP45_2100,995322.3124947415,expansion
271562,528774.6466648713,RCP85_2050,912181.6262938232,expansion
271562,528774.6466648713,RCP85_2100,1207246.720374882,expansion
271565,665429.7091695695,RCP45_2050,661461.1422299678,contraction
271565,665429.7091695695,RCP45_2100,661372.5662559668,contraction
271565,665429.7091695695,RCP85_2050,690006.2971893256,expansion
271565,665429.7091695695,RCP85_2100,711863.9177762782,expansion
271593,406816.9057806961,RCP45_2050,420088.76325514,expansion
271593,406816.9057806961,RCP45_2100,424310.4776567444,expansion
271593,406816.9057806961,RCP85_2050,418094.41789133457,expansion
271593,406816.9057806961,RCP85_2100,428828.5891745665,expansion
271594,847276.5124173805,RCP45_2050,688529.7103859081,contraction
271594,847276.5124173805,RCP45_2100,588889.4441493361,contraction
271594,847276.5124173805,RCP85_2050,638219.2446379157,contraction
271594,847276.5124173805,RCP85_2100,387486.13100724237,contraction
271598,904831.6972281651,RCP45_2050,934911.712093471,expansion
271598,904831.6972281651,RCP45_2100,952276.0079457287,expansion
271598,904831.6972281651,RCP85_2050,949094.5395962602,expansion
271598,904831.6972281651,RCP85_2100,968098.68169576,expansion
271599,502418.0616655148,RCP45_2050,529857.622361434,expansion
271599,502418.0616655148,RCP45_2100,545016.7203827099,expansion
271599,502418.0616655148,RCP85_2050,535528.4684705209,expansion
271599,502418.0616655148,RCP85_2100,589645.6306543399,expansion
271601,406921.109690432,RCP45_2050,244463.5234871537,contraction
271601,406921.109690432,RCP45_2100,174312.96488517922,contraction
271601,406921.109690432,RCP85_2050,216478.32870831268,contraction
271601,406921.109690432,RCP85_2100,135319.83672669012,contraction
271616,1798825.6763909035,RCP45_2050,1223293.4612243765,contraction
271616,1798825.6763909035,RCP45_2100,1159139.6228662585,contraction
271616,1798825.6763909035,RCP85_2050,1213672.9592682186,contraction
271616,1798825.6763909035,RCP85_2100,1076452.0939321541,contraction
271617,673563.6468335583,RCP45_2050,597612.5423485768,contraction
271617,673563.6468335583,RCP45_2100,520931.6611370069,contraction
271617,673563.6468335583,RCP85_2050,539007.3711144936,contraction
271617,673563.6468335583,RCP85_2100,482220.5617340115,contraction
271618,842482.4013290684,RCP45_2050,845958.7749904203,expansion
271618,842482.4013290684,RCP45_2100,891744.8834653748,expansion
271618,842482.4013290684,RCP85_2050,845505.2122168426,expansion
271618,842482.4013290684,RCP85_2100,931187.6081058223,expansion
271619,1227193.5108049319,RCP45_2050,1231230.2243393487,expansion
271619,1227193.5108049319,RCP45_2100,1210758.1596658486,contraction
271619,1227193.5108049319,RCP85_2050,1229317.8568407975,expansion
271619,1227193.5108049319,RCP85_2100,1217688.0855843392,contraction
271620,365468.58907483506,RCP45_2050,314271.24293726194,contraction
271620,365468.58907483506,RCP45_2100,297409.22473959555,contraction
271620,365468.58907483506,RCP85_2050,320261.5521945003,contraction
271620,365468.58907483506,RCP85_2100,308056.6750499436,contraction
271621,252941.38153492368,RCP45_2050,224295.9746127928,contraction
271621,252941.38153492368,RCP45_2100,207252.2841000876,contraction
271621,252941.38153492368,RCP85_2050,220872.42192804808,contraction
271621,252941.38153492368,RCP85_2100,172820.23381051555,contraction
271648,1180446.3282007482,RCP45_2050,862366.332707057,contraction
271648,1180446.3282007482,RCP45_2100,815833.8493765442,contraction
271648,1180446.3282007482,RCP85_2050,766838.3584835912,contraction
271648,1180446.3282007482,RCP85_2100,722295.3492439367,contraction
271650,764027.01248537,RCP45_2050,520371.9866593362,contraction
271650,764027.01248537,RCP45_2100,471699.23885004356,contraction
271650,764027.01248537,RCP85_2050,513860.6849977709,contraction
271650,764027.01248537,RCP85_2100,363680.0447314339,contraction
271654,2311160.959179598,RCP45_2050,3493285.903487655,expansion
271654,2311160.959179598,RCP45_2100,3872453.3734725565,expansion
271654,2311160.959179598,RCP85_2050,3640740.7434963235,expansion
271654,2311160.959179598,RCP85_2100,4517564.697602745,expansion
271658,1140535.3357215656,RCP45_2050,1059948.6194778716,contraction
271658,1140535.3357215656,RCP45_2100,1035710.7260323992,contraction
271658,1140535.3357215656,RCP85_2050,1053234.757844002,contraction
271658,1140535.3357215656,RCP85_2100,944694.7999753663,contraction
271661,1268287.061352207,RCP45_2050,1262389.3645935024,contraction
271661,1268287.061352207,RCP45_2100,1238812.312902295,contraction
271661,1268287.061352207,RCP85_2050,1248478.5266576558,contraction
271661,1268287.061352207,RCP85_2100,1157687.0892708346,contraction
271663,626596.393738526,RCP45_2050,600732.0178719031,contraction
271663,626596.393738526,RCP45_2100,611826.5535120869,contraction
271663,626596.393738526,RCP85_2050,610705.1200759268,contraction
271663,626596.393738526,RCP85_2100,632438.3113671232,expansion
271664,615309.5556807804,RCP45_2050,551385.9174803137,contraction
271664,615309.5556807804,RCP45_2100,515711.78118250874,contraction
271664,615309.5556807804,RCP85_2050,541811.589492999,contraction
271664,615309.5556807804,RCP85_2100,530930.2503393167,contraction
271665,370147.44050959486,RCP45_2050,402125.6555982867,expansion
271665,370147.44050959486,RCP45_2100,376580.43560766854,expansion
271665,370147.44050959486,RCP85_2050,381556.9486595004,expansion
271665,370147.44050959486,RCP85_2100,337956.6513805087,contraction
271667,378126.1933885441,RCP45_2050,377485.2218966142,contraction
271667,378126.1933885441,RCP45_2100,408179.4529915367,expansion
271667,378126.1933885441,RCP85_2050,383396.264975106,expansion
271667,378126.1933885441,RCP85_2100,421957.51170774474,expansion
271668,368106.61745447654,RCP45_2050,288175.860306068,contraction
271668,368106.61745447654,RCP45_2100,246684.8742703805,contraction
271668,368106.61745447654,RCP85_2050,265519.63755372656,contraction
271668,368106.61745447654,RCP85_2100,149928.90811577468,contraction
271669,415417.80212966923,RCP45_2050,443747.143805614,expansion
271669,415417.80212966923,RCP45_2100,467419.04041286866,expansion
271669,415417.80212966923,RCP85_2050,460135.78314561344,expansion
271669,415417.80212966923,RCP85_2100,523397.2866493757,expansion
271670,1540898.9326722738,RCP45_2050,1540980.8819219111,expansion
271670,1540898.9326722738,RCP45_2100,1545374.0382557232,expansion
271670,1540898.9326722738,RCP85_2050,1536454.7702041045,contraction
271670,1540898.9326722738,RCP85_2100,1511229.7680454801,contraction
271671,1497375.0370775268,RCP45_2050,1538778.0197346495,expansion
271671,1497375.0370775268,RCP45_2100,1562957.8877959524,expansion
271671,1497375.0370775268,RCP85_2050,1548619.409321015,expansion
271671,1497375.0370775268,RCP85_2100,1621580.254904213,expansion
271672,726015.4495413476,RCP45_2050,583550.9240791842,contraction
271672,726015.4495413476,RCP45_2100,576411.7202377843,contraction
271672,726015.4495413476,RCP85_2050,585680.90112327,contraction
271672,726015.4495413476,RCP85_2100,571466.660559761,contraction
271675,541255.6606882849,RCP45_2050,493378.91290206776,contraction
271675,541255.6606882849,RCP45_2100,439399.4827653304,contraction
271675,541255.6606882849,RCP85_2050,496757.34825711884,contraction
271675,541255.6606882849,RCP85_2100,362549.44842874527,contraction
271676,232977.0646633818,RCP45_2050,253860.53876657816,expansion
271676,232977.0646633818,RCP45_2100,269285.5379624092,expansion
271676,232977.0646633818,RCP85_2050,253701.200178685,expansion
271676,232977.0646633818,RCP85_2100,280241.67830781086,expansion
271679,429900.4383084908,RCP45_2050,448587.54846608837,expansion
271679,429900.4383084908,RCP45_2100,453592.69092098024,expansion
271679,429900.4383084908,RCP85_2050,451860.094194421,expansion
271679,429900.4383084908,RCP85_2100,405992.2887736564,contraction
271682,491141.4940184793,RCP45_2050,518949.02648419613,expansion
271682,491141.4940184793,RCP45_2100,508262.15028599685,expansion
271682,491141.4940184793,RCP85_2050,549260.3617210286,expansion
271682,491141.4940184793,RCP85_2100,599083.1784883235,expansion
271684,2708349.8631618368,RCP45_2050,3381939.7055118927,expansion
271684,2708349.8631618368,RCP45_2100,3944033.829798873,expansion
271684,2708349.8631618368,RCP85_2050,3483292.737846232,expansion
271684,2708349.8631618368,RCP85_2100,4256036.89600975,expansion
271691,2185456.3854960026,RCP45_2050,2958484.5862509194,expansion
271691,2185456.3854960026,RCP45_2100,3296234.9246215965,expansion
271691,2185456.3854960026,RCP85_2050,2954136.1182141136,expansion
271691,2185456.3854960026,RCP85_2100,3473314.280909411,expansion
271695,774306.8463315939,RCP45_2050,895211.7763369005,expansion
271695,774306.8463315939,RCP45_2100,1086638.3361293832,expansion
271695,774306.8463315939,RCP85_2050,996943.8258978847,expansion
271695,774306.8463315939,RCP85_2100,1226927.8867709134,expansion
271696,543018.8675066916,RCP45_2050,634992.6104083537,expansion
271696,543018.8675066916,RCP45_2100,620038.4802134595,expansion
271696,543018.8675066916,RCP85_2050,628082.6989280924,expansion
271696,543018.8675066916,RCP85_2100,518283.51407911786,contraction
271699,1269607.4394931502,RCP45_2050,1221315.3846338894,contraction
271699,1269607.4394931502,RCP45_2100,1199618.9973479817,contraction
271699,1269607.4394931502,RCP85_2050,1195271.2966161268,contraction
271699,1269607.4394931502,RCP85_2100,1175369.9731702388,contraction
271700,622893.2166786301,RCP45_2050,622076.6394730251,contraction
271700,622893.2166786301,RCP45_2100,597726.5608359041,contraction
271700,622893.2166786301,RCP85_2050,611647.915462558,contraction
271700,622893.2166786301,RCP85_2100,509324.26748127176,contraction
271703,311528.9042183233,RCP45_2050,426788.1131572464,expansion
271703,311528.9042183233,RCP45_2100,477143.09080240753,expansion
271703,311528.9042183233,RCP85_2050,478768.21038927854,expansion
271703,311528.9042183233,RCP85_2100,502036.4437997445,expansion
271705,2393875.8966676737,RCP45_2050,1846383.453049992,contraction
271705,2393875.8966676737,RCP45_2100,1446947.3602601418,contraction
271705,2393875.8966676737,RCP85_2050,1813158.6111607568,contraction
271705,2393875.8966676737,RCP85_2100,1551981.7667670764,contraction
271867,130064.62077276784,RCP45_2050,117299.53291603063,contraction
271867,130064.62077276784,RCP45_2100,77530.17954187054,contraction
271867,130064.62077276784,RCP85_2050,116660.32033732583,contraction
271867,130064.62077276784,RCP85_2100,53090.37930415872,contraction
271994,856681.0714266849,RCP45_2050,1130862.7417847337,expansion
271994,856681.0714266849,RCP45_2100,1165232.8243791403,expansion
271994,856681.0714266849,RCP85_2050,1139989.8346469589,expansion
271994,856681.0714266849,RCP85_2100,1149878.3559475567,expansion
272248,300647.7028609784,RCP45_2050,300570.52184767183,contraction
272248,300647.7028609784,RCP45_2100,229513.57957400705,contraction
272248,300647.7028609784,RCP85_2050,237545.95782941667,contraction
272248,300647.7028609784,RCP85_2100,68707.22568054913,contraction
272273,3959283.3921437827,RCP45_2050,1475723.2069686544,contraction
272273,3959283.3921437827,RCP45_2100,1611348.2156242717,contraction
272273,3959283.3921437827,RCP85_2050,1606074.9292999867,contraction
272273,3959283.3921437827,RCP85_2100,1825903.5697082519,contraction
272959,456741.25029041956,RCP45_2050,356179.23222490476,contraction
272959,456741.25029041956,RCP45_2100,387016.52787003445,contraction
272959,456741.25029041956,RCP85_2050,344485.95983717963,contraction
272959,456741.25029041956,RCP85_2100,424047.01234250166,contraction
273136,561962.3794683008,RCP45_2050,402315.8031500859,contraction
273136,561962.3794683008,RCP45_2100,304554.58144851174,contraction
273136,561962.3794683008,RCP85_2050,410794.3238954262,contraction
273136,561962.3794683008,RCP85_2100,280334.6671192051,contraction
273144,525503.067198406,RCP45_2050,405344.67566269526,contraction
273144,525503.067198406,RCP45_2100,274485.45429550606,contraction
273144,525503.067198406,RCP85_2050,463831.0733993618,contraction
273144,525503.067198406,RCP85_2100,301406.0437062334,contraction
273281,835957.9194318226,RCP45_2050,0,spp range loss
273281,835957.9194318226,RCP45_2100,0,spp range loss
273281,835957.9194318226,RCP85_2050,0,spp range loss
273281,835957.9194318226,RCP85_2100,0,spp range loss
273302,2177693.5040330663,RCP45_2050,943647.1932475046,contraction
273302,2177693.5040330663,RCP45_2100,923897.364208333,contraction
273302,2177693.5040330663,RCP85_2050,935906.5151413054,contraction
273302,2177693.5040330663,RCP85_2100,765881.0228863048,contraction
273358,695846.0656029483,RCP45_2050,729774.6115244095,expansion
273358,695846.0656029483,RCP45_2100,753885.6031221735,expansion
273358,695846.0656029483,RCP85_2050,729597.454929889,expansion
273358,695846.0656029483,RCP85_2100,814212.715779256,expansion
273372,716546.7426532854,RCP45_2050,839698.6517064282,expansion
273372,716546.7426532854,RCP45_2100,950857.341758747,expansion
273372,716546.7426532854,RCP85_2050,815066.1136118269,expansion
273372,716546.7426532854,RCP85_2100,896613.9810512897,expansion
273531,476899.6257196784,RCP45_2050,584215.0586587627,expansion
273531,476899.6257196784,RCP45_2100,626863.1830996383,expansion
273531,476899.6257196784,RCP85_2050,622328.1992389107,expansion
273531,476899.6257196784,RCP85_2100,656638.2990173947,expansion
273551,1113909.250004114,RCP45_2050,1267819.3372516157,expansion
273551,1113909.250004114,RCP45_2100,1091200.8532211136,contraction
273551,1113909.250004114,RCP85_2050,1305202.6518438798,expansion
273551,1113909.250004114,RCP85_2100,1025337.7913783687,contraction
273589,457747.2562338116,RCP45_2050,577464.1860405983,expansion
273589,457747.2562338116,RCP45_2100,446630.7020985947,contraction
273589,457747.2562338116,RCP85_2050,602584.4228875982,expansion
273589,457747.2562338116,RCP85_2100,467016.04220251937,expansion
273593,656372.0256149401,RCP45_2050,639589.1138363279,contraction
273593,656372.0256149401,RCP45_2100,531647.6543023413,contraction
273593,656372.0256149401,RCP85_2050,659110.0248821115,expansion
273593,656372.0256149401,RCP85_2100,535125.2298047105,contraction
273614,356506.09143393446,RCP45_2050,431177.3241228328,expansion
273614,356506.09143393446,RCP45_2100,351032.9796703737,contraction
273614,356506.09143393446,RCP85_2050,453103.0259014676,expansion
273614,356506.09143393446,RCP85_2100,359002.2722845324,expansion
273787,632078.0734482032,RCP45_2050,625570.291750993,contraction
273787,632078.0734482032,RCP45_2100,626647.5959104126,contraction
273787,632078.0734482032,RCP85_2050,634755.143959926,expansion
273787,632078.0734482032,RCP85_2100,634200.9518997347,expansion
273789,559361.1894389798,RCP45_2050,696357.8132982732,expansion
273789,559361.1894389798,RCP45_2100,496089.31557600806,contraction
273789,559361.1894389798,RCP85_2050,772903.3282732498,expansion
273789,559361.1894389798,RCP85_2100,523233.0595346408,contraction
273807,9779723.030400751,RCP45_2050,3913652.4574742466,contraction
273807,9779723.030400751,RCP45_2100,1529587.9784108398,contraction
273807,9779723.030400751,RCP85_2050,2287873.054095609,contraction
273807,9779723.030400751,RCP85_2100,389089.1571240142,contraction
273808,18541276.883510817,RCP45_2050,5306420.576618138,contraction
273808,18541276.883510817,RCP45_2100,1562356.3646334687,contraction
273808,18541276.883510817,RCP85_2050,2244458.8747112583,contraction
273808,18541276.883510817,RCP85_2100,586051.0302494982,contraction
273812,601632.1668910999,RCP45_2050,411870.03594872536,contraction
273812,601632.1668910999,RCP45_2100,174873.1361188488,contraction
273812,601632.1668910999,RCP85_2050,249723.41331207354,contraction
273812,601632.1668910999,RCP85_2100,56919.23795956348,contraction
273817,3801920.9466652386,RCP45_2050,2653132.6292953137,contraction
273817,3801920.9466652386,RCP45_2100,2610085.1855664793,contraction
273817,3801920.9466652386,RCP85_2050,2680619.8023777204,contraction
273817,3801920.9466652386,RCP85_2100,2275137.495611755,contraction
273822,3071763.270032155,RCP45_2050,2537922.1915780166,contraction
273822,3071763.270032155,RCP45_2100,2735306.2811476355,contraction
273822,3071763.270032155,RCP85_2050,2690890.784117349,contraction
273822,3071763.270032155,RCP85_2100,2704108.2812282774,contraction
273823,68083856.62772708,RCP45_2050,70615114.24047457,expansion
273823,68083856.62772708,RCP45_2100,73873682.32947229,expansion
273823,68083856.62772708,RCP85_2050,71444141.60557826,expansion
273823,68083856.62772708,RCP85_2100,78376752.5709688,expansion
273833,2121218.7652863306,RCP45_2050,1624263.6689564649,contraction
273833,2121218.7652863306,RCP45_2100,1669993.748132989,contraction
273833,2121218.7652863306,RCP85_2050,1653297.886166493,contraction
273833,2121218.7652863306,RCP85_2100,1785522.2322593709,contraction
273840,2570456.5358381993,RCP45_2050,2233787.3523398023,contraction
273840,2570456.5358381993,RCP45_2100,2229642.514592176,contraction
273840,2570456.5358381993,RCP85_2050,2240853.6537247943,contraction
273840,2570456.5358381993,RCP85_2100,2278415.8364962568,contraction
273846,1349325.2710684664,RCP45_2050,1483452.8733059943,expansion
273846,1349325.2710684664,RCP45_2100,1537264.3625822964,expansion
273846,1349325.2710684664,RCP85_2050,1497683.3305731292,expansion
273846,1349325.2710684664,RCP85_2100,1608957.8133319179,expansion
273878,2543560.129356017,RCP45_2050,2341909.4467221657,contraction
273878,2543560.129356017,RCP45_2100,2385752.5707167177,contraction
273878,2543560.129356017,RCP85_2050,2297557.1966909547,contraction
273878,2543560.129356017,RCP85_2100,2258255.1356987557,contraction
273879,642809.5240548501,RCP45_2050,697414.0129181605,expansion
273879,642809.5240548501,RCP45_2100,708313.4526222246,expansion
273879,642809.5240548501,RCP85_2050,678896.5752749117,expansion
273879,642809.5240548501,RCP85_2100,687791.0532766035,expansion
273880,984444.8659858635,RCP45_2050,885536.2176889239,contraction
273880,984444.8659858635,RCP45_2100,712335.8242837841,contraction
273880,984444.8659858635,RCP85_2050,769893.4008148419,contraction
273880,984444.8659858635,RCP85_2100,564127.1896471771,contraction
273881,464769.59301869664,RCP45_2050,517964.7145729613,expansion
273881,464769.59301869664,RCP45_2100,570083.744091916,expansion
273881,464769.59301869664,RCP85_2050,471870.5820428188,expansion
273881,464769.59301869664,RCP85_2100,559652.7524006438,expansion
273885,2568932.6463757684,RCP45_2050,2068130.8935832677,contraction
273885,2568932.6463757684,RCP45_2100,1904041.7000877266,contraction
273885,2568932.6463757684,RCP85_2050,1910415.7514704478,contraction
273885,2568932.6463757684,RCP85_2100,1436808.3206753682,contraction
273918,574522.0636555856,RCP45_2050,527494.4971207042,contraction
273918,574522.0636555856,RCP45_2100,484765.56405528286,contraction
273918,574522.0636555856,RCP85_2050,519818.8741352967,contraction
273918,574522.0636555856,RCP85_2100,456244.7463033934,contraction
273926,882814.6630145039,RCP45_2050,774268.2761437877,contraction
273926,882814.6630145039,RCP45_2100,635536.7199898761,contraction
273926,882814.6630145039,RCP85_2050,775130.4382135672,contraction
273926,882814.6630145039,RCP85_2100,648005.7212727333,contraction
273951,286811.0997927106,RCP45_2050,319310.7878322455,expansion
273951,286811.0997927106,RCP45_2100,346223.54972200305,expansion
273951,286811.0997927106,RCP85_2050,335872.4916250729,expansion
273951,286811.0997927106,RCP85_2100,448522.6131177782,expansion
273958,937292.6473080848,RCP45_2050,1005384.6324736315,expansion
273958,937292.6473080848,RCP45_2100,1036452.4558496148,expansion
273958,937292.6473080848,RCP85_2050,1016483.5155625375,expansion
273958,937292.6473080848,RCP85_2100,1080649.2458446687,expansion
273962,2019979.5941494468,RCP45_2050,2558225.3400807627,expansion
273962,2019979.5941494468,RCP45_2100,2761416.644465275,expansion
273962,2019979.5941494468,RCP85_2050,2607586.5849136114,expansion
273962,2019979.5941494468,RCP85_2100,2970811.148054758,expansion
274196,1235958.7206175209,RCP45_2050,1108202.4760365519,contraction
274196,1235958.7206175209,RCP45_2100,1062030.5839553743,contraction
274196,1235958.7206175209,RCP85_2050,1169525.9673562385,contraction
274196,1235958.7206175209,RCP85_2100,1104240.535691456,contraction
274211,927411.4087309231,RCP45_2050,681238.5904369736,contraction
274211,927411.4087309231,RCP45_2100,591343.4817313087,contraction
274211,927411.4087309231,RCP85_2050,651944.4651395377,contraction
274211,927411.4087309231,RCP85_2100,523424.6098577814,contraction
274214,436410.0413435685,RCP45_2050,424939.46947647346,contraction
274214,436410.0413435685,RCP45_2100,416438.3977728387,contraction
274214,436410.0413435685,RCP85_2050,432793.8340697706,contraction
274214,436410.0413435685,RCP85_2100,437177.07447794103,expansion
274226,433521.6168809571,RCP45_2050,476284.99487683567,expansion
274226,433521.6168809571,RCP45_2100,474088.57584791403,expansion
274226,433521.6168809571,RCP85_2050,483935.1241394513,expansion
274226,433521.6168809571,RCP85_2100,487300.11768182,expansion
274759,146245.11908630648,RCP45_2050,152195.53336493668,expansion
274759,146245.11908630648,RCP45_2100,158396.9574128222,expansion
274759,146245.11908630648,RCP85_2050,152163.22306356888,expansion
274759,146245.11908630648,RCP85_2100,159081.54168307682,expansion
274780,303600.34539517335,RCP45_2050,488146.8548509848,expansion
274780,303600.34539517335,RCP45_2100,623991.4552486319,expansion
274780,303600.34539517335,RCP85_2050,582392.3504613229,expansion
274780,303600.34539517335,RCP85_2100,733063.7725670645,expansion
274833,948363.6904346613,RCP45_2050,1244532.1206802106,expansion
274833,948363.6904346613,RCP45_2100,1445902.267695437,expansion
274833,948363.6904346613,RCP85_2050,1352506.0968107102,expansion
274833,948363.6904346613,RCP85_2100,1917892.96243726,expansion
275184,1476520.4729161495,RCP45_2050,1630043.2257210454,expansion
275184,1476520.4729161495,RCP45_2100,1493841.060377784,expansion
275184,1476520.4729161495,RCP85_2050,1634052.7082247995,expansion
275184,1476520.4729161495,RCP85_2100,1445450.3853811596,contraction
275186,4271898.528598415,RCP45_2050,4561833.444641588,expansion
275186,4271898.528598415,RCP45_2100,4833623.942096942,expansion
275186,4271898.528598415,RCP85_2050,4779385.128773591,expansion
275186,4271898.528598415,RCP85_2100,5160759.223999106,expansion
275191,3287033.191518982,RCP45_2050,3468574.5022185193,expansion
275191,3287033.191518982,RCP45_2100,3486630.861164372,expansion
275191,3287033.191518982,RCP85_2050,3454287.2236510552,expansion
275191,3287033.191518982,RCP85_2100,3518494.3029824356,expansion
275197,1462028.2326537403,RCP45_2050,1499166.9535245919,expansion
275197,1462028.2326537403,RCP45_2100,1715586.823617143,expansion
275197,1462028.2326537403,RCP85_2050,1352663.2627214047,contraction
275197,1462028.2326537403,RCP85_2100,1665701.7811870172,expansion
275202,6256737.516467662,RCP45_2050,6252343.826417606,contraction
275202,6256737.516467662,RCP45_2100,6311023.849993442,expansion
275202,6256737.516467662,RCP85_2050,6303336.075534501,expansion
275202,6256737.516467662,RCP85_2100,6308802.308541243,expansion
275205,1106707.789448557,RCP45_2050,873712.2206479665,contraction
275205,1106707.789448557,RCP45_2100,885113.5663964964,contraction
275205,1106707.789448557,RCP85_2050,880721.4147677992,contraction
275205,1106707.789448557,RCP85_2100,905594.2228251126,contraction
275210,4943454.317640065,RCP45_2050,4585180.163620874,contraction
275210,4943454.317640065,RCP45_2100,4381362.523614616,contraction
275210,4943454.317640065,RCP85_2050,4615011.12583066,contraction
275210,4943454.317640065,RCP85_2100,4224761.83057208,contraction
275250,332881.24239071866,RCP45_2050,374897.69852117094,expansion
275250,332881.24239071866,RCP45_2100,342707.04786601383,expansion
275250,332881.24239071866,RCP85_2050,317115.852124918,contraction
275250,332881.24239071866,RCP85_2100,328476.0765917841,contraction
275259,399788.22249124316,RCP45_2050,573102.9247966422,expansion
275259,399788.22249124316,RCP45_2100,710389.4556281848,expansion
275259,399788.22249124316,RCP85_2050,551895.34275425,expansion
275259,399788.22249124316,RCP85_2100,675022.4040906398,expansion
275265,875358.5053814764,RCP45_2050,1086034.592382895,expansion
275265,875358.5053814764,RCP45_2100,787765.4511947572,contraction
275265,875358.5053814764,RCP85_2050,1118095.1492009999,expansion
275265,875358.5053814764,RCP85_2100,832209.7840329327,contraction
275360,2301444.2495322865,RCP45_2050,2315419.8563150493,expansion
275360,2301444.2495322865,RCP45_2100,2355565.50446529,expansion
275360,2301444.2495322865,RCP85_2050,2336490.341558373,expansion
275360,2301444.2495322865,RCP85_2100,2344472.526226012,expansion
275385,463986.14724170684,RCP45_2050,446076.99654906744,contraction
275385,463986.14724170684,RCP45_2100,433314.20736174553,contraction
275385,463986.14724170684,RCP85_2050,441516.78485745547,contraction
275385,463986.14724170684,RCP85_2100,390360.018788788,contraction
275387,1873997.236576369,RCP45_2050,1565574.1002484215,contraction
275387,1873997.236576369,RCP45_2100,1466777.290323097,contraction
275387,1873997.236576369,RCP85_2050,1500972.3358905667,contraction
275387,1873997.236576369,RCP85_2100,1292770.1298784532,contraction
275389,616362.8294962593,RCP45_2050,638079.2338779015,expansion
275389,616362.8294962593,RCP45_2100,653243.8411077863,expansion
275389,616362.8294962593,RCP85_2050,626698.9542880552,expansion
275389,616362.8294962593,RCP85_2100,639949.3129859905,expansion
275393,168696.89539810165,RCP45_2050,170534.23169793937,expansion
275393,168696.89539810165,RCP45_2100,176495.75844737794,expansion
275393,168696.89539810165,RCP85_2050,168118.05174922082,contraction
275393,168696.89539810165,RCP85_2100,174010.48698671113,expansion
275394,1924385.151371222,RCP45_2050,1403076.576331755,contraction
275394,1924385.151371222,RCP45_2100,1226763.4050219306,contraction
275394,1924385.151371222,RCP85_2050,1305175.5863201856,contraction
275394,1924385.151371222,RCP85_2100,1167686.3024412144,contraction
275397,1762178.9339186142,RCP45_2050,1256286.1916772053,contraction
275397,1762178.9339186142,RCP45_2100,1078091.4949559062,contraction
275397,1762178.9339186142,RCP85_2050,1180128.0305431497,contraction
275397,1762178.9339186142,RCP85_2100,778604.7699792038,contraction
275399,2515334.3897838495,RCP45_2050,2585774.6375418105,expansion
275399,2515334.3897838495,RCP45_2100,2447722.885382262,contraction
275399,2515334.3897838495,RCP85_2050,2512349.479687994,contraction
275399,2515334.3897838495,RCP85_2100,2183264.6173433526,contraction
275510,41075.18472671928,RCP45_2050,0,spp range loss
275510,41075.18472671928,RCP45_2100,0,spp range loss
275510,41075.18472671928,RCP85_2050,0,spp range loss
275510,41075.18472671928,RCP85_2100,0,spp range loss
275747,1391456.181764052,RCP45_2050,1342138.8815990787,contraction
275747,1391456.181764052,RCP45_2100,1287698.5324613126,contraction
275747,1391456.181764052,RCP85_2050,1310668.4945226468,contraction
275747,1391456.181764052,RCP85_2100,1217304.983214765,contraction
275762,481433.03234452324,RCP45_2050,638472.6416800197,expansion
275762,481433.03234452324,RCP45_2100,663526.1011600059,expansion
275762,481433.03234452324,RCP85_2050,677230.9871149544,expansion
275762,481433.03234452324,RCP85_2100,659716.4538561816,expansion
275767,369748.20126535743,RCP45_2050,442491.95230880607,expansion
275767,369748.20126535743,RCP45_2100,390177.423444706,expansion
275767,369748.20126535743,RCP85_2050,453920.9313848919,expansion
275767,369748.20126535743,RCP85_2100,441176.0236884324,expansion
275773,188358.65914202525,RCP45_2050,466150.6707366334,expansion
275773,188358.65914202525,RCP45_2100,565281.4150832364,expansion
275773,188358.65914202525,RCP85_2050,471230.8023082884,expansion
275773,188358.65914202525,RCP85_2100,561695.4591777793,expansion
275797,439563.8143874829,RCP45_2050,419407.02251326654,contraction
275797,439563.8143874829,RCP45_2100,409088.0917476786,contraction
275797,439563.8143874829,RCP85_2050,438871.6073751356,contraction
275797,439563.8143874829,RCP85_2100,412501.41037133604,contraction
275800,285337.30667060043,RCP45_2050,289531.05838604155,expansion
275800,285337.30667060043,RCP45_2100,294832.0535269253,expansion
275800,285337.30667060043,RCP85_2050,311320.4823220043,expansion
275800,285337.30667060043,RCP85_2100,322054.6764571521,expansion
275818,696204.0655360563,RCP45_2050,755699.005815633,expansion
275818,696204.0655360563,RCP45_2100,849360.2021903311,expansion
275818,696204.0655360563,RCP85_2050,811856.5075127892,expansion
275818,696204.0655360563,RCP85_2100,861016.5465004011,expansion
275960,409012.21777116595,RCP45_2050,419603.3486398144,expansion
275960,409012.21777116595,RCP45_2100,429084.85273794364,expansion
275960,409012.21777116595,RCP85_2050,417420.89616663544,expansion
275960,409012.21777116595,RCP85_2100,430353.067578142,expansion
275974,518786.46934673446,RCP45_2050,371996.3267871382,contraction
275974,518786.46934673446,RCP45_2100,462154.89418731845,contraction
275974,518786.46934673446,RCP85_2050,299892.14292701986,contraction
275974,518786.46934673446,RCP85_2100,444221.2919917509,contraction
276013,885625.8843634892,RCP45_2050,777050.1266292327,contraction
276013,885625.8843634892,RCP45_2100,764476.7143835159,contraction
276013,885625.8843634892,RCP85_2050,765635.2017421699,contraction
276013,885625.8843634892,RCP85_2100,776575.6292092009,contraction
276015,321884.5740175887,RCP45_2050,373434.1085812908,expansion
276015,321884.5740175887,RCP45_2100,325899.3575789349,expansion
276015,321884.5740175887,RCP85_2050,391871.7976846305,expansion
276015,321884.5740175887,RCP85_2100,337554.8388237156,expansion
276049,1564459.2691033955,RCP45_2050,1237060.3195525394,contraction
276049,1564459.2691033955,RCP45_2100,1066556.8963780734,contraction
276049,1564459.2691033955,RCP85_2050,1175502.7341701027,contraction
276049,1564459.2691033955,RCP85_2100,589476.8851303869,contraction
276051,7172818.580023115,RCP45_2050,6705986.396489591,contraction
276051,7172818.580023115,RCP45_2100,6420211.807293769,contraction
276051,7172818.580023115,RCP85_2050,6532087.538060644,contraction
276051,7172818.580023115,RCP85_2100,5727725.276548988,contraction
276063,1034368.8198561493,RCP45_2050,821485.2063355056,contraction
276063,1034368.8198561493,RCP45_2100,609832.3034654389,contraction
276063,1034368.8198561493,RCP85_2050,767939.0239307556,contraction
276063,1034368.8198561493,RCP85_2100,582917.4369560295,contraction
276074,950058.8904931907,RCP45_2050,973449.916797861,expansion
276074,950058.8904931907,RCP45_2100,972599.2679542175,expansion
276074,950058.8904931907,RCP85_2050,973293.9085859234,expansion
276074,950058.8904931907,RCP85_2100,975840.2867439575,expansion
276084,116558.78944620519,RCP45_2050,106711.43865121323,contraction
276084,116558.78944620519,RCP45_2100,103385.07689615194,contraction
276084,116558.78944620519,RCP85_2050,105970.81612856491,contraction
276084,116558.78944620519,RCP85_2100,104014.90240008084,contraction
276219,724739.8121211006,RCP45_2050,714851.7997347242,contraction
276219,724739.8121211006,RCP45_2100,742863.2156417996,expansion
276219,724739.8121211006,RCP85_2050,717612.8359890614,contraction
276219,724739.8121211006,RCP85_2100,788298.3253420559,expansion
276292,2428030.3771361383,RCP45_2050,2416120.1263029985,contraction
276292,2428030.3771361383,RCP45_2100,2602710.3477928056,expansion
276292,2428030.3771361383,RCP85_2050,2432087.1709929537,expansion
276292,2428030.3771361383,RCP85_2100,3047968.629856998,expansion
276330,291032.62688082486,RCP45_2050,312583.28932729055,expansion
276330,291032.62688082486,RCP45_2100,328334.3356925384,expansion
276330,291032.62688082486,RCP85_2050,318097.56602190755,expansion
276330,291032.62688082486,RCP85_2100,351284.21478765586,expansion
276333,394977.68299484527,RCP45_2050,378405.85011844465,contraction
276333,394977.68299484527,RCP45_2100,479637.84554530703,expansion
276333,394977.68299484527,RCP85_2050,380073.8620646334,contraction
276333,394977.68299484527,RCP85_2100,446445.60304563784,expansion
276426,1119778.1326284925,RCP45_2050,956062.9897791052,contraction
276426,1119778.1326284925,RCP45_2100,1008138.627282011,contraction
276426,1119778.1326284925,RCP85_2050,983856.9603466484,contraction
276426,1119778.1326284925,RCP85_2100,932331.5086555168,contraction
276429,1298225.2800987987,RCP45_2050,1434272.7858521766,expansion
276429,1298225.2800987987,RCP45_2100,1490189.2735073592,expansion
276429,1298225.2800987987,RCP85_2050,1437954.599161625,expansion
276429,1298225.2800987987,RCP85_2100,1519957.9423173368,expansion
276431,1347413.0639621713,RCP45_2050,685860.8693517438,contraction
276431,1347413.0639621713,RCP45_2100,731495.5597011099,contraction
276431,1347413.0639621713,RCP85_2050,665936.7648006618,contraction
276431,1347413.0639621713,RCP85_2100,644658.6568448247,contraction
276432,1183994.526343776,RCP45_2050,1156043.2715615341,contraction
276432,1183994.526343776,RCP45_2100,1130624.8074194742,contraction
276432,1183994.526343776,RCP85_2050,1124628.482659589,contraction
276432,1183994.526343776,RCP85_2100,942511.9668283227,contraction
276434,2431379.9428024823,RCP45_2050,2286563.497613992,contraction
276434,2431379.9428024823,RCP45_2100,2346447.9854357047,contraction
276434,2431379.9428024823,RCP85_2050,2299277.973249019,contraction
276434,2431379.9428024823,RCP85_2100,2476085.994161436,expansion
276436,2826898.7217858816,RCP45_2050,3179904.658094105,expansion
276436,2826898.7217858816,RCP45_2100,3619051.591533927,expansion
276436,2826898.7217858816,RCP85_2050,3206639.2124646064,expansion
276436,2826898.7217858816,RCP85_2100,3670352.23529978,expansion
276673,2151758.4212294007,RCP45_2050,2297153.43348151,expansion
276673,2151758.4212294007,RCP45_2100,2320580.853905659,expansion
276673,2151758.4212294007,RCP85_2050,2087711.1766685245,contraction
276673,2151758.4212294007,RCP85_2100,2133077.075993309,contraction
276731,470446.73559970927,RCP45_2050,618387.3380533685,expansion
276731,470446.73559970927,RCP45_2100,497963.4625300527,expansion
276731,470446.73559970927,RCP85_2050,616062.0203198228,expansion
276731,470446.73559970927,RCP85_2100,351598.0528798216,contraction
276732,2133429.136154759,RCP45_2050,2196498.7490919144,expansion
276732,2133429.136154759,RCP45_2100,2231132.964885353,expansion
276732,2133429.136154759,RCP85_2050,2198497.498227181,expansion
276732,2133429.136154759,RCP85_2100,2304081.648864254,expansion
276734,1724393.0306059022,RCP45_2050,1718246.5137658885,contraction
276734,1724393.0306059022,RCP45_2100,1744540.6198924675,expansion
276734,1724393.0306059022,RCP85_2050,1738992.989141255,expansion
276734,1724393.0306059022,RCP85_2100,1690588.2737658867,contraction
276832,3441306.9256607294,RCP45_2050,3802581.117288595,expansion
276832,3441306.9256607294,RCP45_2100,3951258.9841294675,expansion
276832,3441306.9256607294,RCP85_2050,3906848.85546112,expansion
276832,3441306.9256607294,RCP85_2100,4272643.0719292825,expansion
276891,1507684.413514029,RCP45_2050,1566408.0731177335,expansion
276891,1507684.413514029,RCP45_2100,1604950.8224859287,expansion
276891,1507684.413514029,RCP85_2050,1581367.1898940036,expansion
276891,1507684.413514029,RCP85_2100,1524692.6021830805,expansion
277038,511852.19829870877,RCP45_2050,532307.6137753256,expansion
277038,511852.19829870877,RCP45_2100,548753.1380338386,expansion
277038,511852.19829870877,RCP85_2050,531692.9033958025,expansion
277038,511852.19829870877,RCP85_2100,549475.9697887205,expansion
277100,460083.6918673094,RCP45_2050,355210.70914427296,contraction
277100,460083.6918673094,RCP45_2100,344817.31387289416,contraction
277100,460083.6918673094,RCP85_2050,359474.9288835842,contraction
277100,460083.6918673094,RCP85_2100,327897.55490306945,contraction
277103,278376.8134018465,RCP45_2050,305060.59254893014,expansion
277103,278376.8134018465,RCP45_2100,305534.4745274965,expansion
277103,278376.8134018465,RCP85_2050,312930.4344155015,expansion
277103,278376.8134018465,RCP85_2100,312115.1772642155,expansion
277104,1400157.432853256,RCP45_2050,1130149.815682011,contraction
277104,1400157.432853256,RCP45_2100,1153085.6129485923,contraction
277104,1400157.432853256,RCP85_2050,1122303.817291126,contraction
277104,1400157.432853256,RCP85_2100,1133973.5204525583,contraction
277155,4531877.093955492,RCP45_2050,4264477.578675005,contraction
277155,4531877.093955492,RCP45_2100,4004406.1083475687,contraction
277155,4531877.093955492,RCP85_2050,4015981.507669656,contraction
277155,4531877.093955492,RCP85_2100,3663156.486750514,contraction
277183,901432.059218999,RCP45_2050,930529.3923976215,expansion
277183,901432.059218999,RCP45_2100,918123.2281803171,expansion
277183,901432.059218999,RCP85_2050,879120.9414843663,contraction
277183,901432.059218999,RCP85_2100,894536.0547626026,contraction
277184,254077.10405562463,RCP45_2050,265448.0705956237,expansion
277184,254077.10405562463,RCP45_2100,273694.24264785444,expansion
277184,254077.10405562463,RCP85_2050,288364.80372403824,expansion
277184,254077.10405562463,RCP85_2100,300562.2579847504,expansion
277242,404580.5465475933,RCP45_2050,470046.98928777,expansion
277242,404580.5465475933,RCP45_2100,440491.4499241539,expansion
277242,404580.5465475933,RCP85_2050,444216.77420879185,expansion
277242,404580.5465475933,RCP85_2100,428745.8674658799,expansion
277322,278735.74733705143,RCP45_2050,16667.47301329765,contraction
277322,278735.74733705143,RCP45_2100,8928.519259152354,contraction
277322,278735.74733705143,RCP85_2050,23568.62508206331,contraction
277322,278735.74733705143,RCP85_2100,973.1953042574927,contraction
277427,6084893.415476029,RCP45_2050,5142397.385161767,contraction
277427,6084893.415476029,RCP45_2100,4810764.550233512,contraction
277427,6084893.415476029,RCP85_2050,4853648.95575424,contraction
277427,6084893.415476029,RCP85_2100,3792408.215876429,contraction
277505,6073547.576726939,RCP45_2050,5899172.758216487,contraction
277505,6073547.576726939,RCP45_2100,5966731.976789668,contraction
277505,6073547.576726939,RCP85_2050,5898608.444792002,contraction
277505,6073547.576726939,RCP85_2100,5922510.458686837,contraction
277601,8252904.192457199,RCP45_2050,7810070.652065443,contraction
277601,8252904.192457199,RCP45_2100,7941470.7220916245,contraction
277601,8252904.192457199,RCP85_2050,7812652.57876842,contraction
277601,8252904.192457199,RCP85_2100,8209190.141485486,contraction
277661,319144.8154346139,RCP45_2050,305414.1398752014,contraction
277661,319144.8154346139,RCP45_2100,292136.4598395248,contraction
277661,319144.8154346139,RCP85_2050,288170.024046937,contraction
277661,319144.8154346139,RCP85_2100,261030.03646600735,contraction
277681,728342.62868643,RCP45_2050,664715.445240724,contraction
277681,728342.62868643,RCP45_2100,633291.0795987163,contraction
277681,728342.62868643,RCP85_2050,654545.1048675122,contraction
277681,728342.62868643,RCP85_2100,587054.7976330842,contraction
277689,381940.4553187058,RCP45_2050,300790.6466816222,contraction
277689,381940.4553187058,RCP45_2100,296445.0839106876,contraction
277689,381940.4553187058,RCP85_2050,284892.88066094834,contraction
277689,381940.4553187058,RCP85_2100,378463.6833577204,contraction
277690,419407.8934434629,RCP45_2050,297023.19974764506,contraction
277690,419407.8934434629,RCP45_2100,238176.74734290698,contraction
277690,419407.8934434629,RCP85_2050,283769.37666309276,contraction
277690,419407.8934434629,RCP85_2100,203074.7578798528,contraction
277720,488984.4594721195,RCP45_2050,703939.5931936743,expansion
277720,488984.4594721195,RCP45_2100,887577.880639129,expansion
277720,488984.4594721195,RCP85_2050,724697.9978633281,expansion
277720,488984.4594721195,RCP85_2100,873284.1997060493,expansion
277827,956641.7763137852,RCP45_2050,0,spp range loss
277827,956641.7763137852,RCP45_2100,0,spp range loss
277827,956641.7763137852,RCP85_2050,0,spp range loss
277827,956641.7763137852,RCP85_2100,0,spp range loss
277828,283297.0985999852,RCP45_2050,283468.15124436654,expansion
277828,283297.0985999852,RCP45_2100,279886.67596329947,contraction
277828,283297.0985999852,RCP85_2050,287332.95279608783,expansion
277828,283297.0985999852,RCP85_2100,286548.31898058753,expansion
277829,1749626.2493381845,RCP45_2050,1832397.606586441,expansion
277829,1749626.2493381845,RCP45_2100,1826450.806821409,expansion
277829,1749626.2493381845,RCP85_2050,1821627.6547728316,expansion
277829,1749626.2493381845,RCP85_2100,1801813.889331315,expansion
277830,2104096.779391586,RCP45_2050,2511731.3278129534,expansion
277830,2104096.779391586,RCP45_2100,2707937.484401473,expansion
277830,2104096.779391586,RCP85_2050,2708896.2606647657,expansion
277830,2104096.779391586,RCP85_2100,3020790.8921455448,expansion
277832,3656237.128733803,RCP45_2050,3579643.3656285442,contraction
277832,3656237.128733803,RCP45_2100,3602442.1166297486,contraction
277832,3656237.128733803,RCP85_2050,3728121.2916721324,expansion
277832,3656237.128733803,RCP85_2100,3810369.8647018997,expansion
277833,3933470.6962350165,RCP45_2050,3543572.237322445,contraction
277833,3933470.6962350165,RCP45_2100,3205471.109298136,contraction
277833,3933470.6962350165,RCP85_2050,3179771.20937718,contraction
277833,3933470.6962350165,RCP85_2100,2553870.1276632566,contraction
278013,254188.95848735527,RCP45_2050,179784.9160284606,contraction
278013,254188.95848735527,RCP45_2100,125123.68778647187,contraction
278013,254188.95848735527,RCP85_2050,150103.4634157632,contraction
278013,254188.95848735527,RCP85_2100,28252.20765836839,contraction
278017,821472.0324512266,RCP45_2050,810835.9290497256,contraction
278017,821472.0324512266,RCP45_2100,876864.2411102866,expansion
278017,821472.0324512266,RCP85_2050,815185.8342557194,contraction
278017,821472.0324512266,RCP85_2100,903944.944521079,expansion
278023,2130560.2016605586,RCP45_2050,2087992.8804770906,contraction
278023,2130560.2016605586,RCP45_2100,1893166.8501481512,contraction
278023,2130560.2016605586,RCP85_2050,1999080.4386393034,contraction
278023,2130560.2016605586,RCP85_2100,1590396.6525652113,contraction
278057,534506.9909664453,RCP45_2050,773584.2000386302,expansion
278057,534506.9909664453,RCP45_2100,823293.6998844771,expansion
278057,534506.9909664453,RCP85_2050,755137.3404074458,expansion
278057,534506.9909664453,RCP85_2100,782285.1045342179,expansion
278133,2048554.6654958876,RCP45_2050,1684208.6599438568,contraction
278133,2048554.6654958876,RCP45_2100,1406690.5272316432,contraction
278133,2048554.6654958876,RCP85_2050,1460977.843756527,contraction
278133,2048554.6654958876,RCP85_2100,984821.0453068952,contraction
278217,4032162.2822035598,RCP45_2050,3540793.68352405,contraction
278217,4032162.2822035598,RCP45_2100,3162451.1483506034,contraction
278217,4032162.2822035598,RCP85_2050,3290966.918368375,contraction
278217,4032162.2822035598,RCP85_2100,2262459.9843329675,contraction
278218,1549810.1717270059,RCP45_2050,2014865.8033913644,expansion
278218,1549810.1717270059,RCP45_2100,2051639.532990693,expansion
278218,1549810.1717270059,RCP85_2050,2018864.1167107492,expansion
278218,1549810.1717270059,RCP85_2100,2144463.361763338,expansion
278219,419473.7153138241,RCP45_2050,466411.0929093288,expansion
278219,419473.7153138241,RCP45_2100,458851.5342306564,expansion
278219,419473.7153138241,RCP85_2050,473411.3970371582,expansion
278219,419473.7153138241,RCP85_2100,459467.72497264866,expansion
278241,2496998.898343889,RCP45_2050,2494980.71385471,contraction
278241,2496998.898343889,RCP45_2100,2398369.0801777225,contraction
278241,2496998.898343889,RCP85_2050,2388338.3404919445,contraction
278241,2496998.898343889,RCP85_2100,1978244.2069717334,contraction
278243,9566247.004228259,RCP45_2050,8389771.08583507,contraction
278243,9566247.004228259,RCP45_2100,8072040.366693247,contraction
278243,9566247.004228259,RCP85_2050,8206556.560993008,contraction
278243,9566247.004228259,RCP85_2100,7552927.9409468165,contraction
278252,812416.332337332,RCP45_2050,850798.7926820022,expansion
278252,812416.332337332,RCP45_2100,800642.7166981829,contraction
278252,812416.332337332,RCP85_2050,829708.7544407526,expansion
278252,812416.332337332,RCP85_2100,751560.7516771234,contraction
278397,37625.22284541,RCP45_2050,56210.10100889766,expansion
278397,37625.22284541,RCP45_2100,60404.15325729338,expansion
278397,37625.22284541,RCP85_2050,67989.99699707126,expansion
278397,37625.22284541,RCP85_2100,57140.3307142122,expansion
278414,853846.2023518669,RCP45_2050,927214.532739646,expansion
278414,853846.2023518669,RCP45_2100,1005260.8795773942,expansion
278414,853846.2023518669,RCP85_2050,946734.2139429813,expansion
278414,853846.2023518669,RCP85_2100,1073351.5251696387,expansion
278418,535924.9922244119,RCP45_2050,507980.8631658338,contraction
278418,535924.9922244119,RCP45_2100,490327.84001861664,contraction
278418,535924.9922244119,RCP85_2050,489776.53201840946,contraction
278418,535924.9922244119,RCP85_2100,434265.31428381416,contraction
278421,1436004.7756958813,RCP45_2050,1480564.8724227124,expansion
278421,1436004.7756958813,RCP45_2100,1436841.7227884415,expansion
278421,1436004.7756958813,RCP85_2050,1491678.459038182,expansion
278421,1436004.7756958813,RCP85_2100,1278748.212805533,contraction
278428,2286175.2208125163,RCP45_2050,1679119.3278188866,contraction
278428,2286175.2208125163,RCP45_2100,1615458.7056649742,contraction
278428,2286175.2208125163,RCP85_2050,1629221.0979200678,contraction
278428,2286175.2208125163,RCP85_2100,1664138.7251717816,contraction
278431,1773525.3991915486,RCP45_2050,1388505.7339261535,contraction
278431,1773525.3991915486,RCP45_2100,1380758.1654540065,contraction
278431,1773525.3991915486,RCP85_2050,1362453.857825851,contraction
278431,1773525.3991915486,RCP85_2100,1311312.949758532,contraction
278468,1420114.0523465737,RCP45_2050,1383393.0022752217,contraction
278468,1420114.0523465737,RCP45_2100,1399540.7148357711,contraction
278468,1420114.0523465737,RCP85_2050,1408043.2377613827,contraction
278468,1420114.0523465737,RCP85_2100,1457922.5535771658,expansion
278474,886289.08881281,RCP45_2050,959110.7468403444,expansion
278474,886289.08881281,RCP45_2100,935784.0753293524,expansion
278474,886289.08881281,RCP85_2050,917381.8652297648,expansion
278474,886289.08881281,RCP85_2100,839264.5249955953,contraction
278475,4729189.997481843,RCP45_2050,4541944.724348769,contraction
278475,4729189.997481843,RCP45_2100,4450977.321062847,contraction
278475,4729189.997481843,RCP85_2050,4592312.170537981,contraction
278475,4729189.997481843,RCP85_2100,4371995.748071646,contraction
278569,311094.4179169995,RCP45_2050,1189474.2774415626,expansion
278569,311094.4179169995,RCP45_2100,1425531.4073546932,expansion
278569,311094.4179169995,RCP85_2050,1508806.9536035182,expansion
278569,311094.4179169995,RCP85_2100,1798652.4892355297,expansion
278697,1589528.5077649204,RCP45_2050,1489422.0130979123,contraction
278697,1589528.5077649204,RCP45_2100,1435998.1191936065,contraction
278697,1589528.5077649204,RCP85_2050,1444975.9233861875,contraction
278697,1589528.5077649204,RCP85_2100,1188019.9166247328,contraction
278702,3549452.860491502,RCP45_2050,2926788.983132057,contraction
278702,3549452.860491502,RCP45_2100,2887998.8775585783,contraction
278702,3549452.860491502,RCP85_2050,2800815.4729169277,contraction
278702,3549452.860491502,RCP85_2100,2619519.9128226447,contraction
278821,3220384.337327177,RCP45_2050,3076776.3104107524,contraction
278821,3220384.337327177,RCP45_2100,2906592.9633025723,contraction
278821,3220384.337327177,RCP85_2050,2993929.475079573,contraction
278821,3220384.337327177,RCP85_2100,2622453.9260482,contraction
278822,1279369.0511908522,RCP45_2050,1296465.774050559,expansion
278822,1279369.0511908522,RCP45_2100,1305740.1394393886,expansion
278822,1279369.0511908522,RCP85_2050,1287528.3153872327,expansion
278822,1279369.0511908522,RCP85_2100,1312479.390217742,expansion
278844,1168650.28715808,RCP45_2050,709811.1761263945,contraction
278844,1168650.28715808,RCP45_2100,752656.4565688348,contraction
278844,1168650.28715808,RCP85_2050,721431.7723734144,contraction
278844,1168650.28715808,RCP85_2100,732340.4366896874,contraction
279057,137139.82661438268,RCP45_2050,141706.71827052324,expansion
279057,137139.82661438268,RCP45_2100,140478.4321179136,expansion
279057,137139.82661438268,RCP85_2050,141522.08605181027,expansion
279057,137139.82661438268,RCP85_2100,137371.87860339158,expansion
279058,188390.40109646737,RCP45_2050,183285.74398525534,contraction
279058,188390.40109646737,RCP45_2100,195040.77904914776,expansion
279058,188390.40109646737,RCP85_2050,167794.00943570278,contraction
279058,188390.40109646737,RCP85_2100,177835.36532330894,contraction
279059,1412181.068411311,RCP45_2050,1435145.6031529722,expansion
279059,1412181.068411311,RCP45_2100,1451182.7161313838,expansion
279059,1412181.068411311,RCP85_2050,1434034.354833944,expansion
279059,1412181.068411311,RCP85_2100,1430676.9393384813,expansion
279074,673658.3649809635,RCP45_2050,621463.2698373941,contraction
279074,673658.3649809635,RCP45_2100,594119.3402556954,contraction
279074,673658.3649809635,RCP85_2050,612819.6139570185,contraction
279074,673658.3649809635,RCP85_2100,551136.0943134447,contraction
279082,1083238.940858204,RCP45_2050,735562.0818296258,contraction
279082,1083238.940858204,RCP45_2100,718991.9936839574,contraction
279082,1083238.940858204,RCP85_2050,698066.0602448331,contraction
279082,1083238.940858204,RCP85_2100,685319.5873682402,contraction
279083,1527056.168158216,RCP45_2050,1329709.139754198,contraction
279083,1527056.168158216,RCP45_2100,1378026.4253537082,contraction
279083,1527056.168158216,RCP85_2050,1305167.745911799,contraction
279083,1527056.168158216,RCP85_2100,1372433.4439052828,contraction
279178,978804.5650500645,RCP45_2050,969127.0600758475,contraction
279178,978804.5650500645,RCP45_2100,954533.1200327739,contraction
279178,978804.5650500645,RCP85_2050,965246.6120204839,contraction
279178,978804.5650500645,RCP85_2100,905959.0641990539,contraction
279180,1505703.7994309175,RCP45_2050,1468981.0671643645,contraction
279180,1505703.7994309175,RCP45_2100,1405191.1449273871,contraction
279180,1505703.7994309175,RCP85_2050,1418931.172273911,contraction
279180,1505703.7994309175,RCP85_2100,1255424.1409749126,contraction
279182,1254491.1091243685,RCP45_2050,1090736.005960411,contraction
279182,1254491.1091243685,RCP45_2100,974712.6610683621,contraction
279182,1254491.1091243685,RCP85_2050,1059791.751887953,contraction
279182,1254491.1091243685,RCP85_2100,827846.2881660874,contraction
279183,1474504.4378632174,RCP45_2050,1625259.836172461,expansion
279183,1474504.4378632174,RCP45_2100,1710579.309754859,expansion
279183,1474504.4378632174,RCP85_2050,1642293.7814794576,expansion
279183,1474504.4378632174,RCP85_2100,1605810.960720243,expansion
279185,632908.5862206005,RCP45_2050,701592.130458001,expansion
279185,632908.5862206005,RCP45_2100,746214.2253346574,expansion
279185,632908.5862206005,RCP85_2050,722748.8918478538,expansion
279185,632908.5862206005,RCP85_2100,837984.9246982394,expansion
279188,642929.2907612248,RCP45_2050,637387.2556027794,contraction
279188,642929.2907612248,RCP45_2100,637927.6769765439,contraction
279188,642929.2907612248,RCP85_2050,638265.9726488594,contraction
279188,642929.2907612248,RCP85_2100,628920.8815532683,contraction
279272,7909927.892427763,RCP45_2050,8235949.355873264,expansion
279272,7909927.892427763,RCP45_2100,8392068.36770164,expansion
279272,7909927.892427763,RCP85_2050,8276847.662879416,expansion
279272,7909927.892427763,RCP85_2100,8501879.830463106,expansion
279315,154789.6985133047,RCP45_2050,165823.36212605028,expansion
279315,154789.6985133047,RCP45_2100,186231.90257873156,expansion
279315,154789.6985133047,RCP85_2050,133498.07677095386,contraction
279315,154789.6985133047,RCP85_2100,168703.13647619332,expansion
279444,300138.0482328542,RCP45_2050,288226.11505037115,contraction
279444,300138.0482328542,RCP45_2100,271269.19904007606,contraction
279444,300138.0482328542,RCP85_2050,294812.38037393073,contraction
279444,300138.0482328542,RCP85_2100,262246.80369975284,contraction
279447,598015.1875235172,RCP45_2050,435925.35795414116,contraction
279447,598015.1875235172,RCP45_2100,532994.3169502022,contraction
279447,598015.1875235172,RCP85_2050,358684.7627237749,contraction
279447,598015.1875235172,RCP85_2100,503919.3994105625,contraction
279456,449665.85343234293,RCP45_2050,410086.14083066944,contraction
279456,449665.85343234293,RCP45_2100,437818.9131273449,contraction
279456,449665.85343234293,RCP85_2050,414264.32359297475,contraction
279456,449665.85343234293,RCP85_2100,480122.30489204807,expansion
279461,226640.97850884352,RCP45_2050,442575.0879904096,expansion
279461,226640.97850884352,RCP45_2100,480247.32389731065,expansion
279461,226640.97850884352,RCP85_2050,439844.5059884702,expansion
279461,226640.97850884352,RCP85_2100,455045.1641751784,expansion
279497,558878.8397585988,RCP45_2050,581617.6355648669,expansion
279497,558878.8397585988,RCP45_2100,570681.8731594831,expansion
279497,558878.8397585988,RCP85_2050,571176.155600236,expansion
279497,558878.8397585988,RCP85_2100,552431.1603810656,contraction
279498,242189.11399281482,RCP45_2050,258044.29686297878,expansion
279498,242189.11399281482,RCP45_2100,206879.4608387453,contraction
279498,242189.11399281482,RCP85_2050,262135.1838206867,expansion
279498,242189.11399281482,RCP85_2100,175150.26101248266,contraction
279502,296254.9609889048,RCP45_2050,306503.0404123667,expansion
279502,296254.9609889048,RCP45_2100,305566.88728237763,expansion
279502,296254.9609889048,RCP85_2050,308965.6941780092,expansion
279502,296254.9609889048,RCP85_2100,311069.0557152976,expansion
279674,249514.8807263553,RCP45_2050,325071.80833356606,expansion
279674,249514.8807263553,RCP45_2100,347383.11451504065,expansion
279674,249514.8807263553,RCP85_2050,466444.04737459304,expansion
279674,249514.8807263553,RCP85_2100,447335.7885575835,expansion
279790,4777381.684780374,RCP45_2050,5098562.182423808,expansion
279790,4777381.684780374,RCP45_2100,5232472.984512579,expansion
279790,4777381.684780374,RCP85_2050,5219429.804743985,expansion
279790,4777381.684780374,RCP85_2100,5415950.411436877,expansion
279816,571768.3464684782,RCP45_2050,670345.3035841451,expansion
279816,571768.3464684782,RCP45_2100,719875.4626555728,expansion
279816,571768.3464684782,RCP85_2050,697670.7644081142,expansion
279816,571768.3464684782,RCP85_2100,888813.5022724222,expansion
279817,501820.4130118204,RCP45_2050,480400.4973214193,contraction
279817,501820.4130118204,RCP45_2100,456001.11073216447,contraction
279817,501820.4130118204,RCP85_2050,488605.3088672208,contraction
279817,501820.4130118204,RCP85_2100,504130.4684472368,expansion
279818,909535.250726258,RCP45_2050,841789.5924793557,contraction
279818,909535.250726258,RCP45_2100,883170.8960430911,contraction
279818,909535.250726258,RCP85_2050,849044.1248760684,contraction
279818,909535.250726258,RCP85_2100,1060985.504526525,expansion
279846,351919.2574120695,RCP45_2050,342444.8920931065,contraction
279846,351919.2574120695,RCP45_2100,331237.1840556844,contraction
279846,351919.2574120695,RCP85_2050,356994.18566358427,expansion
279846,351919.2574120695,RCP85_2100,343060.136842168,contraction
279848,290977.02219177294,RCP45_2050,354152.87432798545,expansion
279848,290977.02219177294,RCP45_2100,377545.7423455491,expansion
279848,290977.02219177294,RCP85_2050,362721.67515513854,expansion
279848,290977.02219177294,RCP85_2100,422160.56270806893,expansion
279851,543552.7023911912,RCP45_2050,529938.4865115325,contraction
279851,543552.7023911912,RCP45_2100,533968.6321460947,contraction
279851,543552.7023911912,RCP85_2050,527541.149806431,contraction
279851,543552.7023911912,RCP85_2100,534152.1465942712,contraction
279852,313659.9190770715,RCP45_2050,309702.17667986127,contraction
279852,313659.9190770715,RCP45_2100,313370.7973921727,contraction
279852,313659.9190770715,RCP85_2050,309580.5216123306,contraction
279852,313659.9190770715,RCP85_2100,312720.1584096978,contraction
279858,418511.9501067294,RCP45_2050,406903.7822176951,contraction
279858,418511.9501067294,RCP45_2100,391349.51935204753,contraction
279858,418511.9501067294,RCP85_2050,407459.8022232318,contraction
279858,418511.9501067294,RCP85_2100,429134.4359565919,expansion
279902,329717.5615264531,RCP45_2050,334965.80218469806,expansion
279902,329717.5615264531,RCP45_2100,342964.8168757309,expansion
279902,329717.5615264531,RCP85_2050,334785.3864464625,expansion
279902,329717.5615264531,RCP85_2100,344848.33525178704,expansion
279926,838982.980803056,RCP45_2050,969000.4446100533,expansion
279926,838982.980803056,RCP45_2100,1033740.1028097837,expansion
279926,838982.980803056,RCP85_2050,1033546.5013440737,expansion
279926,838982.980803056,RCP85_2100,1093412.9543525723,expansion
279954,487139.03971346613,RCP45_2050,469605.3445733335,contraction
279954,487139.03971346613,RCP45_2100,430634.1095332724,contraction
279954,487139.03971346613,RCP85_2050,449426.03347780945,contraction
279954,487139.03971346613,RCP85_2100,296313.1530910074,contraction
280071,3718682.526472153,RCP45_2050,3029468.019000824,contraction
280071,3718682.526472153,RCP45_2100,3197521.257293535,contraction
280071,3718682.526472153,RCP85_2050,3002771.6916755904,contraction
280071,3718682.526472153,RCP85_2100,3299300.829140542,contraction
280095,4642828.161393142,RCP45_2050,4647688.992578499,expansion
280095,4642828.161393142,RCP45_2100,4756775.357641198,expansion
280095,4642828.161393142,RCP85_2050,4766752.192230411,expansion
280095,4642828.161393142,RCP85_2100,4938126.202701907,expansion
280136,6411342.1712345965,RCP45_2050,5937167.456189401,contraction
280136,6411342.1712345965,RCP45_2100,5760884.586426791,contraction
280136,6411342.1712345965,RCP85_2050,5937469.530499534,contraction
280136,6411342.1712345965,RCP85_2100,5669910.544812509,contraction
280194,183213.84824379656,RCP45_2050,187148.4834465113,expansion
280194,183213.84824379656,RCP45_2100,191426.97638102926,expansion
280194,183213.84824379656,RCP85_2050,185360.04901613883,expansion
280194,183213.84824379656,RCP85_2100,184460.97142043363,expansion
280216,6071451.496652901,RCP45_2050,6903193.372354133,expansion
280216,6071451.496652901,RCP45_2100,6907248.049816101,expansion
280216,6071451.496652901,RCP85_2050,6920294.656523389,expansion
280216,6071451.496652901,RCP85_2100,6740457.588871091,expansion
280384,232711.55968795036,RCP45_2050,144950.11932400698,contraction
280384,232711.55968795036,RCP45_2100,130797.81819247139,contraction
280384,232711.55968795036,RCP85_2050,174179.5243956661,contraction
280384,232711.55968795036,RCP85_2100,121770.62669051666,contraction
280421,260641.00304890372,RCP45_2050,274622.4796540904,expansion
280421,260641.00304890372,RCP45_2100,284689.62239965267,expansion
280421,260641.00304890372,RCP85_2050,252795.24329161912,contraction
280421,260641.00304890372,RCP85_2100,265059.1414328282,expansion
280480,154202.9713128734,RCP45_2050,163306.17510635362,expansion
280480,154202.9713128734,RCP45_2100,173621.98375665434,expansion
280480,154202.9713128734,RCP85_2050,165911.0641774331,expansion
280480,154202.9713128734,RCP85_2100,186799.8258134507,expansion
280549,156458.74175701782,RCP45_2050,137009.34620920903,contraction
280549,156458.74175701782,RCP45_2100,119103.45561852482,contraction
280549,156458.74175701782,RCP85_2050,129835.46713955978,contraction
280549,156458.74175701782,RCP85_2100,71894.86566764872,contraction
280550,258502.44913822445,RCP45_2050,292368.82109455473,expansion
280550,258502.44913822445,RCP45_2100,293282.7986308531,expansion
280550,258502.44913822445,RCP85_2050,291074.5475817554,expansion
280550,258502.44913822445,RCP85_2100,147411.62876101575,contraction
280602,438569.5628013967,RCP45_2050,323342.946073808,contraction
280602,438569.5628013967,RCP45_2100,285305.7135400766,contraction
280602,438569.5628013967,RCP85_2050,298326.79510873806,contraction
280602,438569.5628013967,RCP85_2100,213054.41918396964,contraction
280619,1464882.1981577824,RCP45_2050,1430840.8684059246,contraction
280619,1464882.1981577824,RCP45_2100,1442397.7476952502,contraction
280619,1464882.1981577824,RCP85_2050,1448877.3878458834,contraction
280619,1464882.1981577824,RCP85_2100,1406660.136403213,contraction
280663,293813.99539160286,RCP45_2050,363930.17660631525,expansion
280663,293813.99539160286,RCP45_2100,401657.455616666,expansion
280663,293813.99539160286,RCP85_2050,393490.7802919365,expansion
280663,293813.99539160286,RCP85_2100,462726.7910163299,expansion
280684,535759.7616842503,RCP45_2050,137687.7025194044,contraction
280684,535759.7616842503,RCP45_2100,184973.28516177746,contraction
280684,535759.7616842503,RCP85_2050,144010.6083949744,contraction
280684,535759.7616842503,RCP85_2100,169035.29975262543,contraction
280689,2886796.098101554,RCP45_2050,3011754.7938860212,expansion
280689,2886796.098101554,RCP45_2100,3263482.9333496937,expansion
280689,2886796.098101554,RCP85_2050,3095385.325407627,expansion
280689,2886796.098101554,RCP85_2100,3158663.6922471076,expansion
280694,212099.99802891669,RCP45_2050,263682.6422880387,expansion
280694,212099.99802891669,RCP45_2100,272195.77460999734,expansion
280694,212099.99802891669,RCP85_2050,265774.9957928945,expansion
280694,212099.99802891669,RCP85_2100,244910.19558401324,expansion
280757,4634797.6568766385,RCP45_2050,4296266.680438304,contraction
280757,4634797.6568766385,RCP45_2100,4076976.781132465,contraction
280757,4634797.6568766385,RCP85_2050,4198703.992926359,contraction
280757,4634797.6568766385,RCP85_2100,3694589.481611538,contraction
280766,1551729.712783311,RCP45_2050,1463008.9720887793,contraction
280766,1551729.712783311,RCP45_2100,1448714.9518128554,contraction
280766,1551729.712783311,RCP85_2050,1425767.0285658482,contraction
280766,1551729.712783311,RCP85_2100,1241471.1814445003,contraction
280842,393348.5782277978,RCP45_2050,373571.52380160324,contraction
280842,393348.5782277978,RCP45_2100,339978.9285229616,contraction
280842,393348.5782277978,RCP85_2050,395926.58749604406,expansion
280842,393348.5782277978,RCP85_2100,343302.3578746101,contraction
280873,1016343.751291758,RCP45_2050,961433.9308838409,contraction
280873,1016343.751291758,RCP45_2100,923744.7568361728,contraction
280873,1016343.751291758,RCP85_2050,939240.8012638753,contraction
280873,1016343.751291758,RCP85_2100,798771.0784833657,contraction
280874,814470.3187726202,RCP45_2050,997323.4488993642,expansion
280874,814470.3187726202,RCP45_2100,1035285.4608415683,expansion
280874,814470.3187726202,RCP85_2050,994934.3636901468,expansion
280874,814470.3187726202,RCP85_2100,990432.1985345942,expansion
280875,3101410.490819902,RCP45_2050,2419030.37999128,contraction
280875,3101410.490819902,RCP45_2100,2054852.7844564284,contraction
280875,3101410.490819902,RCP85_2050,2158028.2308402876,contraction
280875,3101410.490819902,RCP85_2100,1605756.6895136272,contraction
280950,114601.37194287273,RCP45_2050,72077.41695594504,contraction
280950,114601.37194287273,RCP45_2100,65213.67069228509,contraction
280950,114601.37194287273,RCP85_2050,67710.18078281239,contraction
280950,114601.37194287273,RCP85_2100,54811.529611783975,contraction
281024,4577106.312339998,RCP45_2050,4608627.562740148,expansion
281024,4577106.312339998,RCP45_2100,4486997.513387034,contraction
281024,4577106.312339998,RCP85_2050,4578620.404084627,expansion
281024,4577106.312339998,RCP85_2100,4153286.5649845977,contraction
281035,234162.91248989964,RCP45_2050,238182.6306338955,expansion
281035,234162.91248989964,RCP45_2100,243489.54676248218,expansion
281035,234162.91248989964,RCP85_2050,244871.1902444659,expansion
281035,234162.91248989964,RCP85_2100,244514.24092305786,expansion
281036,617530.5559188216,RCP45_2050,553235.3754877932,contraction
281036,617530.5559188216,RCP45_2100,520464.24171134556,contraction
281036,617530.5559188216,RCP85_2050,558358.162888909,contraction
281036,617530.5559188216,RCP85_2100,398851.5674624384,contraction
281038,220418.6176407909,RCP45_2050,262058.7981567428,expansion
281038,220418.6176407909,RCP45_2100,303521.3266910341,expansion
281038,220418.6176407909,RCP85_2050,287015.15785999515,expansion
281038,220418.6176407909,RCP85_2100,369414.1476356048,expansion
281042,1355992.7761774552,RCP45_2050,1233771.5151710447,contraction
281042,1355992.7761774552,RCP45_2100,1165145.8861667574,contraction
281042,1355992.7761774552,RCP85_2050,1190239.721254339,contraction
281042,1355992.7761774552,RCP85_2100,1069053.558975033,contraction
281043,624541.1141523162,RCP45_2050,548061.1163202554,contraction
281043,624541.1141523162,RCP45_2100,512122.9371475144,contraction
281043,624541.1141523162,RCP85_2050,535707.5075713354,contraction
281043,624541.1141523162,RCP85_2100,478175.95865219506,contraction
281186,345588.3154989808,RCP45_2050,308481.1462820008,contraction
281186,345588.3154989808,RCP45_2100,291850.0713525366,contraction
281186,345588.3154989808,RCP85_2050,294177.4389294613,contraction
281186,345588.3154989808,RCP85_2100,260058.4762039698,contraction
281263,398510.3784616435,RCP45_2050,493347.3216373079,expansion
281263,398510.3784616435,RCP45_2100,531763.6776657553,expansion
281263,398510.3784616435,RCP85_2050,487327.6871135021,expansion
281263,398510.3784616435,RCP85_2100,541887.2137505859,expansion
281270,815101.9281514803,RCP45_2050,763995.6980138667,contraction
281270,815101.9281514803,RCP45_2100,704377.8161927329,contraction
281270,815101.9281514803,RCP85_2050,734423.0134461733,contraction
281270,815101.9281514803,RCP85_2100,489510.8744025569,contraction
281271,942514.3114262226,RCP45_2050,924759.0358822175,contraction
281271,942514.3114262226,RCP45_2100,917399.8854039637,contraction
281271,942514.3114262226,RCP85_2050,924002.9418664904,contraction
281271,942514.3114262226,RCP85_2100,849112.0779655263,contraction
281343,439598.98323948414,RCP45_2050,445134.1173237987,expansion
281343,439598.98323948414,RCP45_2100,388681.6232233263,contraction
281343,439598.98323948414,RCP85_2050,402214.2821715457,contraction
281343,439598.98323948414,RCP85_2100,431780.8118704663,contraction
281538,334463.86029562243,RCP45_2050,370212.62833096593,expansion
281538,334463.86029562243,RCP45_2100,426853.9777107115,expansion
281538,334463.86029562243,RCP85_2050,379014.83811934013,expansion
281538,334463.86029562243,RCP85_2100,411856.314759774,expansion
281637,711555.6850181747,RCP45_2050,801847.7571543803,expansion
281637,711555.6850181747,RCP45_2100,866579.3973976196,expansion
281637,711555.6850181747,RCP85_2050,690908.1711755191,contraction
281637,711555.6850181747,RCP85_2100,772111.1045908368,expansion
281695,198053.1887895966,RCP45_2050,308512.71266463626,expansion
281695,198053.1887895966,RCP45_2100,125278.3458970471,contraction
281695,198053.1887895966,RCP85_2050,198997.1558770639,expansion
281695,198053.1887895966,RCP85_2100,0,spp range loss
281876,289056.14695758984,RCP45_2050,315972.7707781587,expansion
281876,289056.14695758984,RCP45_2100,286123.76619856496,contraction
281876,289056.14695758984,RCP85_2050,291297.3297523996,expansion
281876,289056.14695758984,RCP85_2100,236502.8403165468,contraction
282022,328811.1773488769,RCP45_2050,254477.57486732228,contraction
282022,328811.1773488769,RCP45_2100,290940.916412039,contraction
282022,328811.1773488769,RCP85_2050,152831.1407385989,contraction
282022,328811.1773488769,RCP85_2100,225285.14187809845,contraction
282026,266854.15400606865,RCP45_2050,247820.39694725833,contraction
282026,266854.15400606865,RCP45_2100,253069.80883319283,contraction
282026,266854.15400606865,RCP85_2050,243517.94588481105,contraction
282026,266854.15400606865,RCP85_2100,250479.26117404984,contraction
282037,201018.01990718034,RCP45_2050,225421.19983475737,expansion
282037,201018.01990718034,RCP45_2100,232321.4759616269,expansion
282037,201018.01990718034,RCP85_2050,228320.93918194124,expansion
282037,201018.01990718034,RCP85_2100,228685.20185945366,expansion
282051,324397.972261938,RCP45_2050,906333.9340227077,expansion
282051,324397.972261938,RCP45_2100,928886.1696707678,expansion
282051,324397.972261938,RCP85_2050,330776.4794129164,expansion
282051,324397.972261938,RCP85_2100,960130.318912553,expansion
282061,1067123.7589939313,RCP45_2050,927607.20355634,contraction
282061,1067123.7589939313,RCP45_2100,876024.4263852326,contraction
282061,1067123.7589939313,RCP85_2050,893320.4509170764,contraction
282061,1067123.7589939313,RCP85_2100,850889.8282295053,contraction
282202,870093.1094850806,RCP45_2050,894540.3740241708,expansion
282202,870093.1094850806,RCP45_2100,902767.3983372512,expansion
282202,870093.1094850806,RCP85_2050,908308.9697804976,expansion
282202,870093.1094850806,RCP85_2100,910070.722244186,expansion
282214,597002.6763952451,RCP45_2050,538311.1731295462,contraction
282214,597002.6763952451,RCP45_2100,541610.1990341396,contraction
282214,597002.6763952451,RCP85_2050,545791.5282738714,contraction
282214,597002.6763952451,RCP85_2100,547882.4607321683,contraction
282254,940690.8209739549,RCP45_2050,890702.995409284,contraction
282254,940690.8209739549,RCP45_2100,871040.5653812655,contraction
282254,940690.8209739549,RCP85_2050,875842.49412002,contraction
282254,940690.8209739549,RCP85_2100,837465.4980275779,contraction
282271,378977.9390065732,RCP45_2050,363075.1337794082,contraction
282271,378977.9390065732,RCP45_2100,373160.0957977976,contraction
282271,378977.9390065732,RCP85_2050,369855.6226683793,contraction
282271,378977.9390065732,RCP85_2100,351428.4393324302,contraction
282273,389499.6301597813,RCP45_2050,355332.82906735304,contraction
282273,389499.6301597813,RCP45_2100,420943.54970676254,expansion
282273,389499.6301597813,RCP85_2050,364479.4515429955,contraction
282273,389499.6301597813,RCP85_2100,389541.9581700783,expansion
282279,156645.73387718995,RCP45_2050,131602.99419884715,contraction
282279,156645.73387718995,RCP45_2100,110860.62795088197,contraction
282279,156645.73387718995,RCP85_2050,120306.66427673482,contraction
282279,156645.73387718995,RCP85_2100,43180.99630557633,contraction
282335,208422.32909253697,RCP45_2050,660265.4776947463,expansion
282335,208422.32909253697,RCP45_2100,1044966.8444981487,expansion
282335,208422.32909253697,RCP85_2050,669955.055852648,expansion
282335,208422.32909253697,RCP85_2100,1190545.6125738637,expansion
282368,1704551.119911336,RCP45_2050,1672116.8459450256,contraction
282368,1704551.119911336,RCP45_2100,1654333.6110309947,contraction
282368,1704551.119911336,RCP85_2050,1564714.1137196703,contraction
282368,1704551.119911336,RCP85_2100,1408540.6245889198,contraction
282369,727680.6126698646,RCP45_2050,882180.9437683158,expansion
282369,727680.6126698646,RCP45_2100,1045898.1921592866,expansion
282369,727680.6126698646,RCP85_2050,1119132.914671325,expansion
282369,727680.6126698646,RCP85_2100,1465713.4000353548,expansion
282382,3697364.4558083247,RCP45_2050,2613960.2526019053,contraction
282382,3697364.4558083247,RCP45_2100,1878590.3377813553,contraction
282382,3697364.4558083247,RCP85_2050,2113269.3728464153,contraction
282382,3697364.4558083247,RCP85_2100,1004121.8103548776,contraction
282494,4710812.393674089,RCP45_2050,4661696.096073754,contraction
282494,4710812.393674089,RCP45_2100,4768488.646162508,expansion
282494,4710812.393674089,RCP85_2050,4671383.659499511,contraction
282494,4710812.393674089,RCP85_2100,4940483.165847255,expansion
282592,544244.4721833938,RCP45_2050,685997.0417175405,expansion
282592,544244.4721833938,RCP45_2100,758601.2480378338,expansion
282592,544244.4721833938,RCP85_2050,718304.2965024858,expansion
282592,544244.4721833938,RCP85_2100,814269.8538666912,expansion
282619,562745.6988482192,RCP45_2050,569020.5011904326,expansion
282619,562745.6988482192,RCP45_2100,586650.4793533365,expansion
282619,562745.6988482192,RCP85_2050,581699.6635760933,expansion
282619,562745.6988482192,RCP85_2100,626417.3789156108,expansion
282662,870132.4446184682,RCP45_2050,943171.7813506762,expansion
282662,870132.4446184682,RCP45_2100,1053346.0975053622,expansion
282662,870132.4446184682,RCP85_2050,975251.8637553108,expansion
282662,870132.4446184682,RCP85_2100,1124928.8448648213,expansion
282687,174217.55701491676,RCP45_2050,182967.94235637624,expansion
282687,174217.55701491676,RCP45_2100,186742.75448342453,expansion
282687,174217.55701491676,RCP85_2050,183049.83726258497,expansion
282687,174217.55701491676,RCP85_2100,189269.20662293205,expansion
282740,2494417.8128582686,RCP45_2050,3227640.076958988,expansion
282740,2494417.8128582686,RCP45_2100,3677897.0955149643,expansion
282740,2494417.8128582686,RCP85_2050,3426591.795276047,expansion
282740,2494417.8128582686,RCP85_2100,4425043.673893844,expansion
282848,601446.9610069043,RCP45_2050,1575466.4472671133,expansion
282848,601446.9610069043,RCP45_2100,1777977.7564823837,expansion
282848,601446.9610069043,RCP85_2050,1604733.2998459882,expansion
282848,601446.9610069043,RCP85_2100,1792019.4551340218,expansion
282884,1484612.8523857517,RCP45_2050,1478048.9597925437,contraction
282884,1484612.8523857517,RCP45_2100,1557889.1465463229,expansion
282884,1484612.8523857517,RCP85_2050,1499894.750814177,expansion
282884,1484612.8523857517,RCP85_2100,1810345.9360970021,expansion
282916,325343.9323630759,RCP45_2050,369836.9915924589,expansion
282916,325343.9323630759,RCP45_2100,390413.7960534566,expansion
282916,325343.9323630759,RCP85_2050,378144.6250429123,expansion
282916,325343.9323630759,RCP85_2100,430932.6229515536,expansion
282917,548866.527489544,RCP45_2050,607903.1675227644,expansion
282917,548866.527489544,RCP45_2100,699521.6668797734,expansion
282917,548866.527489544,RCP85_2050,647201.4813229418,expansion
282917,548866.527489544,RCP85_2100,852804.2954033891,expansion
282938,844895.7840936997,RCP45_2050,1080760.738844698,expansion
282938,844895.7840936997,RCP45_2100,1002033.5253882431,expansion
282938,844895.7840936997,RCP85_2050,1070843.7874982795,expansion
282938,844895.7840936997,RCP85_2100,589534.6652034649,contraction
283019,44391.92672519199,RCP45_2050,44365.54073009156,contraction
283019,44391.92672519199,RCP45_2100,42473.120939679895,contraction
283019,44391.92672519199,RCP85_2050,43563.90970804568,contraction
283019,44391.92672519199,RCP85_2100,41517.96603385843,contraction
283063,99107.73211290418,RCP45_2050,79047.20590315836,contraction
283063,99107.73211290418,RCP45_2100,67939.65104357776,contraction
283063,99107.73211290418,RCP85_2050,81003.16781747281,contraction
283063,99107.73211290418,RCP85_2100,103383.21353894043,expansion
283089,158349.99272813575,RCP45_2050,161979.8851498634,expansion
283089,158349.99272813575,RCP45_2100,163539.63734169034,expansion
283089,158349.99272813575,RCP85_2050,161914.4009731203,expansion
283089,158349.99272813575,RCP85_2100,165145.21645461596,expansion
283093,839572.4792560389,RCP45_2050,742566.1628222598,contraction
283093,839572.4792560389,RCP45_2100,711671.0197747139,contraction
283093,839572.4792560389,RCP85_2050,718247.7146448835,contraction
283093,839572.4792560389,RCP85_2100,669485.4008760577,contraction
283094,344663.6877015826,RCP45_2050,216906.98527046296,contraction
283094,344663.6877015826,RCP45_2100,180605.61967962314,contraction
283094,344663.6877015826,RCP85_2050,194380.54645350314,contraction
283094,344663.6877015826,RCP85_2100,112436.03223488203,contraction
283106,201331.4910918938,RCP45_2050,125262.76865144556,contraction
283106,201331.4910918938,RCP45_2100,82850.73224471367,contraction
283106,201331.4910918938,RCP85_2050,94555.47877928778,contraction
283106,201331.4910918938,RCP85_2100,1156.9184385586964,contraction
283110,96279.59011969449,RCP45_2050,85031.78373727312,contraction
283110,96279.59011969449,RCP45_2100,80207.3440379859,contraction
283110,96279.59011969449,RCP85_2050,83272.27186434732,contraction
283110,96279.59011969449,RCP85_2100,69506.55213304042,contraction
283111,435783.07843337423,RCP45_2050,424571.59670670517,contraction
283111,435783.07843337423,RCP45_2100,432739.2050027014,contraction
283111,435783.07843337423,RCP85_2050,433793.06122975633,contraction
283111,435783.07843337423,RCP85_2100,440412.48518142506,expansion
283113,604367.094524136,RCP45_2050,646388.2114470889,expansion
283113,604367.094524136,RCP45_2100,693142.5389842655,expansion
283113,604367.094524136,RCP85_2050,616867.5700162036,expansion
283113,604367.094524136,RCP85_2100,665429.3723265944,expansion
283115,824179.5829143143,RCP45_2050,919296.6885017577,expansion
283115,824179.5829143143,RCP45_2100,926212.9125680034,expansion
283115,824179.5829143143,RCP85_2050,895473.5752815712,expansion
283115,824179.5829143143,RCP85_2100,911392.6595956514,expansion
283116,200534.30217885884,RCP45_2050,207855.89699946315,expansion
283116,200534.30217885884,RCP45_2100,208180.52503512736,expansion
283116,200534.30217885884,RCP85_2050,204043.24466478702,expansion
283116,200534.30217885884,RCP85_2100,203133.14416759709,expansion
283117,594119.9191629164,RCP45_2050,587688.7388033122,contraction
283117,594119.9191629164,RCP45_2100,560183.9573794244,contraction
283117,594119.9191629164,RCP85_2050,582768.8584028588,contraction
283117,594119.9191629164,RCP85_2100,507845.1369308577,contraction
283118,345232.72122427414,RCP45_2050,359482.6122236525,expansion
283118,345232.72122427414,RCP45_2100,360240.65464875044,expansion
283118,345232.72122427414,RCP85_2050,357966.9789347504,expansion
283118,345232.72122427414,RCP85_2100,359078.39510063134,expansion
283119,228228.79873314366,RCP45_2050,246899.92269020877,expansion
283119,228228.79873314366,RCP45_2100,257116.44708460564,expansion
283119,228228.79873314366,RCP85_2050,247860.38947214108,expansion
283119,228228.79873314366,RCP85_2100,266758.00587530434,expansion
283121,110124.07632683954,RCP45_2050,101310.76660105714,contraction
283121,110124.07632683954,RCP45_2100,99483.43647347977,contraction
283121,110124.07632683954,RCP85_2050,100358.69312775535,contraction
283121,110124.07632683954,RCP85_2100,99204.6342166095,contraction
283122,822768.0904645944,RCP45_2050,841617.2856508159,expansion
283122,822768.0904645944,RCP45_2100,882669.7708708207,expansion
283122,822768.0904645944,RCP85_2050,835178.6054059634,expansion
283122,822768.0904645944,RCP85_2100,880809.5382800236,expansion
283124,361116.1338570615,RCP45_2050,358629.7147685527,contraction
283124,361116.1338570615,RCP45_2100,367594.35451132973,expansion
283124,361116.1338570615,RCP85_2050,358769.72215386777,contraction
283124,361116.1338570615,RCP85_2100,371649.0950859077,expansion
283125,209304.7255085424,RCP45_2050,182859.11356825597,contraction
283125,209304.7255085424,RCP45_2100,188525.66597501992,contraction
283125,209304.7255085424,RCP85_2050,187843.99330728775,contraction
283125,209304.7255085424,RCP85_2100,182666.2036972295,contraction
283141,1994144.3669149883,RCP45_2050,1998598.752128832,expansion
283141,1994144.3669149883,RCP45_2100,1871571.8379179747,contraction
283141,1994144.3669149883,RCP85_2050,1955735.6608175733,contraction
283141,1994144.3669149883,RCP85_2100,1675832.9993529276,contraction
283142,1794479.4406547376,RCP45_2050,1359292.592385268,contraction
283142,1794479.4406547376,RCP45_2100,1215210.9979275058,contraction
283142,1794479.4406547376,RCP85_2050,1280477.2890565398,contraction
283142,1794479.4406547376,RCP85_2100,1018092.4576015249,contraction
283159,543048.2487269025,RCP45_2050,721835.1455688792,expansion
283159,543048.2487269025,RCP45_2100,801218.3171739094,expansion
283159,543048.2487269025,RCP85_2050,762055.2161587699,expansion
283159,543048.2487269025,RCP85_2100,909313.0587932111,expansion
283175,555262.6418155909,RCP45_2050,362951.9423715863,contraction
283175,555262.6418155909,RCP45_2100,460593.32418366225,contraction
283175,555262.6418155909,RCP85_2050,279870.46380389004,contraction
283175,555262.6418155909,RCP85_2100,428176.7846529714,contraction
283210,1007170.989846972,RCP45_2050,951661.0293571833,contraction
283210,1007170.989846972,RCP45_2100,942062.1312239993,contraction
283210,1007170.989846972,RCP85_2050,962945.7508635813,contraction
283210,1007170.989846972,RCP85_2100,960085.4046369471,contraction
283212,668334.8185912096,RCP45_2050,662132.4144899626,contraction
283212,668334.8185912096,RCP45_2100,711370.5229297512,expansion
283212,668334.8185912096,RCP85_2050,684135.3579706701,expansion
283212,668334.8185912096,RCP85_2100,830456.2947709457,expansion
283213,297451.69463468855,RCP45_2050,258912.21405645137,contraction
283213,297451.69463468855,RCP45_2100,258471.7283089733,contraction
283213,297451.69463468855,RCP85_2050,256238.8176191091,contraction
283213,297451.69463468855,RCP85_2100,255921.51533045666,contraction
283214,415744.3147135849,RCP45_2050,431517.89764231216,expansion
283214,415744.3147135849,RCP45_2100,434654.0337508905,expansion
283214,415744.3147135849,RCP85_2050,427506.51055363566,expansion
283214,415744.3147135849,RCP85_2100,434073.09947766014,expansion
287107,2344895.6407740805,RCP45_2050,2268452.859013471,contraction
287107,2344895.6407740805,RCP45_2100,2269650.426985246,contraction
287107,2344895.6407740805,RCP85_2050,2298053.006644624,contraction
287107,2344895.6407740805,RCP85_2100,2221998.379963683,contraction
287108,3752166.195094344,RCP45_2050,4537538.568467267,expansion
287108,3752166.195094344,RCP45_2100,5185112.240737503,expansion
287108,3752166.195094344,RCP85_2050,4741475.096727106,expansion
287108,3752166.195094344,RCP85_2100,5189593.697098416,expansion
287420,748606.406539639,RCP45_2050,554476.526153313,contraction
287420,748606.406539639,RCP45_2100,539857.6848891976,contraction
287420,748606.406539639,RCP85_2050,567284.0913460678,contraction
287420,748606.406539639,RCP85_2100,591212.3818190615,contraction
287421,1059071.8611357766,RCP45_2050,1059648.6262587246,expansion
287421,1059071.8611357766,RCP45_2100,1190162.2444408298,expansion
287421,1059071.8611357766,RCP85_2050,1084991.4120815275,expansion
287421,1059071.8611357766,RCP85_2100,1218768.6345413134,expansion
287422,5570353.298123409,RCP45_2050,5573905.509918169,expansion
287422,5570353.298123409,RCP45_2100,5990618.422642642,expansion
287422,5570353.298123409,RCP85_2050,5573595.138943183,expansion
287422,5570353.298123409,RCP85_2100,5825468.44320913,expansion
287423,3109185.755663469,RCP45_2050,3168428.6852554264,expansion
287423,3109185.755663469,RCP45_2100,3328849.12731944,expansion
287423,3109185.755663469,RCP85_2050,3263398.6976987347,expansion
287423,3109185.755663469,RCP85_2100,3541604.698981352,expansion
287424,298362.4989208097,RCP45_2050,185447.62514439668,contraction
287424,298362.4989208097,RCP45_2100,169700.68918231654,contraction
287424,298362.4989208097,RCP85_2050,185816.85371626224,contraction
287424,298362.4989208097,RCP85_2100,148525.22413977882,contraction
287425,1701991.8335096915,RCP45_2050,1595283.362839314,contraction
287425,1701991.8335096915,RCP45_2100,1627970.217444796,contraction
287425,1701991.8335096915,RCP85_2050,1592397.9360211976,contraction
287425,1701991.8335096915,RCP85_2100,1661605.8351610943,contraction
287690,5002334.86781604,RCP45_2050,4826184.688419292,contraction
287690,5002334.86781604,RCP45_2100,4950310.397584484,contraction
287690,5002334.86781604,RCP85_2050,4828221.479349314,contraction
287690,5002334.86781604,RCP85_2100,5355324.580408745,expansion
287691,4215088.3471411755,RCP45_2050,4008534.164130939,contraction
287691,4215088.3471411755,RCP45_2100,3729580.296857097,contraction
287691,4215088.3471411755,RCP85_2050,3674789.403171586,contraction
287691,4215088.3471411755,RCP85_2100,3397673.758982288,contraction
287692,453526.17417488876,RCP45_2050,461393.2853300927,expansion
287692,453526.17417488876,RCP45_2100,464616.71853270143,expansion
287692,453526.17417488876,RCP85_2050,463563.5024351452,expansion
287692,453526.17417488876,RCP85_2100,465004.419614991,expansion
287693,23126790.433740158,RCP45_2050,24426027.166385844,expansion
287693,23126790.433740158,RCP45_2100,24299357.126651037,expansion
287693,23126790.433740158,RCP85_2050,24738140.39647355,expansion
287693,23126790.433740158,RCP85_2100,24913389.62632291,expansion
287694,9956732.30730056,RCP45_2050,10561354.406323832,expansion
287694,9956732.30730056,RCP45_2100,11353489.94347049,expansion
287694,9956732.30730056,RCP85_2050,10865882.410074791,expansion
287694,9956732.30730056,RCP85_2100,11984494.932258105,expansion
287695,17801515.822578292,RCP45_2050,16568753.434441397,contraction
287695,17801515.822578292,RCP45_2100,16698705.513466861,contraction
287695,17801515.822578292,RCP85_2050,16020851.233214423,contraction
287695,17801515.822578292,RCP85_2100,20588141.69647969,expansion
287696,7747173.103472352,RCP45_2050,7260070.719823488,contraction
287696,7747173.103472352,RCP45_2100,7308265.237869501,contraction
287696,7747173.103472352,RCP85_2050,7261874.536824677,contraction
287696,7747173.103472352,RCP85_2100,7460306.416026486,contraction
287697,11602607.102313563,RCP45_2050,11568744.677112445,contraction
287697,11602607.102313563,RCP45_2100,11976416.027563272,expansion
287697,11602607.102313563,RCP85_2050,11230805.60914464,contraction
287697,11602607.102313563,RCP85_2100,13169857.584577389,expansion
287698,19763080.657418307,RCP45_2050,20306320.77404003,expansion
287698,19763080.657418307,RCP45_2100,20584129.697549872,expansion
287698,19763080.657418307,RCP85_2050,20282701.952759277,expansion
287698,19763080.657418307,RCP85_2100,21512712.860108387,expansion
287699,16769583.509801589,RCP45_2050,18144822.121872798,expansion
287699,16769583.509801589,RCP45_2100,18784263.48664304,expansion
287699,16769583.509801589,RCP85_2050,18282662.32265531,expansion
287699,16769583.509801589,RCP85_2100,18822344.177220616,expansion
287700,11389873.911036888,RCP45_2050,12418557.216480913,expansion
287700,11389873.911036888,RCP45_2100,12853657.54521487,expansion
287700,11389873.911036888,RCP85_2050,12455883.072977152,expansion
287700,11389873.911036888,RCP85_2100,12866665.503778778,expansion
287701,16163079.030523567,RCP45_2050,16742946.475395242,expansion
287701,16163079.030523567,RCP45_2100,16818025.284498405,expansion
287701,16163079.030523567,RCP85_2050,16763095.566299545,expansion
287701,16163079.030523567,RCP85_2100,16059574.648663877,contraction
287702,2366691.336996607,RCP45_2050,2332208.463399661,contraction
287702,2366691.336996607,RCP45_2100,2034105.985714616,contraction
287702,2366691.336996607,RCP85_2050,1892019.6493765498,contraction
287702,2366691.336996607,RCP85_2100,1627427.4612898098,contraction
287704,8246330.918978022,RCP45_2050,8719425.299420176,expansion
287704,8246330.918978022,RCP45_2100,9457473.060452506,expansion
287704,8246330.918978022,RCP85_2050,9147373.589276627,expansion
287704,8246330.918978022,RCP85_2100,10014894.659021154,expansion
287705,455640.255110555,RCP45_2050,463935.86815633794,expansion
287705,455640.255110555,RCP45_2100,467005.85953805497,expansion
287705,455640.255110555,RCP85_2050,466012.34096631384,expansion
287705,455640.255110555,RCP85_2100,471132.63366687455,expansion
287706,8366824.034973444,RCP45_2050,8654866.283372274,expansion
287706,8366824.034973444,RCP45_2100,9292294.123580934,expansion
287706,8366824.034973444,RCP85_2050,9139497.513221668,expansion
287706,8366824.034973444,RCP85_2100,10220223.558863837,expansion
287707,27074741.273766633,RCP45_2050,28388430.0077067,expansion
287707,27074741.273766633,RCP45_2100,27489226.908559155,expansion
287707,27074741.273766633,RCP85_2050,28660788.826349396,expansion
287707,27074741.273766633,RCP85_2100,26609727.672105085,contraction
287708,7399261.252007308,RCP45_2050,7737260.140963234,expansion
287708,7399261.252007308,RCP45_2100,8233567.317175848,expansion
287708,7399261.252007308,RCP85_2050,8112217.535294265,expansion
287708,7399261.252007308,RCP85_2100,8638045.02327015,expansion
287709,6509577.756553803,RCP45_2050,6256047.273356493,contraction
287709,6509577.756553803,RCP45_2100,5912366.100070863,contraction
287709,6509577.756553803,RCP85_2050,5939539.2382672485,contraction
287709,6509577.756553803,RCP85_2100,5487338.692074918,contraction
287710,420787.70175346703,RCP45_2050,436162.96548455575,expansion
287710,420787.70175346703,RCP45_2100,439629.0615247905,expansion
287710,420787.70175346703,RCP85_2050,438584.5947938708,expansion
287710,420787.70175346703,RCP85_2100,439447.30989039794,expansion
287712,9214080.853817943,RCP45_2050,10188734.746705066,expansion
287712,9214080.853817943,RCP45_2100,10859363.688202662,expansion
287712,9214080.853817943,RCP85_2050,10531584.457139011,expansion
287712,9214080.853817943,RCP85_2100,11676260.852916347,expansion
287713,8462692.042689178,RCP45_2050,8063748.51964437,contraction
287713,8462692.042689178,RCP45_2100,7933289.899225528,contraction
287713,8462692.042689178,RCP85_2050,7944142.760325983,contraction
287713,8462692.042689178,RCP85_2100,7741334.934935322,contraction
287714,10238265.837044278,RCP45_2050,10141469.311714603,contraction
287714,10238265.837044278,RCP45_2100,11497106.754349671,expansion
287714,10238265.837044278,RCP85_2050,10343249.526911886,expansion
287714,10238265.837044278,RCP85_2100,13611422.908011831,expansion
287715,910770.3976347503,RCP45_2050,1276163.0492530977,expansion
287715,910770.3976347503,RCP45_2100,1267300.6709251956,expansion
287715,910770.3976347503,RCP85_2050,1283915.0552277602,expansion
287715,910770.3976347503,RCP85_2100,1280004.2679470365,expansion
287716,8881708.3227293,RCP45_2050,10128894.048835086,expansion
287716,8881708.3227293,RCP45_2100,10828698.584461931,expansion
287716,8881708.3227293,RCP85_2050,10438482.595755475,expansion
287716,8881708.3227293,RCP85_2100,11419463.49867299,expansion
287717,8731270.0612385,RCP45_2050,10266422.10822957,expansion
287717,8731270.0612385,RCP45_2100,11204009.444469811,expansion
287717,8731270.0612385,RCP85_2050,10640065.989970509,expansion
287717,8731270.0612385,RCP85_2100,11847739.72187929,expansion
287718,9131613.289947417,RCP45_2050,10105182.82046991,expansion
287718,9131613.289947417,RCP45_2100,10778946.838278843,expansion
287718,9131613.289947417,RCP85_2050,10479074.449673716,expansion
287718,9131613.289947417,RCP85_2100,11389644.130254578,expansion
287719,5971367.009336782,RCP45_2050,5509829.047368089,contraction
287719,5971367.009336782,RCP45_2100,5402633.877913839,contraction
287719,5971367.009336782,RCP85_2050,5227491.393216973,contraction
287719,5971367.009336782,RCP85_2100,5084973.667504454,contraction
287720,14895306.091436123,RCP45_2050,16198875.062103854,expansion
287720,14895306.091436123,RCP45_2100,16564107.873436565,expansion
287720,14895306.091436123,RCP85_2050,16327047.95240709,expansion
287720,14895306.091436123,RCP85_2100,16557300.994331898,expansion
287721,454124.9857718812,RCP45_2050,461384.41357923474,expansion
287721,454124.9857718812,RCP45_2100,465084.7828920032,expansion
287721,454124.9857718812,RCP85_2050,463427.5580537627,expansion
287721,454124.9857718812,RCP85_2100,467076.0747878009,expansion
287722,9359276.236142218,RCP45_2050,11110866.6162679,expansion
287722,9359276.236142218,RCP45_2100,11710755.525365556,expansion
287722,9359276.236142218,RCP85_2050,11310582.014111763,expansion
287722,9359276.236142218,RCP85_2100,11886019.638911536,expansion
287724,16773591.08229916,RCP45_2050,17571934.126270875,expansion
287724,16773591.08229916,RCP45_2100,18120310.99246688,expansion
287724,16773591.08229916,RCP85_2050,17862769.88484854,expansion
287724,16773591.08229916,RCP85_2100,17799043.70106515,expansion
287725,458784.156987412,RCP45_2050,465840.77683524747,expansion
287725,458784.156987412,RCP45_2100,469153.84944006987,expansion
287725,458784.156987412,RCP85_2050,468219.8251874316,expansion
287725,458784.156987412,RCP85_2100,470633.7859110779,expansion
287726,6545489.59601355,RCP45_2050,7102984.78354109,expansion
287726,6545489.59601355,RCP45_2100,7486238.107647054,expansion
287726,6545489.59601355,RCP85_2050,7571322.259036854,expansion
287726,6545489.59601355,RCP85_2100,7933809.376248539,expansion
287727,4130668.5420687594,RCP45_2050,4548232.739531393,expansion
287727,4130668.5420687594,RCP45_2100,4569810.9780082535,expansion
287727,4130668.5420687594,RCP85_2050,4562126.337635307,expansion
287727,4130668.5420687594,RCP85_2100,4572135.869817677,expansion
287729,4829320.621277254,RCP45_2050,4568384.904592349,contraction
287729,4829320.621277254,RCP45_2100,4562551.816544312,contraction
287729,4829320.621277254,RCP85_2050,4507310.393623785,contraction
287729,4829320.621277254,RCP85_2100,4399467.249893177,contraction
287731,13470867.098003937,RCP45_2050,13944243.233402697,expansion
287731,13470867.098003937,RCP45_2100,14137214.383287916,expansion
287731,13470867.098003937,RCP85_2050,13974064.515742501,expansion
287731,13470867.098003937,RCP85_2100,14072309.133262016,expansion
287733,8460494.975581935,RCP45_2050,8663219.153760327,expansion
287733,8460494.975581935,RCP45_2100,9271158.390960436,expansion
287733,8460494.975581935,RCP85_2050,9119318.659036255,expansion
287733,8460494.975581935,RCP85_2100,10215776.614030644,expansion
287777,1741829.3531765984,RCP45_2050,2086860.5362748238,expansion
287777,1741829.3531765984,RCP45_2100,2033099.9520849192,expansion
287777,1741829.3531765984,RCP85_2050,2038171.0197018357,expansion
287777,1741829.3531765984,RCP85_2100,1928860.708358664,expansion
287852,1819378.3197309535,RCP45_2050,1505122.8755582988,contraction
287852,1819378.3197309535,RCP45_2100,1365852.4740099008,contraction
287852,1819378.3197309535,RCP85_2050,1381851.9973366063,contraction
287852,1819378.3197309535,RCP85_2100,1086392.3669794786,contraction
287853,1349662.9585522828,RCP45_2050,1421105.0775497917,expansion
287853,1349662.9585522828,RCP45_2100,1479293.1589350696,expansion
287853,1349662.9585522828,RCP85_2050,1438034.2526907024,expansion
287853,1349662.9585522828,RCP85_2100,1516356.7986533116,expansion
287854,1294827.9999234972,RCP45_2050,1620085.4358873346,expansion
287854,1294827.9999234972,RCP45_2100,1354520.9367955322,expansion
287854,1294827.9999234972,RCP85_2050,1617657.7086431198,expansion
287854,1294827.9999234972,RCP85_2100,1246561.6364708762,contraction
287911,972627.0249623376,RCP45_2050,858533.1463750901,contraction
287911,972627.0249623376,RCP45_2100,859229.210080756,contraction
287911,972627.0249623376,RCP85_2050,851938.3994690287,contraction
287911,972627.0249623376,RCP85_2100,843417.579957281,contraction
287913,953261.0518395576,RCP45_2050,918618.6164143229,contraction
287913,953261.0518395576,RCP45_2100,902636.3260497195,contraction
287913,953261.0518395576,RCP85_2050,911538.2030967956,contraction
287913,953261.0518395576,RCP85_2100,789603.5770073752,contraction
287914,1605123.867562069,RCP45_2050,1270458.7090006634,contraction
287914,1605123.867562069,RCP45_2100,1186547.0020925729,contraction
287914,1605123.867562069,RCP85_2050,1198396.640802398,contraction
287914,1605123.867562069,RCP85_2100,970526.6699163793,contraction
287915,1385101.18597692,RCP45_2050,979563.0613564483,contraction
287915,1385101.18597692,RCP45_2100,1046081.4260263994,contraction
287915,1385101.18597692,RCP85_2050,969978.6141522267,contraction
287915,1385101.18597692,RCP85_2100,899362.95895054,contraction
287916,1070522.7400426352,RCP45_2050,946541.6615465204,contraction
287916,1070522.7400426352,RCP45_2100,1048055.6729006858,contraction
287916,1070522.7400426352,RCP85_2050,991872.9792549565,contraction
287916,1070522.7400426352,RCP85_2100,1064233.581496168,contraction
287943,18382246.19485439,RCP45_2050,18680622.53850068,expansion
287943,18382246.19485439,RCP45_2100,19567330.260215685,expansion
287943,18382246.19485439,RCP85_2050,18678890.061491534,expansion
287943,18382246.19485439,RCP85_2100,20482048.53040815,expansion
287946,18988265.21063431,RCP45_2050,20413861.49535767,expansion
287946,18988265.21063431,RCP45_2100,21237079.58428144,expansion
287946,18988265.21063431,RCP85_2050,20505215.80161588,expansion
287946,18988265.21063431,RCP85_2100,20149434.348106075,expansion
287947,9316489.746268904,RCP45_2050,10673340.369700475,expansion
287947,9316489.746268904,RCP45_2100,10675328.3300447,expansion
287947,9316489.746268904,RCP85_2050,10841049.973253,expansion
287947,9316489.746268904,RCP85_2100,11382757.951869717,expansion
287948,23304703.311129227,RCP45_2050,24703555.174911678,expansion
287948,23304703.311129227,RCP45_2100,25265666.55008333,expansion
287948,23304703.311129227,RCP85_2050,24653993.569523882,expansion
287948,23304703.311129227,RCP85_2100,24910279.49746693,expansion
288066,10524865.957644368,RCP45_2050,10831309.964622598,expansion
288066,10524865.957644368,RCP45_2100,11573621.15472566,expansion
288066,10524865.957644368,RCP85_2050,11241195.1127294,expansion
288066,10524865.957644368,RCP85_2100,12379776.431890994,expansion
288104,3393143.4643440866,RCP45_2050,2942495.883189673,contraction
288104,3393143.4643440866,RCP45_2100,2474330.6402526475,contraction
288104,3393143.4643440866,RCP85_2050,2551791.94711048,contraction
288104,3393143.4643440866,RCP85_2100,1917677.4089290998,contraction
288182,4786698.571324639,RCP45_2050,4772679.684831648,contraction
288182,4786698.571324639,RCP45_2100,4719017.881919422,contraction
288182,4786698.571324639,RCP85_2050,4719169.623089395,contraction
288182,4786698.571324639,RCP85_2100,4715734.762204868,contraction
288184,2607711.660303921,RCP45_2050,2378781.1571436003,contraction
288184,2607711.660303921,RCP45_2100,2355120.2718476816,contraction
288184,2607711.660303921,RCP85_2050,2435440.133916478,contraction
288184,2607711.660303921,RCP85_2100,2518478.408831479,contraction
288185,9759723.423405351,RCP45_2050,11714430.714056946,expansion
288185,9759723.423405351,RCP45_2100,12647308.429085996,expansion
288185,9759723.423405351,RCP85_2050,11879043.4533844,expansion
288185,9759723.423405351,RCP85_2100,12932200.727210756,expansion
288187,10734911.19886895,RCP45_2050,11921550.591516454,expansion
288187,10734911.19886895,RCP45_2100,12765557.13463802,expansion
288187,10734911.19886895,RCP85_2050,12325776.834845144,expansion
288187,10734911.19886895,RCP85_2100,13773339.337144498,expansion
288189,3074303.0087337326,RCP45_2050,2610490.609953758,contraction
288189,3074303.0087337326,RCP45_2100,2275539.748884422,contraction
288189,3074303.0087337326,RCP85_2050,2348091.1147869616,contraction
288189,3074303.0087337326,RCP85_2100,1756463.3866241823,contraction
288190,5226398.325509463,RCP45_2050,4944085.398000791,contraction
288190,5226398.325509463,RCP45_2100,4765900.440178721,contraction
288190,5226398.325509463,RCP85_2050,4770082.972951531,contraction
288190,5226398.325509463,RCP85_2100,4282586.621921001,contraction
288191,3332111.5676854625,RCP45_2050,3098140.074908837,contraction
288191,3332111.5676854625,RCP45_2100,6061661.237598463,expansion
288191,3332111.5676854625,RCP85_2050,3243350.0617422285,contraction
288191,3332111.5676854625,RCP85_2100,14140096.7060729,expansion
288195,18865015.228360448,RCP45_2050,18859739.806039806,contraction
288195,18865015.228360448,RCP45_2100,19590509.343140215,expansion
288195,18865015.228360448,RCP85_2050,18802590.864794318,contraction
288195,18865015.228360448,RCP85_2100,19693156.54011577,expansion
288196,8219864.688682088,RCP45_2050,9138300.733904393,expansion
288196,8219864.688682088,RCP45_2100,9678221.979052108,expansion
288196,8219864.688682088,RCP85_2050,9536239.777781941,expansion
288196,8219864.688682088,RCP85_2100,10292262.507652622,expansion
288197,11916893.432872994,RCP45_2050,13412724.383151073,expansion
288197,11916893.432872994,RCP45_2100,13938375.540852884,expansion
288197,11916893.432872994,RCP85_2050,13602220.1035654,expansion
288197,11916893.432872994,RCP85_2100,14220020.744888246,expansion
288198,6696091.531311965,RCP45_2050,5794348.684860626,contraction
288198,6696091.531311965,RCP45_2100,5323217.9043697165,contraction
288198,6696091.531311965,RCP85_2050,5434966.302449596,contraction
288198,6696091.531311965,RCP85_2100,4582818.794561925,contraction
288199,1738475.8255908089,RCP45_2050,1788355.9408704308,expansion
288199,1738475.8255908089,RCP45_2100,1798169.7355699004,expansion
288199,1738475.8255908089,RCP85_2050,1783019.7904913435,expansion
288199,1738475.8255908089,RCP85_2100,1793947.4897287593,expansion
288203,5929845.334745198,RCP45_2050,6199245.315986004,expansion
288203,5929845.334745198,RCP45_2100,6387835.519100744,expansion
288203,5929845.334745198,RCP85_2050,6434195.824854655,expansion
288203,5929845.334745198,RCP85_2100,6728822.18755458,expansion
288204,418153.9316163155,RCP45_2050,303390.0639596079,contraction
288204,418153.9316163155,RCP45_2100,293880.28563186934,contraction
288204,418153.9316163155,RCP85_2050,277784.9875529015,contraction
288204,418153.9316163155,RCP85_2100,267034.79214062553,contraction
288206,7081291.359487553,RCP45_2050,7781985.237426351,expansion
288206,7081291.359487553,RCP45_2100,8615387.198349973,expansion
288206,7081291.359487553,RCP85_2050,7957753.62821173,expansion
288206,7081291.359487553,RCP85_2100,9881008.804790117,expansion
288207,6026566.64215035,RCP45_2050,6607783.315462615,expansion
288207,6026566.64215035,RCP45_2100,6614750.223030262,expansion
288207,6026566.64215035,RCP85_2050,6609938.296767238,expansion
288207,6026566.64215035,RCP85_2100,6574861.189405801,expansion
288208,4565086.805558145,RCP45_2050,4031551.4203670877,contraction
288208,4565086.805558145,RCP45_2100,3871147.133885463,contraction
288208,4565086.805558145,RCP85_2050,3939998.2283955696,contraction
288208,4565086.805558145,RCP85_2100,3672289.3909043134,contraction
288210,9501271.116067853,RCP45_2050,10156079.568710258,expansion
288210,9501271.116067853,RCP45_2100,10900375.936844766,expansion
288210,9501271.116067853,RCP85_2050,10567804.085267426,expansion
288210,9501271.116067853,RCP85_2100,11588600.371616576,expansion
288212,8693132.924164344,RCP45_2050,9725292.998840712,expansion
288212,8693132.924164344,RCP45_2100,10106899.279296814,expansion
288212,8693132.924164344,RCP85_2050,9993546.77951674,expansion
288212,8693132.924164344,RCP85_2100,10800490.114943694,expansion
288213,944410.5654918153,RCP45_2050,878533.4909784638,contraction
288213,944410.5654918153,RCP45_2100,826337.9747867214,contraction
288213,944410.5654918153,RCP85_2050,880256.1182769624,contraction
288213,944410.5654918153,RCP85_2100,753844.0366470318,contraction
288214,12265541.407832714,RCP45_2050,14677741.597628154,expansion
288214,12265541.407832714,RCP45_2100,15493727.228417376,expansion
288214,12265541.407832714,RCP85_2050,14656776.770552395,expansion
288214,12265541.407832714,RCP85_2100,15421479.35046592,expansion
288215,3915073.429591432,RCP45_2050,3757162.142174201,contraction
288215,3915073.429591432,RCP45_2100,3443680.294399844,contraction
288215,3915073.429591432,RCP85_2050,3413126.018861458,contraction
288215,3915073.429591432,RCP85_2100,3036450.0713653276,contraction
288216,8050266.897638917,RCP45_2050,7808676.413702569,contraction
288216,8050266.897638917,RCP45_2100,8090744.294185123,expansion
288216,8050266.897638917,RCP85_2050,7790299.80552869,contraction
288216,8050266.897638917,RCP85_2100,8084127.5007114,expansion
288218,10332800.35897512,RCP45_2050,10548307.801086573,expansion
288218,10332800.35897512,RCP45_2100,10813141.566963641,expansion
288218,10332800.35897512,RCP85_2050,10673153.674826184,expansion
288218,10332800.35897512,RCP85_2100,10904633.596600017,expansion
288219,11612305.864932045,RCP45_2050,13054475.653487056,expansion
288219,11612305.864932045,RCP45_2100,14253485.747625185,expansion
288219,11612305.864932045,RCP85_2050,13306966.624094645,expansion
288219,11612305.864932045,RCP85_2100,14836317.148865473,expansion
288225,9507471.73296573,RCP45_2050,10590352.025081018,expansion
288225,9507471.73296573,RCP45_2100,11089911.231257135,expansion
288225,9507471.73296573,RCP85_2050,10765345.64657669,expansion
288225,9507471.73296573,RCP85_2100,11371351.302692201,expansion
288227,1290584.5052340506,RCP45_2050,1214439.719422574,contraction
288227,1290584.5052340506,RCP45_2100,1387879.8710308303,expansion
288227,1290584.5052340506,RCP85_2050,1261166.763866441,contraction
288227,1290584.5052340506,RCP85_2100,1332395.2573940158,expansion
288233,9912535.799100121,RCP45_2050,11028890.281225212,expansion
288233,9912535.799100121,RCP45_2100,11876431.855721857,expansion
288233,9912535.799100121,RCP85_2050,11348428.527964137,expansion
288233,9912535.799100121,RCP85_2100,12251392.977324506,expansion
288236,7600941.551593367,RCP45_2050,8757098.063424867,expansion
288236,7600941.551593367,RCP45_2100,9435457.390689291,expansion
288236,7600941.551593367,RCP85_2050,9105073.70743402,expansion
288236,7600941.551593367,RCP85_2100,10072476.416890802,expansion
288237,1839691.3196829502,RCP45_2050,1524419.814500081,contraction
288237,1839691.3196829502,RCP45_2100,1447111.8102580295,contraction
288237,1839691.3196829502,RCP85_2050,1493150.5716048498,contraction
288237,1839691.3196829502,RCP85_2100,1240002.7893234813,contraction
288239,3774909.2498046667,RCP45_2050,3316893.906437383,contraction
288239,3774909.2498046667,RCP45_2100,3543915.430135688,contraction
288239,3774909.2498046667,RCP85_2050,3321734.128446867,contraction
288239,3774909.2498046667,RCP85_2100,3940085.6579123056,expansion
288240,3692886.9213829553,RCP45_2050,3530050.7927514925,contraction
288240,3692886.9213829553,RCP45_2100,3362810.1374184387,contraction
288240,3692886.9213829553,RCP85_2050,3569739.900710554,contraction
288240,3692886.9213829553,RCP85_2100,3423805.5695159975,contraction
288241,3752246.346144384,RCP45_2050,3703738.1915801857,contraction
288241,3752246.346144384,RCP45_2100,3695044.9867768046,contraction
288241,3752246.346144384,RCP85_2050,3743094.762632323,contraction
288241,3752246.346144384,RCP85_2100,3818459.644704492,expansion
288243,8796502.603781246,RCP45_2050,8868408.756378423,expansion
288243,8796502.603781246,RCP45_2100,9062015.11443005,expansion
288243,8796502.603781246,RCP85_2050,9262610.183932256,expansion
288243,8796502.603781246,RCP85_2100,9241496.325755518,expansion
288244,4059931.7054076944,RCP45_2050,4022054.7871803464,contraction
288244,4059931.7054076944,RCP45_2100,3833488.532632924,contraction
288244,4059931.7054076944,RCP85_2050,3808516.6884171185,contraction
288244,4059931.7054076944,RCP85_2100,3729178.684902811,contraction
288248,7944854.392450264,RCP45_2050,6935686.824011777,contraction
288248,7944854.392450264,RCP45_2100,6731989.962249735,contraction
288248,7944854.392450264,RCP85_2050,6756474.422003978,contraction
288248,7944854.392450264,RCP85_2100,6455679.283889329,contraction
288249,12773043.940452699,RCP45_2050,12933793.882910157,expansion
288249,12773043.940452699,RCP45_2100,13157595.24190467,expansion
288249,12773043.940452699,RCP85_2050,13033250.901442653,expansion
288249,12773043.940452699,RCP85_2100,13218499.303268092,expansion
288250,4300645.182865301,RCP45_2050,4313364.978611825,expansion
288250,4300645.182865301,RCP45_2100,4155477.1288651614,contraction
288250,4300645.182865301,RCP85_2050,4192958.8962865747,contraction
288250,4300645.182865301,RCP85_2100,4037978.851931892,contraction
288251,607411.601991205,RCP45_2050,542594.3900491772,contraction
288251,607411.601991205,RCP45_2100,585843.7658614729,contraction
288251,607411.601991205,RCP85_2050,540566.654596999,contraction
288251,607411.601991205,RCP85_2100,575875.367627825,contraction
288253,538109.5059894953,RCP45_2050,475073.17283942754,contraction
288253,538109.5059894953,RCP45_2100,437811.69499926665,contraction
288253,538109.5059894953,RCP85_2050,474928.9375677172,contraction
288253,538109.5059894953,RCP85_2100,386380.7701476656,contraction
288259,18306102.49136857,RCP45_2050,18233730.01719145,contraction
288259,18306102.49136857,RCP45_2100,17280490.940456137,contraction
288259,18306102.49136857,RCP85_2050,18219793.268097747,contraction
288259,18306102.49136857,RCP85_2100,17602092.97494681,contraction
288260,1643359.177377143,RCP45_2050,1161133.2691696503,contraction
288260,1643359.177377143,RCP45_2100,1071929.7633233268,contraction
288260,1643359.177377143,RCP85_2050,1164431.2348646647,contraction
288260,1643359.177377143,RCP85_2100,1056442.2443348211,contraction
288261,10617340.33189604,RCP45_2050,11055339.987700352,expansion
288261,10617340.33189604,RCP45_2100,11488199.602757609,expansion
288261,10617340.33189604,RCP85_2050,11156305.624694554,expansion
288261,10617340.33189604,RCP85_2100,12257355.562272144,expansion
288262,7015132.7280983385,RCP45_2050,6560698.7038267795,contraction
288262,7015132.7280983385,RCP45_2100,6402674.174616334,contraction
288262,7015132.7280983385,RCP85_2050,6464557.869195148,contraction
288262,7015132.7280983385,RCP85_2100,6394204.050814763,contraction
288263,8687683.086224362,RCP45_2050,7344168.135912787,contraction
288263,8687683.086224362,RCP45_2100,7332565.171407253,contraction
288263,8687683.086224362,RCP85_2050,7240308.808831905,contraction
288263,8687683.086224362,RCP85_2100,7274090.745754929,contraction
288264,4753380.701560103,RCP45_2050,5297189.810852778,expansion
288264,4753380.701560103,RCP45_2100,5759506.980883073,expansion
288264,4753380.701560103,RCP85_2050,5455291.479669149,expansion
288264,4753380.701560103,RCP85_2100,6375415.171337435,expansion
288266,6079453.006514384,RCP45_2050,5925502.925451269,contraction
288266,6079453.006514384,RCP45_2100,5921825.577721011,contraction
288266,6079453.006514384,RCP85_2050,5891058.837635704,contraction
288266,6079453.006514384,RCP85_2100,5900385.646267733,contraction
288403,3859321.291552226,RCP45_2050,3557996.652149595,contraction
288403,3859321.291552226,RCP45_2100,3365139.1699257856,contraction
288403,3859321.291552226,RCP85_2050,3484385.6800087234,contraction
288403,3859321.291552226,RCP85_2100,3275936.6720189764,contraction
288721,12834029.128690787,RCP45_2050,12802797.818457464,contraction
288721,12834029.128690787,RCP45_2100,13486598.740092667,expansion
288721,12834029.128690787,RCP85_2050,13062075.399892438,expansion
288721,12834029.128690787,RCP85_2100,14109267.720847111,expansion
288874,4109970.5436848705,RCP45_2050,3144413.1037913286,contraction
288874,4109970.5436848705,RCP45_2100,3161064.6167121404,contraction
288874,4109970.5436848705,RCP85_2050,3093093.972408198,contraction
288874,4109970.5436848705,RCP85_2100,3273217.008579953,contraction
288888,10085508.71414277,RCP45_2050,9308067.744915245,contraction
288888,10085508.71414277,RCP45_2100,7331317.287166187,contraction
288888,10085508.71414277,RCP85_2050,9536885.606098078,contraction
288888,10085508.71414277,RCP85_2100,8090606.584775182,contraction
288890,20144538.079694793,RCP45_2050,20998066.962298702,expansion
288890,20144538.079694793,RCP45_2100,21712225.360552073,expansion
288890,20144538.079694793,RCP85_2050,20996511.56196412,expansion
288890,20144538.079694793,RCP85_2100,21920272.469780743,expansion
288892,4029459.1564073227,RCP45_2050,3956730.375281159,contraction
288892,4029459.1564073227,RCP45_2100,3770714.35124373,contraction
288892,4029459.1564073227,RCP85_2050,3990892.6931031113,contraction
288892,4029459.1564073227,RCP85_2100,3695898.107062528,contraction
288893,322045.064945983,RCP45_2050,126509.4562221682,contraction
288893,322045.064945983,RCP45_2100,72748.75055980751,contraction
288893,322045.064945983,RCP85_2050,121706.58855147554,contraction
288893,322045.064945983,RCP85_2100,55067.450104342526,contraction
288898,1124542.384029887,RCP45_2050,1063999.0146894965,contraction
288898,1124542.384029887,RCP45_2100,1029697.5929167934,contraction
288898,1124542.384029887,RCP85_2050,1044094.491476101,contraction
288898,1124542.384029887,RCP85_2100,968018.6127920676,contraction
288900,16433780.136241892,RCP45_2050,16691809.143838707,expansion
288900,16433780.136241892,RCP45_2100,17071604.85252494,expansion
288900,16433780.136241892,RCP85_2050,16692267.994830107,expansion
288900,16433780.136241892,RCP85_2100,16605471.941419622,expansion
288905,8307049.365690786,RCP45_2050,8474157.199387165,expansion
288905,8307049.365690786,RCP45_2100,8588882.371182801,expansion
288905,8307049.365690786,RCP85_2050,8472797.290189402,expansion
288905,8307049.365690786,RCP85_2100,8651887.736503445,expansion
288912,1693905.4455106347,RCP45_2050,2244109.0894000446,expansion
288912,1693905.4455106347,RCP45_2100,2599345.5688682203,expansion
288912,1693905.4455106347,RCP85_2050,2210053.7588679832,expansion
288912,1693905.4455106347,RCP85_2100,2472716.1727316966,expansion
288915,17279559.819662653,RCP45_2050,18043195.470412422,expansion
288915,17279559.819662653,RCP45_2100,18317964.569414232,expansion
288915,17279559.819662653,RCP85_2050,18018203.498160828,expansion
288915,17279559.819662653,RCP85_2100,18054545.9613656,expansion
288916,203788.0726378656,RCP45_2050,174249.6164060293,contraction
288916,203788.0726378656,RCP45_2100,170906.50212499953,contraction
288916,203788.0726378656,RCP85_2050,174701.05063875762,contraction
288916,203788.0726378656,RCP85_2100,183777.55671246233,contraction
289198,3761131.3736950774,RCP45_2050,3060085.9324792298,contraction
289198,3761131.3736950774,RCP45_2100,2493832.147049137,contraction
289198,3761131.3736950774,RCP85_2050,2675011.1896979534,contraction
289198,3761131.3736950774,RCP85_2100,1857609.5128235354,contraction
289200,7219261.46570803,RCP45_2050,6876385.871970649,contraction
289200,7219261.46570803,RCP45_2100,5401532.387984697,contraction
289200,7219261.46570803,RCP85_2050,7260209.774037374,expansion
289200,7219261.46570803,RCP85_2100,7332221.985563752,expansion
289201,1070491.8921753939,RCP45_2050,1063572.9399507719,contraction
289201,1070491.8921753939,RCP45_2100,1103823.664675788,expansion
289201,1070491.8921753939,RCP85_2050,1062912.1118058981,contraction
289201,1070491.8921753939,RCP85_2100,1114589.2682853423,expansion
289232,1213980.2285921478,RCP45_2050,1068637.2351045748,contraction
289232,1213980.2285921478,RCP45_2100,986289.0221652257,contraction
289232,1213980.2285921478,RCP85_2050,1058216.6439041018,contraction
289232,1213980.2285921478,RCP85_2100,838015.8264219406,contraction
289240,9847729.724011458,RCP45_2050,10326773.415027969,expansion
289240,9847729.724011458,RCP45_2100,10917807.105653258,expansion
289240,9847729.724011458,RCP85_2050,10478265.783335011,expansion
289240,9847729.724011458,RCP85_2100,11306957.783922331,expansion
289241,9257211.689539509,RCP45_2050,10837448.893832508,expansion
289241,9257211.689539509,RCP45_2100,11556133.359602494,expansion
289241,9257211.689539509,RCP85_2050,11196168.180438237,expansion
289241,9257211.689539509,RCP85_2100,12290926.344504934,expansion
289243,14298704.436089627,RCP45_2050,15497540.578246541,expansion
289243,14298704.436089627,RCP45_2100,16222250.625028087,expansion
289243,14298704.436089627,RCP85_2050,15554310.98823692,expansion
289243,14298704.436089627,RCP85_2100,15993794.686434025,expansion
289244,10816066.810266161,RCP45_2050,11518925.300760616,expansion
289244,10816066.810266161,RCP45_2100,12022574.406302817,expansion
289244,10816066.810266161,RCP85_2050,11978832.729012897,expansion
289244,10816066.810266161,RCP85_2100,12282731.173690705,expansion
289245,897643.5332146056,RCP45_2050,877105.9321802832,contraction
289245,897643.5332146056,RCP45_2100,871926.813519972,contraction
289245,897643.5332146056,RCP85_2050,880716.5688763553,contraction
289245,897643.5332146056,RCP85_2100,877248.4062497029,contraction
289246,699953.2127415403,RCP45_2050,667612.8547249653,contraction
289246,699953.2127415403,RCP45_2100,677719.182738979,contraction
289246,699953.2127415403,RCP85_2050,662503.483476562,contraction
289246,699953.2127415403,RCP85_2100,681299.9890705429,contraction
289248,6188034.704982899,RCP45_2050,5945390.563301343,contraction
289248,6188034.704982899,RCP45_2100,5319078.970709666,contraction
289248,6188034.704982899,RCP85_2050,5768541.125094508,contraction
289248,6188034.704982899,RCP85_2100,4836571.903248546,contraction
289249,3945194.67117126,RCP45_2050,3895799.673057445,contraction
289249,3945194.67117126,RCP45_2100,3695659.0788331716,contraction
289249,3945194.67117126,RCP85_2050,3919311.0833975454,contraction
289249,3945194.67117126,RCP85_2100,3761150.299995067,contraction
289251,10566896.611415619,RCP45_2050,11710694.672649954,expansion
289251,10566896.611415619,RCP45_2100,12446800.032575045,expansion
289251,10566896.611415619,RCP85_2050,11289695.816667426,expansion
289251,10566896.611415619,RCP85_2100,12592528.378408391,expansion
289252,26805657.362980135,RCP45_2050,26882976.858240996,expansion
289252,26805657.362980135,RCP45_2100,26346773.640838504,contraction
289252,26805657.362980135,RCP85_2050,26993151.377770178,expansion
289252,26805657.362980135,RCP85_2100,26682725.267726015,contraction
289253,9853667.68376563,RCP45_2050,9928098.3318759,expansion
289253,9853667.68376563,RCP45_2100,11230200.076341998,expansion
289253,9853667.68376563,RCP85_2050,10130166.906573934,expansion
289253,9853667.68376563,RCP85_2100,11695953.865982778,expansion
289254,19713353.24002075,RCP45_2050,20790605.586955074,expansion
289254,19713353.24002075,RCP45_2100,21920193.096458945,expansion
289254,19713353.24002075,RCP85_2050,20807024.188052963,expansion
289254,19713353.24002075,RCP85_2100,21995227.04076106,expansion
289255,8833356.153005684,RCP45_2050,9069555.715425903,expansion
289255,8833356.153005684,RCP45_2100,9339843.96005689,expansion
289255,8833356.153005684,RCP85_2050,9376451.410139432,expansion
289255,8833356.153005684,RCP85_2100,9762153.061814146,expansion
289256,8816396.043990389,RCP45_2050,8702049.328261534,contraction
289256,8816396.043990389,RCP45_2100,8810340.171818705,contraction
289256,8816396.043990389,RCP85_2050,8699134.091589894,contraction
289256,8816396.043990389,RCP85_2100,8929985.75898892,expansion
289257,1298852.9626917946,RCP45_2050,807372.8230474622,contraction
289257,1298852.9626917946,RCP45_2100,728109.6789134726,contraction
289257,1298852.9626917946,RCP85_2050,787384.9245499114,contraction
289257,1298852.9626917946,RCP85_2100,615253.9428009995,contraction
289258,15801433.537278019,RCP45_2050,16552635.581012528,expansion
289258,15801433.537278019,RCP45_2100,17174338.0638051,expansion
289258,15801433.537278019,RCP85_2050,16583545.345200287,expansion
289258,15801433.537278019,RCP85_2100,16744918.924635949,expansion
289259,8964946.7358357,RCP45_2050,10186191.327845477,expansion
289259,8964946.7358357,RCP45_2100,10955157.171112867,expansion
289259,8964946.7358357,RCP85_2050,10533307.303144772,expansion
289259,8964946.7358357,RCP85_2100,11572591.589875259,expansion
289527,2089040.0570396786,RCP45_2050,2059866.1181378232,contraction
289527,2089040.0570396786,RCP45_2100,2085923.345573914,contraction
289527,2089040.0570396786,RCP85_2050,2048477.143506438,contraction
289527,2089040.0570396786,RCP85_2100,2036808.8760113087,contraction
289570,798709.4619090767,RCP45_2050,555719.5774960326,contraction
289570,798709.4619090767,RCP45_2100,546008.6435541789,contraction
289570,798709.4619090767,RCP85_2050,557897.1265533314,contraction
289570,798709.4619090767,RCP85_2100,545445.1675177286,contraction
289576,12379285.726537274,RCP45_2050,13496780.734431816,expansion
289576,12379285.726537274,RCP45_2100,14337007.483648347,expansion
289576,12379285.726537274,RCP85_2050,13488707.371960994,expansion
289576,12379285.726537274,RCP85_2100,14211717.427024936,expansion
289697,984109.7227200095,RCP45_2050,869388.5920684531,contraction
289697,984109.7227200095,RCP45_2100,790703.078565659,contraction
289697,984109.7227200095,RCP85_2050,846235.3731093638,contraction
289697,984109.7227200095,RCP85_2100,678885.5867619779,contraction
289807,1348733.1695762638,RCP45_2050,1323705.9485246453,contraction
289807,1348733.1695762638,RCP45_2100,1332120.4361239234,contraction
289807,1348733.1695762638,RCP85_2050,1337111.1882485717,contraction
289807,1348733.1695762638,RCP85_2100,1298732.201132738,contraction
289826,1089363.471234227,RCP45_2050,1063623.3037661153,contraction
289826,1089363.471234227,RCP45_2100,1102598.4271568786,expansion
289826,1089363.471234227,RCP85_2050,1092348.7563066005,expansion
289826,1089363.471234227,RCP85_2100,1131572.2897778759,expansion
289896,469695.0909673841,RCP45_2050,468964.2555057107,contraction
289896,469695.0909673841,RCP45_2100,471393.79368042765,expansion
289896,469695.0909673841,RCP85_2050,490438.7696519268,expansion
289896,469695.0909673841,RCP85_2100,461374.285556509,contraction
289939,1095638.3211972986,RCP45_2050,1095758.7498050942,expansion
289939,1095638.3211972986,RCP45_2100,1243497.7035285544,expansion
289939,1095638.3211972986,RCP85_2050,1142001.5560028371,expansion
289939,1095638.3211972986,RCP85_2100,1278093.9765540329,expansion
290083,1184586.0757145337,RCP45_2050,1165436.4239174563,contraction
290083,1184586.0757145337,RCP45_2100,1118291.327740848,contraction
290083,1184586.0757145337,RCP85_2050,1142031.1391283907,contraction
290083,1184586.0757145337,RCP85_2100,1030538.1700685747,contraction
290421,579104.0852494072,RCP45_2050,522132.5189869122,contraction
290421,579104.0852494072,RCP45_2100,445971.6480418593,contraction
290421,579104.0852494072,RCP85_2050,531349.2501606563,contraction
290421,579104.0852494072,RCP85_2100,401472.8903502458,contraction
290422,545007.2112033096,RCP45_2050,463768.49558885035,contraction
290422,545007.2112033096,RCP45_2100,403255.21896946314,contraction
290422,545007.2112033096,RCP85_2050,481277.1483925589,contraction
290422,545007.2112033096,RCP85_2100,415861.1316644067,contraction
290423,727166.9059680852,RCP45_2050,691239.2871231752,contraction
290423,727166.9059680852,RCP45_2100,692198.6607418351,contraction
290423,727166.9059680852,RCP85_2050,685707.3488801623,contraction
290423,727166.9059680852,RCP85_2100,654802.7110898115,contraction
290425,3303515.318755321,RCP45_2050,4276785.451011549,expansion
290425,3303515.318755321,RCP45_2100,4938438.567440254,expansion
290425,3303515.318755321,RCP85_2050,4493844.142018798,expansion
290425,3303515.318755321,RCP85_2100,4873954.082598531,expansion
290426,1084194.6921006497,RCP45_2050,907946.1832753797,contraction
290426,1084194.6921006497,RCP45_2100,876529.2845847779,contraction
290426,1084194.6921006497,RCP85_2050,875662.0927673818,contraction
290426,1084194.6921006497,RCP85_2100,692483.4387828953,contraction
290427,1059926.2480795917,RCP45_2050,960297.3027393342,contraction
290427,1059926.2480795917,RCP45_2100,796504.3734862875,contraction
290427,1059926.2480795917,RCP85_2050,881516.5542689454,contraction
290427,1059926.2480795917,RCP85_2100,483454.3280813129,contraction
291119,1545296.1170778777,RCP45_2050,1468011.178832425,contraction
291119,1545296.1170778777,RCP45_2100,1444497.9166033026,contraction
291119,1545296.1170778777,RCP85_2050,1461940.1917671883,contraction
291119,1545296.1170778777,RCP85_2100,1207346.7319677516,contraction
293541,2433489.2682547295,RCP45_2050,1932855.3333277672,contraction
293541,2433489.2682547295,RCP45_2100,1967071.270553739,contraction
293541,2433489.2682547295,RCP85_2050,1946816.8236620335,contraction
293541,2433489.2682547295,RCP85_2100,1978468.32831071,contraction
295747,147971.2458528738,RCP45_2050,55489.997607580604,contraction
295747,147971.2458528738,RCP45_2100,51748.347748740554,contraction
295747,147971.2458528738,RCP85_2050,85551.89502795837,contraction
295747,147971.2458528738,RCP85_2100,15064.83671311377,contraction
298424,500360.6095207154,RCP45_2050,461199.979378233,contraction
298424,500360.6095207154,RCP45_2100,451798.5573490649,contraction
298424,500360.6095207154,RCP85_2050,447931.0099952581,contraction
298424,500360.6095207154,RCP85_2100,438910.83562996064,contraction
298552,1254755.4812003844,RCP45_2050,842055.6103836738,contraction
298552,1254755.4812003844,RCP45_2100,855452.3132141557,contraction
298552,1254755.4812003844,RCP85_2050,824714.6909246485,contraction
298552,1254755.4812003844,RCP85_2100,791494.1075283178,contraction
298791,851283.2035757358,RCP45_2050,738964.3009695951,contraction
298791,851283.2035757358,RCP45_2100,630235.5594900128,contraction
298791,851283.2035757358,RCP85_2050,675540.3487320497,contraction
298791,851283.2035757358,RCP85_2100,403048.8957131848,contraction
298792,3084672.503605583,RCP45_2050,3047054.033485984,contraction
298792,3084672.503605583,RCP45_2100,3057222.3761850856,contraction
298792,3084672.503605583,RCP85_2050,3079251.8149915333,contraction
298792,3084672.503605583,RCP85_2100,3202217.634041655,expansion
299089,10504764.379803006,RCP45_2050,9665409.61533238,contraction
299089,10504764.379803006,RCP45_2100,9736326.431349155,contraction
299089,10504764.379803006,RCP85_2050,9611690.259192765,contraction
299089,10504764.379803006,RCP85_2100,9352428.95312701,contraction
299099,1498156.0916390708,RCP45_2050,4991.444814373946,contraction
299099,1498156.0916390708,RCP45_2100,0,spp range loss
299099,1498156.0916390708,RCP85_2050,0,spp range loss
299099,1498156.0916390708,RCP85_2100,0,spp range loss
299100,1430470.9436327422,RCP45_2050,962564.653703207,contraction
299100,1430470.9436327422,RCP45_2100,946213.0139244276,contraction
299100,1430470.9436327422,RCP85_2050,884976.485861166,contraction
299100,1430470.9436327422,RCP85_2100,970072.8001116468,contraction
299184,5211900.082640392,RCP45_2050,5065190.526534068,contraction
299184,5211900.082640392,RCP45_2100,4846804.067075386,contraction
299184,5211900.082640392,RCP85_2050,5035965.4325295305,contraction
299184,5211900.082640392,RCP85_2100,4733634.658673174,contraction
305689,2907690.07154806,RCP45_2050,2552947.7655708557,contraction
305689,2907690.07154806,RCP45_2100,2593423.4016171694,contraction
305689,2907690.07154806,RCP85_2050,2562414.8608956044,contraction
305689,2907690.07154806,RCP85_2100,2615732.2884385055,contraction
309494,1109001.797506149,RCP45_2050,995374.8674995556,contraction
309494,1109001.797506149,RCP45_2100,738710.6812384095,contraction
309494,1109001.797506149,RCP85_2050,925741.7780187621,contraction
309494,1109001.797506149,RCP85_2100,464928.29928918375,contraction
309999,3030837.994831155,RCP45_2050,2815650.5064293044,contraction
309999,3030837.994831155,RCP45_2100,2604675.97546973,contraction
309999,3030837.994831155,RCP85_2050,2571002.7357506827,contraction
309999,3030837.994831155,RCP85_2100,2389383.7615797604,contraction
310593,719219.763731946,RCP45_2050,483387.3029659916,contraction
310593,719219.763731946,RCP45_2100,400407.8877446138,contraction
310593,719219.763731946,RCP85_2050,484175.3841612382,contraction
310593,719219.763731946,RCP85_2100,367165.6255337304,contraction
313009,482985.7182810117,RCP45_2050,203481.49453859075,contraction
313009,482985.7182810117,RCP45_2100,185507.08269446972,contraction
313009,482985.7182810117,RCP85_2050,192813.46686532977,contraction
313009,482985.7182810117,RCP85_2100,160094.2854192765,contraction
313100,7420357.121138204,RCP45_2050,6980493.293769456,contraction
313100,7420357.121138204,RCP45_2100,6760637.688381063,contraction
313100,7420357.121138204,RCP85_2050,6983408.682300176,contraction
313100,7420357.121138204,RCP85_2100,6671938.862615748,contraction
313932,284774.32275199215,RCP45_2050,206130.37290073102,contraction
313932,284774.32275199215,RCP45_2100,150782.50767223377,contraction
313932,284774.32275199215,RCP85_2050,171161.87351316257,contraction
313932,284774.32275199215,RCP85_2100,106993.64948418866,contraction
315723,427919.5746816276,RCP45_2050,438723.88320913626,expansion
315723,427919.5746816276,RCP45_2100,431857.2759273758,expansion
315723,427919.5746816276,RCP85_2050,465655.44169215,expansion
315723,427919.5746816276,RCP85_2100,456770.05582191993,expansion
316762,568411.7273971457,RCP45_2050,585074.5209725393,expansion
316762,568411.7273971457,RCP45_2100,588679.1240855707,expansion
316762,568411.7273971457,RCP85_2050,575496.256429892,expansion
316762,568411.7273971457,RCP85_2100,572315.3438080574,expansion
316765,717317.1376948684,RCP45_2050,415261.1941133585,contraction
316765,717317.1376948684,RCP45_2100,390039.83681838604,contraction
316765,717317.1376948684,RCP85_2050,414586.59984838177,contraction
316765,717317.1376948684,RCP85_2100,376949.6800049398,contraction
321912,1078617.122871,RCP45_2050,1100137.0550331292,expansion
321912,1078617.122871,RCP45_2100,1218838.796477367,expansion
321912,1078617.122871,RCP85_2050,1140566.5420322935,expansion
321912,1078617.122871,RCP85_2100,1547358.658619482,expansion
341987,360196.0305782351,RCP45_2050,398118.7614392385,expansion
341987,360196.0305782351,RCP45_2100,389039.48639853613,expansion
341987,360196.0305782351,RCP85_2050,379842.23243851686,expansion
341987,360196.0305782351,RCP85_2100,451053.7391505302,expansion
342098,2574067.448530345,RCP45_2050,2633295.1675447756,expansion
342098,2574067.448530345,RCP45_2100,2723565.390174258,expansion
342098,2574067.448530345,RCP85_2050,2641862.7019901723,expansion
342098,2574067.448530345,RCP85_2100,2792597.762873938,expansion
343897,98714.8224563781,RCP45_2050,123884.19286888393,expansion
343897,98714.8224563781,RCP45_2100,81675.98405881795,contraction
343897,98714.8224563781,RCP85_2050,61096.63792089828,contraction
343897,98714.8224563781,RCP85_2100,13913.78438295804,contraction
343898,3221549.1529264464,RCP45_2050,3217103.2258898807,contraction
343898,3221549.1529264464,RCP45_2100,3324168.358093553,expansion
343898,3221549.1529264464,RCP85_2050,3413803.1613021456,expansion
343898,3221549.1529264464,RCP85_2100,2899385.3628190686,contraction
343899,14104702.007661622,RCP45_2050,14142141.216375975,expansion
343899,14104702.007661622,RCP45_2100,14071777.463161357,contraction
343899,14104702.007661622,RCP85_2050,13939854.174774496,contraction
343899,14104702.007661622,RCP85_2100,13183694.500099255,contraction
343990,1101698.867668856,RCP45_2050,994937.7050380891,contraction
343990,1101698.867668856,RCP45_2100,884308.0491610785,contraction
343990,1101698.867668856,RCP85_2050,968950.3741090322,contraction
343990,1101698.867668856,RCP85_2100,779348.3641914029,contraction
344009,1070160.1150456232,RCP45_2050,1160820.4116784919,expansion
344009,1070160.1150456232,RCP45_2100,1264166.7440908658,expansion
344009,1070160.1150456232,RCP85_2050,1141745.771304038,expansion
344009,1070160.1150456232,RCP85_2100,1367077.428837751,expansion
344070,571181.3373710717,RCP45_2050,214192.0678514723,contraction
344070,571181.3373710717,RCP45_2100,105167.90844473359,contraction
344070,571181.3373710717,RCP85_2050,161590.89065077069,contraction
344070,571181.3373710717,RCP85_2100,7722.513635112755,contraction
367208,3944712.2102133194,RCP45_2050,3827428.327440174,contraction
367208,3944712.2102133194,RCP45_2100,3788874.9090425335,contraction
367208,3944712.2102133194,RCP85_2050,3846524.3389690397,contraction
367208,3944712.2102133194,RCP85_2100,3743786.4527188167,contraction
367212,4554806.754156885,RCP45_2050,5029332.896985577,expansion
367212,4554806.754156885,RCP45_2100,5290292.888441124,expansion
367212,4554806.754156885,RCP85_2050,5084174.940393915,expansion
367212,4554806.754156885,RCP85_2100,5771424.921314656,expansion
367293,2265315.580204851,RCP45_2050,2310061.1992698563,expansion
367293,2265315.580204851,RCP45_2100,2304489.3226174433,expansion
367293,2265315.580204851,RCP85_2050,2377523.0890002325,expansion
367293,2265315.580204851,RCP85_2100,2396243.5005131583,expansion
367297,1190024.108426458,RCP45_2050,1185441.9117172654,contraction
367297,1190024.108426458,RCP45_2100,1205565.5845327738,expansion
367297,1190024.108426458,RCP85_2050,1236483.8995649994,expansion
367297,1190024.108426458,RCP85_2100,1333614.5933359524,expansion
368478,7238812.791747864,RCP45_2050,6396165.966258258,contraction
368478,7238812.791747864,RCP45_2100,6338324.215064439,contraction
368478,7238812.791747864,RCP85_2050,6320161.283669455,contraction
368478,7238812.791747864,RCP85_2100,6471618.505965604,contraction
382205,5661905.099295369,RCP45_2050,5771728.077563477,expansion
382205,5661905.099295369,RCP45_2100,6022608.705453575,expansion
382205,5661905.099295369,RCP85_2050,5640435.897625009,contraction
382205,5661905.099295369,RCP85_2100,6548510.283572506,expansion
383586,5552536.060746521,RCP45_2050,5019589.077782467,contraction
383586,5552536.060746521,RCP45_2100,6669125.435433798,expansion
383586,5552536.060746521,RCP85_2050,6489434.671534316,expansion
383586,5552536.060746521,RCP85_2100,12378415.232133586,expansion
388572,307068.0262505741,RCP45_2050,314876.8112159037,expansion
388572,307068.0262505741,RCP45_2100,346633.4755771031,expansion
388572,307068.0262505741,RCP85_2050,311294.4685376932,expansion
388572,307068.0262505741,RCP85_2100,271291.51443479635,contraction
389060,897507.4336055988,RCP45_2050,799864.5195663623,contraction
389060,897507.4336055988,RCP45_2100,774604.3636657879,contraction
389060,897507.4336055988,RCP85_2050,807831.6598301046,contraction
389060,897507.4336055988,RCP85_2100,708550.5453998757,contraction
390077,146505.92190404618,RCP45_2050,0,spp range loss
390077,146505.92190404618,RCP45_2100,0,spp range loss
390077,146505.92190404618,RCP85_2050,0,spp range loss
390077,146505.92190404618,RCP85_2100,0,spp range loss
390092,818961.2993281055,RCP45_2050,948162.2243193379,expansion
390092,818961.2993281055,RCP45_2100,997426.89374474,expansion
390092,818961.2993281055,RCP85_2050,976698.5815593569,expansion
390092,818961.2993281055,RCP85_2100,1088481.7379983962,expansion
390098,390414.2309327812,RCP45_2050,621961.3281004918,expansion
390098,390414.2309327812,RCP45_2100,797156.9795968571,expansion
390098,390414.2309327812,RCP85_2050,718665.6959135657,expansion
390098,390414.2309327812,RCP85_2100,1119373.041914383,expansion
390099,567628.1417978135,RCP45_2050,444087.03210228775,contraction
390099,567628.1417978135,RCP45_2100,392952.3801172269,contraction
390099,567628.1417978135,RCP85_2050,397264.4459777823,contraction
390099,567628.1417978135,RCP85_2100,269743.4748190626,contraction
390271,177714.78918760843,RCP45_2050,198439.80537120102,expansion
390271,177714.78918760843,RCP45_2100,191404.91180458438,expansion
390271,177714.78918760843,RCP85_2050,205251.39802395084,expansion
390271,177714.78918760843,RCP85_2100,180996.51537089905,expansion
397082,1137694.4657510323,RCP45_2050,1137725.0288919539,expansion
397082,1137694.4657510323,RCP45_2100,1191460.126389126,expansion
397082,1137694.4657510323,RCP85_2050,1171476.6497965413,expansion
397082,1137694.4657510323,RCP85_2100,1246042.1144057575,expansion
398233,87595.2474009394,RCP45_2050,89349.8038109677,expansion
398233,87595.2474009394,RCP45_2100,87844.37825476908,expansion
398233,87595.2474009394,RCP85_2050,89719.63674465474,expansion
398233,87595.2474009394,RCP85_2100,87535.34842179461,contraction
398234,368070.8810789073,RCP45_2050,521061.0845770854,expansion
398234,368070.8810789073,RCP45_2100,523728.42353972065,expansion
398234,368070.8810789073,RCP85_2050,482369.6260761123,expansion
398234,368070.8810789073,RCP85_2100,547655.292895078,expansion
398241,1258190.7709735346,RCP45_2050,124382.1416612949,contraction
398241,1258190.7709735346,RCP45_2100,107979.01799978735,contraction
398241,1258190.7709735346,RCP85_2050,130693.82860732518,contraction
398241,1258190.7709735346,RCP85_2100,42883.83502068238,contraction
398246,1268777.678773648,RCP45_2050,1151531.9201141607,contraction
398246,1268777.678773648,RCP45_2100,1134201.428046171,contraction
398246,1268777.678773648,RCP85_2050,1125478.8744231975,contraction
398246,1268777.678773648,RCP85_2100,936644.851881482,contraction
398249,729974.123311115,RCP45_2050,267000.7207122499,contraction
398249,729974.123311115,RCP45_2100,233203.26788826368,contraction
398249,729974.123311115,RCP85_2050,205556.55714919037,contraction
398249,729974.123311115,RCP85_2100,289129.0789432179,contraction
398253,2678220.258866978,RCP45_2050,2677645.9059322933,contraction
398253,2678220.258866978,RCP45_2100,2677861.8934259424,contraction
398253,2678220.258866978,RCP85_2050,2678043.3921077745,contraction
398253,2678220.258866978,RCP85_2100,2682930.231943572,expansion
398263,785028.922576265,RCP45_2050,509028.0363493211,contraction
398263,785028.922576265,RCP45_2100,115594.70700340289,contraction
398263,785028.922576265,RCP85_2050,164625.73548890458,contraction
398263,785028.922576265,RCP85_2100,8032.5199829755975,contraction
398269,821760.3057883327,RCP45_2050,809322.9805440533,contraction
398269,821760.3057883327,RCP45_2100,1244771.96304602,expansion
398269,821760.3057883327,RCP85_2050,814199.3282223376,contraction
398269,821760.3057883327,RCP85_2100,1261359.2808303074,expansion
398270,3373955.734361668,RCP45_2050,1230771.5187575917,contraction
398270,3373955.734361668,RCP45_2100,934272.7977913383,contraction
398270,3373955.734361668,RCP85_2050,801547.1546915265,contraction
398270,3373955.734361668,RCP85_2100,312234.1070370455,contraction
398271,1112564.6667987097,RCP45_2050,788206.2873632995,contraction
398271,1112564.6667987097,RCP45_2100,570776.3480781098,contraction
398271,1112564.6667987097,RCP85_2050,537583.5456123158,contraction
398271,1112564.6667987097,RCP85_2100,408734.3332072934,contraction
398272,879212.4203972821,RCP45_2050,1159082.9050273187,expansion
398272,879212.4203972821,RCP45_2100,1267274.2728042218,expansion
398272,879212.4203972821,RCP85_2050,1230035.6122948248,expansion
398272,879212.4203972821,RCP85_2100,1257382.1553405537,expansion
398273,5721548.907829928,RCP45_2050,2837656.3557806998,contraction
398273,5721548.907829928,RCP45_2100,1968925.3696427785,contraction
398273,5721548.907829928,RCP85_2050,1949268.8671697064,contraction
398273,5721548.907829928,RCP85_2100,407384.1447699313,contraction
398277,314959.73894642625,RCP45_2050,304421.8941895692,contraction
398277,314959.73894642625,RCP45_2100,316832.1064672577,expansion
398277,314959.73894642625,RCP85_2050,312418.8331451796,contraction
398277,314959.73894642625,RCP85_2100,338894.74278097186,expansion
398283,1967225.93546609,RCP45_2050,1703460.7933583932,contraction
398283,1967225.93546609,RCP45_2100,1305539.2573642302,contraction
398283,1967225.93546609,RCP85_2050,1433066.9761305316,contraction
398283,1967225.93546609,RCP85_2100,619432.6070872351,contraction
398291,453946.6306101356,RCP45_2050,419675.57720054383,contraction
398291,453946.6306101356,RCP45_2100,480612.98282256216,expansion
398291,453946.6306101356,RCP85_2050,402603.90453486133,contraction
398291,453946.6306101356,RCP85_2100,489997.97840670473,expansion
398328,6071667.209910483,RCP45_2050,5592282.294229791,contraction
398328,6071667.209910483,RCP45_2100,5207990.861325208,contraction
398328,6071667.209910483,RCP85_2050,5385636.799439685,contraction
398328,6071667.209910483,RCP85_2100,4511693.2452877145,contraction
398329,1017669.0954028739,RCP45_2050,512131.3108390785,contraction
398329,1017669.0954028739,RCP45_2100,511339.0736713543,contraction
398329,1017669.0954028739,RCP85_2050,788531.2593217078,contraction
398329,1017669.0954028739,RCP85_2100,532030.3012392821,contraction
398432,29515.215836942854,RCP45_2050,20845.636571338764,contraction
398432,29515.215836942854,RCP45_2100,13530.608447081931,contraction
398432,29515.215836942854,RCP85_2050,16534.292349838317,contraction
398432,29515.215836942854,RCP85_2100,1424.2634178034684,contraction
398543,239082.14294997795,RCP45_2050,68979.89382870511,contraction
398543,239082.14294997795,RCP45_2100,72791.2678506951,contraction
398543,239082.14294997795,RCP85_2050,84324.21024198826,contraction
398543,239082.14294997795,RCP85_2100,30885.226245979986,contraction
398568,262190.1801663243,RCP45_2050,210362.7511342213,contraction
398568,262190.1801663243,RCP45_2100,195960.32564705092,contraction
398568,262190.1801663243,RCP85_2050,225184.04918857283,contraction
398568,262190.1801663243,RCP85_2100,205508.84704413885,contraction
398572,232181.0454406406,RCP45_2050,178281.8536369851,contraction
398572,232181.0454406406,RCP45_2100,88905.42407056558,contraction
398572,232181.0454406406,RCP85_2050,165806.8218368011,contraction
398572,232181.0454406406,RCP85_2100,58860.342365846234,contraction
398704,285229.2498026481,RCP45_2050,225562.41296774228,contraction
398704,285229.2498026481,RCP45_2100,214998.86771072305,contraction
398704,285229.2498026481,RCP85_2050,221574.3685815214,contraction
398704,285229.2498026481,RCP85_2100,193120.94119546664,contraction
399668,598676.146150387,RCP45_2050,418367.4257251135,contraction
399668,598676.146150387,RCP45_2100,364070.22715857305,contraction
399668,598676.146150387,RCP85_2050,386374.5113623414,contraction
399668,598676.146150387,RCP85_2100,286313.4768481176,contraction
399783,1498882.451642012,RCP45_2050,1311609.9512938985,contraction
399783,1498882.451642012,RCP45_2100,1256872.4441331574,contraction
399783,1498882.451642012,RCP85_2050,1286034.609208608,contraction
399783,1498882.451642012,RCP85_2100,1147470.7336377571,contraction
405000,282648.46285657585,RCP45_2050,327958.83873503085,expansion
405000,282648.46285657585,RCP45_2100,299569.5970466359,expansion
405000,282648.46285657585,RCP85_2050,327929.07313782227,expansion
405000,282648.46285657585,RCP85_2100,319632.1880550288,expansion
405012,231617.35765460084,RCP45_2050,213653.20585899832,contraction
405012,231617.35765460084,RCP45_2100,220057.4242590728,contraction
405012,231617.35765460084,RCP85_2050,216164.6404269184,contraction
405012,231617.35765460084,RCP85_2100,218413.81298794277,contraction
405014,290122.1027386021,RCP45_2050,310062.1533768781,expansion
405014,290122.1027386021,RCP45_2100,314603.4458644272,expansion
405014,290122.1027386021,RCP85_2050,309772.7801632201,expansion
405014,290122.1027386021,RCP85_2100,312276.8912366961,expansion
411235,1309065.710408991,RCP45_2050,1614783.4258440116,expansion
411235,1309065.710408991,RCP45_2100,1723343.5571196866,expansion
411235,1309065.710408991,RCP85_2050,1620283.7703190153,expansion
411235,1309065.710408991,RCP85_2100,1753026.4718840413,expansion
411253,4160958.037817915,RCP45_2050,3848382.1922713416,contraction
411253,4160958.037817915,RCP45_2100,4310811.053517854,expansion
411253,4160958.037817915,RCP85_2050,3749445.9112962903,contraction
411253,4160958.037817915,RCP85_2100,4355459.23403076,expansion
413442,731568.7721624327,RCP45_2050,759759.2769551872,expansion
413442,731568.7721624327,RCP45_2100,783373.0960320594,expansion
413442,731568.7721624327,RCP85_2050,759881.144913681,expansion
413442,731568.7721624327,RCP85_2100,786048.3291630072,expansion
418865,1303062.2343284835,RCP45_2050,1132557.088421012,contraction
418865,1303062.2343284835,RCP45_2100,1083877.4560355572,contraction
418865,1303062.2343284835,RCP85_2050,1130751.631922261,contraction
418865,1303062.2343284835,RCP85_2100,1054151.5424163598,contraction
420200,332470.3405314101,RCP45_2050,179949.68798390054,contraction
420200,332470.3405314101,RCP45_2100,129753.9145085282,contraction
420200,332470.3405314101,RCP85_2050,137577.85198182604,contraction
420200,332470.3405314101,RCP85_2100,20736.199405036547,contraction
426361,196438.39406621075,RCP45_2050,156907.5806805806,contraction
426361,196438.39406621075,RCP45_2100,161589.2995091196,contraction
426361,196438.39406621075,RCP85_2050,156205.20091245708,contraction
426361,196438.39406621075,RCP85_2100,156352.4707583432,contraction
426366,274146.64866163477,RCP45_2050,104860.81939867165,contraction
426366,274146.64866163477,RCP45_2100,103535.75490118889,contraction
426366,274146.64866163477,RCP85_2050,110802.15686739172,contraction
426366,274146.64866163477,RCP85_2100,112556.79754098305,contraction
426419,84424.2449595687,RCP45_2050,23323.935750645636,contraction
426419,84424.2449595687,RCP45_2100,23377.189706849123,contraction
426419,84424.2449595687,RCP85_2050,23716.419517428643,contraction
426419,84424.2449595687,RCP85_2100,24139.71789370725,contraction
426444,1104734.5225080203,RCP45_2050,574053.4491245692,contraction
426444,1104734.5225080203,RCP45_2100,734160.684671022,contraction
426444,1104734.5225080203,RCP85_2050,575054.5048196485,contraction
426444,1104734.5225080203,RCP85_2100,669996.4247158734,contraction
426469,472646.9690942325,RCP45_2050,397049.23404750886,contraction
426469,472646.9690942325,RCP45_2100,380088.026667492,contraction
426469,472646.9690942325,RCP85_2050,407897.7117530397,contraction
426469,472646.9690942325,RCP85_2100,375569.35083456297,contraction
426486,2885689.5092441775,RCP45_2050,2891828.9395185495,expansion
426486,2885689.5092441775,RCP45_2100,3056430.9877135465,expansion
426486,2885689.5092441775,RCP85_2050,2937768.408927825,expansion
426486,2885689.5092441775,RCP85_2100,3058232.646335968,expansion
426495,473640.76907291333,RCP45_2050,171055.74068839187,contraction
426495,473640.76907291333,RCP45_2100,153901.9334105839,contraction
426495,473640.76907291333,RCP85_2050,180285.70482275644,contraction
426495,473640.76907291333,RCP85_2100,97684.43451928422,contraction
428151,405173.1493625576,RCP45_2050,358642.3529707331,contraction
428151,405173.1493625576,RCP45_2100,420508.78839130624,expansion
428151,405173.1493625576,RCP85_2050,361949.3065888151,contraction
428151,405173.1493625576,RCP85_2100,446703.87668367784,expansion
428156,84258.2401119569,RCP45_2050,24754.833280307725,contraction
428156,84258.2401119569,RCP45_2100,23651.214301626773,contraction
428156,84258.2401119569,RCP85_2050,24417.977986229962,contraction
428156,84258.2401119569,RCP85_2100,23969.14029029853,contraction
428205,269891.77360181074,RCP45_2050,196295.1114992724,contraction
428205,269891.77360181074,RCP45_2100,194550.1660145895,contraction
428205,269891.77360181074,RCP85_2050,193338.8243924135,contraction
428205,269891.77360181074,RCP85_2100,174510.08925370907,contraction
428231,306555.3575360223,RCP45_2050,274346.6165063685,contraction
428231,306555.3575360223,RCP45_2100,284543.83581720165,contraction
428231,306555.3575360223,RCP85_2050,285182.6806886157,contraction
428231,306555.3575360223,RCP85_2100,312794.2461258976,expansion
428418,228397.63700778014,RCP45_2050,249038.01334742733,expansion
428418,228397.63700778014,RCP45_2100,267198.45267409977,expansion
428418,228397.63700778014,RCP85_2050,243242.0042918591,expansion
428418,228397.63700778014,RCP85_2100,264491.5215138338,expansion
428947,160242.20454477874,RCP45_2050,122513.55863197494,contraction
428947,160242.20454477874,RCP45_2100,118450.64422336643,contraction
428947,160242.20454477874,RCP85_2050,103540.86032817363,contraction
428947,160242.20454477874,RCP85_2100,28331.85242158082,contraction
428982,451002.793923824,RCP45_2050,643966.1751757009,expansion
428982,451002.793923824,RCP45_2100,756024.9007103968,expansion
428982,451002.793923824,RCP85_2050,611101.7487843148,expansion
428982,451002.793923824,RCP85_2100,732818.4684023574,expansion
429368,185534.39742547844,RCP45_2050,208332.48232782027,expansion
429368,185534.39742547844,RCP45_2100,197056.68171514582,expansion
429368,185534.39742547844,RCP85_2050,201414.15545030872,expansion
429368,185534.39742547844,RCP85_2100,189978.47602879212,expansion
429719,234240.66625914915,RCP45_2050,68226.28723717795,contraction
429719,234240.66625914915,RCP45_2100,213561.28296505718,contraction
429719,234240.66625914915,RCP85_2050,94774.79426223374,contraction
429719,234240.66625914915,RCP85_2100,253575.86478652872,expansion
430334,228132.56344594885,RCP45_2050,120652.03354386047,contraction
430334,228132.56344594885,RCP45_2100,124717.05118393386,contraction
430334,228132.56344594885,RCP85_2050,122001.95448203346,contraction
430334,228132.56344594885,RCP85_2100,118203.92299278655,contraction
430650,10272586.4607629,RCP45_2050,10114407.553676723,contraction
430650,10272586.4607629,RCP45_2100,10185236.44779547,contraction
430650,10272586.4607629,RCP85_2050,10175036.726652656,contraction
430650,10272586.4607629,RCP85_2100,10349548.631973697,expansion
430653,20184425.194412306,RCP45_2050,19376316.9590118,contraction
430653,20184425.194412306,RCP45_2100,21047553.009537723,expansion
430653,20184425.194412306,RCP85_2050,21304443.660841066,expansion
430653,20184425.194412306,RCP85_2100,23287769.437422626,expansion
430654,9865378.398803577,RCP45_2050,12062923.241308535,expansion
430654,9865378.398803577,RCP45_2100,12926914.409543008,expansion
430654,9865378.398803577,RCP85_2050,11777820.742900642,expansion
430654,9865378.398803577,RCP85_2100,13103496.565400159,expansion
430655,6565875.595484265,RCP45_2050,6390799.409744213,contraction
430655,6565875.595484265,RCP45_2100,6467575.577029119,contraction
430655,6565875.595484265,RCP85_2050,6374900.444711413,contraction
430655,6565875.595484265,RCP85_2100,6685675.573167177,expansion
430657,3471680.3523180713,RCP45_2050,4044417.555283028,expansion
430657,3471680.3523180713,RCP45_2100,3967575.716778881,expansion
430657,3471680.3523180713,RCP85_2050,3985933.8719239277,expansion
430657,3471680.3523180713,RCP85_2100,3811067.6067110817,expansion
430665,939125.0850363455,RCP45_2050,854132.7753398778,contraction
430665,939125.0850363455,RCP45_2100,640340.4175043952,contraction
430665,939125.0850363455,RCP85_2050,789971.4498827984,contraction
430665,939125.0850363455,RCP85_2100,551730.7072758337,contraction
430667,10335936.421894968,RCP45_2050,11430196.763421228,expansion
430667,10335936.421894968,RCP45_2100,11933860.412591035,expansion
430667,10335936.421894968,RCP85_2050,11582902.595007611,expansion
430667,10335936.421894968,RCP85_2100,12570450.976867922,expansion
430671,11289853.15762173,RCP45_2050,13217381.360495606,expansion
430671,11289853.15762173,RCP45_2100,14153667.885679107,expansion
430671,11289853.15762173,RCP85_2050,13551953.110068547,expansion
430671,11289853.15762173,RCP85_2100,14751522.273930559,expansion
430679,20730169.666647594,RCP45_2050,20499599.333352044,contraction
430679,20730169.666647594,RCP45_2100,21134898.573439807,expansion
430679,20730169.666647594,RCP85_2050,20139689.55601048,contraction
430679,20730169.666647594,RCP85_2100,20513296.61725528,contraction
445303,372177.27365526825,RCP45_2050,373165.4116787355,expansion
445303,372177.27365526825,RCP45_2100,395045.8671763016,expansion
445303,372177.27365526825,RCP85_2050,357033.28412380675,contraction
445303,372177.27365526825,RCP85_2100,341082.539146779,contraction
445308,514112.9499225035,RCP45_2050,738394.5874966806,expansion
445308,514112.9499225035,RCP45_2100,789576.0029066993,expansion
445308,514112.9499225035,RCP85_2050,740140.5200326869,expansion
445308,514112.9499225035,RCP85_2100,800058.6431459042,expansion
445325,239225.74590229036,RCP45_2050,153590.5092034569,contraction
445325,239225.74590229036,RCP45_2100,150245.97345910454,contraction
445325,239225.74590229036,RCP85_2050,153136.5255485788,contraction
445325,239225.74590229036,RCP85_2100,142724.0671792249,contraction
445335,1015614.6559454136,RCP45_2050,1244330.5882162703,expansion
445335,1015614.6559454136,RCP45_2100,1560990.9471938494,expansion
445335,1015614.6559454136,RCP85_2050,1245221.0703305695,expansion
445335,1015614.6559454136,RCP85_2100,1562216.5832385113,expansion
445351,992053.0178917234,RCP45_2050,1268301.900782593,expansion
445351,992053.0178917234,RCP45_2100,1328295.6183013876,expansion
445351,992053.0178917234,RCP85_2050,1269618.4200809004,expansion
445351,992053.0178917234,RCP85_2100,1299338.2058142151,expansion
445352,431351.484457023,RCP45_2050,567833.4090487931,expansion
445352,431351.484457023,RCP45_2100,803692.1600736066,expansion
445352,431351.484457023,RCP85_2050,578473.055718769,expansion
445352,431351.484457023,RCP85_2100,714556.5262160946,expansion
445354,784968.3636421384,RCP45_2050,713533.7338659967,contraction
445354,784968.3636421384,RCP45_2100,667481.1528025416,contraction
445354,784968.3636421384,RCP85_2050,690886.0556660922,contraction
445354,784968.3636421384,RCP85_2100,577479.506338087,contraction
445357,189442.70119575984,RCP45_2050,193643.16805072798,expansion
445357,189442.70119575984,RCP45_2100,191858.8155024279,expansion
445357,189442.70119575984,RCP85_2050,191470.56784642444,expansion
445357,189442.70119575984,RCP85_2100,189876.22644306533,expansion
445362,322927.21000016044,RCP45_2050,325047.8939327703,expansion
445362,322927.21000016044,RCP45_2100,340739.23466804,expansion
445362,322927.21000016044,RCP85_2050,330472.2011699416,expansion
445362,322927.21000016044,RCP85_2100,344478.6587520801,expansion
445374,481495.4035205797,RCP45_2050,540459.7451266695,expansion
445374,481495.4035205797,RCP45_2100,562528.4185304327,expansion
445374,481495.4035205797,RCP85_2050,545804.5354966776,expansion
445374,481495.4035205797,RCP85_2100,557944.4609901732,expansion
445378,408100.4587528947,RCP45_2050,326895.48907761055,contraction
445378,408100.4587528947,RCP45_2100,353929.9383265045,contraction
445378,408100.4587528947,RCP85_2050,307283.00639087684,contraction
445378,408100.4587528947,RCP85_2100,353293.5599563262,contraction
449958,5534197.646972209,RCP45_2050,6803963.537571428,expansion
449958,5534197.646972209,RCP45_2100,7205737.727819598,expansion
449958,5534197.646972209,RCP85_2050,6673092.2411775235,expansion
449958,5534197.646972209,RCP85_2100,7101648.818923755,expansion
449966,12312663.269738039,RCP45_2050,11564324.049024915,contraction
449966,12312663.269738039,RCP45_2100,11981073.938099893,contraction
449966,12312663.269738039,RCP85_2050,11582893.503912995,contraction
449966,12312663.269738039,RCP85_2100,12368083.563506845,expansion
449970,2860074.9058431475,RCP45_2050,3692850.161711083,expansion
449970,2860074.9058431475,RCP45_2100,3958146.2019594326,expansion
449970,2860074.9058431475,RCP85_2050,3606551.215489823,expansion
449970,2860074.9058431475,RCP85_2100,3873972.712643145,expansion
449971,21220074.01545969,RCP45_2050,23705374.663908206,expansion
449971,21220074.01545969,RCP45_2100,24377044.706132803,expansion
449971,21220074.01545969,RCP85_2050,23733824.240653403,expansion
449971,21220074.01545969,RCP85_2100,24114723.99749936,expansion
449972,1442844.9856372026,RCP45_2050,1567853.4294579814,expansion
449972,1442844.9856372026,RCP45_2100,1650496.4396997204,expansion
449972,1442844.9856372026,RCP85_2050,1597199.3005691248,expansion
449972,1442844.9856372026,RCP85_2100,1688676.9416925118,expansion
449977,5689674.347013601,RCP45_2050,6976155.837498462,expansion
449977,5689674.347013601,RCP45_2100,7322782.548451634,expansion
449977,5689674.347013601,RCP85_2050,6752251.849151579,expansion
449977,5689674.347013601,RCP85_2100,7287254.040265155,expansion
449978,4671217.412730621,RCP45_2050,5972098.433850581,expansion
449978,4671217.412730621,RCP45_2100,6420415.777882723,expansion
449978,4671217.412730621,RCP85_2050,5884360.605937445,expansion
449978,4671217.412730621,RCP85_2100,6151113.642874047,expansion
450004,9304795.347834326,RCP45_2050,10781753.78183549,expansion
450004,9304795.347834326,RCP45_2100,11605081.505807867,expansion
450004,9304795.347834326,RCP85_2050,10230688.707538825,expansion
450004,9304795.347834326,RCP85_2100,11366576.903594615,expansion
474888,326276.39811322547,RCP45_2050,365637.8381061777,expansion
474888,326276.39811322547,RCP45_2100,420439.42293064424,expansion
474888,326276.39811322547,RCP85_2050,390014.5313218724,expansion
474888,326276.39811322547,RCP85_2100,458517.4992192674,expansion
474896,1117480.8821074623,RCP45_2050,968119.4557347549,contraction
474896,1117480.8821074623,RCP45_2100,896052.5432468546,contraction
474896,1117480.8821074623,RCP85_2050,976441.546689124,contraction
474896,1117480.8821074623,RCP85_2100,787821.4994140631,contraction
474902,441929.6779109504,RCP45_2050,211018.1568141502,contraction
474902,441929.6779109504,RCP45_2100,20026.575987760974,contraction
474902,441929.6779109504,RCP85_2050,64368.13418621798,contraction
474902,441929.6779109504,RCP85_2100,473.1442909193916,contraction
475011,1176415.1371055136,RCP45_2050,1339041.259944913,expansion
475011,1176415.1371055136,RCP45_2100,1477492.3457490404,expansion
475011,1176415.1371055136,RCP85_2050,1383806.5599911849,expansion
475011,1176415.1371055136,RCP85_2100,1558199.1550668231,expansion
475076,423264.0974246063,RCP45_2050,479265.8688638444,expansion
475076,423264.0974246063,RCP45_2100,442854.47121246735,expansion
475076,423264.0974246063,RCP85_2050,480478.4954606537,expansion
475076,423264.0974246063,RCP85_2100,402657.4224390182,contraction
475077,1460123.5215477955,RCP45_2050,1127342.1665498044,contraction
475077,1460123.5215477955,RCP45_2100,847297.7514126919,contraction
475077,1460123.5215477955,RCP85_2050,1005696.4775818078,contraction
475077,1460123.5215477955,RCP85_2100,554618.998818006,contraction
475097,605731.2202536187,RCP45_2050,566512.5997143212,contraction
475097,605731.2202536187,RCP45_2100,575042.7623107978,contraction
475097,605731.2202536187,RCP85_2050,540998.9475298139,contraction
475097,605731.2202536187,RCP85_2100,557110.4930772136,contraction
475100,1874016.254207892,RCP45_2050,1674975.2544006337,contraction
475100,1874016.254207892,RCP45_2100,1554401.202224654,contraction
475100,1874016.254207892,RCP85_2050,1631500.3990247883,contraction
475100,1874016.254207892,RCP85_2100,1345279.0050720703,contraction
475101,2211921.796094121,RCP45_2050,1948934.4173383424,contraction
475101,2211921.796094121,RCP45_2100,1750194.6705927732,contraction
475101,2211921.796094121,RCP85_2050,1914329.4507380396,contraction
475101,2211921.796094121,RCP85_2100,1591247.257015269,contraction
505971,35498751.723709725,RCP45_2050,34477215.50965181,contraction
505971,35498751.723709725,RCP45_2100,36183091.111507624,expansion
505971,35498751.723709725,RCP85_2050,35177533.91069977,contraction
505971,35498751.723709725,RCP85_2100,36614692.60455058,expansion
529435,1459220.6346317863,RCP45_2050,1458962.54675123,contraction
529435,1459220.6346317863,RCP45_2100,1615155.6348014069,expansion
529435,1459220.6346317863,RCP85_2050,1493696.4928503332,expansion
529435,1459220.6346317863,RCP85_2100,1837975.6958349322,expansion
529516,652365.8449964633,RCP45_2050,0,spp range loss
529516,652365.8449964633,RCP45_2100,0,spp range loss
529516,652365.8449964633,RCP85_2050,0,spp range loss
529516,652365.8449964633,RCP85_2100,0,spp range loss
550314,14028419.825268835,RCP45_2050,14960716.937931543,expansion
550314,14028419.825268835,RCP45_2100,15607263.869840823,expansion
550314,14028419.825268835,RCP85_2050,14986691.469155034,expansion
550314,14028419.825268835,RCP85_2100,15396801.592353001,expansion
574728,192817.90541918066,RCP45_2050,120207.25819662378,contraction
574728,192817.90541918066,RCP45_2100,108047.02557824818,contraction
574728,192817.90541918066,RCP85_2050,115741.01099245614,contraction
574728,192817.90541918066,RCP85_2100,90159.6382203717,contraction
581034,331786.0280232316,RCP45_2050,797411.2194157634,expansion
581034,331786.0280232316,RCP45_2100,913166.0018422162,expansion
581034,331786.0280232316,RCP85_2050,803039.0655120651,expansion
581034,331786.0280232316,RCP85_2100,937924.2759024367,expansion
596237,298009.32760249026,RCP45_2050,279014.02422732266,contraction
596237,298009.32760249026,RCP45_2100,262909.5545821124,contraction
596237,298009.32760249026,RCP85_2050,294701.35234869446,contraction
596237,298009.32760249026,RCP85_2100,271300.6521252247,contraction
711846,1966659.0907973999,RCP45_2050,2216558.631225294,expansion
711846,1966659.0907973999,RCP45_2100,2207709.193024625,expansion
711846,1966659.0907973999,RCP85_2050,2221173.9656401505,expansion
711846,1966659.0907973999,RCP85_2100,2059439.8921408365,expansion
712374,1750346.5440622745,RCP45_2050,2348865.958523178,expansion
712374,1750346.5440622745,RCP45_2100,2593512.422567495,expansion
712374,1750346.5440622745,RCP85_2050,2626128.343496866,expansion
712374,1750346.5440622745,RCP85_2100,2866937.8277482037,expansion
712377,688498.1596749707,RCP45_2050,354423.71676021547,contraction
712377,688498.1596749707,RCP45_2100,215939.5287272787,contraction
712377,688498.1596749707,RCP85_2050,291110.4849815257,contraction
712377,688498.1596749707,RCP85_2100,125390.17628990216,contraction
712379,1876595.2025414968,RCP45_2050,1136249.2156842668,contraction
712379,1876595.2025414968,RCP45_2100,817945.3312981008,contraction
712379,1876595.2025414968,RCP85_2050,907680.2745855808,contraction
712379,1876595.2025414968,RCP85_2100,527721.1547034687,contraction
712383,359681.18243151426,RCP45_2050,19054.36568259791,contraction
712383,359681.18243151426,RCP45_2100,34533.231220758935,contraction
712383,359681.18243151426,RCP85_2050,32023.027271181167,contraction
712383,359681.18243151426,RCP85_2100,21259.688724539246,contraction
712386,152355.17619196,RCP45_2050,50427.753127869364,contraction
712386,152355.17619196,RCP45_2100,39350.10769490227,contraction
712386,152355.17619196,RCP85_2050,41570.699185825746,contraction
712386,152355.17619196,RCP85_2100,0,spp range loss
712387,1417226.9133891487,RCP45_2050,924177.1475113353,contraction
712387,1417226.9133891487,RCP45_2100,931481.5162902306,contraction
712387,1417226.9133891487,RCP85_2050,905874.5138561723,contraction
712387,1417226.9133891487,RCP85_2100,1022820.7619505782,contraction
712388,2689874.409656509,RCP45_2050,11736405.30660666,expansion
712388,2689874.409656509,RCP45_2100,13805305.751188027,expansion
712388,2689874.409656509,RCP85_2050,13439885.5566269,expansion
712388,2689874.409656509,RCP85_2100,16040692.636946924,expansion
712397,302687.1481251007,RCP45_2050,263756.6985811625,contraction
712397,302687.1481251007,RCP45_2100,214073.14245314797,contraction
712397,302687.1481251007,RCP85_2050,230355.296743056,contraction
712397,302687.1481251007,RCP85_2100,86629.41045684811,contraction
712398,395900.8236889334,RCP45_2050,324398.94710584887,contraction
712398,395900.8236889334,RCP45_2100,283023.4730937602,contraction
712398,395900.8236889334,RCP85_2050,288582.9367527541,contraction
712398,395900.8236889334,RCP85_2100,185754.81363662452,contraction
712404,1640165.6224459067,RCP45_2050,1579356.8289649296,contraction
712404,1640165.6224459067,RCP45_2100,1381686.9527506286,contraction
712404,1640165.6224459067,RCP85_2050,1415254.7333489757,contraction
712404,1640165.6224459067,RCP85_2100,1117166.2468756563,contraction
712442,494751.8629715756,RCP45_2050,529116.3097365401,expansion
712442,494751.8629715756,RCP45_2100,568039.0663657219,expansion
712442,494751.8629715756,RCP85_2050,547037.0811344088,expansion
712442,494751.8629715756,RCP85_2100,605520.8765484799,expansion
712770,684468.0866971196,RCP45_2050,576876.6677577303,contraction
712770,684468.0866971196,RCP45_2100,551525.672918409,contraction
712770,684468.0866971196,RCP85_2050,562264.9272201256,contraction
712770,684468.0866971196,RCP85_2100,524269.4508132472,contraction
712815,219453.74933480984,RCP45_2050,557470.6271486189,expansion
712815,219453.74933480984,RCP45_2100,658387.5677232755,expansion
712815,219453.74933480984,RCP85_2050,566060.8512841434,expansion
712815,219453.74933480984,RCP85_2100,672205.3275448338,expansion
712818,1050170.7410333315,RCP45_2050,1304663.3720954813,expansion
712818,1050170.7410333315,RCP45_2100,1862971.5268761585,expansion
712818,1050170.7410333315,RCP85_2050,1265632.7192447837,expansion
712818,1050170.7410333315,RCP85_2100,1567087.0011606314,expansion
712828,1068726.525443617,RCP45_2050,1082473.2305768686,expansion
712828,1068726.525443617,RCP45_2100,1288327.8852506755,expansion
712828,1068726.525443617,RCP85_2050,1068280.8096521823,contraction
712828,1068726.525443617,RCP85_2100,1331394.2988359858,expansion
712829,512774.76259262266,RCP45_2050,549920.5905907843,expansion
712829,512774.76259262266,RCP45_2100,586182.1969421371,expansion
712829,512774.76259262266,RCP85_2050,554150.1387855911,expansion
712829,512774.76259262266,RCP85_2100,629538.1316220559,expansion
712843,423527.2829997297,RCP45_2050,423449.1169267917,contraction
712843,423527.2829997297,RCP45_2100,304140.7986289876,contraction
712843,423527.2829997297,RCP85_2050,450142.1626170933,expansion
712843,423527.2829997297,RCP85_2100,323946.9931356846,contraction
712954,2397693.6607681634,RCP45_2050,2653346.429693799,expansion
712954,2397693.6607681634,RCP45_2100,2774635.1505535794,expansion
712954,2397693.6607681634,RCP85_2050,2727983.258092373,expansion
712954,2397693.6607681634,RCP85_2100,3023439.8857521806,expansion
712958,495442.5066596741,RCP45_2050,349325.99637339066,contraction
712958,495442.5066596741,RCP45_2100,314307.3316222396,contraction
712958,495442.5066596741,RCP85_2050,322723.7909627247,contraction
712958,495442.5066596741,RCP85_2100,151243.38713618508,contraction
712972,13857516.808768665,RCP45_2050,12338716.305257063,contraction
712972,13857516.808768665,RCP45_2100,12213636.329982921,contraction
712972,13857516.808768665,RCP85_2050,12063359.993208343,contraction
712972,13857516.808768665,RCP85_2100,12116421.19970931,contraction
712980,467991.6047403467,RCP45_2050,465009.9965153158,contraction
712980,467991.6047403467,RCP45_2100,470518.08712126705,expansion
712980,467991.6047403467,RCP85_2050,456802.1063824354,contraction
712980,467991.6047403467,RCP85_2100,463579.29675678874,contraction
713732,209541.21971265116,RCP45_2050,231219.09915658247,expansion
713732,209541.21971265116,RCP45_2100,251496.3057704452,expansion
713732,209541.21971265116,RCP85_2050,235913.60939405597,expansion
713732,209541.21971265116,RCP85_2100,282875.9781374337,expansion
716547,7202117.781655215,RCP45_2050,5519277.549046612,contraction
716547,7202117.781655215,RCP45_2100,4788395.031503174,contraction
716547,7202117.781655215,RCP85_2050,4989938.200106646,contraction
716547,7202117.781655215,RCP85_2100,3733242.531411641,contraction
716609,6407441.672651897,RCP45_2050,5723674.265756076,contraction
716609,6407441.672651897,RCP45_2100,5234642.289002226,contraction
716609,6407441.672651897,RCP85_2050,5301804.030846853,contraction
716609,6407441.672651897,RCP85_2100,4403731.439712531,contraction
716645,7465790.135667197,RCP45_2050,5669908.95249346,contraction
716645,7465790.135667197,RCP45_2100,5264429.089336166,contraction
716645,7465790.135667197,RCP85_2050,5355009.196973196,contraction
716645,7465790.135667197,RCP85_2100,4810503.154886833,contraction
716653,8817645.14239101,RCP45_2050,8114642.461862492,contraction
716653,8817645.14239101,RCP45_2100,7831132.486261791,contraction
716653,8817645.14239101,RCP85_2050,7942852.715693543,contraction
716653,8817645.14239101,RCP85_2100,7245159.812031683,contraction
718718,1510127.9008134366,RCP45_2050,1769006.8253997804,expansion
718718,1510127.9008134366,RCP45_2100,2339083.903663592,expansion
718718,1510127.9008134366,RCP85_2050,1810665.247825227,expansion
718718,1510127.9008134366,RCP85_2100,2234488.187694423,expansion
718748,7133083.211925659,RCP45_2050,6986985.28324465,contraction
718748,7133083.211925659,RCP45_2100,6862530.716081765,contraction
718748,7133083.211925659,RCP85_2050,6698711.396056815,contraction
718748,7133083.211925659,RCP85_2100,6595492.0830819365,contraction
730686,7763695.679962023,RCP45_2050,7909125.513944273,expansion
730686,7763695.679962023,RCP45_2100,7752870.166524122,contraction
730686,7763695.679962023,RCP85_2050,7779863.709178335,expansion
730686,7763695.679962023,RCP85_2100,7561249.081457092,contraction
730687,8085522.166220143,RCP45_2050,9050909.158910275,expansion
730687,8085522.166220143,RCP45_2100,9032781.033388447,expansion
730687,8085522.166220143,RCP85_2050,9015154.148622734,expansion
730687,8085522.166220143,RCP85_2100,8966512.46325711,expansion
730688,5151430.53163339,RCP45_2050,5055371.324250879,contraction
730688,5151430.53163339,RCP45_2100,4888175.288250546,contraction
730688,5151430.53163339,RCP85_2050,4979471.377563221,contraction
730688,5151430.53163339,RCP85_2100,4472552.201126723,contraction
730689,4140926.983405089,RCP45_2050,4315831.02457793,expansion
730689,4140926.983405089,RCP45_2100,4874383.15108417,expansion
730689,4140926.983405089,RCP85_2050,4389788.075432247,expansion
730689,4140926.983405089,RCP85_2100,5298407.958074515,expansion
730691,16217862.335472932,RCP45_2050,17224524.946197443,expansion
730691,16217862.335472932,RCP45_2100,18099596.51260265,expansion
730691,16217862.335472932,RCP85_2050,17230473.2197076,expansion
730691,16217862.335472932,RCP85_2100,19171210.9057628,expansion
735835,961825.6483486921,RCP45_2050,885525.2806946699,contraction
735835,961825.6483486921,RCP45_2100,933095.1747201827,contraction
735835,961825.6483486921,RCP85_2050,928539.3295819471,contraction
735835,961825.6483486921,RCP85_2100,931225.9007972401,contraction
739293,193114.98311697366,RCP45_2050,425.9068608976907,contraction
739293,193114.98311697366,RCP45_2100,0,spp range loss
739293,193114.98311697366,RCP85_2050,182.447145362566,contraction
739293,193114.98311697366,RCP85_2100,0,spp range loss
740834,21293400.01815774,RCP45_2050,20834640.283108093,contraction
740834,21293400.01815774,RCP45_2100,20946929.460026402,contraction
740834,21293400.01815774,RCP85_2050,20837365.808845613,contraction
740834,21293400.01815774,RCP85_2100,20956780.990535732,contraction
758225,4369121.36418458,RCP45_2050,3746775.489181362,contraction
758225,4369121.36418458,RCP45_2100,3195088.7468904434,contraction
758225,4369121.36418458,RCP85_2050,3406706.964101332,contraction
758225,4369121.36418458,RCP85_2100,2744448.899220997,contraction
758235,19761570.548894327,RCP45_2050,20244223.66018796,expansion
758235,19761570.548894327,RCP45_2100,20371072.58191944,expansion
758235,19761570.548894327,RCP85_2050,20290170.48887576,expansion
758235,19761570.548894327,RCP85_2100,19448747.08921675,contraction
758260,1297130.0784624906,RCP45_2050,1130781.8501811307,contraction
758260,1297130.0784624906,RCP45_2100,1271626.38477069,contraction
758260,1297130.0784624906,RCP85_2050,1127940.4314333324,contraction
758260,1297130.0784624906,RCP85_2100,1037709.3291348,contraction
758261,1260523.6021153927,RCP45_2050,1252353.129395374,contraction
758261,1260523.6021153927,RCP45_2100,1519818.8119759234,expansion
758261,1260523.6021153927,RCP85_2050,1295168.8568431223,expansion
758261,1260523.6021153927,RCP85_2100,1401463.0360776007,expansion
758262,1053069.264520734,RCP45_2050,995826.2207231254,contraction
758262,1053069.264520734,RCP45_2100,953305.0320120035,contraction
758262,1053069.264520734,RCP85_2050,1005994.6523695802,contraction
758262,1053069.264520734,RCP85_2100,824532.7884347361,contraction
759099,8853325.38726429,RCP45_2050,7816021.194635019,contraction
759099,8853325.38726429,RCP45_2100,7922256.528200117,contraction
759099,8853325.38726429,RCP85_2050,7905174.973539982,contraction
759099,8853325.38726429,RCP85_2100,8226930.844391384,contraction
763525,8118614.081624397,RCP45_2050,7260253.140635239,contraction
763525,8118614.081624397,RCP45_2100,7068231.570436161,contraction
763525,8118614.081624397,RCP85_2050,7143369.684853238,contraction
763525,8118614.081624397,RCP85_2100,6863626.7025535945,contraction
763791,13499283.272192417,RCP45_2050,14766186.672776645,expansion
763791,13499283.272192417,RCP45_2100,15259468.016241005,expansion
763791,13499283.272192417,RCP85_2050,14797123.322603563,expansion
763791,13499283.272192417,RCP85_2100,15680664.636819853,expansion
763793,7652242.001424914,RCP45_2050,8633104.439232638,expansion
763793,7652242.001424914,RCP45_2100,9161508.386533974,expansion
763793,7652242.001424914,RCP85_2050,9035699.765218843,expansion
763793,7652242.001424914,RCP85_2100,9943705.692554954,expansion
763794,9607377.21453393,RCP45_2050,10695275.798100708,expansion
763794,9607377.21453393,RCP45_2100,11029370.354129424,expansion
763794,9607377.21453393,RCP85_2050,10783386.190340187,expansion
763794,9607377.21453393,RCP85_2100,11208756.333654227,expansion
763800,13756078.58086355,RCP45_2050,14731773.41813208,expansion
763800,13756078.58086355,RCP45_2100,15047118.040929843,expansion
763800,13756078.58086355,RCP85_2050,14804206.317918144,expansion
763800,13756078.58086355,RCP85_2100,14795951.756930554,expansion
764222,674101.407192052,RCP45_2050,755816.0335246499,expansion
764222,674101.407192052,RCP45_2100,770136.2715187065,expansion
764222,674101.407192052,RCP85_2050,748834.5624024372,expansion
764222,674101.407192052,RCP85_2100,752511.2481977311,expansion
769036,263536.887798314,RCP45_2050,232707.47539616138,contraction
769036,263536.887798314,RCP45_2100,176285.46736953149,contraction
769036,263536.887798314,RCP85_2050,240688.9821086893,contraction
769036,263536.887798314,RCP85_2100,203523.4541418989,contraction
816452,1615650.8284216817,RCP45_2050,1087059.6223065783,contraction
816452,1615650.8284216817,RCP45_2100,773754.3139891335,contraction
816452,1615650.8284216817,RCP85_2050,956228.3688103439,contraction
816452,1615650.8284216817,RCP85_2100,612210.8334601166,contraction
828326,878395.3828402588,RCP45_2050,959178.016970523,expansion
828326,878395.3828402588,RCP45_2100,1027593.2328662983,expansion
828326,878395.3828402588,RCP85_2050,978060.0298259702,expansion
828326,878395.3828402588,RCP85_2100,1083335.7863453943,expansion
834701,1305525.282055778,RCP45_2050,1222861.3798933846,contraction
834701,1305525.282055778,RCP45_2100,1103039.619409345,contraction
834701,1305525.282055778,RCP85_2050,1140490.6418524703,contraction
834701,1305525.282055778,RCP85_2100,911715.4040544294,contraction
835027,295537.88375366,RCP45_2050,297744.4400288296,expansion
835027,295537.88375366,RCP45_2100,317793.7817484166,expansion
835027,295537.88375366,RCP85_2050,307178.45910700527,expansion
835027,295537.88375366,RCP85_2100,388540.49721839407,expansion
835177,643701.2807786851,RCP45_2050,596353.5162084394,contraction
835177,643701.2807786851,RCP45_2100,359766.8641004079,contraction
835177,643701.2807786851,RCP85_2050,577345.5152442614,contraction
835177,643701.2807786851,RCP85_2100,290002.0404373124,contraction
835214,350093.2694714535,RCP45_2050,334553.2559608195,contraction
835214,350093.2694714535,RCP45_2100,161282.13457187638,contraction
835214,350093.2694714535,RCP85_2050,316797.23915745656,contraction
835214,350093.2694714535,RCP85_2100,76381.62172813146,contraction
835218,212815.18611113657,RCP45_2050,2105532.1362212272,expansion
835218,212815.18611113657,RCP45_2100,2105532.1362212272,expansion
835218,212815.18611113657,RCP85_2050,2105532.1362212272,expansion
835218,212815.18611113657,RCP85_2100,2105532.1362212272,expansion
835222,1197539.560982477,RCP45_2050,1093085.0171183741,contraction
835222,1197539.560982477,RCP45_2100,1021408.3607107496,contraction
835222,1197539.560982477,RCP85_2050,1049366.2917548602,contraction
835222,1197539.560982477,RCP85_2100,877123.7654794739,contraction
835233,227314.30575370722,RCP45_2050,139908.00302348743,contraction
835233,227314.30575370722,RCP45_2100,133975.44278364856,contraction
835233,227314.30575370722,RCP85_2050,141063.6261483942,contraction
835233,227314.30575370722,RCP85_2100,58175.38209312883,contraction
835420,434537.2076568906,RCP45_2050,350719.9238015321,contraction
835420,434537.2076568906,RCP45_2100,318487.3376037066,contraction
835420,434537.2076568906,RCP85_2050,328143.9072379503,contraction
835420,434537.2076568906,RCP85_2100,256193.04434329976,contraction
836464,242508.05642184537,RCP45_2050,217434.13838944503,contraction
836464,242508.05642184537,RCP45_2100,288421.13775519753,expansion
836464,242508.05642184537,RCP85_2050,219041.7903114378,contraction
836464,242508.05642184537,RCP85_2100,314808.4655378339,expansion
845705,736152.9003582902,RCP45_2050,675973.7262784952,contraction
845705,736152.9003582902,RCP45_2100,675200.8188728766,contraction
845705,736152.9003582902,RCP85_2050,663018.4166058019,contraction
845705,736152.9003582902,RCP85_2100,615454.0139067085,contraction
871951,2333225.07725913,RCP45_2050,2473081.0723294467,expansion
871951,2333225.07725913,RCP45_2100,2493645.461694504,expansion
871951,2333225.07725913,RCP85_2050,2535419.795605407,expansion
871951,2333225.07725913,RCP85_2100,2727103.5868621655,expansion
871953,267433.6681813863,RCP45_2050,265484.0942928451,contraction
871953,267433.6681813863,RCP45_2100,270949.2786663468,expansion
871953,267433.6681813863,RCP85_2050,285519.62864318665,expansion
871953,267433.6681813863,RCP85_2100,260136.28316276343,contraction
875064,516581.9069011737,RCP45_2050,552240.3501711783,expansion
875064,516581.9069011737,RCP45_2100,568077.659513354,expansion
875064,516581.9069011737,RCP85_2050,541881.600424621,expansion
875064,516581.9069011737,RCP85_2100,518589.59873938974,expansion
886929,18667783.454216585,RCP45_2050,19513144.548723143,expansion
886929,18667783.454216585,RCP45_2100,19538901.00317999,expansion
886929,18667783.454216585,RCP85_2050,19576288.65784317,expansion
886929,18667783.454216585,RCP85_2100,19416551.6693433,expansion
886935,799716.7056019782,RCP45_2050,946512.6940786421,expansion
886935,799716.7056019782,RCP45_2100,974906.3500968755,expansion
886935,799716.7056019782,RCP85_2050,903142.3890816688,expansion
886935,799716.7056019782,RCP85_2100,956837.1436628461,expansion
989371,5543237.737841246,RCP45_2050,4442205.256473925,contraction
989371,5543237.737841246,RCP45_2100,3845054.5723187453,contraction
989371,5543237.737841246,RCP85_2050,3977550.2847420573,contraction
989371,5543237.737841246,RCP85_2100,2515534.451983247,contraction
