MRGID,GEONAME,scenario,continued_presence,entry_into_new,exit_from_historical,no_presence,current_spp,future_spp,perc_exit,perc_enter,spp_change,ssi
3293,Belgian Exclusive Economic Zone,RCP45_2050,88,4,2,9,90,92,2.2222222222222223,4.444444444444445,2,0.967032967032967
3293,Belgian Exclusive Economic Zone,RCP45_2100,87,6,3,7,90,93,3.3333333333333335,6.666666666666667,3,0.9508196721311475
3293,Belgian Exclusive Economic Zone,RCP85_2050,87,6,3,7,90,93,3.3333333333333335,6.666666666666667,3,0.9508196721311475
3293,Belgian Exclusive Economic Zone,RCP85_2100,84,10,6,3,90,94,6.666666666666667,11.11111111111111,4,0.9130434782608695
5668,Dutch Exclusive Economic Zone,RCP45_2050,96,3,3,7,99,99,3.0303030303030303,3.0303030303030303,0,0.9696969696969697
5668,Dutch Exclusive Economic Zone,RCP45_2100,96,5,3,5,99,101,3.0303030303030303,5.05050505050505,2,0.96
5668,Dutch Exclusive Economic Zone,RCP85_2050,96,6,3,4,99,102,3.0303030303030303,6.0606060606060606,3,0.9552238805970149
5668,Dutch Exclusive Economic Zone,RCP85_2100,92,9,7,1,99,101,7.070707070707071,9.090909090909092,2,0.92
5669,German Exclusive Economic Zone,RCP45_2050,89,2,1,8,90,91,1.1111111111111112,2.2222222222222223,1,0.9834254143646409
5669,German Exclusive Economic Zone,RCP45_2100,89,3,1,7,90,92,1.1111111111111112,3.3333333333333335,2,0.978021978021978
5669,German Exclusive Economic Zone,RCP85_2050,89,3,1,7,90,92,1.1111111111111112,3.3333333333333335,2,0.978021978021978
5669,German Exclusive Economic Zone,RCP85_2100,87,9,3,1,90,96,3.3333333333333335,10,6,0.9354838709677419
5670,Albanian Exclusive Economic Zone,RCP45_2050,82,1,12,1,94,83,12.76595744680851,1.0638297872340425,-11,0.9265536723163842
5670,Albanian Exclusive Economic Zone,RCP45_2100,77,1,17,1,94,78,18.085106382978722,1.0638297872340425,-16,0.8953488372093024
5670,Albanian Exclusive Economic Zone,RCP85_2050,82,1,12,1,94,83,12.76595744680851,1.0638297872340425,-11,0.9265536723163842
5670,Albanian Exclusive Economic Zone,RCP85_2100,73,2,21,0,94,75,22.340425531914892,2.127659574468085,-19,0.863905325443787
5672,Bulgarian Exclusive Economic Zone,RCP45_2050,55,5,0,18,55,60,0,9.090909090909092,5,0.9565217391304348
5672,Bulgarian Exclusive Economic Zone,RCP45_2100,55,11,0,12,55,66,0,20,11,0.9090909090909091
5672,Bulgarian Exclusive Economic Zone,RCP85_2050,55,9,0,14,55,64,0,16.363636363636363,9,0.9243697478991597
5672,Bulgarian Exclusive Economic Zone,RCP85_2100,54,14,1,9,55,68,1.8181818181818181,25.454545454545453,13,0.8780487804878049
5673,Croatian Exclusive Economic Zone,RCP45_2050,94,3,5,4,99,97,5.05050505050505,3.0303030303030303,-2,0.9591836734693877
5673,Croatian Exclusive Economic Zone,RCP45_2100,95,4,4,3,99,99,4.040404040404041,4.040404040404041,0,0.9595959595959596
5673,Croatian Exclusive Economic Zone,RCP85_2050,96,4,3,3,99,100,3.0303030303030303,4.040404040404041,1,0.964824120603015
5673,Croatian Exclusive Economic Zone,RCP85_2100,89,0,10,7,99,89,10.1010101010101,0,-10,0.9468085106382979
5674,Danish Exclusive Economic Zone,RCP45_2050,73,7,1,8,74,80,1.3513513513513513,9.45945945945946,6,0.948051948051948
5674,Danish Exclusive Economic Zone,RCP45_2100,72,7,2,8,74,79,2.7027027027027026,9.45945945945946,5,0.9411764705882353
5674,Danish Exclusive Economic Zone,RCP85_2050,72,7,2,8,74,79,2.7027027027027026,9.45945945945946,5,0.9411764705882353
5674,Danish Exclusive Economic Zone,RCP85_2100,72,11,2,4,74,83,2.7027027027027026,14.864864864864865,9,0.9171974522292994
5675,Estonian Exclusive Economic Zone,RCP45_2050,12,2,1,6,13,14,7.6923076923076925,15.384615384615385,1,0.8888888888888888
5675,Estonian Exclusive Economic Zone,RCP45_2100,13,2,0,6,13,15,0,15.384615384615385,2,0.9285714285714286
5675,Estonian Exclusive Economic Zone,RCP85_2050,13,2,0,6,13,15,0,15.384615384615385,2,0.9285714285714286
5675,Estonian Exclusive Economic Zone,RCP85_2100,13,7,0,1,13,20,0,53.84615384615385,7,0.7878787878787878
5676,Finnish Exclusive Economic Zone,RCP45_2050,12,2,2,7,14,14,14.285714285714286,14.285714285714286,0,0.8571428571428571
5676,Finnish Exclusive Economic Zone,RCP45_2100,12,3,2,6,14,15,14.285714285714286,21.428571428571427,1,0.8275862068965517
5676,Finnish Exclusive Economic Zone,RCP85_2050,12,3,2,6,14,15,14.285714285714286,21.428571428571427,1,0.8275862068965517
5676,Finnish Exclusive Economic Zone,RCP85_2100,13,6,1,3,14,19,7.142857142857143,42.857142857142854,5,0.7878787878787878
5677,French Exclusive Economic Zone,RCP45_2050,146,4,2,1,148,150,1.3513513513513513,2.7027027027027026,2,0.9798657718120806
5677,French Exclusive Economic Zone,RCP45_2100,145,5,3,0,148,150,2.027027027027027,3.3783783783783785,2,0.9731543624161074
5677,French Exclusive Economic Zone,RCP85_2050,146,5,2,0,148,151,1.3513513513513513,3.3783783783783785,3,0.9765886287625418
5677,French Exclusive Economic Zone,RCP85_2100,140,5,8,0,148,145,5.405405405405405,3.3783783783783785,-3,0.9556313993174061
5678,Georgian Exclusive Economic Zone,RCP45_2050,38,5,0,21,38,43,0,13.157894736842104,5,0.9382716049382716
5678,Georgian Exclusive Economic Zone,RCP45_2100,38,12,0,14,38,50,0,31.57894736842105,12,0.8636363636363636
5678,Georgian Exclusive Economic Zone,RCP85_2050,38,10,0,16,38,48,0,26.31578947368421,10,0.8837209302325582
5678,Georgian Exclusive Economic Zone,RCP85_2100,37,12,1,14,38,49,2.6315789473684212,31.57894736842105,11,0.8505747126436781
5679,Greek Exclusive Economic Zone,RCP45_2050,99,3,3,1,102,102,2.9411764705882355,2.9411764705882355,0,0.9705882352941176
5679,Greek Exclusive Economic Zone,RCP45_2100,98,3,4,1,102,101,3.9215686274509802,2.9411764705882355,-1,0.9655172413793104
5679,Greek Exclusive Economic Zone,RCP85_2050,99,3,3,1,102,102,2.9411764705882355,2.9411764705882355,0,0.9705882352941176
5679,Greek Exclusive Economic Zone,RCP85_2100,93,2,9,2,102,95,8.823529411764707,1.9607843137254901,-7,0.9441624365482234
5680,Icelandic Exclusive Economic Zone,RCP45_2050,67,5,3,7,70,72,4.285714285714286,7.142857142857143,2,0.9436619718309859
5680,Icelandic Exclusive Economic Zone,RCP45_2100,66,6,4,6,70,72,5.714285714285714,8.571428571428571,2,0.9295774647887324
5680,Icelandic Exclusive Economic Zone,RCP85_2050,67,5,3,7,70,72,4.285714285714286,7.142857142857143,2,0.9436619718309859
5680,Icelandic Exclusive Economic Zone,RCP85_2100,68,12,2,0,70,80,2.857142857142857,17.142857142857142,10,0.9066666666666666
5681,Irish Exclusive Economic Zone,RCP45_2050,110,5,3,6,113,115,2.6548672566371683,4.424778761061947,2,0.9649122807017544
5681,Irish Exclusive Economic Zone,RCP45_2100,109,7,4,4,113,116,3.5398230088495577,6.1946902654867255,3,0.9519650655021834
5681,Irish Exclusive Economic Zone,RCP85_2050,109,7,4,4,113,116,3.5398230088495577,6.1946902654867255,3,0.9519650655021834
5681,Irish Exclusive Economic Zone,RCP85_2100,110,10,3,1,113,120,2.6548672566371683,8.849557522123893,7,0.944206008583691
5682,Italian Exclusive Economic Zone,RCP45_2050,104,2,1,3,105,106,0.9523809523809523,1.9047619047619047,1,0.985781990521327
5682,Italian Exclusive Economic Zone,RCP45_2100,103,3,2,2,105,106,1.9047619047619047,2.857142857142857,1,0.976303317535545
5682,Italian Exclusive Economic Zone,RCP85_2050,102,2,3,3,105,104,2.857142857142857,1.9047619047619047,-1,0.9760765550239234
5682,Italian Exclusive Economic Zone,RCP85_2100,98,4,7,1,105,102,6.666666666666667,3.8095238095238093,-3,0.9468599033816425
5683,Latvian Exclusive Economic Zone,RCP45_2050,15,3,2,5,17,18,11.764705882352942,17.647058823529413,1,0.8571428571428571
5683,Latvian Exclusive Economic Zone,RCP45_2100,15,5,2,3,17,20,11.764705882352942,29.41176470588235,3,0.8108108108108109
5683,Latvian Exclusive Economic Zone,RCP85_2050,15,3,2,5,17,18,11.764705882352942,17.647058823529413,1,0.8571428571428571
5683,Latvian Exclusive Economic Zone,RCP85_2100,15,5,2,3,17,20,11.764705882352942,29.41176470588235,3,0.8108108108108109
5684,Lithuanian Exclusive Economic Zone,RCP45_2050,10,4,1,4,11,14,9.090909090909092,36.36363636363637,3,0.8
5684,Lithuanian Exclusive Economic Zone,RCP45_2100,11,5,0,3,11,16,0,45.45454545454545,5,0.8148148148148148
5684,Lithuanian Exclusive Economic Zone,RCP85_2050,10,5,1,3,11,15,9.090909090909092,45.45454545454545,4,0.7692307692307693
5684,Lithuanian Exclusive Economic Zone,RCP85_2100,10,5,1,3,11,15,9.090909090909092,45.45454545454545,4,0.7692307692307693
5685,Maltese Exclusive Economic Zone,RCP45_2050,86,3,6,2,92,89,6.521739130434782,3.260869565217391,-3,0.9502762430939227
5685,Maltese Exclusive Economic Zone,RCP45_2100,81,2,11,3,92,83,11.956521739130435,2.1739130434782608,-9,0.9257142857142857
5685,Maltese Exclusive Economic Zone,RCP85_2050,81,2,11,3,92,83,11.956521739130435,2.1739130434782608,-9,0.9257142857142857
5685,Maltese Exclusive Economic Zone,RCP85_2100,74,2,18,3,92,76,19.565217391304348,2.1739130434782608,-16,0.8809523809523809
5686,Norwegian Exclusive Economic Zone,RCP45_2050,77,5,2,11,79,82,2.5316455696202533,6.329113924050633,3,0.9565217391304348
5686,Norwegian Exclusive Economic Zone,RCP45_2100,76,10,3,6,79,86,3.7974683544303796,12.658227848101266,7,0.9212121212121213
5686,Norwegian Exclusive Economic Zone,RCP85_2050,77,8,2,8,79,85,2.5316455696202533,10.126582278481013,6,0.9390243902439024
5686,Norwegian Exclusive Economic Zone,RCP85_2100,77,14,2,2,79,91,2.5316455696202533,17.72151898734177,12,0.9058823529411765
5687,Polish Exclusive Economic Zone,RCP45_2050,12,4,1,2,13,16,7.6923076923076925,30.76923076923077,3,0.8275862068965517
5687,Polish Exclusive Economic Zone,RCP45_2100,12,4,1,2,13,16,7.6923076923076925,30.76923076923077,3,0.8275862068965517
5687,Polish Exclusive Economic Zone,RCP85_2050,12,4,1,2,13,16,7.6923076923076925,30.76923076923077,3,0.8275862068965517
5687,Polish Exclusive Economic Zone,RCP85_2100,13,5,0,1,13,18,0,38.46153846153846,5,0.8387096774193549
5688,Portuguese Exclusive Economic Zone,RCP45_2050,147,4,1,2,148,151,0.6756756756756757,2.7027027027027026,3,0.9832775919732442
5688,Portuguese Exclusive Economic Zone,RCP45_2100,144,3,4,3,148,147,2.7027027027027026,2.027027027027027,-1,0.976271186440678
5688,Portuguese Exclusive Economic Zone,RCP85_2050,144,3,4,3,148,147,2.7027027027027026,2.027027027027027,-1,0.976271186440678
5688,Portuguese Exclusive Economic Zone,RCP85_2100,143,4,5,2,148,147,3.3783783783783785,2.7027027027027026,-1,0.9694915254237289
5689,Romanian Exclusive Economic Zone,RCP45_2050,57,5,0,14,57,62,0,8.771929824561404,5,0.957983193277311
5689,Romanian Exclusive Economic Zone,RCP45_2100,57,13,0,6,57,70,0,22.80701754385965,13,0.8976377952755905
5689,Romanian Exclusive Economic Zone,RCP85_2050,57,10,0,9,57,67,0,17.54385964912281,10,0.9193548387096774
5689,Romanian Exclusive Economic Zone,RCP85_2100,57,17,0,2,57,74,0,29.82456140350877,17,0.8702290076335878
5690,Russian Exclusive Economic Zone,RCP45_2050,193,23,3,67,196,216,1.530612244897959,11.73469387755102,20,0.9368932038834952
5690,Russian Exclusive Economic Zone,RCP45_2100,194,42,2,48,196,236,1.0204081632653061,21.428571428571427,40,0.8981481481481481
5690,Russian Exclusive Economic Zone,RCP85_2050,193,33,3,57,196,226,1.530612244897959,16.836734693877553,30,0.9146919431279621
5690,Russian Exclusive Economic Zone,RCP85_2100,194,70,2,20,196,264,1.0204081632653061,35.714285714285715,68,0.8434782608695652
5691,Montenegrin Exclusive Economic Zone,RCP45_2050,76,3,11,5,87,79,12.64367816091954,3.4482758620689653,-8,0.9156626506024096
5691,Montenegrin Exclusive Economic Zone,RCP45_2100,70,3,17,5,87,73,19.54022988505747,3.4482758620689653,-14,0.875
5691,Montenegrin Exclusive Economic Zone,RCP85_2050,74,4,13,4,87,78,14.942528735632184,4.597701149425287,-9,0.896969696969697
5691,Montenegrin Exclusive Economic Zone,RCP85_2100,59,3,28,5,87,62,32.18390804597701,3.4482758620689653,-25,0.7919463087248322
5692,Slovenian Exclusive Economic Zone,RCP45_2050,0,0,0,85,0,0,NA,NA,0,NA
5692,Slovenian Exclusive Economic Zone,RCP45_2100,0,0,0,85,0,0,NA,NA,0,NA
5692,Slovenian Exclusive Economic Zone,RCP85_2050,0,0,0,85,0,0,NA,NA,0,NA
5692,Slovenian Exclusive Economic Zone,RCP85_2100,0,0,0,85,0,0,NA,NA,0,NA
5693,Spanish Exclusive Economic Zone,RCP45_2050,155,4,0,3,155,159,0,2.5806451612903225,4,0.9872611464968153
5693,Spanish Exclusive Economic Zone,RCP45_2100,152,4,3,3,155,156,1.935483870967742,2.5806451612903225,1,0.977491961414791
5693,Spanish Exclusive Economic Zone,RCP85_2050,154,4,1,3,155,158,0.6451612903225806,2.5806451612903225,3,0.9840255591054313
5693,Spanish Exclusive Economic Zone,RCP85_2100,148,6,7,1,155,154,4.516129032258065,3.870967741935484,-1,0.9579288025889967
5694,Swedish Exclusive Economic Zone,RCP45_2050,60,6,1,4,61,66,1.639344262295082,9.836065573770492,5,0.9448818897637795
5694,Swedish Exclusive Economic Zone,RCP45_2100,61,9,0,1,61,70,0,14.754098360655737,9,0.9312977099236641
5694,Swedish Exclusive Economic Zone,RCP85_2050,61,9,0,1,61,70,0,14.754098360655737,9,0.9312977099236641
5694,Swedish Exclusive Economic Zone,RCP85_2100,59,10,2,0,61,69,3.278688524590164,16.39344262295082,8,0.9076923076923077
5696,British Exclusive Economic Zone,RCP45_2050,120,6,4,8,124,126,3.225806451612903,4.838709677419355,2,0.96
5696,British Exclusive Economic Zone,RCP45_2100,119,6,5,8,124,125,4.032258064516129,4.838709677419355,1,0.9558232931726908
5696,British Exclusive Economic Zone,RCP85_2050,119,6,5,8,124,125,4.032258064516129,4.838709677419355,1,0.9558232931726908
5696,British Exclusive Economic Zone,RCP85_2100,119,11,5,3,124,130,4.032258064516129,8.870967741935484,6,0.937007874015748
5697,Turkish Exclusive Economic Zone,RCP45_2050,102,3,1,0,103,105,0.970873786407767,2.912621359223301,2,0.9807692307692307
5697,Turkish Exclusive Economic Zone,RCP45_2100,102,3,1,0,103,105,0.970873786407767,2.912621359223301,2,0.9807692307692307
5697,Turkish Exclusive Economic Zone,RCP85_2050,102,3,1,0,103,105,0.970873786407767,2.912621359223301,2,0.9807692307692307
5697,Turkish Exclusive Economic Zone,RCP85_2100,98,2,5,1,103,100,4.854368932038835,1.941747572815534,-3,0.9655172413793104
8308,Australian Exclusive Economic Zone (Cocos Islands),RCP45_2050,267,4,11,48,278,271,3.9568345323741005,1.4388489208633093,-7,0.9726775956284153
8308,Australian Exclusive Economic Zone (Cocos Islands),RCP45_2100,259,5,19,47,278,264,6.83453237410072,1.7985611510791366,-14,0.955719557195572
8308,Australian Exclusive Economic Zone (Cocos Islands),RCP85_2050,260,3,18,49,278,263,6.474820143884892,1.079136690647482,-15,0.9611829944547134
8308,Australian Exclusive Economic Zone (Cocos Islands),RCP85_2100,255,5,23,47,278,260,8.273381294964029,1.7985611510791366,-18,0.9479553903345725
8309,Australian Exclusive Economic Zone (Christmas Island),RCP45_2050,297,3,32,71,329,300,9.72644376899696,0.9118541033434651,-29,0.9443561208267091
8309,Australian Exclusive Economic Zone (Christmas Island),RCP45_2100,278,7,51,67,329,285,15.501519756838906,2.127659574468085,-44,0.9055374592833876
8309,Australian Exclusive Economic Zone (Christmas Island),RCP85_2050,280,2,49,72,329,282,14.893617021276595,0.60790273556231,-47,0.9165302782324058
8309,Australian Exclusive Economic Zone (Christmas Island),RCP85_2100,276,8,53,66,329,284,16.109422492401215,2.43161094224924,-45,0.9004893964110929
8310,Australian Exclusive Economic Zone (Norfolk Island),RCP45_2050,288,7,8,4,296,295,2.7027027027027026,2.364864864864865,-1,0.9746192893401016
8310,Australian Exclusive Economic Zone (Norfolk Island),RCP45_2100,282,7,14,4,296,289,4.72972972972973,2.364864864864865,-7,0.9641025641025641
8310,Australian Exclusive Economic Zone (Norfolk Island),RCP85_2050,284,7,12,4,296,291,4.054054054054054,2.364864864864865,-5,0.9676320272572402
8310,Australian Exclusive Economic Zone (Norfolk Island),RCP85_2100,277,4,19,7,296,281,6.418918918918919,1.3513513513513513,-15,0.9601386481802426
8311,Australian Exclusive Economic Zone (Macquarie Island),RCP45_2050,29,5,1,4,30,34,3.3333333333333335,16.666666666666668,4,0.90625
8311,Australian Exclusive Economic Zone (Macquarie Island),RCP45_2100,28,7,2,2,30,35,6.666666666666667,23.333333333333332,5,0.8615384615384616
8311,Australian Exclusive Economic Zone (Macquarie Island),RCP85_2050,29,6,1,3,30,35,3.3333333333333335,20,5,0.8923076923076924
8311,Australian Exclusive Economic Zone (Macquarie Island),RCP85_2100,29,9,1,0,30,38,3.3333333333333335,30,8,0.8529411764705882
8312,French Exclusive Economic Zone (New Caledonia),RCP45_2050,391,4,10,5,401,395,2.493765586034913,0.9975062344139651,-6,0.9824120603015075
8312,French Exclusive Economic Zone (New Caledonia),RCP45_2100,390,5,11,4,401,395,2.743142144638404,1.2468827930174564,-6,0.9798994974874372
8312,French Exclusive Economic Zone (New Caledonia),RCP85_2050,387,4,14,5,401,391,3.491271820448878,0.9975062344139651,-10,0.9772727272727273
8312,French Exclusive Economic Zone (New Caledonia),RCP85_2100,379,5,22,4,401,384,5.486284289276808,1.2468827930174564,-17,0.9656050955414013
8313,Vanuatuan Exclusive Economic Zone,RCP45_2050,321,5,9,2,330,326,2.727272727272727,1.5151515151515151,-4,0.9786585365853658
8313,Vanuatuan Exclusive Economic Zone,RCP45_2100,315,4,15,3,330,319,4.545454545454546,1.2121212121212122,-11,0.9707241910631741
8313,Vanuatuan Exclusive Economic Zone,RCP85_2050,315,4,15,3,330,319,4.545454545454546,1.2121212121212122,-11,0.9707241910631741
8313,Vanuatuan Exclusive Economic Zone,RCP85_2100,308,2,22,5,330,310,6.666666666666667,0.6060606060606061,-20,0.9625
8314,Solomon Islands Exclusive Economic Zone,RCP45_2050,356,2,20,7,376,358,5.319148936170213,0.5319148936170213,-18,0.9700272479564033
8314,Solomon Islands Exclusive Economic Zone,RCP45_2100,350,2,26,7,376,352,6.914893617021277,0.5319148936170213,-24,0.9615384615384616
8314,Solomon Islands Exclusive Economic Zone,RCP85_2050,354,2,22,7,376,356,5.851063829787234,0.5319148936170213,-20,0.9672131147540983
8314,Solomon Islands Exclusive Economic Zone,RCP85_2100,351,2,25,7,376,353,6.648936170212766,0.5319148936170213,-23,0.9629629629629629
8315,Palauan Exclusive Economic Zone,RCP45_2050,360,2,17,11,377,362,4.5092838196286475,0.5305039787798409,-15,0.9742895805142084
8315,Palauan Exclusive Economic Zone,RCP45_2100,355,2,22,11,377,357,5.835543766578249,0.5305039787798409,-20,0.9673024523160763
8315,Palauan Exclusive Economic Zone,RCP85_2050,356,2,21,11,377,358,5.570291777188329,0.5305039787798409,-19,0.9687074829931973
8315,Palauan Exclusive Economic Zone,RCP85_2100,346,3,31,10,377,349,8.222811671087532,0.7957559681697612,-28,0.953168044077135
8316,Micronesian Exclusive Economic Zone,RCP45_2050,340,2,16,12,356,342,4.49438202247191,0.5617977528089888,-14,0.9742120343839542
8316,Micronesian Exclusive Economic Zone,RCP45_2100,343,3,13,11,356,346,3.651685393258427,0.8426966292134831,-10,0.9772079772079773
8316,Micronesian Exclusive Economic Zone,RCP85_2050,340,2,16,12,356,342,4.49438202247191,0.5617977528089888,-14,0.9742120343839542
8316,Micronesian Exclusive Economic Zone,RCP85_2100,339,4,17,10,356,343,4.775280898876405,1.1235955056179776,-13,0.9699570815450643
8317,Nauruan Exclusive Economic Zone,RCP45_2050,94,3,14,126,108,97,12.962962962962964,2.7777777777777777,-11,0.9170731707317074
8317,Nauruan Exclusive Economic Zone,RCP45_2100,94,2,14,127,108,96,12.962962962962964,1.8518518518518519,-12,0.9215686274509803
8317,Nauruan Exclusive Economic Zone,RCP85_2050,93,2,15,127,108,95,13.88888888888889,1.8518518518518519,-13,0.916256157635468
8317,Nauruan Exclusive Economic Zone,RCP85_2100,92,12,16,117,108,104,14.814814814814815,11.11111111111111,-4,0.8679245283018868
8318,Marshallese Exclusive Economic Zone,RCP45_2050,251,1,12,1,263,252,4.562737642585551,0.38022813688212925,-11,0.974757281553398
8318,Marshallese Exclusive Economic Zone,RCP45_2100,250,1,13,1,263,251,4.942965779467681,0.38022813688212925,-12,0.9727626459143969
8318,Marshallese Exclusive Economic Zone,RCP85_2050,250,1,13,1,263,251,4.942965779467681,0.38022813688212925,-12,0.9727626459143969
8318,Marshallese Exclusive Economic Zone,RCP85_2100,249,1,14,1,263,250,5.32319391634981,0.38022813688212925,-13,0.9707602339181286
8322,Philippine Exclusive Economic Zone,RCP45_2050,525,3,9,8,534,528,1.6853932584269662,0.5617977528089888,-6,0.9887005649717514
8322,Philippine Exclusive Economic Zone,RCP45_2100,516,4,18,7,534,520,3.3707865168539324,0.7490636704119851,-14,0.9791271347248577
8322,Philippine Exclusive Economic Zone,RCP85_2050,517,4,17,7,534,521,3.183520599250936,0.7490636704119851,-13,0.9800947867298578
8322,Philippine Exclusive Economic Zone,RCP85_2100,504,4,30,7,534,508,5.617977528089888,0.7490636704119851,-26,0.9673704414587332
8323,Australian Exclusive Economic Zone,RCP45_2050,517,0,0,1,517,517,0,0,0,1
8323,Australian Exclusive Economic Zone,RCP45_2100,517,0,0,1,517,517,0,0,0,1
8323,Australian Exclusive Economic Zone,RCP85_2050,516,0,1,1,517,516,0.19342359767891681,0,-1,0.9990319457889641
8323,Australian Exclusive Economic Zone,RCP85_2100,512,0,5,1,517,512,0.9671179883945842,0,-5,0.9951409135082604
8324,Papua New Guinean Exclusive Economic Zone,RCP45_2050,403,0,11,4,414,403,2.657004830917874,0,-11,0.9865361077111383
8324,Papua New Guinean Exclusive Economic Zone,RCP45_2100,395,0,19,4,414,395,4.5893719806763285,0,-19,0.9765142150803461
8324,Papua New Guinean Exclusive Economic Zone,RCP85_2050,399,1,15,3,414,400,3.6231884057971016,0.24154589371980675,-14,0.9803439803439803
8324,Papua New Guinean Exclusive Economic Zone,RCP85_2100,388,1,26,3,414,389,6.280193236714976,0.24154589371980675,-25,0.9663760896637609
8325,Fijian Exclusive Economic Zone,RCP45_2050,299,2,5,0,304,301,1.644736842105263,0.6578947368421053,-3,0.9884297520661157
8325,Fijian Exclusive Economic Zone,RCP45_2100,292,1,12,1,304,293,3.9473684210526314,0.32894736842105265,-11,0.9782244556113903
8325,Fijian Exclusive Economic Zone,RCP85_2050,293,1,11,1,304,294,3.6184210526315788,0.32894736842105265,-10,0.979933110367893
8325,Fijian Exclusive Economic Zone,RCP85_2100,286,1,18,1,304,287,5.921052631578948,0.32894736842105265,-17,0.9678510998307953
8326,Tuvaluan Exclusive Economic Zone,RCP45_2050,248,0,6,6,254,248,2.3622047244094486,0,-6,0.9880478087649402
8326,Tuvaluan Exclusive Economic Zone,RCP45_2100,248,2,6,4,254,250,2.3622047244094486,0.7874015748031497,-4,0.9841269841269841
8326,Tuvaluan Exclusive Economic Zone,RCP85_2050,248,1,6,5,254,249,2.3622047244094486,0.3937007874015748,-5,0.9860834990059643
8326,Tuvaluan Exclusive Economic Zone,RCP85_2100,248,2,6,4,254,250,2.3622047244094486,0.7874015748031497,-4,0.9841269841269841
8327,South Korean Exclusive Economic Zone,RCP45_2050,390,14,13,23,403,404,3.225806451612903,3.4739454094292803,1,0.966542750929368
8327,South Korean Exclusive Economic Zone,RCP45_2100,384,19,19,18,403,403,4.714640198511166,4.714640198511166,0,0.9528535980148883
8327,South Korean Exclusive Economic Zone,RCP85_2050,387,17,16,20,403,404,3.970223325062035,4.218362282878412,1,0.9591078066914498
8327,South Korean Exclusive Economic Zone,RCP85_2100,387,29,16,8,403,416,3.970223325062035,7.196029776674938,13,0.945054945054945
8328,North Korean Exclusive Economic Zone,RCP45_2050,191,37,1,91,192,228,0.5208333333333334,19.270833333333332,36,0.9095238095238095
8328,North Korean Exclusive Economic Zone,RCP45_2100,189,44,3,84,192,233,1.5625,22.916666666666668,41,0.8894117647058823
8328,North Korean Exclusive Economic Zone,RCP85_2050,190,46,2,82,192,236,1.0416666666666667,23.958333333333332,44,0.8878504672897196
8328,North Korean Exclusive Economic Zone,RCP85_2100,185,84,7,44,192,269,3.6458333333333335,43.75,77,0.8026030368763557
8331,Cambodian Exclusive Economic Zone,RCP45_2050,347,7,35,13,382,354,9.162303664921465,1.8324607329842932,-28,0.9429347826086957
8331,Cambodian Exclusive Economic Zone,RCP45_2100,336,6,46,14,382,342,12.041884816753926,1.5706806282722514,-40,0.9281767955801105
8331,Cambodian Exclusive Economic Zone,RCP85_2050,347,3,35,17,382,350,9.162303664921465,0.7853403141361257,-32,0.9480874316939891
8331,Cambodian Exclusive Economic Zone,RCP85_2100,323,5,59,15,382,328,15.44502617801047,1.3089005235602094,-54,0.9098591549295775
8332,Thailand Exclusive Economic Zone,RCP45_2050,425,1,17,2,442,426,3.8461538461538463,0.22624434389140272,-16,0.9792626728110599
8332,Thailand Exclusive Economic Zone,RCP45_2100,417,1,25,2,442,418,5.656108597285068,0.22624434389140272,-24,0.9697674418604652
8332,Thailand Exclusive Economic Zone,RCP85_2050,422,1,20,2,442,423,4.524886877828054,0.22624434389140272,-19,0.9757225433526011
8332,Thailand Exclusive Economic Zone,RCP85_2100,413,2,29,1,442,415,6.5610859728506785,0.45248868778280543,-27,0.9638273045507585
8333,Indian Exclusive Economic Zone (Andaman and Nicobar Islands),RCP45_2050,394,0,22,5,416,394,5.288461538461538,0,-22,0.9728395061728395
8333,Indian Exclusive Economic Zone (Andaman and Nicobar Islands),RCP45_2100,393,0,23,5,416,393,5.528846153846154,0,-23,0.9715698393077874
8333,Indian Exclusive Economic Zone (Andaman and Nicobar Islands),RCP85_2050,394,0,22,5,416,394,5.288461538461538,0,-22,0.9728395061728395
8333,Indian Exclusive Economic Zone (Andaman and Nicobar Islands),RCP85_2100,388,1,28,4,416,389,6.730769230769231,0.2403846153846154,-27,0.9639751552795031
8334,Comoran Exclusive Economic Zone,RCP45_2050,256,0,13,4,269,256,4.83271375464684,0,-13,0.9752380952380952
8334,Comoran Exclusive Economic Zone,RCP45_2100,250,0,19,4,269,250,7.063197026022305,0,-19,0.9633911368015414
8334,Comoran Exclusive Economic Zone,RCP85_2050,252,0,17,4,269,252,6.319702602230484,0,-17,0.9673704414587332
8334,Comoran Exclusive Economic Zone,RCP85_2100,246,2,23,2,269,248,8.550185873605948,0.7434944237918215,-21,0.9516441005802708
8337,Seychellois Exclusive Economic Zone,RCP45_2050,271,2,13,4,284,273,4.577464788732394,0.704225352112676,-11,0.9730700179533214
8337,Seychellois Exclusive Economic Zone,RCP45_2100,261,0,23,6,284,261,8.098591549295774,0,-23,0.9577981651376147
8337,Seychellois Exclusive Economic Zone,RCP85_2050,265,1,19,5,284,266,6.690140845070423,0.352112676056338,-18,0.9636363636363636
8337,Seychellois Exclusive Economic Zone,RCP85_2100,260,0,24,6,284,260,8.450704225352112,0,-24,0.9558823529411765
8338,French Exclusive Economic Zone (Réunion),RCP45_2050,237,5,7,12,244,242,2.8688524590163933,2.0491803278688523,-2,0.9753086419753086
8338,French Exclusive Economic Zone (Réunion),RCP45_2100,232,4,12,13,244,236,4.918032786885246,1.639344262295082,-8,0.9666666666666667
8338,French Exclusive Economic Zone (Réunion),RCP85_2050,234,5,10,12,244,239,4.098360655737705,2.0491803278688523,-5,0.968944099378882
8338,French Exclusive Economic Zone (Réunion),RCP85_2100,228,5,16,12,244,233,6.557377049180328,2.0491803278688523,-11,0.9559748427672956
8339,French Exclusive Economic Zone (Juan de Nova Island),RCP45_2050,258,2,15,3,273,260,5.4945054945054945,0.7326007326007326,-13,0.9681050656660413
8339,French Exclusive Economic Zone (Juan de Nova Island),RCP45_2100,251,1,22,4,273,252,8.058608058608058,0.3663003663003663,-21,0.9561904761904761
8339,French Exclusive Economic Zone (Juan de Nova Island),RCP85_2050,254,1,19,4,273,255,6.95970695970696,0.3663003663003663,-18,0.9621212121212122
8339,French Exclusive Economic Zone (Juan de Nova Island),RCP85_2100,245,2,28,3,273,247,10.256410256410257,0.7326007326007326,-26,0.9423076923076923
8340,French Exclusive Economic Zone (Bassas da India),RCP45_2050,199,6,40,45,239,205,16.736401673640167,2.510460251046025,-34,0.8963963963963963
8340,French Exclusive Economic Zone (Bassas da India),RCP45_2100,195,4,44,47,239,199,18.410041841004183,1.6736401673640167,-40,0.8904109589041096
8340,French Exclusive Economic Zone (Bassas da India),RCP85_2050,200,8,39,43,239,208,16.317991631799163,3.3472803347280333,-31,0.8948545861297539
8340,French Exclusive Economic Zone (Bassas da India),RCP85_2100,187,5,52,46,239,192,21.757322175732217,2.092050209205021,-47,0.8677494199535963
8341,French Exclusive Economic Zone (Europa Island),RCP45_2050,91,3,10,183,101,94,9.900990099009901,2.9702970297029703,-7,0.9333333333333333
8341,French Exclusive Economic Zone (Europa Island),RCP45_2100,86,5,15,181,101,91,14.851485148514852,4.9504950495049505,-10,0.8958333333333334
8341,French Exclusive Economic Zone (Europa Island),RCP85_2050,88,4,13,182,101,92,12.871287128712872,3.9603960396039604,-9,0.9119170984455959
8341,French Exclusive Economic Zone (Europa Island),RCP85_2100,76,3,25,183,101,79,24.752475247524753,2.9702970297029703,-22,0.8444444444444444
8343,Mauritian Exclusive Economic Zone,RCP45_2050,258,1,9,3,267,259,3.3707865168539324,0.37453183520599254,-8,0.9809885931558935
8343,Mauritian Exclusive Economic Zone,RCP45_2100,254,1,13,3,267,255,4.868913857677903,0.37453183520599254,-12,0.9731800766283525
8343,Mauritian Exclusive Economic Zone,RCP85_2050,255,1,12,3,267,256,4.49438202247191,0.37453183520599254,-11,0.9751434034416826
8343,Mauritian Exclusive Economic Zone,RCP85_2100,246,1,21,3,267,247,7.865168539325842,0.37453183520599254,-20,0.9571984435797666
8345,Maldivian Exclusive Economic Zone,RCP45_2050,296,2,18,3,314,298,5.732484076433121,0.6369426751592356,-16,0.9673202614379085
8345,Maldivian Exclusive Economic Zone,RCP45_2100,295,3,19,2,314,298,6.050955414012739,0.9554140127388535,-16,0.9640522875816994
8345,Maldivian Exclusive Economic Zone,RCP85_2050,297,2,17,3,314,299,5.414012738853503,0.6369426751592356,-15,0.9690048939641109
8345,Maldivian Exclusive Economic Zone,RCP85_2100,294,3,20,2,314,297,6.369426751592357,0.9554140127388535,-17,0.9623567921440261
8346,Sri Lankan Exclusive Economic Zone,RCP45_2050,317,3,23,4,340,320,6.764705882352941,0.8823529411764706,-20,0.9606060606060606
8346,Sri Lankan Exclusive Economic Zone,RCP45_2100,311,3,29,4,340,314,8.529411764705882,0.8823529411764706,-26,0.9510703363914373
8346,Sri Lankan Exclusive Economic Zone,RCP85_2050,315,3,25,4,340,318,7.352941176470588,0.8823529411764706,-22,0.9574468085106383
8346,Sri Lankan Exclusive Economic Zone,RCP85_2100,309,3,31,4,340,312,9.117647058823529,0.8823529411764706,-28,0.9478527607361963
8347,Mozambican Exclusive Economic Zone,RCP45_2050,328,0,5,1,333,328,1.5015015015015014,0,-5,0.9924357034795764
8347,Mozambican Exclusive Economic Zone,RCP45_2100,325,0,8,1,333,325,2.4024024024024024,0,-8,0.9878419452887538
8347,Mozambican Exclusive Economic Zone,RCP85_2050,327,0,6,1,333,327,1.8018018018018018,0,-6,0.990909090909091
8347,Mozambican Exclusive Economic Zone,RCP85_2100,322,0,11,1,333,322,3.3033033033033035,0,-11,0.983206106870229
8348,Madagascan Exclusive Economic Zone,RCP45_2050,305,0,6,1,311,305,1.9292604501607717,0,-6,0.9902597402597403
8348,Madagascan Exclusive Economic Zone,RCP45_2100,300,0,11,1,311,300,3.536977491961415,0,-11,0.9819967266775778
8348,Madagascan Exclusive Economic Zone,RCP85_2050,301,0,10,1,311,301,3.215434083601286,0,-10,0.9836601307189542
8348,Madagascan Exclusive Economic Zone,RCP85_2100,296,0,15,1,311,296,4.823151125401929,0,-15,0.9752883031301482
8349,Kenyan Exclusive Economic Zone,RCP45_2050,257,1,10,3,267,258,3.745318352059925,0.37453183520599254,-9,0.97904761904761906
8349,Kenyan Exclusive Economic Zone,RCP45_2100,254,0,13,4,267,254,4.868913857677903,0,-13,0.9750479846449136
8349,Kenyan Exclusive Economic Zone,RCP85_2050,254,1,13,3,267,255,4.868913857677903,0.37453183520599254,-12,0.9731800766283525
8349,Kenyan Exclusive Economic Zone,RCP85_2100,244,0,23,4,267,244,8.614232209737828,0,-23,0.9549902152641878
8350,Somali Exclusive Economic Zone,RCP45_2050,312,0,5,2,317,312,1.5772870662460567,0,-5,0.9920508744038156
8350,Somali Exclusive Economic Zone,RCP45_2100,310,1,7,1,317,311,2.2082018927444795,0.31545741324921134,-6,0.9872611464968153
8350,Somali Exclusive Economic Zone,RCP85_2050,310,1,7,1,317,311,2.2082018927444795,0.31545741324921134,-6,0.9872611464968153
8350,Somali Exclusive Economic Zone,RCP85_2100,300,1,17,1,317,301,5.3627760252365935,0.31545741324921134,-16,0.970873786407767
8351,Eritrean Exclusive Economic Zone,RCP45_2050,236,0,11,3,247,236,4.4534412955465585,0,-11,0.9772256728778468
8351,Eritrean Exclusive Economic Zone,RCP45_2100,235,0,12,3,247,235,4.8582995951417,0,-12,0.975103734439834
8351,Eritrean Exclusive Economic Zone,RCP85_2050,235,0,12,3,247,235,4.8582995951417,0,-12,0.975103734439834
8351,Eritrean Exclusive Economic Zone,RCP85_2100,234,0,13,3,247,234,5.2631578947368425,0,-13,0.972972972972973
8352,Djiboutian Exclusive Economic Zone,RCP45_2050,243,1,11,5,254,244,4.330708661417323,0.3937007874015748,-10,0.9759036144578314
8352,Djiboutian Exclusive Economic Zone,RCP45_2100,242,2,12,4,254,244,4.724409448818897,0.7874015748031497,-10,0.9718875502008032
8352,Djiboutian Exclusive Economic Zone,RCP85_2050,241,2,13,4,254,243,5.118110236220472,0.7874015748031497,-11,0.9698189134808853
8352,Djiboutian Exclusive Economic Zone,RCP85_2100,241,2,13,4,254,243,5.118110236220472,0.7874015748031497,-11,0.9698189134808853
8353,Yemeni Exclusive Economic Zone,RCP45_2050,293,0,5,1,298,293,1.6778523489932886,0,-5,0.9915397631133672
8353,Yemeni Exclusive Economic Zone,RCP45_2100,288,0,10,1,298,288,3.3557046979865772,0,-10,0.9829351535836177
8353,Yemeni Exclusive Economic Zone,RCP85_2050,289,0,9,1,298,289,3.0201342281879193,0,-9,0.9846678023850085
8353,Yemeni Exclusive Economic Zone,RCP85_2100,278,0,20,1,298,278,6.7114093959731544,0,-20,0.9652777777777778
8354,Omani Exclusive Economic Zone,RCP45_2050,273,0,2,2,275,273,0.7272727272727273,0,-2,0.9963503649635036
8354,Omani Exclusive Economic Zone,RCP45_2100,270,1,5,1,275,271,1.8181818181818181,0.36363636363636365,-4,0.989010989010989
8354,Omani Exclusive Economic Zone,RCP85_2050,271,1,4,1,275,272,1.4545454545454546,0.36363636363636365,-3,0.9908592321755028
8354,Omani Exclusive Economic Zone,RCP85_2100,259,1,16,1,275,260,5.818181818181818,0.36363636363636365,-15,0.9682242990654205
8355,Sudanese Exclusive Economic Zone,RCP45_2050,220,1,8,8,228,221,3.508771929824561,0.43859649122807015,-7,0.9799554565701559
8355,Sudanese Exclusive Economic Zone,RCP45_2100,220,0,8,9,228,220,3.508771929824561,0,-8,0.9821428571428571
8355,Sudanese Exclusive Economic Zone,RCP85_2050,220,0,8,9,228,220,3.508771929824561,0,-8,0.9821428571428571
8355,Sudanese Exclusive Economic Zone,RCP85_2100,215,1,13,8,228,216,5.701754385964913,0.43859649122807015,-12,0.9684684684684685
8356,Saudi Arabian Exclusive Economic Zone,RCP45_2050,278,1,13,3,291,279,4.4673539518900345,0.3436426116838488,-12,0.9754385964912281
8356,Saudi Arabian Exclusive Economic Zone,RCP45_2100,275,1,16,3,291,276,5.498281786941581,0.3436426116838488,-15,0.9700176366843033
8356,Saudi Arabian Exclusive Economic Zone,RCP85_2050,276,1,15,3,291,277,5.154639175257732,0.3436426116838488,-14,0.971830985915493
8356,Saudi Arabian Exclusive Economic Zone,RCP85_2100,263,0,28,4,291,263,9.621993127147766,0,-28,0.9494584837545126
8357,Kuwaiti Exclusive Economic Zone,RCP45_2050,147,1,3,1,150,148,2,0.6666666666666666,-2,0.9865771812080537
8357,Kuwaiti Exclusive Economic Zone,RCP45_2100,146,1,4,1,150,147,2.6666666666666665,0.6666666666666666,-3,0.9831649831649831
8357,Kuwaiti Exclusive Economic Zone,RCP85_2050,146,1,4,1,150,147,2.6666666666666665,0.6666666666666666,-3,0.9831649831649831
8357,Kuwaiti Exclusive Economic Zone,RCP85_2100,140,0,10,2,150,140,6.666666666666667,0,-10,0.9655172413793104
8358,Bahraini Exclusive Economic Zone,RCP45_2050,179,3,7,4,186,182,3.763440860215054,1.6129032258064515,-4,0.9728260869565217
8358,Bahraini Exclusive Economic Zone,RCP45_2100,176,1,10,6,186,177,5.376344086021505,0.5376344086021505,-9,0.9696969696969697
8358,Bahraini Exclusive Economic Zone,RCP85_2050,177,2,9,5,186,179,4.838709677419355,1.075268817204301,-7,0.9698630136986301
8358,Bahraini Exclusive Economic Zone,RCP85_2100,158,0,28,7,186,158,15.053763440860216,0,-28,0.9186046511627907
8359,Pakistani Exclusive Economic Zone,RCP45_2050,224,0,6,6,230,224,2.608695652173913,0,-6,0.986784140969163
8359,Pakistani Exclusive Economic Zone,RCP45_2100,214,1,16,5,230,215,6.956521739130435,0.43478260869565216,-15,0.9617977528089887
8359,Pakistani Exclusive Economic Zone,RCP85_2050,220,0,10,6,230,220,4.3478260869565215,0,-10,0.9777777777777777
8359,Pakistani Exclusive Economic Zone,RCP85_2100,205,1,25,5,230,206,10.869565217391305,0.43478260869565216,-24,0.9403669724770642
8360,Emirati Exclusive Economic Zone,RCP45_2050,209,0,6,14,215,209,2.7906976744186047,0,-6,0.9858490566037735
8360,Emirati Exclusive Economic Zone,RCP45_2100,205,0,10,14,215,205,4.651162790697675,0,-10,0.9761904761904762
8360,Emirati Exclusive Economic Zone,RCP85_2050,205,0,10,14,215,205,4.651162790697675,0,-10,0.9761904761904762
8360,Emirati Exclusive Economic Zone,RCP85_2100,198,1,17,13,215,199,7.906976744186046,0.46511627906976744,-16,0.9565217391304348
8361,Portuguese Exclusive Economic Zone (Azores),RCP45_2050,86,4,6,5,92,90,6.521739130434782,4.3478260869565215,-2,0.945054945054945
8361,Portuguese Exclusive Economic Zone (Azores),RCP45_2100,81,3,11,6,92,84,11.956521739130435,3.260869565217391,-8,0.9204545454545454
8361,Portuguese Exclusive Economic Zone (Azores),RCP85_2050,83,4,9,5,92,87,9.782608695652174,4.3478260869565215,-5,0.9273743016759777
8361,Portuguese Exclusive Economic Zone (Azores),RCP85_2100,79,4,13,5,92,83,14.130434782608695,4.3478260869565215,-9,0.9028571428571428
8362,Cape Verdean Exclusive Economic Zone,RCP45_2050,139,0,10,2,149,139,6.7114093959731544,0,-10,0.9652777777777778
8362,Cape Verdean Exclusive Economic Zone,RCP45_2100,134,0,15,2,149,134,10.06711409395973,0,-15,0.9469964664310954
8362,Cape Verdean Exclusive Economic Zone,RCP85_2050,138,0,11,2,149,138,7.382550335570469,0,-11,0.9616724738675958
8362,Cape Verdean Exclusive Economic Zone,RCP85_2100,127,0,22,2,149,127,14.765100671140939,0,-22,0.9202898550724637
8363,Portuguese Exclusive Economic Zone (Madeira),RCP45_2050,102,2,10,21,112,104,8.928571428571429,1.7857142857142858,-8,0.9444444444444444
8363,Portuguese Exclusive Economic Zone (Madeira),RCP45_2100,103,1,9,22,112,104,8.035714285714286,0.8928571428571429,-8,0.9537037037037037
8363,Portuguese Exclusive Economic Zone (Madeira),RCP85_2050,104,1,8,22,112,105,7.142857142857143,0.8928571428571429,-7,0.9585253456221198
8363,Portuguese Exclusive Economic Zone (Madeira),RCP85_2100,102,4,10,19,112,106,8.928571428571429,3.5714285714285716,-6,0.9357798165137615
8364,Spanish Exclusive Economic Zone (Canary Islands),RCP45_2050,147,5,11,12,158,152,6.962025316455696,3.1645569620253164,-6,0.9483870967741935
8364,Spanish Exclusive Economic Zone (Canary Islands),RCP45_2100,141,6,17,11,158,147,10.759493670886076,3.7974683544303796,-11,0.9245901639344263
8364,Spanish Exclusive Economic Zone (Canary Islands),RCP85_2050,148,7,10,10,158,155,6.329113924050633,4.430379746835443,-3,0.9456869009584664
8364,Spanish Exclusive Economic Zone (Canary Islands),RCP85_2100,137,9,21,8,158,146,13.291139240506329,5.69620253164557,-12,0.9013157894736842
8366,Tunisian Exclusive Economic Zone,RCP45_2050,89,2,4,3,93,91,4.301075268817204,2.150537634408602,-2,0.967391304347826
8366,Tunisian Exclusive Economic Zone,RCP45_2100,85,3,8,2,93,88,8.602150537634408,3.225806451612903,-5,0.9392265193370166
8366,Tunisian Exclusive Economic Zone,RCP85_2050,87,3,6,2,93,90,6.451612903225806,3.225806451612903,-3,0.9508196721311475
8366,Tunisian Exclusive Economic Zone,RCP85_2100,84,4,9,1,93,88,9.67741935483871,4.301075268817204,-5,0.9281767955801105
8367,Moroccan Exclusive Economic Zone,RCP45_2050,167,1,2,1,169,168,1.183431952662722,0.591715976331361,-1,0.9910979228486647
8367,Moroccan Exclusive Economic Zone,RCP45_2100,163,1,6,1,169,164,3.5502958579881656,0.591715976331361,-5,0.978978978978979
8367,Moroccan Exclusive Economic Zone,RCP85_2050,165,1,4,1,169,166,2.366863905325444,0.591715976331361,-3,0.9850746268656716
8367,Moroccan Exclusive Economic Zone,RCP85_2100,156,2,13,0,169,158,7.6923076923076925,1.183431952662722,-11,0.9541284403669725
8369,Mauritanian Exclusive Economic Zone,RCP45_2050,161,0,2,0,163,161,1.2269938650306749,0,-2,0.9938271604938271
8369,Mauritanian Exclusive Economic Zone,RCP45_2100,156,0,7,0,163,156,4.294478527607362,0,-7,0.9780564263322884
8369,Mauritanian Exclusive Economic Zone,RCP85_2050,157,0,6,0,163,157,3.6809815950920246,0,-6,0.98125
8369,Mauritanian Exclusive Economic Zone,RCP85_2100,151,0,12,0,163,151,7.361963190184049,0,-12,0.9617834394904459
8370,Gambian Exclusive Economic Zone,RCP45_2050,141,1,6,3,147,142,4.081632653061225,0.6802721088435374,-5,0.9757785467128027
8370,Gambian Exclusive Economic Zone,RCP45_2100,136,1,11,3,147,137,7.482993197278912,0.6802721088435374,-10,0.9577464788732394
8370,Gambian Exclusive Economic Zone,RCP85_2050,139,1,8,3,147,140,5.442176870748299,0.6802721088435374,-7,0.9686411149825784
8370,Gambian Exclusive Economic Zone,RCP85_2100,133,1,14,3,147,134,9.523809523809524,0.6802721088435374,-13,0.9466192170818505
8371,Senegalese Exclusive Economic Zone,RCP45_2050,150,0,4,0,154,150,2.5974025974025974,0,-4,0.9868421052631579
8371,Senegalese Exclusive Economic Zone,RCP45_2100,144,0,10,0,154,144,6.4935064935064934,0,-10,0.9664429530201343
8371,Senegalese Exclusive Economic Zone,RCP85_2050,148,0,6,0,154,148,3.896103896103896,0,-6,0.9801324503311258
8371,Senegalese Exclusive Economic Zone,RCP85_2100,140,0,14,0,154,140,9.090909090909092,0,-14,0.9523809523809523
8372,Libyan Exclusive Economic Zone,RCP45_2050,93,0,3,7,96,93,3.125,0,-3,0.9841269841269841
8372,Libyan Exclusive Economic Zone,RCP45_2100,91,1,5,6,96,92,5.208333333333333,1.0416666666666667,-4,0.9680851063829787
8372,Libyan Exclusive Economic Zone,RCP85_2050,91,1,5,6,96,92,5.208333333333333,1.0416666666666667,-4,0.9680851063829787
8372,Libyan Exclusive Economic Zone,RCP85_2100,85,3,11,4,96,88,11.458333333333334,3.125,-8,0.9239130434782609
8373,Syrian Exclusive Economic Zone,RCP45_2050,68,0,6,7,74,68,8.108108108108109,0,-6,0.9577464788732394
8373,Syrian Exclusive Economic Zone,RCP45_2100,65,0,9,7,74,65,12.162162162162161,0,-9,0.935251798561151
8373,Syrian Exclusive Economic Zone,RCP85_2050,67,0,7,7,74,67,9.45945945945946,0,-7,0.950354609929078
8373,Syrian Exclusive Economic Zone,RCP85_2100,63,0,11,7,74,63,14.864864864864865,0,-11,0.9197080291970803
8374,Lebanese Exclusive Economic Zone,RCP45_2050,66,1,8,7,74,67,10.81081081081081,1.3513513513513513,-7,0.9361702127659575
8374,Lebanese Exclusive Economic Zone,RCP45_2100,64,1,10,7,74,65,13.513513513513514,1.3513513513513513,-9,0.920863309352518
8374,Lebanese Exclusive Economic Zone,RCP85_2050,66,0,8,8,74,66,10.81081081081081,0,-8,0.9428571428571428
8374,Lebanese Exclusive Economic Zone,RCP85_2100,62,1,12,7,74,63,16.216216216216218,1.3513513513513513,-11,0.9051094890510949
8375,Israeli Exclusive Economic Zone,RCP45_2050,69,1,8,7,77,70,10.38961038961039,1.2987012987012987,-7,0.9387755102040817
8375,Israeli Exclusive Economic Zone,RCP45_2100,66,2,11,6,77,68,14.285714285714286,2.5974025974025974,-9,0.9103448275862069
8375,Israeli Exclusive Economic Zone,RCP85_2050,68,2,9,6,77,70,11.688311688311689,2.5974025974025974,-7,0.9251700680272109
8375,Israeli Exclusive Economic Zone,RCP85_2100,63,2,14,6,77,65,18.181818181818183,2.5974025974025974,-12,0.8873239436619719
8376,Cypriote Exclusive Economic Zone,RCP45_2050,69,2,5,1,74,71,6.756756756756757,2.7027027027027026,-3,0.9517241379310345
8376,Cypriote Exclusive Economic Zone,RCP45_2100,67,2,7,1,74,69,9.45945945945946,2.7027027027027026,-5,0.9370629370629371
8376,Cypriote Exclusive Economic Zone,RCP85_2050,67,2,7,1,74,69,9.45945945945946,2.7027027027027026,-5,0.9370629370629371
8376,Cypriote Exclusive Economic Zone,RCP85_2100,64,3,10,0,74,67,13.513513513513514,4.054054054054054,-7,0.9078014184397163
8378,Algerian Exclusive Economic Zone,RCP45_2050,99,1,5,2,104,100,4.8076923076923075,0.9615384615384616,-4,0.9705882352941176
8378,Algerian Exclusive Economic Zone,RCP45_2100,97,0,7,3,104,97,6.730769230769231,0,-7,0.9651741293532339
8378,Algerian Exclusive Economic Zone,RCP85_2050,98,0,6,3,104,98,5.769230769230769,0,-6,0.9702970297029703
8378,Algerian Exclusive Economic Zone,RCP85_2100,95,1,9,2,104,96,8.653846153846153,0.9615384615384616,-8,0.95
8379,British Exclusive Economic Zone (Ascension),RCP45_2050,25,3,6,8,31,28,19.35483870967742,9.67741935483871,-3,0.847457627118644
8379,British Exclusive Economic Zone (Ascension),RCP45_2100,24,3,7,8,31,27,22.580645161290324,9.67741935483871,-4,0.8275862068965517
8379,British Exclusive Economic Zone (Ascension),RCP85_2050,24,2,7,9,31,26,22.580645161290324,6.451612903225806,-5,0.8421052631578947
8379,British Exclusive Economic Zone (Ascension),RCP85_2100,17,5,14,6,31,22,45.16129032258065,16.129032258064516,-9,0.6415094339622641
8380,British Exclusive Economic Zone (Saint Helena),RCP45_2050,25,1,2,1,27,26,7.407407407407407,3.7037037037037037,-1,0.9433962264150944
8380,British Exclusive Economic Zone (Saint Helena),RCP45_2100,19,1,8,1,27,20,29.62962962962963,3.7037037037037037,-7,0.8085106382978723
8380,British Exclusive Economic Zone (Saint Helena),RCP85_2050,21,1,6,1,27,22,22.22222222222222,3.7037037037037037,-5,0.8571428571428571
8380,British Exclusive Economic Zone (Saint Helena),RCP85_2100,17,1,10,1,27,18,37.03703703703704,3.7037037037037037,-9,0.7555555555555555
8381,Brazilian Exclusive Economic Zone (Trindade),RCP45_2050,54,6,4,37,58,60,6.896551724137931,10.344827586206897,2,0.9152542372881356
8381,Brazilian Exclusive Economic Zone (Trindade),RCP45_2100,54,6,4,37,58,60,6.896551724137931,10.344827586206897,2,0.9152542372881356
8381,Brazilian Exclusive Economic Zone (Trindade),RCP85_2050,54,5,4,38,58,59,6.896551724137931,8.620689655172415,1,0.9230769230769231
8381,Brazilian Exclusive Economic Zone (Trindade),RCP85_2100,48,7,10,36,58,55,17.24137931034483,12.068965517241379,-3,0.8495575221238938
8382,British Exclusive Economic Zone (Tristan da Cunha),RCP45_2050,30,1,0,2,30,31,0,3.3333333333333335,1,0.9836065573770492
8382,British Exclusive Economic Zone (Tristan da Cunha),RCP45_2100,28,2,2,1,30,30,6.666666666666667,6.666666666666667,0,0.9333333333333333
8382,British Exclusive Economic Zone (Tristan da Cunha),RCP85_2050,28,1,2,2,30,29,6.666666666666667,3.3333333333333335,-1,0.9491525423728814
8382,British Exclusive Economic Zone (Tristan da Cunha),RCP85_2100,26,2,4,1,30,28,13.333333333333334,6.666666666666667,-2,0.896551724137931
8384,South African Exclusive Economic Zone (Prince Edward Islands),RCP45_2050,20,2,2,4,22,22,9.090909090909092,9.090909090909092,0,0.9090909090909091
8384,South African Exclusive Economic Zone (Prince Edward Islands),RCP45_2100,21,4,1,2,22,25,4.545454545454546,18.181818181818183,3,0.8936170212765957
8384,South African Exclusive Economic Zone (Prince Edward Islands),RCP85_2050,21,2,1,4,22,23,4.545454545454546,9.090909090909092,1,0.9333333333333333
8384,South African Exclusive Economic Zone (Prince Edward Islands),RCP85_2100,22,6,0,0,22,28,0,27.272727272727273,6,0.88
8385,French Exclusive Economic Zone (Crozet Islands),RCP45_2050,16,4,2,4,18,20,11.11111111111111,22.22222222222222,2,0.8421052631578947
8385,French Exclusive Economic Zone (Crozet Islands),RCP45_2100,17,5,1,3,18,22,5.555555555555555,27.77777777777778,4,0.85
8385,French Exclusive Economic Zone (Crozet Islands),RCP85_2050,17,4,1,4,18,21,5.555555555555555,22.22222222222222,3,0.8717948717948718
8385,French Exclusive Economic Zone (Crozet Islands),RCP85_2100,17,7,1,1,18,24,5.555555555555555,38.888888888888886,6,0.8095238095238095
8386,French Exclusive Economic Zone (Amsterdam and Saint Paul Islands),RCP45_2050,23,2,1,3,24,25,4.166666666666667,8.333333333333334,1,0.9387755102040817
8386,French Exclusive Economic Zone (Amsterdam and Saint Paul Islands),RCP45_2100,22,3,2,2,24,25,8.333333333333334,12.5,1,0.8979591836734694
8386,French Exclusive Economic Zone (Amsterdam and Saint Paul Islands),RCP85_2050,22,1,2,4,24,23,8.333333333333334,4.166666666666667,-1,0.9361702127659575
8386,French Exclusive Economic Zone (Amsterdam and Saint Paul Islands),RCP85_2100,21,4,3,1,24,25,12.5,16.666666666666668,1,0.8571428571428571
8387,French Exclusive Economic Zone (Kerguélen),RCP45_2050,13,1,1,4,14,14,7.142857142857143,7.142857142857143,0,0.9285714285714286
8387,French Exclusive Economic Zone (Kerguélen),RCP45_2100,13,2,1,3,14,15,7.142857142857143,14.285714285714286,1,0.896551724137931
8387,French Exclusive Economic Zone (Kerguélen),RCP85_2050,13,1,1,4,14,14,7.142857142857143,7.142857142857143,0,0.9285714285714286
8387,French Exclusive Economic Zone (Kerguélen),RCP85_2100,13,5,1,0,14,18,7.142857142857143,35.714285714285715,4,0.8125
8388,Australian Exclusive Economic Zone (Heard and McDonald Islands),RCP45_2050,9,0,0,3,9,9,0,0,0,1
8388,Australian Exclusive Economic Zone (Heard and McDonald Islands),RCP45_2100,9,1,0,2,9,10,0,11.11111111111111,1,0.9473684210526315
8388,Australian Exclusive Economic Zone (Heard and McDonald Islands),RCP85_2050,9,0,0,3,9,9,0,0,0,1
8388,Australian Exclusive Economic Zone (Heard and McDonald Islands),RCP85_2100,9,3,0,0,9,12,0,33.333333333333336,3,0.8571428571428571
8390,Sierra Leonean Exclusive Economic Zone,RCP45_2050,128,0,8,1,136,128,5.882352941176471,0,-8,0.9696969696969697
8390,Sierra Leonean Exclusive Economic Zone,RCP45_2100,121,0,15,1,136,121,11.029411764705882,0,-15,0.9416342412451362
8390,Sierra Leonean Exclusive Economic Zone,RCP85_2050,127,0,9,1,136,127,6.617647058823529,0,-9,0.9657794676806084
8390,Sierra Leonean Exclusive Economic Zone,RCP85_2100,117,0,19,1,136,117,13.970588235294118,0,-19,0.924901185770751
8391,Liberian Exclusive Economic Zone,RCP45_2050,122,0,7,1,129,122,5.426356589147287,0,-7,0.9721115537848606
8391,Liberian Exclusive Economic Zone,RCP45_2100,115,0,14,1,129,115,10.852713178294573,0,-14,0.9426229508196722
8391,Liberian Exclusive Economic Zone,RCP85_2050,120,0,9,1,129,120,6.976744186046512,0,-9,0.963855421686747
8391,Liberian Exclusive Economic Zone,RCP85_2100,112,0,17,1,129,112,13.178294573643411,0,-17,0.9294605809128631
8392,Togolese Exclusive Economic Zone,RCP45_2050,112,0,8,3,120,112,6.666666666666667,0,-8,0.9655172413793104
8392,Togolese Exclusive Economic Zone,RCP45_2100,107,1,13,2,120,108,10.833333333333334,0.8333333333333334,-12,0.9385964912280702
8392,Togolese Exclusive Economic Zone,RCP85_2050,111,0,9,3,120,111,7.5,0,-9,0.961038961038961
8392,Togolese Exclusive Economic Zone,RCP85_2100,98,1,22,2,120,99,18.333333333333332,0.8333333333333334,-21,0.8949771689497716
8393,Beninese Exclusive Economic Zone,RCP45_2050,113,0,5,2,118,113,4.237288135593221,0,-5,0.9783549783549783
8393,Beninese Exclusive Economic Zone,RCP45_2100,108,0,10,2,118,108,8.474576271186441,0,-10,0.9557522123893806
8393,Beninese Exclusive Economic Zone,RCP85_2050,111,0,7,2,118,111,5.932203389830509,0,-7,0.9694323144104804
8393,Beninese Exclusive Economic Zone,RCP85_2100,99,0,19,2,118,99,16.10169491525424,0,-19,0.9124423963133641
8394,Congolese (Republic of) Exclusive Economic Zone,RCP45_2050,120,0,5,1,125,120,4,0,-5,0.9795918367346939
8394,Congolese (Republic of) Exclusive Economic Zone,RCP45_2100,120,0,5,1,125,120,4,0,-5,0.9795918367346939
8394,Congolese (Republic of) Exclusive Economic Zone,RCP85_2050,119,0,6,1,125,119,4.8,0,-6,0.9754098360655737
8394,Congolese (Republic of) Exclusive Economic Zone,RCP85_2100,110,0,15,1,125,110,12,0,-15,0.9361702127659575
8395,Namibian Exclusive Economic Zone,RCP45_2050,143,0,2,1,145,143,1.3793103448275863,0,-2,0.9930555555555556
8395,Namibian Exclusive Economic Zone,RCP45_2100,142,0,3,1,145,142,2.0689655172413794,0,-3,0.9895470383275261
8395,Namibian Exclusive Economic Zone,RCP85_2050,144,0,1,1,145,144,0.6896551724137931,0,-1,0.9965397923875432
8395,Namibian Exclusive Economic Zone,RCP85_2100,139,1,6,0,145,140,4.137931034482759,0.6896551724137931,-5,0.9754385964912281
8396,South African Exclusive Economic Zone,RCP45_2050,299,2,4,4,303,301,1.3201320132013201,0.6600660066006601,-2,0.9900662251655629
8396,South African Exclusive Economic Zone,RCP45_2100,299,2,4,4,303,301,1.3201320132013201,0.6600660066006601,-2,0.9900662251655629
8396,South African Exclusive Economic Zone,RCP85_2050,299,2,4,4,303,301,1.3201320132013201,0.6600660066006601,-2,0.9900662251655629
8396,South African Exclusive Economic Zone,RCP85_2100,295,2,8,4,303,297,2.6402640264026402,0.6600660066006601,-6,0.9833333333333333
8397,São Toméan Exclusive Economic Zone,RCP45_2050,112,0,5,0,117,112,4.273504273504273,0,-5,0.9781659388646288
8397,São Toméan Exclusive Economic Zone,RCP45_2100,109,0,8,0,117,109,6.837606837606837,0,-8,0.9646017699115044
8397,São Toméan Exclusive Economic Zone,RCP85_2050,109,0,8,0,117,109,6.837606837606837,0,-8,0.9646017699115044
8397,São Toméan Exclusive Economic Zone,RCP85_2100,98,0,19,0,117,98,16.23931623931624,0,-19,0.9116279069767442
8398,Equatorial Guinean Exclusive Economic Zone,RCP45_2050,117,0,3,0,120,117,2.5,0,-3,0.9873417721518988
8398,Equatorial Guinean Exclusive Economic Zone,RCP45_2100,115,0,5,0,120,115,4.166666666666667,0,-5,0.9787234042553191
8398,Equatorial Guinean Exclusive Economic Zone,RCP85_2050,115,0,5,0,120,115,4.166666666666667,0,-5,0.9787234042553191
8398,Equatorial Guinean Exclusive Economic Zone,RCP85_2100,105,0,15,0,120,105,12.5,0,-15,0.9333333333333333
8400,Ghanaian Exclusive Economic Zone,RCP45_2050,121,0,3,1,124,121,2.4193548387096775,0,-3,0.9877551020408163
8400,Ghanaian Exclusive Economic Zone,RCP45_2100,116,0,8,1,124,116,6.451612903225806,0,-8,0.9666666666666667
8400,Ghanaian Exclusive Economic Zone,RCP85_2050,119,0,5,1,124,119,4.032258064516129,0,-5,0.9794238683127572
8400,Ghanaian Exclusive Economic Zone,RCP85_2100,105,0,19,1,124,105,15.32258064516129,0,-19,0.9170305676855895
8401,French Exclusive Economic Zone (Clipperton Island),RCP45_2050,77,4,16,17,93,81,17.204301075268816,4.301075268817204,-12,0.8850574712643678
8401,French Exclusive Economic Zone (Clipperton Island),RCP45_2100,71,4,22,17,93,75,23.655913978494624,4.301075268817204,-18,0.8452380952380952
8401,French Exclusive Economic Zone (Clipperton Island),RCP85_2050,73,2,20,19,93,75,21.50537634408602,2.150537634408602,-18,0.8690476190476191
8401,French Exclusive Economic Zone (Clipperton Island),RCP85_2100,71,3,22,18,93,74,23.655913978494624,3.225806451612903,-19,0.8502994011976048
8402,British Exclusive Economic Zone (Bermuda),RCP45_2050,95,4,11,8,106,99,10.377358490566039,3.7735849056603774,-7,0.926829268292683
8402,British Exclusive Economic Zone (Bermuda),RCP45_2100,90,4,16,8,106,94,15.09433962264151,3.7735849056603774,-12,0.9
8402,British Exclusive Economic Zone (Bermuda),RCP85_2050,92,4,14,8,106,96,13.20754716981132,3.7735849056603774,-10,0.9108910891089109
8402,British Exclusive Economic Zone (Bermuda),RCP85_2100,84,3,22,9,106,87,20.754716981132077,2.830188679245283,-19,0.8704663212435233
8403,Ecuadorian Exclusive Economic Zone (Galapagos),RCP45_2050,150,1,3,0,153,151,1.9607843137254901,0.6535947712418301,-2,0.9868421052631579
8403,Ecuadorian Exclusive Economic Zone (Galapagos),RCP45_2100,148,1,5,0,153,149,3.2679738562091503,0.6535947712418301,-4,0.9801324503311258
8403,Ecuadorian Exclusive Economic Zone (Galapagos),RCP85_2050,150,1,3,0,153,151,1.9607843137254901,0.6535947712418301,-2,0.9868421052631579
8403,Ecuadorian Exclusive Economic Zone (Galapagos),RCP85_2100,144,1,9,0,153,145,5.882352941176471,0.6535947712418301,-8,0.9664429530201343
8404,Bahamian Exclusive Economic Zone,RCP45_2050,180,2,10,2,190,182,5.2631578947368425,1.0526315789473684,-8,0.967741935483871
8404,Bahamian Exclusive Economic Zone,RCP45_2100,174,2,16,2,190,176,8.421052631578947,1.0526315789473684,-14,0.9508196721311475
8404,Bahamian Exclusive Economic Zone,RCP85_2050,175,2,15,2,190,177,7.894736842105263,1.0526315789473684,-13,0.9536784741144414
8404,Bahamian Exclusive Economic Zone,RCP85_2100,166,3,24,1,190,169,12.631578947368421,1.5789473684210527,-21,0.924791086350975
8405,British Exclusive Economic Zone (Turks and Caicos Islands),RCP45_2050,152,3,12,1,164,155,7.317073170731708,1.829268292682927,-9,0.9529780564263323
8405,British Exclusive Economic Zone (Turks and Caicos Islands),RCP45_2100,146,1,18,3,164,147,10.975609756097562,0.6097560975609756,-17,0.9389067524115756
8405,British Exclusive Economic Zone (Turks and Caicos Islands),RCP85_2050,146,2,18,2,164,148,10.975609756097562,1.2195121951219512,-16,0.9358974358974359
8405,British Exclusive Economic Zone (Turks and Caicos Islands),RCP85_2100,142,2,22,2,164,144,13.414634146341463,1.2195121951219512,-20,0.922077922077922
8406,Cuban Exclusive Economic Zone,RCP45_2050,169,3,15,2,184,172,8.152173913043478,1.6304347826086956,-12,0.949438202247191
8406,Cuban Exclusive Economic Zone,RCP45_2100,163,3,21,2,184,166,11.41304347826087,1.6304347826086956,-18,0.9314285714285714
8406,Cuban Exclusive Economic Zone,RCP85_2050,163,3,21,2,184,166,11.41304347826087,1.6304347826086956,-18,0.9314285714285714
8406,Cuban Exclusive Economic Zone,RCP85_2100,162,2,22,3,184,164,11.956521739130435,1.0869565217391304,-20,0.9310344827586207
8407,British Exclusive Economic Zone (Cayman Islands),RCP45_2050,135,1,14,16,149,136,9.395973154362416,0.6711409395973155,-13,0.9473684210526315
8407,British Exclusive Economic Zone (Cayman Islands),RCP45_2100,129,2,20,15,149,131,13.422818791946309,1.342281879194631,-18,0.9214285714285714
8407,British Exclusive Economic Zone (Cayman Islands),RCP85_2050,134,2,15,15,149,136,10.06711409395973,1.342281879194631,-13,0.9403508771929825
8407,British Exclusive Economic Zone (Cayman Islands),RCP85_2100,129,2,20,15,149,131,13.422818791946309,1.342281879194631,-18,0.9214285714285714
8408,Haitian Exclusive Economic Zone,RCP45_2050,146,0,18,9,164,146,10.975609756097562,0,-18,0.9419354838709677
8408,Haitian Exclusive Economic Zone,RCP45_2100,147,2,17,7,164,149,10.365853658536585,1.2195121951219512,-15,0.939297124600639
8408,Haitian Exclusive Economic Zone,RCP85_2050,146,1,18,8,164,147,10.975609756097562,0.6097560975609756,-17,0.9389067524115756
8408,Haitian Exclusive Economic Zone,RCP85_2100,145,2,19,7,164,147,11.585365853658537,1.2195121951219512,-17,0.932475884244373
8409,Dominican (Republic) Exclusive Economic Zone,RCP45_2050,156,2,13,3,169,158,7.6923076923076925,1.183431952662722,-11,0.9541284403669725
8409,Dominican (Republic) Exclusive Economic Zone,RCP45_2100,149,2,20,3,169,151,11.834319526627219,1.183431952662722,-18,0.93125
8409,Dominican (Republic) Exclusive Economic Zone,RCP85_2050,150,2,19,3,169,152,11.242603550295858,1.183431952662722,-17,0.9345794392523364
8409,Dominican (Republic) Exclusive Economic Zone,RCP85_2100,147,2,22,3,169,149,13.017751479289942,1.183431952662722,-20,0.9245283018867925
8411,British Exclusive Economic Zone (British Virgin Islands),RCP45_2050,145,1,10,2,155,146,6.451612903225806,0.6451612903225806,-9,0.9634551495016611
8411,British Exclusive Economic Zone (British Virgin Islands),RCP45_2100,138,1,17,2,155,139,10.96774193548387,0.6451612903225806,-16,0.9387755102040817
8411,British Exclusive Economic Zone (British Virgin Islands),RCP85_2050,137,1,18,2,155,138,11.612903225806452,0.6451612903225806,-17,0.9351535836177475
8411,British Exclusive Economic Zone (British Virgin Islands),RCP85_2100,133,1,22,2,155,134,14.193548387096774,0.6451612903225806,-21,0.9204152249134948
8412,British Exclusive Economic Zone (Anguilla),RCP45_2050,143,1,9,5,152,144,5.921052631578948,0.6578947368421053,-8,0.9662162162162162
8412,British Exclusive Economic Zone (Anguilla),RCP45_2100,134,1,18,5,152,135,11.842105263157896,0.6578947368421053,-17,0.9337979094076655
8412,British Exclusive Economic Zone (Anguilla),RCP85_2050,135,1,17,5,152,136,11.18421052631579,0.6578947368421053,-16,0.9375
8412,British Exclusive Economic Zone (Anguilla),RCP85_2100,132,1,20,5,152,133,13.157894736842104,0.6578947368421053,-19,0.9263157894736842
8413,Kittitian and Nevisian Exclusive Economic Zone,RCP45_2050,136,0,13,8,149,136,8.724832214765101,0,-13,0.9543859649122807
8413,Kittitian and Nevisian Exclusive Economic Zone,RCP45_2100,130,3,19,5,149,133,12.751677852348994,2.0134228187919465,-16,0.9219858156028369
8413,Kittitian and Nevisian Exclusive Economic Zone,RCP85_2050,133,0,16,8,149,133,10.738255033557047,0,-16,0.9432624113475178
8413,Kittitian and Nevisian Exclusive Economic Zone,RCP85_2100,127,3,22,5,149,130,14.765100671140939,2.0134228187919465,-19,0.910394265232975
8414,Antiguan and Barbudan Exclusive Economic Zone,RCP45_2050,146,0,8,5,154,146,5.194805194805195,0,-8,0.9733333333333334
8414,Antiguan and Barbudan Exclusive Economic Zone,RCP45_2100,138,1,16,4,154,139,10.38961038961039,0.6493506493506493,-15,0.9419795221843004
8414,Antiguan and Barbudan Exclusive Economic Zone,RCP85_2050,141,0,13,5,154,141,8.441558441558442,0,-13,0.9559322033898305
8414,Antiguan and Barbudan Exclusive Economic Zone,RCP85_2100,135,2,19,3,154,137,12.337662337662337,1.2987012987012987,-17,0.9278350515463918
8415,British Exclusive Economic Zone (Montserrat),RCP45_2050,74,4,42,36,116,78,36.206896551724135,3.4482758620689653,-38,0.7628865979381443
8415,British Exclusive Economic Zone (Montserrat),RCP45_2100,81,3,35,37,116,84,30.17241379310345,2.586206896551724,-32,0.81
8415,British Exclusive Economic Zone (Montserrat),RCP85_2050,89,3,27,37,116,92,23.275862068965516,2.586206896551724,-24,0.8557692307692307
8415,British Exclusive Economic Zone (Montserrat),RCP85_2100,76,4,40,36,116,80,34.48275862068966,3.4482758620689653,-36,0.7755102040816326
8416,Saint Lucian Exclusive Economic Zone,RCP45_2050,129,1,16,6,145,130,11.03448275862069,0.6896551724137931,-15,0.9381818181818182
8416,Saint Lucian Exclusive Economic Zone,RCP45_2100,125,0,20,7,145,125,13.793103448275861,0,-20,0.9259259259259259
8416,Saint Lucian Exclusive Economic Zone,RCP85_2050,127,1,18,6,145,128,12.413793103448276,0.6896551724137931,-17,0.9304029304029304
8416,Saint Lucian Exclusive Economic Zone,RCP85_2100,123,2,22,5,145,125,15.172413793103448,1.3793103448275863,-20,0.9111111111111111
8417,Dominican Exclusive Economic Zone,RCP45_2050,128,1,10,14,138,129,7.246376811594203,0.7246376811594203,-9,0.9588014981273408
8417,Dominican Exclusive Economic Zone,RCP45_2100,121,0,17,15,138,121,12.318840579710145,0,-17,0.9343629343629344
8417,Dominican Exclusive Economic Zone,RCP85_2050,124,1,14,14,138,125,10.144927536231885,0.7246376811594203,-13,0.9429657794676806
8417,Dominican Exclusive Economic Zone,RCP85_2100,118,2,20,13,138,120,14.492753623188406,1.4492753623188406,-18,0.9147286821705426
8418,Barbadian Exclusive Economic Zone,RCP45_2050,112,3,23,14,135,115,17.037037037037038,2.2222222222222223,-20,0.896
8418,Barbadian Exclusive Economic Zone,RCP45_2100,112,4,23,13,135,116,17.037037037037038,2.962962962962963,-19,0.8924302788844621
8418,Barbadian Exclusive Economic Zone,RCP85_2050,107,3,28,14,135,110,20.74074074074074,2.2222222222222223,-25,0.8734693877551021
8418,Barbadian Exclusive Economic Zone,RCP85_2100,119,5,16,12,135,124,11.851851851851851,3.7037037037037037,-11,0.918918918918919
8419,Grenadian Exclusive Economic Zone,RCP45_2050,144,0,13,3,157,144,8.280254777070065,0,-13,0.9568106312292359
8419,Grenadian Exclusive Economic Zone,RCP45_2100,137,0,20,3,157,137,12.738853503184714,0,-20,0.9319727891156463
8419,Grenadian Exclusive Economic Zone,RCP85_2050,138,0,19,3,157,138,12.101910828025478,0,-19,0.9355932203389831
8419,Grenadian Exclusive Economic Zone,RCP85_2100,132,0,25,3,157,132,15.92356687898089,0,-25,0.9134948096885813
8420,Trinidadian and Tobagonian Exclusive Economic Zone,RCP45_2050,154,1,7,1,161,155,4.3478260869565215,0.6211180124223602,-6,0.9746835443037974
8420,Trinidadian and Tobagonian Exclusive Economic Zone,RCP45_2100,150,0,11,2,161,150,6.832298136645963,0,-11,0.9646302250803859
8420,Trinidadian and Tobagonian Exclusive Economic Zone,RCP85_2050,152,0,9,2,161,152,5.590062111801243,0,-9,0.9712460063897763
8420,Trinidadian and Tobagonian Exclusive Economic Zone,RCP85_2100,141,0,20,2,161,141,12.422360248447205,0,-20,0.9337748344370861
8421,Saint Vincentian Exclusive Economic Zone,RCP45_2050,137,2,13,3,150,139,8.666666666666666,1.3333333333333333,-11,0.9480968858131488
8421,Saint Vincentian Exclusive Economic Zone,RCP45_2100,131,2,19,3,150,133,12.666666666666666,1.3333333333333333,-17,0.9257950530035336
8421,Saint Vincentian Exclusive Economic Zone,RCP85_2050,135,2,15,3,150,137,10,1.3333333333333333,-13,0.9407665505226481
8421,Saint Vincentian Exclusive Economic Zone,RCP85_2100,131,2,19,3,150,133,12.666666666666666,1.3333333333333333,-17,0.9257950530035336
8423,Panamanian Exclusive Economic Zone,RCP45_2050,257,1,6,5,263,258,2.2813688212927756,0.38022813688212925,-5,0.9865642994241842
8423,Panamanian Exclusive Economic Zone,RCP45_2100,251,2,12,4,263,253,4.562737642585551,0.7604562737642585,-10,0.9728682170542635
8423,Panamanian Exclusive Economic Zone,RCP85_2050,255,1,8,5,263,256,3.041825095057034,0.38022813688212925,-7,0.9826589595375722
8423,Panamanian Exclusive Economic Zone,RCP85_2100,241,2,22,4,263,243,8.365019011406844,0.7604562737642585,-20,0.9525691699604744
8424,Costa Rican Exclusive Economic Zone,RCP45_2050,252,0,8,3,260,252,3.076923076923077,0,-8,0.984375
8424,Costa Rican Exclusive Economic Zone,RCP45_2100,244,0,16,3,260,244,6.153846153846154,0,-16,0.9682539682539683
8424,Costa Rican Exclusive Economic Zone,RCP85_2050,250,0,10,3,260,250,3.8461538461538463,0,-10,0.9803921568627451
8424,Costa Rican Exclusive Economic Zone,RCP85_2100,235,0,25,3,260,235,9.615384615384615,0,-25,0.9494949494949495
8425,Nicaraguan Exclusive Economic Zone,RCP45_2050,257,0,8,3,265,257,3.018867924528302,0,-8,0.9846743295019157
8425,Nicaraguan Exclusive Economic Zone,RCP45_2100,252,0,13,3,265,252,4.90566037735849,0,-13,0.9748549323017408
8425,Nicaraguan Exclusive Economic Zone,RCP85_2050,255,0,10,3,265,255,3.7735849056603774,0,-10,0.9807692307692307
8425,Nicaraguan Exclusive Economic Zone,RCP85_2100,240,0,25,3,265,240,9.433962264150944,0,-25,0.9504950495049505
8426,Colombian Exclusive Economic Zone,RCP45_2050,282,1,7,1,289,283,2.422145328719723,0.3460207612456747,-6,0.986013986013986
8426,Colombian Exclusive Economic Zone,RCP45_2100,281,2,8,0,289,283,2.7681660899653977,0.6920415224913494,-6,0.9825174825174825
8426,Colombian Exclusive Economic Zone,RCP85_2050,282,1,7,1,289,283,2.422145328719723,0.3460207612456747,-6,0.986013986013986
8426,Colombian Exclusive Economic Zone,RCP85_2100,268,2,21,0,289,270,7.26643598615917,0.6920415224913494,-19,0.9588550983899821
8427,Honduran Exclusive Economic Zone,RCP45_2050,210,2,19,15,229,212,8.296943231441048,0.8733624454148472,-17,0.9523809523809523
8427,Honduran Exclusive Economic Zone,RCP45_2100,206,4,23,13,229,210,10.043668122270743,1.7467248908296944,-19,0.9384965831435079
8427,Honduran Exclusive Economic Zone,RCP85_2050,209,1,20,16,229,210,8.733624454148472,0.4366812227074236,-19,0.9521640091116174
8427,Honduran Exclusive Economic Zone,RCP85_2100,206,4,23,13,229,210,10.043668122270743,1.7467248908296944,-19,0.9384965831435079
8428,Salvadoran Exclusive Economic Zone,RCP45_2050,124,0,10,2,134,124,7.462686567164179,0,-10,0.9612403100775194
8428,Salvadoran Exclusive Economic Zone,RCP45_2100,121,0,13,2,134,121,9.701492537313433,0,-13,0.9490196078431372
8428,Salvadoran Exclusive Economic Zone,RCP85_2050,123,0,11,2,134,123,8.208955223880597,0,-11,0.9571984435797666
8428,Salvadoran Exclusive Economic Zone,RCP85_2100,113,0,21,2,134,113,15.671641791044776,0,-21,0.9149797570850202
8429,Mexican Exclusive Economic Zone,RCP45_2050,318,0,5,1,323,318,1.5479876160990713,0,-5,0.9921996879875195
8429,Mexican Exclusive Economic Zone,RCP45_2100,316,0,7,1,323,316,2.1671826625387,0,-7,0.9890453834115805
8429,Mexican Exclusive Economic Zone,RCP85_2050,317,0,6,1,323,317,1.8575851393188854,0,-6,0.990625
8429,Mexican Exclusive Economic Zone,RCP85_2100,310,0,13,1,323,310,4.024767801857585,0,-13,0.9794628751974723
8430,Guatemalan Exclusive Economic Zone,RCP45_2050,201,1,18,16,219,202,8.219178082191782,0.45662100456621,-17,0.9548693586698337
8430,Guatemalan Exclusive Economic Zone,RCP45_2100,198,1,21,16,219,199,9.58904109589041,0.45662100456621,-20,0.9473684210526315
8430,Guatemalan Exclusive Economic Zone,RCP85_2050,199,1,20,16,219,200,9.132420091324201,0.45662100456621,-19,0.9498806682577565
8430,Guatemalan Exclusive Economic Zone,RCP85_2100,187,1,32,16,219,188,14.61187214611872,0.45662100456621,-31,0.918918918918919
8431,Ecuadorian Exclusive Economic Zone,RCP45_2050,159,3,1,1,160,162,0.625,1.875,2,0.9875776397515528
8431,Ecuadorian Exclusive Economic Zone,RCP45_2100,158,3,2,1,160,161,1.25,1.875,1,0.9844236760124611
8431,Ecuadorian Exclusive Economic Zone,RCP85_2050,158,3,2,1,160,161,1.25,1.875,1,0.9844236760124611
8431,Ecuadorian Exclusive Economic Zone,RCP85_2100,150,3,10,1,160,153,6.25,1.875,-7,0.9584664536741214
8432,Peruvian Exclusive Economic Zone,RCP45_2050,150,0,7,2,157,150,4.45859872611465,0,-7,0.9771986970684039
8432,Peruvian Exclusive Economic Zone,RCP45_2100,148,0,9,2,157,148,5.732484076433121,0,-9,0.9704918032786886
8432,Peruvian Exclusive Economic Zone,RCP85_2050,152,2,5,0,157,154,3.1847133757961785,1.2738853503184713,-3,0.977491961414791
8432,Peruvian Exclusive Economic Zone,RCP85_2100,143,0,14,2,157,143,8.9171974522293,0,-14,0.9533333333333334
8433,Venezuelan Exclusive Economic Zone,RCP45_2050,173,0,1,2,174,173,0.5747126436781609,0,-1,0.9971181556195965
8433,Venezuelan Exclusive Economic Zone,RCP45_2100,171,0,3,2,174,171,1.7241379310344827,0,-3,0.991304347826087
8433,Venezuelan Exclusive Economic Zone,RCP85_2050,170,0,4,2,174,170,2.2988505747126435,0,-4,0.9883720930232558
8433,Venezuelan Exclusive Economic Zone,RCP85_2100,161,0,13,2,174,161,7.471264367816092,0,-13,0.9611940298507463
8435,Danish Exclusive Economic Zone (Faeroe),RCP45_2050,73,5,4,9,77,78,5.194805194805195,6.4935064935064934,1,0.9419354838709677
8435,Danish Exclusive Economic Zone (Faeroe),RCP45_2100,74,5,3,9,77,79,3.896103896103896,6.4935064935064934,2,0.9487179487179487
8435,Danish Exclusive Economic Zone (Faeroe),RCP85_2050,73,7,4,7,77,80,5.194805194805195,9.090909090909092,3,0.9299363057324841
8435,Danish Exclusive Economic Zone (Faeroe),RCP85_2100,74,12,3,2,77,86,3.896103896103896,15.584415584415584,9,0.9079754601226994
8437,Norwegian Exclusive Economic Zone (Jan Mayen),RCP45_2050,18,2,1,18,19,20,5.2631578947368425,10.526315789473685,1,0.9230769230769231
8437,Norwegian Exclusive Economic Zone (Jan Mayen),RCP45_2100,18,3,1,17,19,21,5.2631578947368425,15.789473684210526,2,0.9
8437,Norwegian Exclusive Economic Zone (Jan Mayen),RCP85_2050,18,3,1,17,19,21,5.2631578947368425,15.789473684210526,2,0.9
8437,Norwegian Exclusive Economic Zone (Jan Mayen),RCP85_2100,17,11,2,9,19,28,10.526315789473685,57.89473684210526,9,0.723404255319149
8438,Danish Exclusive Economic Zone (Greenland),RCP45_2050,46,4,1,5,47,50,2.127659574468085,8.51063829787234,3,0.9484536082474226
8438,Danish Exclusive Economic Zone (Greenland),RCP45_2100,46,5,1,4,47,51,2.127659574468085,10.638297872340425,4,0.9387755102040817
8438,Danish Exclusive Economic Zone (Greenland),RCP85_2050,47,4,0,5,47,51,0,8.51063829787234,4,0.9591836734693877
8438,Danish Exclusive Economic Zone (Greenland),RCP85_2100,46,8,1,1,47,54,2.127659574468085,17.02127659574468,7,0.9108910891089109
8439,British Exclusive Economic Zone (Pitcairn),RCP45_2050,85,1,8,25,93,86,8.602150537634408,1.075268817204301,-7,0.94972067039106145
8439,British Exclusive Economic Zone (Pitcairn),RCP45_2100,84,0,9,26,93,84,9.67741935483871,0,-9,0.9491525423728814
8439,British Exclusive Economic Zone (Pitcairn),RCP85_2050,86,3,7,23,93,89,7.526881720430108,3.225806451612903,-4,0.945054945054945
8439,British Exclusive Economic Zone (Pitcairn),RCP85_2100,84,2,9,24,93,86,9.67741935483871,2.150537634408602,-7,0.9385474860335196
8440,French Exclusive Economic Zone (French Polynesia),RCP45_2050,171,1,4,0,175,172,2.2857142857142856,0.5714285714285714,-3,0.9855907780979827
8440,French Exclusive Economic Zone (French Polynesia),RCP45_2100,164,0,11,1,175,164,6.285714285714286,0,-11,0.967551622418879
8440,French Exclusive Economic Zone (French Polynesia),RCP85_2050,166,1,9,0,175,167,5.142857142857143,0.5714285714285714,-8,0.9707602339181286
8440,French Exclusive Economic Zone (French Polynesia),RCP85_2100,158,0,17,1,175,158,9.714285714285714,0,-17,0.948948948948949
8441,Kiribati Exclusive Economic Zone (Line Group),RCP45_2050,162,0,10,6,172,162,5.813953488372093,0,-10,0.9700598802395209
8441,Kiribati Exclusive Economic Zone (Line Group),RCP45_2100,158,1,14,5,172,159,8.13953488372093,0.5813953488372093,-13,0.9546827794561934
8441,Kiribati Exclusive Economic Zone (Line Group),RCP85_2050,162,0,10,6,172,162,5.813953488372093,0,-10,0.9700598802395209
8441,Kiribati Exclusive Economic Zone (Line Group),RCP85_2100,155,1,17,5,172,156,9.883720930232558,0.5813953488372093,-16,0.9451219512195121
8442,United States Exclusive Economic Zone (Jarvis Islands),RCP45_2050,35,2,7,77,42,37,16.666666666666668,4.761904761904762,-5,0.8860759493670886
8442,United States Exclusive Economic Zone (Jarvis Islands),RCP45_2100,27,1,15,78,42,28,35.714285714285715,2.380952380952381,-14,0.7714285714285715
8442,United States Exclusive Economic Zone (Jarvis Islands),RCP85_2050,30,2,12,77,42,32,28.571428571428573,4.761904761904762,-10,0.8108108108108109
8442,United States Exclusive Economic Zone (Jarvis Islands),RCP85_2100,27,9,15,70,42,36,35.714285714285715,21.428571428571427,-6,0.6923076923076923
8443,United States Exclusive Economic Zone (Palmyra Atoll),RCP45_2050,87,8,13,26,100,95,13,8,-5,0.8923076923076924
8443,United States Exclusive Economic Zone (Palmyra Atoll),RCP45_2100,84,7,16,27,100,91,16,7,-9,0.8795811518324608
8443,United States Exclusive Economic Zone (Palmyra Atoll),RCP85_2050,83,1,17,33,100,84,17,1,-16,0.9021739130434783
8443,United States Exclusive Economic Zone (Palmyra Atoll),RCP85_2100,84,14,16,20,100,98,16,14,-2,0.8484848484848485
8444,United States Exclusive Economic Zone (American Samoa),RCP45_2050,238,0,8,4,246,238,3.252032520325203,0,-8,0.9834710743801653
8444,United States Exclusive Economic Zone (American Samoa),RCP45_2100,236,0,10,4,246,236,4.065040650406504,0,-10,0.979253112033195
8444,United States Exclusive Economic Zone (American Samoa),RCP85_2050,237,0,9,4,246,237,3.658536585365854,0,-9,0.9813664596273292
8444,United States Exclusive Economic Zone (American Samoa),RCP85_2100,235,1,11,3,246,236,4.471544715447155,0.4065040650406504,-10,0.975103734439834
8445,Samoan Exclusive Economic Zone,RCP45_2050,239,0,5,6,244,239,2.0491803278688523,0,-5,0.989648033126294
8445,Samoan Exclusive Economic Zone,RCP45_2100,239,2,5,4,244,241,2.0491803278688523,0.819672131147541,-3,0.9855670103092784
8445,Samoan Exclusive Economic Zone,RCP85_2050,239,1,5,5,244,240,2.0491803278688523,0.4098360655737705,-4,0.987603305785124
8445,Samoan Exclusive Economic Zone,RCP85_2100,239,2,5,4,244,241,2.0491803278688523,0.819672131147541,-3,0.9855670103092784
8446,New Zealand Exclusive Economic Zone (Cook Islands),RCP45_2050,205,1,10,3,215,206,4.651162790697675,0.46511627906976744,-9,0.9738717339667459
8446,New Zealand Exclusive Economic Zone (Cook Islands),RCP45_2100,200,2,15,2,215,202,6.976744186046512,0.9302325581395349,-13,0.9592326139088729
8446,New Zealand Exclusive Economic Zone (Cook Islands),RCP85_2050,200,1,15,3,215,201,6.976744186046512,0.46511627906976744,-14,0.9615384615384616
8446,New Zealand Exclusive Economic Zone (Cook Islands),RCP85_2100,199,1,16,3,215,200,7.441860465116279,0.46511627906976744,-15,0.9590361445783132
8447,New Zealand Exclusive Economic Zone (Niue),RCP45_2050,185,0,35,30,220,185,15.909090909090908,0,-35,0.9135802469135802
8447,New Zealand Exclusive Economic Zone (Niue),RCP45_2100,183,0,37,30,220,183,16.818181818181817,0,-37,0.9081885856079405
8447,New Zealand Exclusive Economic Zone (Niue),RCP85_2050,185,0,35,30,220,185,15.909090909090908,0,-35,0.9135802469135802
8447,New Zealand Exclusive Economic Zone (Niue),RCP85_2100,177,1,43,29,220,178,19.545454545454547,0.45454545454545453,-42,0.8894472361809045
8448,Tongan Exclusive Economic Zone,RCP45_2050,268,3,4,0,272,271,1.4705882352941178,1.1029411764705883,-1,0.9871086556169429
8448,Tongan Exclusive Economic Zone,RCP45_2100,263,1,9,2,272,264,3.3088235294117645,0.36764705882352944,-8,0.9813432835820896
8448,Tongan Exclusive Economic Zone,RCP85_2050,264,3,8,0,272,267,2.9411764705882355,1.1029411764705883,-5,0.9795918367346939
8448,Tongan Exclusive Economic Zone,RCP85_2100,260,1,12,2,272,261,4.411764705882353,0.36764705882352944,-11,0.975609756097561
8449,New Zealand Exclusive Economic Zone (Tokelau),RCP45_2050,139,3,15,89,154,142,9.74025974025974,1.948051948051948,-12,0.9391891891891891
8449,New Zealand Exclusive Economic Zone (Tokelau),RCP45_2100,138,6,16,86,154,144,10.38961038961039,3.896103896103896,-10,0.9261744966442953
8449,New Zealand Exclusive Economic Zone (Tokelau),RCP85_2050,140,5,14,87,154,145,9.090909090909092,3.2467532467532467,-9,0.9364548494983278
8449,New Zealand Exclusive Economic Zone (Tokelau),RCP85_2100,140,7,14,85,154,147,9.090909090909092,4.545454545454546,-7,0.9302325581395349
8450,Kiribati Exclusive Economic Zone (Phoenix Group),RCP45_2050,214,0,14,4,228,214,6.140350877192983,0,-14,0.9683257918552036
8450,Kiribati Exclusive Economic Zone (Phoenix Group),RCP45_2100,213,0,15,4,228,213,6.578947368421052,0,-15,0.9659863945578231
8450,Kiribati Exclusive Economic Zone (Phoenix Group),RCP85_2050,213,0,15,4,228,213,6.578947368421052,0,-15,0.9659863945578231
8450,Kiribati Exclusive Economic Zone (Phoenix Group),RCP85_2100,214,0,14,4,228,214,6.140350877192983,0,-14,0.9683257918552036
8451,United States Exclusive Economic Zone (Howland and Baker Islands),RCP45_2050,154,0,45,22,199,154,22.613065326633166,0,-45,0.8725212464589235
8451,United States Exclusive Economic Zone (Howland and Baker Islands),RCP45_2100,157,0,42,22,199,157,21.105527638190956,0,-42,0.8820224719101124
8451,United States Exclusive Economic Zone (Howland and Baker Islands),RCP85_2050,153,0,46,22,199,153,23.115577889447238,0,-46,0.8693181818181818
8451,United States Exclusive Economic Zone (Howland and Baker Islands),RCP85_2100,166,2,33,20,199,168,16.582914572864322,1.0050251256281406,-31,0.9046321525885559
8452,United States Exclusive Economic Zone (Johnston Atoll),RCP45_2050,67,0,8,18,75,67,10.666666666666666,0,-8,0.9436619718309859
8452,United States Exclusive Economic Zone (Johnston Atoll),RCP45_2100,67,0,8,18,75,67,10.666666666666666,0,-8,0.9436619718309859
8452,United States Exclusive Economic Zone (Johnston Atoll),RCP85_2050,67,1,8,17,75,68,10.666666666666666,1.3333333333333333,-7,0.9370629370629371
8452,United States Exclusive Economic Zone (Johnston Atoll),RCP85_2100,63,2,12,16,75,65,16,2.6666666666666665,-10,0.9
8453,United States Exclusive Economic Zone (Hawaii),RCP45_2050,90,5,3,0,93,95,3.225806451612903,5.376344086021505,2,0.9574468085106383
8453,United States Exclusive Economic Zone (Hawaii),RCP45_2100,86,4,7,1,93,90,7.526881720430108,4.301075268817204,-3,0.9398907103825137
8453,United States Exclusive Economic Zone (Hawaii),RCP85_2050,86,4,7,1,93,90,7.526881720430108,4.301075268817204,-3,0.9398907103825137
8453,United States Exclusive Economic Zone (Hawaii),RCP85_2100,84,1,9,4,93,85,9.67741935483871,1.075268817204301,-8,0.9438202247191011
8454,French Exclusive Economic Zone (Wallis and Futuna),RCP45_2050,244,0,6,3,250,244,2.4,0,-6,0.9878542510121457
8454,French Exclusive Economic Zone (Wallis and Futuna),RCP45_2100,244,0,6,3,250,244,2.4,0,-6,0.9878542510121457
8454,French Exclusive Economic Zone (Wallis and Futuna),RCP85_2050,244,0,6,3,250,244,2.4,0,-6,0.9878542510121457
8454,French Exclusive Economic Zone (Wallis and Futuna),RCP85_2100,244,1,6,2,250,245,2.4,0.4,-5,0.9858585858585859
8455,New Zealand Exclusive Economic Zone,RCP45_2050,308,3,1,4,309,311,0.32362459546925565,0.970873786407767,2,0.9935483870967742
8455,New Zealand Exclusive Economic Zone,RCP45_2100,306,3,3,4,309,309,0.970873786407767,0.970873786407767,0,0.9902912621359223
8455,New Zealand Exclusive Economic Zone,RCP85_2050,306,3,3,4,309,309,0.970873786407767,0.970873786407767,0,0.9902912621359223
8455,New Zealand Exclusive Economic Zone,RCP85_2100,301,4,8,3,309,305,2.588996763754045,1.2944983818770226,-4,0.9804560260586319
8456,United States Exclusive Economic Zone,RCP45_2050,286,1,3,1,289,287,1.0380622837370241,0.3460207612456747,-2,0.9930555555555556
8456,United States Exclusive Economic Zone,RCP45_2100,286,1,3,1,289,287,1.0380622837370241,0.3460207612456747,-2,0.9930555555555556
8456,United States Exclusive Economic Zone,RCP85_2050,286,1,3,1,289,287,1.0380622837370241,0.3460207612456747,-2,0.9930555555555556
8456,United States Exclusive Economic Zone,RCP85_2100,279,1,10,1,289,280,3.4602076124567476,0.3460207612456747,-9,0.9806678383128296
8457,Belizean Exclusive Economic Zone,RCP45_2050,149,1,16,3,165,150,9.696969696969697,0.6060606060606061,-15,0.946031746031746
8457,Belizean Exclusive Economic Zone,RCP45_2100,145,1,20,3,165,146,12.121212121212121,0.6060606060606061,-19,0.932475884244373
8457,Belizean Exclusive Economic Zone,RCP85_2050,146,1,19,3,165,147,11.515151515151516,0.6060606060606061,-18,0.9358974358974359
8457,Belizean Exclusive Economic Zone,RCP85_2100,141,1,24,3,165,142,14.545454545454545,0.6060606060606061,-23,0.9185667752442996
8459,Jamaican Exclusive Economic Zone,RCP45_2050,154,1,16,0,170,155,9.411764705882353,0.5882352941176471,-15,0.9476923076923077
8459,Jamaican Exclusive Economic Zone,RCP45_2100,153,1,17,0,170,154,10,0.5882352941176471,-16,0.9444444444444444
8459,Jamaican Exclusive Economic Zone,RCP85_2050,153,1,17,0,170,154,10,0.5882352941176471,-16,0.9444444444444444
8459,Jamaican Exclusive Economic Zone,RCP85_2100,150,1,20,0,170,151,11.764705882352942,0.5882352941176471,-19,0.9345794392523364
8460,Guyanese Exclusive Economic Zone,RCP45_2050,152,0,6,0,158,152,3.7974683544303796,0,-6,0.9806451612903225
8460,Guyanese Exclusive Economic Zone,RCP45_2100,147,0,11,0,158,147,6.962025316455696,0,-11,0.9639344262295082
8460,Guyanese Exclusive Economic Zone,RCP85_2050,150,0,8,0,158,150,5.063291139240507,0,-8,0.974025974025974
8460,Guyanese Exclusive Economic Zone,RCP85_2100,141,0,17,0,158,141,10.759493670886076,0,-17,0.9431438127090301
8461,Surinamese Exclusive Economic Zone,RCP45_2050,156,0,4,1,160,156,2.5,0,-4,0.9873417721518988
8461,Surinamese Exclusive Economic Zone,RCP45_2100,150,0,10,1,160,150,6.25,0,-10,0.967741935483871
8461,Surinamese Exclusive Economic Zone,RCP85_2050,153,0,7,1,160,153,4.375,0,-7,0.9776357827476039
8461,Surinamese Exclusive Economic Zone,RCP85_2100,143,0,17,1,160,143,10.625,0,-17,0.9438943894389439
8462,French Exclusive Economic Zone (French Guiana),RCP45_2050,151,0,8,0,159,151,5.031446540880503,0,-8,0.9741935483870968
8462,French Exclusive Economic Zone (French Guiana),RCP45_2100,145,0,14,0,159,145,8.80503144654088,0,-14,0.9539473684210527
8462,French Exclusive Economic Zone (French Guiana),RCP85_2050,146,0,13,0,159,146,8.176100628930818,0,-13,0.9573770491803278
8462,French Exclusive Economic Zone (French Guiana),RCP85_2100,139,0,20,0,159,139,12.578616352201259,0,-20,0.9328859060402684
8463,United States Exclusive Economic Zone (Alaska),RCP45_2050,52,1,1,2,53,53,1.8867924528301887,1.8867924528301887,0,0.9811320754716981
8463,United States Exclusive Economic Zone (Alaska),RCP45_2100,52,1,1,2,53,53,1.8867924528301887,1.8867924528301887,0,0.9811320754716981
8463,United States Exclusive Economic Zone (Alaska),RCP85_2050,52,1,1,2,53,53,1.8867924528301887,1.8867924528301887,0,0.9811320754716981
8463,United States Exclusive Economic Zone (Alaska),RCP85_2100,51,3,2,0,53,54,3.7735849056603774,5.660377358490566,1,0.9532710280373832
8464,Brazilian Exclusive Economic Zone,RCP45_2050,194,0,1,0,195,194,0.5128205128205128,0,-1,0.9974293059125964
8464,Brazilian Exclusive Economic Zone,RCP45_2100,193,0,2,0,195,193,1.0256410256410255,0,-2,0.9948453608247423
8464,Brazilian Exclusive Economic Zone,RCP85_2050,193,0,2,0,195,193,1.0256410256410255,0,-2,0.9948453608247423
8464,Brazilian Exclusive Economic Zone,RCP85_2100,189,0,6,0,195,189,3.076923076923077,0,-6,0.984375
8465,Chilean Exclusive Economic Zone,RCP45_2050,100,2,2,3,102,102,1.9607843137254901,1.9607843137254901,0,0.9803921568627451
8465,Chilean Exclusive Economic Zone,RCP45_2100,97,2,5,3,102,99,4.901960784313726,1.9607843137254901,-3,0.9651741293532339
8465,Chilean Exclusive Economic Zone,RCP85_2050,97,2,5,3,102,99,4.901960784313726,1.9607843137254901,-3,0.9651741293532339
8465,Chilean Exclusive Economic Zone,RCP85_2100,96,5,6,0,102,101,5.882352941176471,4.901960784313726,-1,0.9458128078817734
8466,Argentinian Exclusive Economic Zone,RCP45_2050,113,6,1,7,114,119,0.8771929824561403,5.2631578947368425,5,0.9699570815450643
8466,Argentinian Exclusive Economic Zone,RCP45_2100,113,5,1,8,114,118,0.8771929824561403,4.385964912280702,4,0.9741379310344828
8466,Argentinian Exclusive Economic Zone,RCP85_2050,113,5,1,8,114,118,0.8771929824561403,4.385964912280702,4,0.9741379310344828
8466,Argentinian Exclusive Economic Zone,RCP85_2100,111,8,3,5,114,119,2.6315789473684212,7.017543859649122,5,0.9527896995708155
8467,Uruguayan Exclusive Economic Zone,RCP45_2050,136,3,2,1,138,139,1.4492753623188406,2.1739130434782608,1,0.9819494584837545
8467,Uruguayan Exclusive Economic Zone,RCP45_2100,137,3,1,1,138,140,0.7246376811594203,2.1739130434782608,2,0.9856115107913669
8467,Uruguayan Exclusive Economic Zone,RCP85_2050,136,3,2,1,138,139,1.4492753623188406,2.1739130434782608,1,0.9819494584837545
8467,Uruguayan Exclusive Economic Zone,RCP85_2100,131,4,7,0,138,135,5.072463768115942,2.898550724637681,-3,0.9597069597069597
8468,Qatari Exclusive Economic Zone,RCP45_2050,194,1,5,10,199,195,2.512562814070352,0.5025125628140703,-4,0.9847715736040609
8468,Qatari Exclusive Economic Zone,RCP45_2100,192,0,7,11,199,192,3.5175879396984926,0,-7,0.9820971867007673
8468,Qatari Exclusive Economic Zone,RCP85_2050,192,0,7,11,199,192,3.5175879396984926,0,-7,0.9820971867007673
8468,Qatari Exclusive Economic Zone,RCP85_2100,179,0,20,11,199,179,10.050251256281408,0,-20,0.9470899470899471
8469,Iranian Exclusive Economic Zone,RCP45_2050,223,0,7,2,230,223,3.0434782608695654,0,-7,0.9845474613686535
8469,Iranian Exclusive Economic Zone,RCP45_2100,222,0,8,2,230,222,3.4782608695652173,0,-8,0.9823008849557522
8469,Iranian Exclusive Economic Zone,RCP85_2050,222,0,8,2,230,222,3.4782608695652173,0,-8,0.9823008849557522
8469,Iranian Exclusive Economic Zone,RCP85_2100,212,0,18,2,230,212,7.826086956521739,0,-18,0.9592760180995475
8470,Iraqi Exclusive Economic Zone,RCP45_2050,132,4,2,8,134,136,1.492537313432836,2.985074626865672,2,0.9777777777777777
8470,Iraqi Exclusive Economic Zone,RCP45_2100,131,5,3,7,134,136,2.2388059701492535,3.7313432835820897,2,0.9703703703703703
8470,Iraqi Exclusive Economic Zone,RCP85_2050,131,5,3,7,134,136,2.2388059701492535,3.7313432835820897,2,0.9703703703703703
8470,Iraqi Exclusive Economic Zone,RCP85_2100,120,5,14,7,134,125,10.447761194029852,3.7313432835820897,-9,0.9266409266409267
8471,Bissau-Guinean Exclusive Economic Zone,RCP45_2050,143,1,3,1,146,144,2.0547945205479454,0.684931506849315,-2,0.9862068965517241
8471,Bissau-Guinean Exclusive Economic Zone,RCP45_2100,140,1,6,1,146,141,4.109589041095891,0.684931506849315,-5,0.975609756097561
8471,Bissau-Guinean Exclusive Economic Zone,RCP85_2050,141,1,5,1,146,142,3.4246575342465753,0.684931506849315,-4,0.9791666666666666
8471,Bissau-Guinean Exclusive Economic Zone,RCP85_2100,128,1,18,1,146,129,12.32876712328767,0.684931506849315,-17,0.9309090909090909
8472,Guinean Exclusive Economic Zone,RCP45_2050,133,0,11,3,144,133,7.638888888888889,0,-11,0.9602888086642599
8472,Guinean Exclusive Economic Zone,RCP45_2100,130,0,14,3,144,130,9.722222222222221,0,-14,0.948905109489051
8472,Guinean Exclusive Economic Zone,RCP85_2050,133,0,11,3,144,133,7.638888888888889,0,-11,0.9602888086642599
8472,Guinean Exclusive Economic Zone,RCP85_2100,124,0,20,3,144,124,13.88888888888889,0,-20,0.9253731343283582
8473,Ivorian Exclusive Economic Zone,RCP45_2050,119,2,3,2,122,121,2.459016393442623,1.639344262295082,-1,0.9794238683127572
8473,Ivorian Exclusive Economic Zone,RCP45_2100,115,2,7,2,122,117,5.737704918032787,1.639344262295082,-5,0.9623430962343096
8473,Ivorian Exclusive Economic Zone,RCP85_2050,118,1,4,3,122,119,3.278688524590164,0.819672131147541,-3,0.979253112033195
8473,Ivorian Exclusive Economic Zone,RCP85_2100,103,2,19,2,122,105,15.573770491803279,1.639344262295082,-17,0.9074889867841409
8474,Nigerian Exclusive Economic Zone,RCP45_2050,112,0,7,0,119,112,5.882352941176471,0,-7,0.9696969696969697
8474,Nigerian Exclusive Economic Zone,RCP45_2100,108,0,11,0,119,108,9.243697478991596,0,-11,0.9515418502202643
8474,Nigerian Exclusive Economic Zone,RCP85_2050,110,0,9,0,119,110,7.563025210084033,0,-9,0.9606986899563319
8474,Nigerian Exclusive Economic Zone,RCP85_2100,103,0,16,0,119,103,13.445378151260504,0,-16,0.9279279279279279
8475,Cameroonian Exclusive Economic Zone,RCP45_2050,105,1,9,0,114,106,7.894736842105263,0.8771929824561403,-8,0.9545454545454546
8475,Cameroonian Exclusive Economic Zone,RCP45_2100,102,1,12,0,114,103,10.526315789473685,0.8771929824561403,-11,0.9400921658986175
8475,Cameroonian Exclusive Economic Zone,RCP85_2050,102,1,12,0,114,103,10.526315789473685,0.8771929824561403,-11,0.9400921658986175
8475,Cameroonian Exclusive Economic Zone,RCP85_2100,101,1,13,0,114,102,11.403508771929825,0.8771929824561403,-12,0.9351851851851852
8476,Gabonese Exclusive Economic Zone,RCP45_2050,121,0,2,2,123,121,1.6260162601626016,0,-2,0.9918032786885246
8476,Gabonese Exclusive Economic Zone,RCP45_2100,119,0,4,2,123,119,3.252032520325203,0,-4,0.9834710743801653
8476,Gabonese Exclusive Economic Zone,RCP85_2050,119,0,4,2,123,119,3.252032520325203,0,-4,0.9834710743801653
8476,Gabonese Exclusive Economic Zone,RCP85_2100,111,0,12,2,123,111,9.75609756097561,0,-12,0.9487179487179487
8477,Congolese (Democratic Republic of) Exclusive Economic Zone,RCP45_2050,118,1,4,2,122,119,3.278688524590164,0.819672131147541,-3,0.979253112033195
8477,Congolese (Democratic Republic of) Exclusive Economic Zone,RCP45_2100,118,1,4,2,122,119,3.278688524590164,0.819672131147541,-3,0.979253112033195
8477,Congolese (Democratic Republic of) Exclusive Economic Zone,RCP85_2050,117,1,5,2,122,118,4.098360655737705,0.819672131147541,-4,0.975
8477,Congolese (Democratic Republic of) Exclusive Economic Zone,RCP85_2100,108,1,14,2,122,109,11.475409836065573,0.819672131147541,-13,0.935064935064935
8478,Angolan Exclusive Economic Zone,RCP45_2050,140,0,5,0,145,140,3.4482758620689653,0,-5,0.9824561403508771
8478,Angolan Exclusive Economic Zone,RCP45_2100,135,0,10,0,145,135,6.896551724137931,0,-10,0.9642857142857143
8478,Angolan Exclusive Economic Zone,RCP85_2050,136,0,9,0,145,136,6.206896551724138,0,-9,0.9679715302491103
8478,Angolan Exclusive Economic Zone,RCP85_2100,132,0,13,0,145,132,8.96551724137931,0,-13,0.9530685920577617
8479,Tanzanian Exclusive Economic Zone,RCP45_2050,271,0,9,0,280,271,3.2142857142857144,0,-9,0.9836660617059891
8479,Tanzanian Exclusive Economic Zone,RCP45_2100,266,0,14,0,280,266,5,0,-14,0.9743589743589743
8479,Tanzanian Exclusive Economic Zone,RCP85_2050,267,0,13,0,280,267,4.642857142857143,0,-13,0.9762340036563071
8479,Tanzanian Exclusive Economic Zone,RCP85_2100,259,0,21,0,280,259,7.5,0,-21,0.961038961038961
8480,Indian Exclusive Economic Zone,RCP45_2050,377,1,7,2,384,378,1.8229166666666667,0.2604166666666667,-6,0.989501312335958
8480,Indian Exclusive Economic Zone,RCP45_2100,370,1,14,2,384,371,3.6458333333333335,0.2604166666666667,-13,0.9801324503311258
8480,Indian Exclusive Economic Zone,RCP85_2050,374,1,10,2,384,375,2.6041666666666665,0.2604166666666667,-9,0.9855072463768116
8480,Indian Exclusive Economic Zone,RCP85_2100,362,1,22,2,384,363,5.729166666666667,0.2604166666666667,-21,0.9692101740294511
8481,Bangladeshi Exclusive Economic Zone,RCP45_2050,321,0,4,1,325,321,1.2307692307692308,0,-4,0.9938080495356038
8481,Bangladeshi Exclusive Economic Zone,RCP45_2100,313,0,12,1,325,313,3.6923076923076925,0,-12,0.9811912225705329
8481,Bangladeshi Exclusive Economic Zone,RCP85_2050,314,0,11,1,325,314,3.3846153846153846,0,-11,0.9827856025039123
8481,Bangladeshi Exclusive Economic Zone,RCP85_2100,303,0,22,1,325,303,6.769230769230769,0,-22,0.964968152866242
8482,Myanma Exclusive Economic Zone,RCP45_2050,406,0,12,1,418,406,2.8708133971291865,0,-12,0.9854368932038835
8482,Myanma Exclusive Economic Zone,RCP45_2100,400,0,18,1,418,400,4.30622009569378,0,-18,0.9779951100244498
8482,Myanma Exclusive Economic Zone,RCP85_2050,402,0,16,1,418,402,3.827751196172249,0,-16,0.9804878048780488
8482,Myanma Exclusive Economic Zone,RCP85_2100,397,0,21,1,418,397,5.023923444976076,0,-21,0.9742331288343559
8483,Malaysian Exclusive Economic Zone,RCP45_2050,464,0,13,4,477,464,2.7253668763102725,0,-13,0.9861849096705633
8483,Malaysian Exclusive Economic Zone,RCP45_2100,459,0,18,4,477,459,3.7735849056603774,0,-18,0.9807692307692307
8483,Malaysian Exclusive Economic Zone,RCP85_2050,459,0,18,4,477,459,3.7735849056603774,0,-18,0.9807692307692307
8483,Malaysian Exclusive Economic Zone,RCP85_2100,449,0,28,4,477,449,5.870020964360587,0,-28,0.9697624190064795
8484,Vietnamese Exclusive Economic Zone,RCP45_2050,493,2,12,10,505,495,2.376237623762376,0.39603960396039606,-10,0.986
8484,Vietnamese Exclusive Economic Zone,RCP45_2100,488,3,17,9,505,491,3.366336633663366,0.594059405940594,-14,0.9799196787148594
8484,Vietnamese Exclusive Economic Zone,RCP85_2050,488,1,17,11,505,489,3.366336633663366,0.19801980198019803,-16,0.9818913480885312
8484,Vietnamese Exclusive Economic Zone,RCP85_2100,482,3,23,9,505,485,4.554455445544554,0.594059405940594,-20,0.9737373737373738
8485,Singaporean Exclusive Economic Zone,RCP45_2050,183,16,23,105,206,199,11.16504854368932,7.766990291262136,-7,0.9037037037037037
8485,Singaporean Exclusive Economic Zone,RCP45_2100,173,19,33,102,206,192,16.019417475728154,9.223300970873787,-14,0.8693467336683417
8485,Singaporean Exclusive Economic Zone,RCP85_2050,176,19,30,102,206,195,14.563106796116505,9.223300970873787,-11,0.8778054862842892
8485,Singaporean Exclusive Economic Zone,RCP85_2100,162,19,44,102,206,181,21.359223300970875,9.223300970873787,-25,0.8372093023255814
8486,Chinese Exclusive Economic Zone,RCP45_2050,534,5,5,13,539,539,0.9276437847866419,0.9276437847866419,0,0.9907235621521335
8486,Chinese Exclusive Economic Zone,RCP45_2100,533,7,6,11,539,540,1.1131725417439704,1.2987012987012987,1,0.9879518072289156
8486,Chinese Exclusive Economic Zone,RCP85_2050,533,6,6,12,539,539,1.1131725417439704,1.1131725417439704,0,0.9888682745825603
8486,Chinese Exclusive Economic Zone,RCP85_2100,525,8,14,10,539,533,2.5974025974025974,1.484230055658627,-6,0.9794776119402985
8487,Japanese Exclusive Economic Zone,RCP45_2050,524,3,4,0,528,527,0.7575757575757576,0.5681818181818182,-1,0.9933649289099526
8487,Japanese Exclusive Economic Zone,RCP45_2100,523,3,5,0,528,526,0.946969696969697,0.5681818181818182,-2,0.9924098671726755
8487,Japanese Exclusive Economic Zone,RCP85_2050,524,3,4,0,528,527,0.7575757575757576,0.5681818181818182,-1,0.9933649289099526
8487,Japanese Exclusive Economic Zone,RCP85_2100,517,3,11,0,528,520,2.0833333333333335,0.5681818181818182,-8,0.9866412213740458
8488,Kiribati Exclusive Economic Zone (Gilbert Islands),RCP45_2050,241,6,14,29,255,247,5.490196078431373,2.3529411764705883,-8,0.9601593625498008
8488,Kiribati Exclusive Economic Zone (Gilbert Islands),RCP45_2100,241,8,14,27,255,249,5.490196078431373,3.1372549019607843,-6,0.9563492063492064
8488,Kiribati Exclusive Economic Zone (Gilbert Islands),RCP85_2050,241,6,14,29,255,247,5.490196078431373,2.3529411764705883,-8,0.9601593625498008
8488,Kiribati Exclusive Economic Zone (Gilbert Islands),RCP85_2100,239,8,16,27,255,247,6.2745098039215685,3.1372549019607843,-8,0.952191235059761
8490,Egyptian Exclusive Economic Zone,RCP45_2050,278,2,5,2,283,280,1.7667844522968197,0.7067137809187279,-3,0.9875666074600356
8490,Egyptian Exclusive Economic Zone,RCP45_2100,269,2,14,2,283,271,4.946996466431095,0.7067137809187279,-12,0.9711191335740073
8490,Egyptian Exclusive Economic Zone,RCP85_2050,275,2,8,2,283,277,2.8268551236749118,0.7067137809187279,-6,0.9821428571428571
8490,Egyptian Exclusive Economic Zone,RCP85_2100,265,2,18,2,283,267,6.360424028268551,0.7067137809187279,-16,0.9636363636363636
8491,Jordanian Exclusive Economic Zone,RCP45_2050,0,0,0,183,0,0,NA,NA,0,NA
8491,Jordanian Exclusive Economic Zone,RCP45_2100,0,0,0,183,0,0,NA,NA,0,NA
8491,Jordanian Exclusive Economic Zone,RCP85_2050,0,0,0,183,0,0,NA,NA,0,NA
8491,Jordanian Exclusive Economic Zone,RCP85_2100,0,0,0,183,0,0,NA,NA,0,NA
8492,Indonesian Exclusive Economic Zone,RCP45_2050,535,0,7,4,542,535,1.2915129151291513,0,-7,0.9935004642525533
8492,Indonesian Exclusive Economic Zone,RCP45_2100,524,0,18,4,542,524,3.321033210332103,0,-18,0.9831144465290806
8492,Indonesian Exclusive Economic Zone,RCP85_2050,528,0,14,4,542,528,2.5830258302583027,0,-14,0.9869158878504672
8492,Indonesian Exclusive Economic Zone,RCP85_2100,513,0,29,4,542,513,5.350553505535055,0,-29,0.9725118483412323
8493,Canadian Exclusive Economic Zone,RCP45_2050,160,18,0,6,160,178,0,11.25,18,0.9467455621301775
8493,Canadian Exclusive Economic Zone,RCP45_2100,159,23,1,1,160,182,0.625,14.375,22,0.9298245614035088
8493,Canadian Exclusive Economic Zone,RCP85_2050,159,17,1,7,160,176,0.625,10.625,16,0.9464285714285714
8493,Canadian Exclusive Economic Zone,RCP85_2100,157,23,3,1,160,180,1.875,14.375,20,0.9235294117647059
8494,French Exclusive Economic Zone (Saint-Pierre and Miquelon),RCP45_2050,53,8,3,5,56,61,5.357142857142857,14.285714285714286,5,0.905982905982906
8494,French Exclusive Economic Zone (Saint-Pierre and Miquelon),RCP45_2100,53,9,3,4,56,62,5.357142857142857,16.071428571428573,6,0.8983050847457628
8494,French Exclusive Economic Zone (Saint-Pierre and Miquelon),RCP85_2050,53,8,3,5,56,61,5.357142857142857,14.285714285714286,5,0.905982905982906
8494,French Exclusive Economic Zone (Saint-Pierre and Miquelon),RCP85_2100,52,12,4,1,56,64,7.142857142857143,21.428571428571427,8,0.8666666666666667
8495,French Exclusive Economic Zone (Collectivity of Saint Martin),RCP45_2050,105,5,25,23,130,110,19.23076923076923,3.8461538461538463,-20,0.875
8495,French Exclusive Economic Zone (Collectivity of Saint Martin),RCP45_2100,96,7,34,21,130,103,26.153846153846153,5.384615384615385,-27,0.8240343347639485
8495,French Exclusive Economic Zone (Collectivity of Saint Martin),RCP85_2050,98,4,32,24,130,102,24.615384615384617,3.076923076923077,-28,0.8448275862068966
8495,French Exclusive Economic Zone (Collectivity of Saint Martin),RCP85_2100,84,8,46,20,130,92,35.38461538461539,6.153846153846154,-38,0.7567567567567568
8758,Timorese Exclusive Economic Zone,RCP45_2050,387,2,25,15,412,389,6.067961165048544,0.4854368932038835,-23,0.9662921348314607
8758,Timorese Exclusive Economic Zone,RCP45_2100,382,4,30,13,412,386,7.281553398058253,0.970873786407767,-26,0.9573934837092731
8758,Timorese Exclusive Economic Zone,RCP85_2050,383,2,29,15,412,385,7.038834951456311,0.4854368932038835,-27,0.9611041405269761
8758,Timorese Exclusive Economic Zone,RCP85_2100,375,4,37,13,412,379,8.980582524271844,0.970873786407767,-33,0.9481668773704172
21787,Chilean Exclusive Economic Zone (Easter Island),RCP45_2050,25,0,3,3,28,25,10.714285714285714,0,-3,0.9433962264150944
21787,Chilean Exclusive Economic Zone (Easter Island),RCP45_2100,23,1,5,2,28,24,17.857142857142858,3.5714285714285716,-4,0.8846153846153846
21787,Chilean Exclusive Economic Zone (Easter Island),RCP85_2050,24,0,4,3,28,24,14.285714285714286,0,-4,0.9230769230769231
21787,Chilean Exclusive Economic Zone (Easter Island),RCP85_2100,23,1,5,2,28,24,17.857142857142858,3.5714285714285716,-4,0.8846153846153846
21788,British Exclusive Economic Zone (Guernsey),RCP45_2050,85,3,9,22,94,88,9.574468085106384,3.1914893617021276,-6,0.9340659340659341
21788,British Exclusive Economic Zone (Guernsey),RCP45_2100,86,6,8,19,94,92,8.51063829787234,6.382978723404255,-2,0.9247311827956989
21788,British Exclusive Economic Zone (Guernsey),RCP85_2050,86,4,8,21,94,90,8.51063829787234,4.25531914893617,-4,0.9347826086956522
21788,British Exclusive Economic Zone (Guernsey),RCP85_2100,84,14,10,11,94,98,10.638297872340425,14.893617021276595,4,0.875
21789,British Exclusive Economic Zone (Jersey),RCP45_2050,89,4,4,15,93,93,4.301075268817204,4.301075268817204,0,0.956989247311828
21789,British Exclusive Economic Zone (Jersey),RCP45_2100,89,6,4,13,93,95,4.301075268817204,6.451612903225806,2,0.9468085106382979
21789,British Exclusive Economic Zone (Jersey),RCP85_2050,88,6,5,13,93,94,5.376344086021505,6.451612903225806,1,0.9411764705882353
21789,British Exclusive Economic Zone (Jersey),RCP85_2100,85,12,8,7,93,97,8.602150537634408,12.903225806451612,4,0.8947368421052632
21790,Monégasque Exclusive Economic Zone,RCP45_2050,21,5,6,39,27,26,22.22222222222222,18.51851851851852,-1,0.7924528301886793
21790,Monégasque Exclusive Economic Zone,RCP45_2100,19,6,8,38,27,25,29.62962962962963,22.22222222222222,-2,0.7307692307692307
21790,Monégasque Exclusive Economic Zone,RCP85_2050,18,4,9,40,27,22,33.333333333333336,14.814814814814815,-5,0.7346938775510204
21790,Monégasque Exclusive Economic Zone,RCP85_2100,15,6,12,38,27,21,44.44444444444444,22.22222222222222,-6,0.625
21791,Timorese Exclusive Economic Zone (Oecusse),RCP45_2050,133,4,25,188,158,137,15.822784810126583,2.5316455696202533,-21,0.9016949152542373
21791,Timorese Exclusive Economic Zone (Oecusse),RCP45_2100,130,5,28,187,158,135,17.72151898734177,3.1645569620253164,-23,0.8873720136518771
21791,Timorese Exclusive Economic Zone (Oecusse),RCP85_2050,130,5,28,187,158,135,17.72151898734177,3.1645569620253164,-23,0.8873720136518771
21791,Timorese Exclusive Economic Zone (Oecusse),RCP85_2100,130,4,28,188,158,134,17.72151898734177,2.5316455696202533,-24,0.8904109589041096
21803,Dutch Exclusive Economic Zone (Sint-Maarten),RCP45_2050,69,3,21,62,90,72,23.333333333333332,3.3333333333333335,-18,0.8518518518518519
21803,Dutch Exclusive Economic Zone (Sint-Maarten),RCP45_2100,45,1,45,64,90,46,50,1.1111111111111112,-44,0.6617647058823529
21803,Dutch Exclusive Economic Zone (Sint-Maarten),RCP85_2050,63,0,27,65,90,63,30,0,-27,0.8235294117647058
21803,Dutch Exclusive Economic Zone (Sint-Maarten),RCP85_2100,42,2,48,63,90,44,53.333333333333336,2.2222222222222223,-46,0.6268656716417911
22756,Chilean Exclusive Economic Zone (Islas San Félix and San Ambrosio),RCP45_2050,46,8,9,4,55,54,16.363636363636363,14.545454545454545,-1,0.8440366972477065
22756,Chilean Exclusive Economic Zone (Islas San Félix and San Ambrosio),RCP45_2100,46,7,9,5,55,53,16.363636363636363,12.727272727272727,-2,0.8518518518518519
22756,Chilean Exclusive Economic Zone (Islas San Félix and San Ambrosio),RCP85_2050,46,7,9,5,55,53,16.363636363636363,12.727272727272727,-2,0.8518518518518519
22756,Chilean Exclusive Economic Zone (Islas San Félix and San Ambrosio),RCP85_2100,45,8,10,4,55,53,18.181818181818183,14.545454545454545,-2,0.8333333333333334
26517,Dutch Exclusive Economic Zone (Curaçao),RCP45_2050,104,3,25,29,129,107,19.37984496124031,2.3255813953488373,-22,0.8813559322033898
26517,Dutch Exclusive Economic Zone (Curaçao),RCP45_2100,107,4,22,28,129,111,17.05426356589147,3.10077519379845,-18,0.8916666666666667
26517,Dutch Exclusive Economic Zone (Curaçao),RCP85_2050,104,3,25,29,129,107,19.37984496124031,2.3255813953488373,-22,0.8813559322033898
26517,Dutch Exclusive Economic Zone (Curaçao),RCP85_2100,107,5,22,27,129,112,17.05426356589147,3.875968992248062,-17,0.8879668049792531
26518,Dutch Exclusive Economic Zone (Saba),RCP45_2050,138,1,14,5,152,139,9.210526315789474,0.6578947368421053,-13,0.9484536082474226
26518,Dutch Exclusive Economic Zone (Saba),RCP45_2100,133,3,19,3,152,136,12.5,1.9736842105263157,-16,0.9236111111111112
26518,Dutch Exclusive Economic Zone (Saba),RCP85_2050,135,1,17,5,152,136,11.18421052631579,0.6578947368421053,-16,0.9375
26518,Dutch Exclusive Economic Zone (Saba),RCP85_2100,132,2,20,4,152,134,13.157894736842104,1.3157894736842106,-18,0.9230769230769231
26519,Dutch Exclusive Economic Zone (Aruba),RCP45_2050,141,1,14,9,155,142,9.03225806451613,0.6451612903225806,-13,0.9494949494949495
26519,Dutch Exclusive Economic Zone (Aruba),RCP45_2100,135,1,20,9,155,136,12.903225806451612,0.6451612903225806,-19,0.9278350515463918
26519,Dutch Exclusive Economic Zone (Aruba),RCP85_2050,141,1,14,9,155,142,9.03225806451613,0.6451612903225806,-13,0.9494949494949495
26519,Dutch Exclusive Economic Zone (Aruba),RCP85_2100,135,2,20,8,155,137,12.903225806451612,1.2903225806451613,-18,0.9246575342465754
26520,Dutch Exclusive Economic Zone (Bonaire),RCP45_2050,107,3,25,25,132,110,18.939393939393938,2.272727272727273,-22,0.8842975206611571
26520,Dutch Exclusive Economic Zone (Bonaire),RCP45_2100,104,4,28,24,132,108,21.21212121212121,3.0303030303030303,-24,0.8666666666666667
26520,Dutch Exclusive Economic Zone (Bonaire),RCP85_2050,109,2,23,26,132,111,17.424242424242426,1.5151515151515151,-21,0.897119341563786
26520,Dutch Exclusive Economic Zone (Bonaire),RCP85_2100,104,5,28,23,132,109,21.21212121212121,3.787878787878788,-23,0.8630705394190872
26521,Bruneian Exclusive Economic Zone,RCP45_2050,411,2,22,14,433,413,5.080831408775982,0.4618937644341801,-20,0.9716312056737588
26521,Bruneian Exclusive Economic Zone,RCP45_2100,402,2,31,14,433,404,7.159353348729792,0.4618937644341801,-29,0.9605734767025089
26521,Bruneian Exclusive Economic Zone,RCP85_2050,403,1,30,15,433,404,6.928406466512702,0.23094688221709006,-29,0.9629629629629629
26521,Bruneian Exclusive Economic Zone,RCP85_2100,397,2,36,14,433,399,8.314087759815243,0.4618937644341801,-34,0.9543269230769231
26526,Dutch Exclusive Economic Zone (Sint-Eustatius),RCP45_2050,110,3,16,27,126,113,12.698412698412698,2.380952380952381,-13,0.9205020920502092
26526,Dutch Exclusive Economic Zone (Sint-Eustatius),RCP45_2100,105,4,21,26,126,109,16.666666666666668,3.1746031746031744,-17,0.8936170212765957
26526,Dutch Exclusive Economic Zone (Sint-Eustatius),RCP85_2050,107,3,19,27,126,110,15.079365079365079,2.380952380952381,-16,0.9067796610169492
26526,Dutch Exclusive Economic Zone (Sint-Eustatius),RCP85_2100,101,3,25,27,126,104,19.841269841269842,2.380952380952381,-22,0.8782608695652174
33177,French Exclusive Economic Zone (Guadeloupe),RCP45_2050,144,0,7,6,151,144,4.635761589403973,0,-7,0.976271186440678
33177,French Exclusive Economic Zone (Guadeloupe),RCP45_2100,137,0,14,6,151,137,9.271523178807946,0,-14,0.9513888888888888
33177,French Exclusive Economic Zone (Guadeloupe),RCP85_2050,140,0,11,6,151,140,7.28476821192053,0,-11,0.9621993127147767
33177,French Exclusive Economic Zone (Guadeloupe),RCP85_2100,135,1,16,5,151,136,10.596026490066226,0.6622516556291391,-15,0.9407665505226481
33178,French Exclusive Economic Zone (Martinique),RCP45_2050,140,0,10,3,150,140,6.666666666666667,0,-10,0.9655172413793104
33178,French Exclusive Economic Zone (Martinique),RCP45_2100,134,0,16,3,150,134,10.666666666666666,0,-16,0.9436619718309859
33178,French Exclusive Economic Zone (Martinique),RCP85_2050,135,0,15,3,150,135,10,0,-15,0.9473684210526315
33178,French Exclusive Economic Zone (Martinique),RCP85_2100,130,1,20,2,150,131,13.333333333333334,0.6666666666666666,-19,0.9252669039145908
33179,United States Exclusive Economic Zone (Puerto Rico),RCP45_2050,150,2,13,0,163,152,7.975460122699387,1.2269938650306749,-11,0.9523809523809523
33179,United States Exclusive Economic Zone (Puerto Rico),RCP45_2100,144,2,19,0,163,146,11.656441717791411,1.2269938650306749,-17,0.9320388349514563
33179,United States Exclusive Economic Zone (Puerto Rico),RCP85_2050,144,2,19,0,163,146,11.656441717791411,1.2269938650306749,-17,0.9320388349514563
33179,United States Exclusive Economic Zone (Puerto Rico),RCP85_2100,143,2,20,0,163,145,12.269938650306749,1.2269938650306749,-18,0.9285714285714286
33180,United States Exclusive Economic Zone (United States Virgin Islands),RCP45_2050,139,2,15,4,154,141,9.74025974025974,1.2987012987012987,-13,0.9423728813559322
33180,United States Exclusive Economic Zone (United States Virgin Islands),RCP45_2100,136,2,18,4,154,138,11.688311688311689,1.2987012987012987,-16,0.9315068493150684
33180,United States Exclusive Economic Zone (United States Virgin Islands),RCP85_2050,135,2,19,4,154,137,12.337662337662337,1.2987012987012987,-17,0.9278350515463918
33180,United States Exclusive Economic Zone (United States Virgin Islands),RCP85_2100,133,2,21,4,154,135,13.636363636363637,1.2987012987012987,-19,0.9204152249134948
33181,Norwegian Exclusive Economic Zone (Svalbard),RCP45_2050,24,7,0,7,24,31,0,29.166666666666668,7,0.8727272727272727
33181,Norwegian Exclusive Economic Zone (Svalbard),RCP45_2100,24,9,0,5,24,33,0,37.5,9,0.8421052631578947
33181,Norwegian Exclusive Economic Zone (Svalbard),RCP85_2050,24,7,0,7,24,31,0,29.166666666666668,7,0.8727272727272727
33181,Norwegian Exclusive Economic Zone (Svalbard),RCP85_2100,23,14,1,0,24,37,4.166666666666667,58.333333333333336,13,0.7540983606557377
48952,French Exclusive Economic Zone (Saint-Barthélemy),RCP45_2050,137,1,13,6,150,138,8.666666666666666,0.6666666666666666,-12,0.9513888888888888
48952,French Exclusive Economic Zone (Saint-Barthélemy),RCP45_2100,132,3,18,4,150,135,12,2,-15,0.9263157894736842
48952,French Exclusive Economic Zone (Saint-Barthélemy),RCP85_2050,133,1,17,6,150,134,11.333333333333334,0.6666666666666666,-16,0.9366197183098591
48952,French Exclusive Economic Zone (Saint-Barthélemy),RCP85_2100,126,2,24,5,150,128,16,1.3333333333333333,-22,0.9064748201438849
48953,Palestinian Exclusive Economic Zone,RCP45_2050,60,1,8,11,68,61,11.764705882352942,1.4705882352941178,-7,0.9302325581395349
48953,Palestinian Exclusive Economic Zone,RCP45_2100,55,1,13,11,68,56,19.11764705882353,1.4705882352941178,-12,0.8870967741935484
48953,Palestinian Exclusive Economic Zone,RCP85_2050,58,1,10,11,68,59,14.705882352941176,1.4705882352941178,-9,0.9133858267716536
48953,Palestinian Exclusive Economic Zone,RCP85_2100,54,3,14,9,68,57,20.58823529411765,4.411764705882353,-11,0.864
48957,United States Exclusive Economic Zone (Guam),RCP45_2050,234,2,9,17,243,236,3.7037037037037037,0.823045267489712,-7,0.9770354906054279
48957,United States Exclusive Economic Zone (Guam),RCP45_2100,225,2,18,17,243,227,7.407407407407407,0.823045267489712,-16,0.9574468085106383
48957,United States Exclusive Economic Zone (Guam),RCP85_2050,228,2,15,17,243,230,6.172839506172839,0.823045267489712,-13,0.9640591966173362
48957,United States Exclusive Economic Zone (Guam),RCP85_2100,223,2,20,17,243,225,8.23045267489712,0.823045267489712,-18,0.9529914529914529
48980,United States Exclusive Economic Zone (Northern Mariana Islands),RCP45_2050,242,4,7,25,249,246,2.8112449799196786,1.606425702811245,-3,0.9777777777777777
48980,United States Exclusive Economic Zone (Northern Mariana Islands),RCP45_2100,238,6,11,23,249,244,4.417670682730924,2.4096385542168677,-5,0.9655172413793104
48980,United States Exclusive Economic Zone (Northern Mariana Islands),RCP85_2050,238,4,11,25,249,242,4.417670682730924,1.606425702811245,-7,0.9694501018329938
48980,United States Exclusive Economic Zone (Northern Mariana Islands),RCP85_2100,234,6,15,23,249,240,6.024096385542169,2.4096385542168677,-9,0.9570552147239264
48984,Colombian Exclusive Economic Zone (Serranilla Bank),RCP45_2050,107,4,30,23,137,111,21.8978102189781,2.9197080291970803,-26,0.8629032258064516
48984,Colombian Exclusive Economic Zone (Serranilla Bank),RCP45_2100,99,6,38,21,137,105,27.73722627737226,4.37956204379562,-32,0.8181818181818182
48984,Colombian Exclusive Economic Zone (Serranilla Bank),RCP85_2050,108,4,29,23,137,112,21.16788321167883,2.9197080291970803,-25,0.8674698795180723
48984,Colombian Exclusive Economic Zone (Serranilla Bank),RCP85_2100,98,7,39,20,137,105,28.467153284671532,5.109489051094891,-32,0.8099173553719008
48985,Colombian Exclusive Economic Zone (Bajo Nuevo Bank),RCP45_2050,105,2,26,31,131,107,19.84732824427481,1.5267175572519085,-24,0.8823529411764706
48985,Colombian Exclusive Economic Zone (Bajo Nuevo Bank),RCP45_2100,108,2,23,31,131,110,17.557251908396946,1.5267175572519085,-21,0.8962655601659751
48985,Colombian Exclusive Economic Zone (Bajo Nuevo Bank),RCP85_2050,104,2,27,31,131,106,20.610687022900763,1.5267175572519085,-25,0.8776371308016878
48985,Colombian Exclusive Economic Zone (Bajo Nuevo Bank),RCP85_2100,103,2,28,31,131,105,21.374045801526716,1.5267175572519085,-26,0.8728813559322034
62589,Mauritian Exclusive Economic Zone (Chagos Archipelago),RCP45_2050,210,1,18,3,228,211,7.894736842105263,0.43859649122807015,-17,0.9567198177676538
62589,Mauritian Exclusive Economic Zone (Chagos Archipelago),RCP45_2100,208,1,20,3,228,209,8.771929824561404,0.43859649122807015,-19,0.9519450800915332
62589,Mauritian Exclusive Economic Zone (Chagos Archipelago),RCP85_2050,208,1,20,3,228,209,8.771929824561404,0.43859649122807015,-19,0.9519450800915332
62589,Mauritian Exclusive Economic Zone (Chagos Archipelago),RCP85_2100,207,1,21,3,228,208,9.210526315789474,0.43859649122807015,-20,0.9495412844036697
62596,Colombian Exclusive Economic Zone (Serrana Bank),RCP45_2050,126,3,19,12,145,129,13.10344827586207,2.0689655172413794,-16,0.9197080291970803
62596,Colombian Exclusive Economic Zone (Serrana Bank),RCP45_2100,120,3,25,12,145,123,17.24137931034483,2.0689655172413794,-22,0.8955223880597015
62596,Colombian Exclusive Economic Zone (Serrana Bank),RCP85_2050,125,3,20,12,145,128,13.793103448275861,2.0689655172413794,-17,0.9157509157509157
62596,Colombian Exclusive Economic Zone (Serrana Bank),RCP85_2100,113,4,32,11,145,117,22.06896551724138,2.7586206896551726,-28,0.8625954198473282
62598,Colombian Exclusive Economic Zone (Quitasueño Bank),RCP45_2050,139,0,16,5,155,139,10.32258064516129,0,-16,0.9455782312925171
62598,Colombian Exclusive Economic Zone (Quitasueño Bank),RCP45_2100,135,0,20,5,155,135,12.903225806451612,0,-20,0.9310344827586207
62598,Colombian Exclusive Economic Zone (Quitasueño Bank),RCP85_2050,138,0,17,5,155,138,10.96774193548387,0,-17,0.9419795221843004
62598,Colombian Exclusive Economic Zone (Quitasueño Bank),RCP85_2100,131,1,24,4,155,132,15.483870967741936,0.6451612903225806,-23,0.9128919860627178
64446,British Exclusive Economic Zone (Isle of Man),RCP45_2050,77,2,3,12,80,79,3.75,2.5,-1,0.9685534591194969
64446,British Exclusive Economic Zone (Isle of Man),RCP45_2100,77,4,3,10,80,81,3.75,5,1,0.9565217391304348
64446,British Exclusive Economic Zone (Isle of Man),RCP85_2050,76,4,4,10,80,80,5,5,0,0.95
64446,British Exclusive Economic Zone (Isle of Man),RCP85_2100,75,9,5,5,80,84,6.25,11.25,4,0.9146341463414634
